{"type":"FeatureCollection","name":"wulai_old_street_buildings_from_F_BUILD","features":[{"type":"Feature","properties":{"id":178,"height":33.6,"source":"F_BUILD 新北市建物","area_m2":1536.0},"geometry":{"type":"Polygon","coordinates":[[[121.5532037,24.8461841],[121.5532525,24.8461176],[121.5532462,24.846111],[121.5534006,24.8459018],[121.5533954,24.8458711],[121.5533607,24.8458499],[121.5533646,24.8458427],[121.5533373,24.8458257],[121.5533514,24.8457642],[121.5533305,24.8457466],[121.55335,24.8457245],[121.5533464,24.8457213],[121.5533693,24.8456951],[121.5533711,24.8456791],[121.553295,24.8456341],[121.5532185,24.8457219],[121.5531487,24.8458073],[121.5530788,24.8457891],[121.5529571,24.8459731],[121.5529809,24.8459904],[121.5529445,24.8460817],[121.5530858,24.8461596],[121.5531083,24.8461316],[121.5532037,24.8461841]]]}},{"type":"Feature","properties":{"id":187,"height":14.6,"source":"F_BUILD 新北市建物","area_m2":216.8},"geometry":{"type":"Polygon","coordinates":[[[121.5463547,24.8466547],[121.5461875,24.8465908],[121.5461446,24.8466691],[121.5461758,24.846681],[121.546168,24.8467022],[121.5463084,24.8467541],[121.5463547,24.8466547]]]}},{"type":"Feature","properties":{"id":188,"height":11.4,"source":"F_BUILD 新北市建物","area_m2":58.0},"geometry":{"type":"Polygon","coordinates":[[[121.5460123,24.8467558],[121.5459517,24.8466339],[121.5459177,24.8466499],[121.5459766,24.8467714],[121.5460123,24.8467558]]]}},{"type":"Feature","properties":{"id":189,"height":13.0,"source":"F_BUILD 新北市建物","area_m2":125.5},"geometry":{"type":"Polygon","coordinates":[[[121.5364424,24.8468925],[121.5364819,24.8468227],[121.5363773,24.8467672],[121.5363185,24.8468646],[121.536353,24.8468803],[121.5363661,24.8468596],[121.5364297,24.8468901],[121.5364424,24.8468925]]]}},{"type":"Feature","properties":{"id":207,"height":13.8,"source":"F_BUILD 新北市建物","area_m2":165.3},"geometry":{"type":"Polygon","coordinates":[[[121.5510576,24.8476706],[121.5511321,24.8476401],[121.55108,24.847525],[121.5510258,24.8475453],[121.5510018,24.8474939],[121.5509546,24.847509],[121.5510377,24.8476552],[121.5510468,24.847649],[121.5510576,24.8476706]]]}},{"type":"Feature","properties":{"id":214,"height":10.7,"source":"F_BUILD 新北市建物","area_m2":35.1},"geometry":{"type":"Polygon","coordinates":[[[121.5505118,24.8477946],[121.5505125,24.847781],[121.5504992,24.8477446],[121.5504381,24.8477598],[121.5504478,24.8477995],[121.5504761,24.8477941],[121.5504786,24.847801],[121.5504933,24.847804],[121.5505118,24.8477946]]]}},{"type":"Feature","properties":{"id":217,"height":18.4,"source":"F_BUILD 新北市建物","area_m2":534.9},"geometry":{"type":"Polygon","coordinates":[[[121.5509077,24.8478722],[121.5509414,24.8478514],[121.5509443,24.8478586],[121.550956,24.8478609],[121.5510058,24.847838],[121.5510641,24.847721],[121.5509496,24.8475112],[121.5508601,24.8475265],[121.5508898,24.8478285],[121.5508908,24.847842],[121.5509077,24.8478722]]]}},{"type":"Feature","properties":{"id":219,"height":10.0,"source":"F_BUILD 新北市建物","area_m2":20.5},"geometry":{"type":"Polygon","coordinates":[[[121.5505327,24.8479143],[121.5505194,24.8478587],[121.5504878,24.8478655],[121.5505027,24.8479222],[121.5505327,24.8479143]]]}},{"type":"Feature","properties":{"id":220,"height":13.6,"source":"F_BUILD 新北市建物","area_m2":154.4},"geometry":{"type":"Polygon","coordinates":[[[121.5505303,24.8480814],[121.5504698,24.847997],[121.5503442,24.8480529],[121.550411,24.8481362],[121.5505303,24.8480814]]]}},{"type":"Feature","properties":{"id":224,"height":41.2,"source":"F_BUILD 新北市建物","area_m2":3137.9},"geometry":{"type":"Polygon","coordinates":[[[121.5508277,24.847938],[121.5507699,24.8476195],[121.5506933,24.847628],[121.5506726,24.8475186],[121.5507605,24.8475056],[121.5507184,24.8473022],[121.5503915,24.84736],[121.5505584,24.8479322],[121.5506654,24.8479142],[121.550679,24.8479845],[121.5507424,24.8481476],[121.5507015,24.8481564],[121.5508049,24.8483355],[121.550927,24.8486218],[121.5510317,24.8485818],[121.5510697,24.8485657],[121.5509736,24.8483355],[121.5508724,24.8481081],[121.5507977,24.8479534],[121.5508277,24.847938]]]}},{"type":"Feature","properties":{"id":226,"height":9.9,"source":"F_BUILD 新北市建物","area_m2":18.4},"geometry":{"type":"Polygon","coordinates":[[[121.5516385,24.848824],[121.5516041,24.8487936],[121.5515697,24.8488113],[121.551617,24.8488436],[121.5516385,24.848824]]]}},{"type":"Feature","properties":{"id":227,"height":12.5,"source":"F_BUILD 新北市建物","area_m2":100.7},"geometry":{"type":"Polygon","coordinates":[[[121.5516253,24.849021],[121.5516049,24.8489264],[121.5515124,24.8489469],[121.551532,24.8490379],[121.5516253,24.849021]]]}},{"type":"Feature","properties":{"id":228,"height":31.4,"source":"F_BUILD 新北市建物","area_m2":1171.8},"geometry":{"type":"Polygon","coordinates":[[[121.5514386,24.8490542],[121.5514337,24.8490257],[121.5514221,24.8490207],[121.551434,24.8489988],[121.551433,24.8489937],[121.5514295,24.8489825],[121.5514255,24.8489735],[121.5513584,24.8489385],[121.5513727,24.8489105],[121.5513687,24.8488947],[121.5513205,24.8488503],[121.5512348,24.8488081],[121.5512351,24.848801],[121.5512345,24.8487952],[121.5512337,24.8487923],[121.5512316,24.8487876],[121.5511316,24.848735],[121.5510988,24.8487443],[121.5509526,24.8489825],[121.5511311,24.8490737],[121.5511942,24.8490992],[121.5512411,24.8490349],[121.5513991,24.8491151],[121.5514386,24.8490542]]]}},{"type":"Feature","properties":{"id":229,"height":9.7,"source":"F_BUILD 新北市建物","area_m2":13.5},"geometry":{"type":"Polygon","coordinates":[[[121.5513476,24.849164],[121.5513077,24.8491377],[121.5512923,24.8491572],[121.5513321,24.8491845],[121.5513476,24.849164]]]}},{"type":"Feature","properties":{"id":230,"height":11.0,"source":"F_BUILD 新北市建物","area_m2":44.8},"geometry":{"type":"Polygon","coordinates":[[[121.5513229,24.849195],[121.5512628,24.8491555],[121.5512295,24.8491995],[121.5512903,24.8492398],[121.5513229,24.849195]]]}},{"type":"Feature","properties":{"id":231,"height":11.3,"source":"F_BUILD 新北市建物","area_m2":54.0},"geometry":{"type":"Polygon","coordinates":[[[121.5499875,24.8493017],[121.5499621,24.8492306],[121.5499012,24.849253],[121.5499311,24.8493249],[121.5499875,24.8493017]]]}},{"type":"Feature","properties":{"id":232,"height":10.4,"source":"F_BUILD 新北市建物","area_m2":28.3},"geometry":{"type":"Polygon","coordinates":[[[121.551043,24.849453],[121.5510335,24.8494233],[121.5509547,24.8494432],[121.5509646,24.8494729],[121.551043,24.849453]]]}},{"type":"Feature","properties":{"id":233,"height":11.9,"source":"F_BUILD 新北市建物","area_m2":74.5},"geometry":{"type":"Polygon","coordinates":[[[121.5516485,24.8495923],[121.5516284,24.8495305],[121.5516167,24.8495348],[121.5516147,24.8495249],[121.5515971,24.8495275],[121.5515864,24.8495373],[121.5515876,24.8495486],[121.551543,24.8495759],[121.551562,24.8496356],[121.5516485,24.8495923]]]}},{"type":"Feature","properties":{"id":234,"height":11.1,"source":"F_BUILD 新北市建物","area_m2":46.0},"geometry":{"type":"Polygon","coordinates":[[[121.5510598,24.8497882],[121.5510489,24.8497055],[121.551001,24.8497109],[121.5510107,24.8497953],[121.5510598,24.8497882]]]}},{"type":"Feature","properties":{"id":238,"height":14.7,"source":"F_BUILD 新北市建物","area_m2":220.8},"geometry":{"type":"Polygon","coordinates":[[[121.5351939,24.8506028],[121.5350388,24.8505184],[121.5349816,24.8506161],[121.5351327,24.8506983],[121.5351939,24.8506028]]]}},{"type":"Feature","properties":{"id":254,"height":13.8,"source":"F_BUILD 新北市建物","area_m2":168.9},"geometry":{"type":"Polygon","coordinates":[[[121.5472355,24.8521715],[121.5472936,24.8521565],[121.5472971,24.8521689],[121.547353,24.8521547],[121.5473499,24.8521394],[121.5474054,24.8521259],[121.5473853,24.8520573],[121.5472141,24.8521037],[121.5472163,24.8521097],[121.5471892,24.8521159],[121.5472074,24.8521735],[121.5472355,24.8521715]]]}},{"type":"Feature","properties":{"id":257,"height":15.7,"source":"F_BUILD 新北市建物","area_m2":295.8},"geometry":{"type":"Polygon","coordinates":[[[121.5414329,24.8525731],[121.5414038,24.8523457],[121.5412948,24.8523577],[121.5413257,24.8525833],[121.5413126,24.8525842],[121.5413149,24.8526075],[121.5413808,24.8526036],[121.5413788,24.8525782],[121.5414329,24.8525731]]]}},{"type":"Feature","properties":{"id":258,"height":21.0,"source":"F_BUILD 新北市建物","area_m2":828.5},"geometry":{"type":"Polygon","coordinates":[[[121.5417669,24.8527627],[121.5416906,24.8522598],[121.5415233,24.8522776],[121.5415323,24.8523415],[121.5415586,24.8523386],[121.5416265,24.8527799],[121.5417669,24.8527627]]]}},{"type":"Feature","properties":{"id":259,"height":12.2,"source":"F_BUILD 新北市建物","area_m2":87.5},"geometry":{"type":"Polygon","coordinates":[[[121.5464669,24.8527848],[121.5464576,24.8527548],[121.5464395,24.8527597],[121.5464259,24.8527075],[121.5463735,24.8527212],[121.5464124,24.8528524],[121.5464628,24.8528389],[121.546449,24.8527914],[121.5464669,24.8527848]]]}},{"type":"Feature","properties":{"id":260,"height":11.3,"source":"F_BUILD 新北市建物","area_m2":55.0},"geometry":{"type":"Polygon","coordinates":[[[121.5469099,24.8527983],[121.5468581,24.8527876],[121.5468385,24.8528781],[121.5468927,24.8528867],[121.5469099,24.8527983]]]}},{"type":"Feature","properties":{"id":261,"height":11.4,"source":"F_BUILD 新北市建物","area_m2":58.4},"geometry":{"type":"Polygon","coordinates":[[[121.5518877,24.8530389],[121.5518521,24.8530055],[121.5517603,24.8530862],[121.5517895,24.8531107],[121.5518877,24.8530389]]]}},{"type":"Feature","properties":{"id":262,"height":14.7,"source":"F_BUILD 新北市建物","area_m2":221.0},"geometry":{"type":"Polygon","coordinates":[[[121.5469508,24.8530241],[121.5469508,24.853007],[121.5469368,24.8530071],[121.5469376,24.8529964],[121.5469281,24.8529867],[121.5469084,24.8529857],[121.5468976,24.8529978],[121.5468826,24.8529972],[121.5468732,24.8529839],[121.5468486,24.8529824],[121.5468377,24.8529943],[121.5468144,24.852993],[121.54681,24.8531204],[121.5469013,24.8531245],[121.546909,24.8531362],[121.5469454,24.8531381],[121.546964,24.853122],[121.5469676,24.853096],[121.5469543,24.8530804],[121.5469466,24.8530795],[121.5469469,24.8530722],[121.5469569,24.8530654],[121.5469611,24.853031],[121.5469508,24.8530241]]]}},{"type":"Feature","properties":{"id":263,"height":9.7,"source":"F_BUILD 新北市建物","area_m2":13.6},"geometry":{"type":"Polygon","coordinates":[[[121.5477504,24.8531623],[121.5477198,24.8531365],[121.5476979,24.853158],[121.5477284,24.8531836],[121.5477504,24.8531623]]]}},{"type":"Feature","properties":{"id":264,"height":15.7,"source":"F_BUILD 新北市建物","area_m2":290.2},"geometry":{"type":"Polygon","coordinates":[[[121.5408714,24.8532508],[121.5408111,24.8530271],[121.5407013,24.853052],[121.5407628,24.8532755],[121.5408714,24.8532508]]]}},{"type":"Feature","properties":{"id":266,"height":13.4,"source":"F_BUILD 新北市建物","area_m2":143.0},"geometry":{"type":"Polygon","coordinates":[[[121.5476646,24.8531632],[121.5476161,24.8531196],[121.5475991,24.8531397],[121.5475947,24.8531356],[121.5475136,24.8532157],[121.5475976,24.8532832],[121.5476364,24.8532423],[121.5476277,24.8532347],[121.5476632,24.8532012],[121.547644,24.8531833],[121.5476646,24.8531632]]]}},{"type":"Feature","properties":{"id":267,"height":13.3,"source":"F_BUILD 新北市建物","area_m2":138.5},"geometry":{"type":"Polygon","coordinates":[[[121.5475405,24.8532925],[121.5474871,24.8532564],[121.5474741,24.8532749],[121.5474632,24.8532682],[121.5474309,24.8533105],[121.5474053,24.8533636],[121.5474824,24.853414],[121.5475159,24.8533725],[121.5475075,24.8533673],[121.5475464,24.8533255],[121.5475269,24.8533119],[121.5475405,24.8532925]]]}},{"type":"Feature","properties":{"id":268,"height":11.8,"source":"F_BUILD 新北市建物","area_m2":69.5},"geometry":{"type":"Polygon","coordinates":[[[121.5461623,24.853506],[121.5461091,24.853463],[121.5460449,24.8535253],[121.5460976,24.8535706],[121.5461623,24.853506]]]}},{"type":"Feature","properties":{"id":269,"height":9.8,"source":"F_BUILD 新北市建物","area_m2":16.7},"geometry":{"type":"Polygon","coordinates":[[[121.5409184,24.8535413],[121.5408917,24.8535366],[121.5408833,24.8535929],[121.5409092,24.8535959],[121.5409184,24.8535413]]]}},{"type":"Feature","properties":{"id":270,"height":9.8,"source":"F_BUILD 新北市建物","area_m2":15.9},"geometry":{"type":"Polygon","coordinates":[[[121.5460903,24.8535768],[121.5460422,24.8535362],[121.5460267,24.853553],[121.5460761,24.8535937],[121.5460903,24.8535768]]]}},{"type":"Feature","properties":{"id":271,"height":15.8,"source":"F_BUILD 新北市建物","area_m2":297.7},"geometry":{"type":"Polygon","coordinates":[[[121.5495263,24.8535164],[121.5495274,24.8535053],[121.5494722,24.8535043],[121.5494569,24.8535139],[121.5494194,24.8535132],[121.5493961,24.8536395],[121.5493983,24.8536469],[121.5494034,24.8536729],[121.5494051,24.8536865],[121.5494057,24.8536874],[121.5494057,24.8536934],[121.5494064,24.8537144],[121.5494063,24.8537327],[121.5494572,24.8537357],[121.5494861,24.8537113],[121.549531,24.8536811],[121.5495371,24.8535163],[121.5495263,24.8535164]]]}},{"type":"Feature","properties":{"id":272,"height":14.0,"source":"F_BUILD 新北市建物","area_m2":175.9},"geometry":{"type":"Polygon","coordinates":[[[121.5475038,24.8536225],[121.5475031,24.8536113],[121.5474504,24.8536131],[121.5474586,24.8537646],[121.547563,24.8537619],[121.5475622,24.8536225],[121.5475038,24.8536225]]]}},{"type":"Feature","properties":{"id":273,"height":10.4,"source":"F_BUILD 新北市建物","area_m2":28.2},"geometry":{"type":"Polygon","coordinates":[[[121.5474196,24.8542425],[121.5473824,24.8541845],[121.5473518,24.8542008],[121.5473528,24.8542022],[121.547371,24.8542343],[121.5473831,24.854261],[121.5474196,24.8542425]]]}},{"type":"Feature","properties":{"id":274,"height":13.0,"source":"F_BUILD 新北市建物","area_m2":125.9},"geometry":{"type":"Polygon","coordinates":[[[121.5468476,24.8542527],[121.5467969,24.854112],[121.5467702,24.8541166],[121.5467546,24.8541266],[121.5467599,24.8541378],[121.5467604,24.8541463],[121.5467288,24.8541555],[121.5467693,24.854276],[121.5468476,24.8542527]]]}},{"type":"Feature","properties":{"id":275,"height":10.3,"source":"F_BUILD 新北市建物","area_m2":27.0},"geometry":{"type":"Polygon","coordinates":[[[121.5462737,24.854235],[121.5462366,24.8542219],[121.5462111,24.8542734],[121.5462547,24.8542877],[121.5462737,24.854235]]]}},{"type":"Feature","properties":{"id":276,"height":11.5,"source":"F_BUILD 新北市建物","area_m2":61.6},"geometry":{"type":"Polygon","coordinates":[[[121.5473125,24.854369],[121.5472992,24.8542928],[121.5472295,24.8543023],[121.5472421,24.8543797],[121.5473125,24.854369]]]}},{"type":"Feature","properties":{"id":277,"height":11.5,"source":"F_BUILD 新北市建物","area_m2":62.0},"geometry":{"type":"Polygon","coordinates":[[[121.551673,24.8543192],[121.5516123,24.8542824],[121.5515683,24.8543489],[121.5516273,24.854384],[121.551673,24.8543192]]]}},{"type":"Feature","properties":{"id":278,"height":12.4,"source":"F_BUILD 新北市建物","area_m2":95.7},"geometry":{"type":"Polygon","coordinates":[[[121.548389,24.8545604],[121.548363,24.8545405],[121.5483283,24.8545804],[121.5483278,24.8545901],[121.5483384,24.8546006],[121.548326,24.8546128],[121.5483259,24.854615],[121.5483227,24.8546348],[121.5483212,24.8546416],[121.5483312,24.8546522],[121.5483193,24.8546662],[121.548356,24.8546955],[121.5484231,24.8546193],[121.5483728,24.8545783],[121.548389,24.8545604]]]}},{"type":"Feature","properties":{"id":279,"height":13.6,"source":"F_BUILD 新北市建物","area_m2":153.5},"geometry":{"type":"Polygon","coordinates":[[[121.5459529,24.8546794],[121.5459664,24.8546658],[121.5459837,24.8546803],[121.5460215,24.8546437],[121.546007,24.8546282],[121.5460144,24.8546222],[121.5459235,24.8545416],[121.5458539,24.8546095],[121.5459406,24.8546864],[121.5459313,24.854698],[121.5459377,24.8547036],[121.5459354,24.8547105],[121.5459493,24.8547217],[121.5459716,24.854699],[121.5459529,24.8546794]]]}},{"type":"Feature","properties":{"id":280,"height":21.1,"source":"F_BUILD 新北市建物","area_m2":853.5},"geometry":{"type":"Polygon","coordinates":[[[121.5467134,24.8546689],[121.546827,24.8544689],[121.5466794,24.8543999],[121.5466191,24.8545079],[121.546578,24.8545014],[121.5465516,24.8545392],[121.5464321,24.8544795],[121.546355,24.8546135],[121.5464791,24.8546719],[121.5464989,24.8546405],[121.5465191,24.8546502],[121.5466904,24.8547315],[121.5467234,24.8546737],[121.5467134,24.8546689]]]}},{"type":"Feature","properties":{"id":281,"height":12.2,"source":"F_BUILD 新北市建物","area_m2":87.1},"geometry":{"type":"Polygon","coordinates":[[[121.5456612,24.8546595],[121.5456456,24.8546399],[121.5455415,24.8547065],[121.5455844,24.8547608],[121.5456605,24.8547133],[121.5456717,24.8547022],[121.5456471,24.8546681],[121.5456612,24.8546595]]]}},{"type":"Feature","properties":{"id":282,"height":16.3,"source":"F_BUILD 新北市建物","area_m2":339.5},"geometry":{"type":"Polygon","coordinates":[[[121.5497943,24.8546975],[121.5496768,24.8545045],[121.5495564,24.8545649],[121.5496723,24.8547569],[121.5497943,24.8546975]]]}},{"type":"Feature","properties":{"id":283,"height":11.8,"source":"F_BUILD 新北市建物","area_m2":71.4},"geometry":{"type":"Polygon","coordinates":[[[121.5490319,24.8547664],[121.5490079,24.8547018],[121.5489185,24.854733],[121.5489459,24.854796],[121.5490319,24.8547664]]]}},{"type":"Feature","properties":{"id":284,"height":16.0,"source":"F_BUILD 新北市建物","area_m2":312.5},"geometry":{"type":"Polygon","coordinates":[[[121.5517578,24.8548146],[121.5517454,24.8546363],[121.551645,24.8546467],[121.5516442,24.8546329],[121.5515797,24.8546339],[121.551571,24.8547663],[121.5516511,24.8547671],[121.5516567,24.8548256],[121.5517578,24.8548146]]]}},{"type":"Feature","properties":{"id":285,"height":14.7,"source":"F_BUILD 新北市建物","area_m2":218.4},"geometry":{"type":"Polygon","coordinates":[[[121.5457975,24.8548625],[121.5458938,24.8547682],[121.545812,24.8546967],[121.5457484,24.8547538],[121.54572,24.8547317],[121.5456583,24.8547943],[121.5457154,24.8548409],[121.5457412,24.8548132],[121.5457975,24.8548625]]]}},{"type":"Feature","properties":{"id":286,"height":15.7,"source":"F_BUILD 新北市建物","area_m2":293.4},"geometry":{"type":"Polygon","coordinates":[[[121.5461341,24.854862],[121.546235,24.8547325],[121.5461222,24.8546613],[121.5461137,24.854672],[121.5460975,24.8546635],[121.545983,24.8548124],[121.5459832,24.8548154],[121.5459955,24.8548239],[121.5460243,24.8548306],[121.5460429,24.8548062],[121.5461341,24.854862]]]}},{"type":"Feature","properties":{"id":287,"height":11.8,"source":"F_BUILD 新北市建物","area_m2":72.7},"geometry":{"type":"Polygon","coordinates":[[[121.5490482,24.8548708],[121.5489922,24.8548029],[121.5489315,24.854844],[121.5489893,24.8549135],[121.5490482,24.8548708]]]}},{"type":"Feature","properties":{"id":288,"height":17.4,"source":"F_BUILD 新北市建物","area_m2":434.6},"geometry":{"type":"Polygon","coordinates":[[[121.546378,24.8550348],[121.5464685,24.8548596],[121.5464909,24.8548683],[121.5465721,24.8547184],[121.5464678,24.8546739],[121.5464616,24.8546868],[121.5464546,24.8546829],[121.5463608,24.8548712],[121.5463537,24.8548686],[121.54629,24.855],[121.546378,24.8550348]]]}},{"type":"Feature","properties":{"id":289,"height":12.8,"source":"F_BUILD 新北市建物","area_m2":113.9},"geometry":{"type":"Polygon","coordinates":[[[121.5493282,24.8551428],[121.5492615,24.8550535],[121.5491852,24.8551111],[121.5492539,24.855194],[121.5493282,24.8551428]]]}},{"type":"Feature","properties":{"id":290,"height":16.5,"source":"F_BUILD 新北市建物","area_m2":354.4},"geometry":{"type":"Polygon","coordinates":[[[121.5487057,24.8552177],[121.5486613,24.8552089],[121.5486999,24.8552115],[121.5487325,24.8551725],[121.5484256,24.8549604],[121.54838,24.855019],[121.5486481,24.8552062],[121.5486081,24.8551983],[121.5486045,24.8552423],[121.5486039,24.8552489],[121.5486249,24.8552502],[121.5486306,24.8552505],[121.5486593,24.8552523],[121.5486664,24.8552527],[121.5486992,24.8552547],[121.5487011,24.8552438],[121.5487057,24.8552177]]]}},{"type":"Feature","properties":{"id":291,"height":12.0,"source":"F_BUILD 新北市建物","area_m2":79.1},"geometry":{"type":"Polygon","coordinates":[[[121.5488575,24.8552992],[121.5488396,24.8552007],[121.5487692,24.8552105],[121.548786,24.855307],[121.5488575,24.8552992]]]}},{"type":"Feature","properties":{"id":292,"height":11.3,"source":"F_BUILD 新北市建物","area_m2":54.1},"geometry":{"type":"Polygon","coordinates":[[[121.5486055,24.8553771],[121.548542,24.8553757],[121.5485393,24.8554509],[121.5486032,24.8554536],[121.5486055,24.8553771]]]}},{"type":"Feature","properties":{"id":293,"height":12.0,"source":"F_BUILD 新北市建物","area_m2":77.2},"geometry":{"type":"Polygon","coordinates":[[[121.5488981,24.8554467],[121.5488786,24.8553504],[121.5488098,24.8553595],[121.5488277,24.8554564],[121.5488981,24.8554467]]]}},{"type":"Feature","properties":{"id":294,"height":13.6,"source":"F_BUILD 新北市建物","area_m2":153.2},"geometry":{"type":"Polygon","coordinates":[[[121.55165,24.8553276],[121.5515478,24.855325],[121.5515487,24.8554583],[121.5516568,24.8554537],[121.5516564,24.8553775],[121.5516488,24.8553774],[121.55165,24.8553276]]]}},{"type":"Feature","properties":{"id":295,"height":13.6,"source":"F_BUILD 新北市建物","area_m2":156.0},"geometry":{"type":"Polygon","coordinates":[[[121.5517398,24.8554204],[121.5518021,24.8554092],[121.551779,24.8552974],[121.5516677,24.8553125],[121.5516836,24.855416],[121.5517105,24.8554104],[121.5517185,24.8554596],[121.5517439,24.8554547],[121.5517398,24.8554204]]]}},{"type":"Feature","properties":{"id":296,"height":16.0,"source":"F_BUILD 新北市建物","area_m2":313.7},"geometry":{"type":"Polygon","coordinates":[[[121.5483854,24.8554773],[121.5483904,24.8554326],[121.5484096,24.8554343],[121.5484137,24.855385],[121.5483967,24.8553826],[121.5484009,24.8553378],[121.5482082,24.8553217],[121.5481949,24.8554625],[121.5483854,24.8554773]]]}},{"type":"Feature","properties":{"id":297,"height":10.2,"source":"F_BUILD 新北市建物","area_m2":24.9},"geometry":{"type":"Polygon","coordinates":[[[121.5490158,24.8555905],[121.5489543,24.8555792],[121.5489471,24.8556137],[121.5490093,24.8556253],[121.5490158,24.8555905]]]}},{"type":"Feature","properties":{"id":298,"height":15.3,"source":"F_BUILD 新北市建物","area_m2":260.3},"geometry":{"type":"Polygon","coordinates":[[[121.5483427,24.8555173],[121.5482762,24.8555172],[121.5482768,24.8555707],[121.5482599,24.8555719],[121.5482613,24.8557076],[121.5483953,24.855704],[121.5483961,24.8555746],[121.5483739,24.8555745],[121.5483723,24.8555215],[121.5483427,24.8555173]]]}},{"type":"Feature","properties":{"id":299,"height":12.4,"source":"F_BUILD 新北市建物","area_m2":94.6},"geometry":{"type":"Polygon","coordinates":[[[121.5485393,24.8555978],[121.548465,24.8555866],[121.5484414,24.8556949],[121.5485158,24.8557089],[121.5485393,24.8555978]]]}},{"type":"Feature","properties":{"id":300,"height":15.6,"source":"F_BUILD 新北市建物","area_m2":284.4},"geometry":{"type":"Polygon","coordinates":[[[121.5488445,24.8557706],[121.5488547,24.8557185],[121.5488741,24.8557204],[121.5488842,24.85567],[121.5488667,24.8556671],[121.5488773,24.8556119],[121.5487295,24.8555871],[121.5486957,24.8557468],[121.5488445,24.8557706]]]}},{"type":"Feature","properties":{"id":301,"height":10.2,"source":"F_BUILD 新北市建物","area_m2":23.8},"geometry":{"type":"Polygon","coordinates":[[[121.5477036,24.855972],[121.5476728,24.8559601],[121.5476483,24.8560204],[121.5476801,24.8560306],[121.5477036,24.855972]]]}},{"type":"Feature","properties":{"id":302,"height":9.0,"source":"F_BUILD 新北市建物","area_m2":5.4},"geometry":{"type":"Polygon","coordinates":[[[121.5476602,24.8560303],[121.5476393,24.8560247],[121.5476322,24.856046],[121.5476527,24.8560516],[121.5476602,24.8560303]]]}},{"type":"Feature","properties":{"id":303,"height":21.2,"source":"F_BUILD 新北市建物","area_m2":860.8},"geometry":{"type":"Polygon","coordinates":[[[121.5474676,24.8559272],[121.5474686,24.8559148],[121.5475183,24.8559173],[121.5475402,24.8558975],[121.5475137,24.8558671],[121.5475277,24.855857],[121.5474556,24.8557692],[121.5474354,24.8557825],[121.5472663,24.8556741],[121.5472161,24.8556596],[121.5471766,24.8556419],[121.5471103,24.855729],[121.5473626,24.855888],[121.5473661,24.8559121],[121.5473774,24.8559133],[121.5473766,24.8559303],[121.5473519,24.8559307],[121.5473539,24.8560569],[121.5474233,24.8560741],[121.547456,24.8560628],[121.5474751,24.8560626],[121.547477,24.8560358],[121.5475278,24.8560356],[121.5475342,24.8559291],[121.5474676,24.8559272]]]}},{"type":"Feature","properties":{"id":304,"height":10.2,"source":"F_BUILD 新北市建物","area_m2":24.1},"geometry":{"type":"Polygon","coordinates":[[[121.5448726,24.8560576],[121.5448136,24.8560455],[121.5448053,24.8560812],[121.5448649,24.8560915],[121.5448726,24.8560576]]]}},{"type":"Feature","properties":{"id":305,"height":12.1,"source":"F_BUILD 新北市建物","area_m2":82.3},"geometry":{"type":"Polygon","coordinates":[[[121.5449446,24.8561484],[121.5448499,24.8561291],[121.544833,24.8562046],[121.5449277,24.8562217],[121.5449446,24.8561484]]]}},{"type":"Feature","properties":{"id":306,"height":12.5,"source":"F_BUILD 新北市建物","area_m2":100.3},"geometry":{"type":"Polygon","coordinates":[[[121.5516967,24.856205],[121.5516466,24.8562029],[121.5516429,24.8563024],[121.5516524,24.8563552],[121.5517166,24.8563443],[121.5516967,24.856205]]]}},{"type":"Feature","properties":{"id":307,"height":13.3,"source":"F_BUILD 新北市建物","area_m2":139.3},"geometry":{"type":"Polygon","coordinates":[[[121.5452028,24.8563924],[121.5452577,24.8563106],[121.5453079,24.8563304],[121.545342,24.8562681],[121.5452448,24.8562292],[121.5452169,24.8562809],[121.5451544,24.8563663],[121.5452028,24.8563924]]]}},{"type":"Feature","properties":{"id":309,"height":9.9,"source":"F_BUILD 新北市建物","area_m2":18.6},"geometry":{"type":"Polygon","coordinates":[[[121.5471711,24.8564544],[121.547132,24.8564433],[121.5471196,24.8564823],[121.5471585,24.8564932],[121.5471711,24.8564544]]]}},{"type":"Feature","properties":{"id":310,"height":11.7,"source":"F_BUILD 新北市建物","area_m2":69.1},"geometry":{"type":"Polygon","coordinates":[[[121.5381931,24.8564854],[121.5381908,24.8564555],[121.5381277,24.8564588],[121.5381405,24.8565554],[121.5381988,24.8565509],[121.5381961,24.8565215],[121.538205,24.8565212],[121.5382018,24.8564856],[121.5381931,24.8564854]]]}},{"type":"Feature","properties":{"id":312,"height":15.8,"source":"F_BUILD 新北市建物","area_m2":302.6},"geometry":{"type":"Polygon","coordinates":[[[121.5495165,24.8565376],[121.5495989,24.8564032],[121.5495584,24.8563789],[121.5494752,24.8563388],[121.5494702,24.8563461],[121.5494264,24.8563262],[121.549393,24.8563837],[121.5494347,24.8564085],[121.5494256,24.8564233],[121.5494013,24.8564109],[121.5493718,24.8564609],[121.5493943,24.8564716],[121.5493924,24.8564757],[121.5494628,24.8565131],[121.549464,24.8565104],[121.5495165,24.8565376]]]}},{"type":"Feature","properties":{"id":313,"height":10.2,"source":"F_BUILD 新北市建物","area_m2":24.2},"geometry":{"type":"Polygon","coordinates":[[[121.5471474,24.8565292],[121.5471011,24.8565159],[121.5470883,24.8565599],[121.5471331,24.8565725],[121.5471474,24.8565292]]]}},{"type":"Feature","properties":{"id":314,"height":10.1,"source":"F_BUILD 新北市建物","area_m2":21.8},"geometry":{"type":"Polygon","coordinates":[[[121.5453845,24.8565648],[121.5453292,24.8565447],[121.5453159,24.8565764],[121.5453693,24.8565947],[121.5453845,24.8565648]]]}},{"type":"Feature","properties":{"id":315,"height":11.1,"source":"F_BUILD 新北市建物","area_m2":46.1},"geometry":{"type":"Polygon","coordinates":[[[121.5393471,24.856769],[121.5392993,24.8567634],[121.5392882,24.8568465],[121.5393377,24.8568526],[121.5393471,24.856769]]]}},{"type":"Feature","properties":{"id":316,"height":12.9,"source":"F_BUILD 新北市建物","area_m2":116.6},"geometry":{"type":"Polygon","coordinates":[[[121.5563139,24.8568854],[121.5563049,24.8567926],[121.5562931,24.8567935],[121.5561937,24.856801],[121.5562011,24.8568931],[121.5562935,24.8568867],[121.5563139,24.8568854]]]}},{"type":"Feature","properties":{"id":317,"height":15.4,"source":"F_BUILD 新北市建物","area_m2":268.2},"geometry":{"type":"Polygon","coordinates":[[[121.5397461,24.8568848],[121.5397435,24.8568636],[121.539773,24.8568596],[121.5397582,24.8567551],[121.5396618,24.8567657],[121.5396603,24.8567476],[121.5396241,24.8567528],[121.5396255,24.8567704],[121.5396142,24.8567721],[121.5396296,24.8568823],[121.539637,24.8568812],[121.5396513,24.8569561],[121.5397425,24.8569445],[121.5397342,24.8568866],[121.5397461,24.8568848]]]}},{"type":"Feature","properties":{"id":318,"height":12.0,"source":"F_BUILD 新北市建物","area_m2":78.4},"geometry":{"type":"Polygon","coordinates":[[[121.5582449,24.8568649],[121.5581927,24.8568154],[121.5581209,24.8568796],[121.5581708,24.8569309],[121.5582449,24.8568649]]]}},{"type":"Feature","properties":{"id":319,"height":12.5,"source":"F_BUILD 新北市建物","area_m2":97.9},"geometry":{"type":"Polygon","coordinates":[[[121.5579119,24.856897],[121.5578888,24.8568606],[121.5578702,24.8568722],[121.5578458,24.8568411],[121.5577818,24.8568772],[121.5578433,24.8569637],[121.5579064,24.8569278],[121.5578932,24.8569082],[121.5579119,24.856897]]]}},{"type":"Feature","properties":{"id":320,"height":11.6,"source":"F_BUILD 新北市建物","area_m2":62.6},"geometry":{"type":"Polygon","coordinates":[[[121.5474148,24.8569248],[121.5473682,24.8569213],[121.5473589,24.8570463],[121.5474015,24.8570489],[121.5474148,24.8569248]]]}},{"type":"Feature","properties":{"id":321,"height":10.0,"source":"F_BUILD 新北市建物","area_m2":20.0},"geometry":{"type":"Polygon","coordinates":[[[121.5561803,24.8569978],[121.5561274,24.8569951],[121.5561268,24.8570287],[121.5561786,24.8570322],[121.5561803,24.8569978]]]}},{"type":"Feature","properties":{"id":322,"height":11.1,"source":"F_BUILD 新北市建物","area_m2":48.5},"geometry":{"type":"Polygon","coordinates":[[[121.5445167,24.8571348],[121.5445205,24.8571187],[121.5445438,24.8571237],[121.544559,24.8570491],[121.5445122,24.8570386],[121.5444891,24.857111],[121.5444996,24.8571134],[121.5444946,24.8571299],[121.5445167,24.8571348]]]}},{"type":"Feature","properties":{"id":323,"height":12.0,"source":"F_BUILD 新北市建物","area_m2":78.7},"geometry":{"type":"Polygon","coordinates":[[[121.5572409,24.8571158],[121.5572274,24.8570474],[121.5571281,24.8570623],[121.5571434,24.8571323],[121.5572409,24.8571158]]]}},{"type":"Feature","properties":{"id":324,"height":12.1,"source":"F_BUILD 新北市建物","area_m2":81.1},"geometry":{"type":"Polygon","coordinates":[[[121.5571038,24.8571392],[121.5570911,24.857067],[121.5569929,24.8570801],[121.5570075,24.8571531],[121.5571038,24.8571392]]]}},{"type":"Feature","properties":{"id":325,"height":13.5,"source":"F_BUILD 新北市建物","area_m2":149.9},"geometry":{"type":"Polygon","coordinates":[[[121.5579911,24.8571078],[121.5579505,24.857051],[121.5578071,24.8571318],[121.5578585,24.857202],[121.5579489,24.8571469],[121.5579911,24.8571078]]]}},{"type":"Feature","properties":{"id":326,"height":11.6,"source":"F_BUILD 新北市建物","area_m2":65.0},"geometry":{"type":"Polygon","coordinates":[[[121.5566085,24.8572343],[121.5565991,24.857169],[121.5565132,24.8571816],[121.5565221,24.8572483],[121.5566085,24.8572343]]]}},{"type":"Feature","properties":{"id":327,"height":18.1,"source":"F_BUILD 新北市建物","area_m2":504.2},"geometry":{"type":"Polygon","coordinates":[[[121.5559962,24.8572464],[121.5560203,24.8571549],[121.5561103,24.8571778],[121.5561247,24.8571278],[121.5560179,24.857101],[121.5560127,24.8571164],[121.5557802,24.8570611],[121.5557366,24.8572145],[121.5559612,24.8572625],[121.5559962,24.8572464]]]}},{"type":"Feature","properties":{"id":328,"height":12.4,"source":"F_BUILD 新北市建物","area_m2":97.7},"geometry":{"type":"Polygon","coordinates":[[[121.556412,24.8572846],[121.5564018,24.8571938],[121.556309,24.8572088],[121.5563174,24.8573011],[121.556412,24.8572846]]]}},{"type":"Feature","properties":{"id":329,"height":13.7,"source":"F_BUILD 新北市建物","area_m2":158.8},"geometry":{"type":"Polygon","coordinates":[[[121.5570969,24.8573455],[121.5570897,24.8572889],[121.556943,24.8573106],[121.5569609,24.8574251],[121.5570574,24.8574085],[121.5570513,24.8573546],[121.5570969,24.8573455]]]}},{"type":"Feature","properties":{"id":330,"height":15.1,"source":"F_BUILD 新北市建物","area_m2":249.0},"geometry":{"type":"Polygon","coordinates":[[[121.5513169,24.8575293],[121.5513075,24.8574395],[121.5512904,24.8574405],[121.5513149,24.857367],[121.5512358,24.857347],[121.5512451,24.8573218],[121.5511965,24.857304],[121.5511643,24.8573774],[121.5512038,24.8573936],[121.5511687,24.8574921],[121.5512647,24.857518],[121.5512693,24.8575042],[121.5512713,24.8575313],[121.5513169,24.8575293]]]}},{"type":"Feature","properties":{"id":331,"height":16.1,"source":"F_BUILD 新北市建物","area_m2":327.9},"geometry":{"type":"Polygon","coordinates":[[[121.5560284,24.8574767],[121.5556071,24.8574536],[121.5556041,24.8575204],[121.5560251,24.8575487],[121.5560284,24.8574767]]]}},{"type":"Feature","properties":{"id":332,"height":11.3,"source":"F_BUILD 新北市建物","area_m2":53.8},"geometry":{"type":"Polygon","coordinates":[[[121.5491306,24.8575546],[121.5490708,24.8574797],[121.5490296,24.8575075],[121.5490892,24.8575833],[121.5491306,24.8575546]]]}},{"type":"Feature","properties":{"id":333,"height":9.3,"source":"F_BUILD 新北市建物","area_m2":7.7},"geometry":{"type":"Polygon","coordinates":[[[121.5465556,24.8575878],[121.5465395,24.8575685],[121.5465279,24.8575764],[121.5465163,24.8575844],[121.5465315,24.857603],[121.5465556,24.8575878]]]}},{"type":"Feature","properties":{"id":334,"height":11.2,"source":"F_BUILD 新北市建物","area_m2":49.7},"geometry":{"type":"Polygon","coordinates":[[[121.5414655,24.8576456],[121.5414226,24.8575622],[121.54138,24.8575786],[121.5414211,24.8576649],[121.5414655,24.8576456]]]}},{"type":"Feature","properties":{"id":335,"height":13.4,"source":"F_BUILD 新北市建物","area_m2":145.5},"geometry":{"type":"Polygon","coordinates":[[[121.558216,24.8575705],[121.5581431,24.8574633],[121.5580529,24.857518],[121.5581329,24.8576194],[121.558216,24.8575705]]]}},{"type":"Feature","properties":{"id":336,"height":14.8,"source":"F_BUILD 新北市建物","area_m2":230.8},"geometry":{"type":"Polygon","coordinates":[[[121.551502,24.8576532],[121.5514939,24.8574514],[121.5513954,24.8574527],[121.5513963,24.8576546],[121.551502,24.8576532]]]}},{"type":"Feature","properties":{"id":337,"height":9.7,"source":"F_BUILD 新北市建物","area_m2":14.3},"geometry":{"type":"Polygon","coordinates":[[[121.5413154,24.8577684],[121.5412839,24.8577589],[121.5412717,24.8577946],[121.5413064,24.8578041],[121.5413154,24.8577684]]]}},{"type":"Feature","properties":{"id":338,"height":11.4,"source":"F_BUILD 新北市建物","area_m2":58.2},"geometry":{"type":"Polygon","coordinates":[[[121.5579828,24.8577362],[121.5579712,24.8576722],[121.5578905,24.8576843],[121.557904,24.8577471],[121.5579828,24.8577362]]]}},{"type":"Feature","properties":{"id":339,"height":10.6,"source":"F_BUILD 新北市建物","area_m2":34.6},"geometry":{"type":"Polygon","coordinates":[[[121.5487305,24.8577127],[121.5487259,24.8577035],[121.5487218,24.8577038],[121.5487117,24.8576871],[121.5486954,24.857678],[121.5486857,24.857682],[121.548685,24.8576955],[121.548734,24.857789],[121.5487568,24.8577771],[121.5487257,24.8577148],[121.5487305,24.8577127]]]}},{"type":"Feature","properties":{"id":340,"height":13.6,"source":"F_BUILD 新北市建物","area_m2":155.8},"geometry":{"type":"Polygon","coordinates":[[[121.5513335,24.8579119],[121.5513373,24.8579074],[121.5513611,24.8579058],[121.5513548,24.8577931],[121.55124,24.8577974],[121.5512455,24.8579104],[121.551253,24.8579096],[121.5512572,24.8579141],[121.5512643,24.8579188],[121.5512722,24.8579209],[121.5512793,24.8579215],[121.551289,24.8579219],[121.5512993,24.8579221],[121.5513096,24.8579214],[121.5513173,24.8579204],[121.5513232,24.8579183],[121.5513291,24.8579153],[121.5513335,24.8579119]]]}},{"type":"Feature","properties":{"id":341,"height":12.7,"source":"F_BUILD 新北市建物","area_m2":108.6},"geometry":{"type":"Polygon","coordinates":[[[121.5559765,24.857862],[121.5558133,24.8578422],[121.5558058,24.8579033],[121.5559704,24.8579178],[121.5559765,24.857862]]]}},{"type":"Feature","properties":{"id":342,"height":14.6,"source":"F_BUILD 新北市建物","area_m2":214.9},"geometry":{"type":"Polygon","coordinates":[[[121.5556514,24.857957],[121.5556304,24.8578885],[121.5553747,24.8579642],[121.5553956,24.8580334],[121.5556514,24.857957]]]}},{"type":"Feature","properties":{"id":343,"height":9.1,"source":"F_BUILD 新北市建物","area_m2":6.5},"geometry":{"type":"Polygon","coordinates":[[[121.5465522,24.858121],[121.5465471,24.8580874],[121.5465307,24.8580907],[121.5465347,24.8581238],[121.5465522,24.858121]]]}},{"type":"Feature","properties":{"id":344,"height":10.6,"source":"F_BUILD 新北市建物","area_m2":32.8},"geometry":{"type":"Polygon","coordinates":[[[121.5494076,24.8580768],[121.5493322,24.8580731],[121.54933,24.858112],[121.5494056,24.8581154],[121.5494076,24.8580768]]]}},{"type":"Feature","properties":{"id":345,"height":14.9,"source":"F_BUILD 新北市建物","area_m2":235.1},"geometry":{"type":"Polygon","coordinates":[[[121.556276,24.8581265],[121.5562345,24.8580037],[121.5560852,24.858048],[121.5560915,24.858066],[121.5560828,24.858069],[121.5561163,24.8581712],[121.556276,24.8581265]]]}},{"type":"Feature","properties":{"id":346,"height":12.1,"source":"F_BUILD 新北市建物","area_m2":83.5},"geometry":{"type":"Polygon","coordinates":[[[121.5493834,24.8582232],[121.5493842,24.8582119],[121.5494054,24.8582139],[121.549405,24.8581464],[121.5494022,24.8581462],[121.5494013,24.858126],[121.5493292,24.8581201],[121.5493238,24.8582186],[121.5493834,24.8582232]]]}},{"type":"Feature","properties":{"id":347,"height":14.0,"source":"F_BUILD 新北市建物","area_m2":178.7},"geometry":{"type":"Polygon","coordinates":[[[121.5511352,24.8580748],[121.551063,24.8580721],[121.5510619,24.858112],[121.5510297,24.8581489],[121.5510298,24.8581989],[121.55105,24.8582013],[121.55105,24.858246],[121.5511403,24.8582474],[121.5511424,24.8581461],[121.5511316,24.8581456],[121.5511352,24.8580748]]]}},{"type":"Feature","properties":{"id":348,"height":10.1,"source":"F_BUILD 新北市建物","area_m2":21.8},"geometry":{"type":"Polygon","coordinates":[[[121.5491586,24.8582979],[121.5491482,24.8582523],[121.5491068,24.8582532],[121.5491082,24.8582875],[121.5491134,24.8582935],[121.5491162,24.8582947],[121.5491586,24.8582979]]]}},{"type":"Feature","properties":{"id":349,"height":13.9,"source":"F_BUILD 新北市建物","area_m2":169.7},"geometry":{"type":"Polygon","coordinates":[[[121.5501427,24.8582992],[121.5501454,24.8582864],[121.5501668,24.8582901],[121.5501836,24.8581958],[121.5501741,24.8581508],[121.5501353,24.858144],[121.5501337,24.8581533],[121.5500865,24.8581454],[121.5500557,24.8582844],[121.5501427,24.8582992]]]}},{"type":"Feature","properties":{"id":350,"height":15.6,"source":"F_BUILD 新北市建物","area_m2":285.0},"geometry":{"type":"Polygon","coordinates":[[[121.5465742,24.858314],[121.5465722,24.8582617],[121.5465432,24.8582616],[121.5465421,24.8582284],[121.5465353,24.858229],[121.546522,24.8580805],[121.5464283,24.8580833],[121.5464124,24.8581473],[121.5464116,24.8582375],[121.5464348,24.8582366],[121.546437,24.8582967],[121.5465386,24.8582922],[121.5465406,24.858314],[121.5465742,24.858314]]]}},{"type":"Feature","properties":{"id":351,"height":14.3,"source":"F_BUILD 新北市建物","area_m2":194.8},"geometry":{"type":"Polygon","coordinates":[[[121.5498267,24.8583137],[121.5498306,24.8582729],[121.5498392,24.8582732],[121.5498584,24.8580985],[121.5497812,24.8580905],[121.5497495,24.8583065],[121.5498267,24.8583137]]]}},{"type":"Feature","properties":{"id":352,"height":15.2,"source":"F_BUILD 新北市建物","area_m2":255.2},"geometry":{"type":"Polygon","coordinates":[[[121.5577505,24.858295],[121.5577524,24.8582832],[121.5578101,24.8582943],[121.5578155,24.8582769],[121.5578284,24.8582804],[121.5578502,24.8581871],[121.5576609,24.8581422],[121.5576285,24.8582549],[121.5576808,24.8582671],[121.5576865,24.8582499],[121.5577045,24.858253],[121.5577,24.858271],[121.5577131,24.8582738],[121.5577102,24.8582873],[121.5577505,24.858295]]]}},{"type":"Feature","properties":{"id":353,"height":16.1,"source":"F_BUILD 新北市建物","area_m2":321.8},"geometry":{"type":"Polygon","coordinates":[[[121.5574565,24.8583363],[121.5575236,24.8582998],[121.5575296,24.8583103],[121.5575714,24.8582893],[121.5575636,24.8582812],[121.5576175,24.8582537],[121.5575602,24.8581507],[121.557505,24.8581765],[121.5574891,24.8581435],[121.5573755,24.8581899],[121.5573992,24.8582316],[121.5573922,24.8582358],[121.557404,24.8582513],[121.5573906,24.8582574],[121.557434,24.8583302],[121.5574486,24.858323],[121.5574565,24.8583363]]]}},{"type":"Feature","properties":{"id":354,"height":12.3,"source":"F_BUILD 新北市建物","area_m2":90.0},"geometry":{"type":"Polygon","coordinates":[[[121.5411854,24.8584174],[121.5413726,24.8583326],[121.5413765,24.8583396],[121.5414165,24.8583192],[121.5414014,24.8582863],[121.5413591,24.8583037],[121.5413606,24.858306],[121.5411696,24.8583897],[121.5411854,24.8584174]]]}},{"type":"Feature","properties":{"id":355,"height":11.1,"source":"F_BUILD 新北市建物","area_m2":48.3},"geometry":{"type":"Polygon","coordinates":[[[121.5497395,24.8583496],[121.5497345,24.8583492],[121.5497293,24.8583997],[121.5498151,24.8584077],[121.5498195,24.8583584],[121.5497395,24.8583496]]]}},{"type":"Feature","properties":{"id":356,"height":10.1,"source":"F_BUILD 新北市建物","area_m2":22.6},"geometry":{"type":"Polygon","coordinates":[[[121.5440521,24.8584787],[121.5440156,24.8584521],[121.5439889,24.8584894],[121.5440255,24.8585143],[121.5440521,24.8584787]]]}},{"type":"Feature","properties":{"id":357,"height":12.3,"source":"F_BUILD 新北市建物","area_m2":93.2},"geometry":{"type":"Polygon","coordinates":[[[121.5556794,24.8584324],[121.5556166,24.8583579],[121.5555475,24.8584098],[121.5556096,24.858483],[121.5556794,24.8584324]]]}},{"type":"Feature","properties":{"id":358,"height":10.5,"source":"F_BUILD 新北市建物","area_m2":31.7},"geometry":{"type":"Polygon","coordinates":[[[121.5565599,24.8584962],[121.5565475,24.8584613],[121.5565086,24.8584738],[121.556514,24.8584899],[121.5564891,24.8584809],[121.5564756,24.8585151],[121.5565123,24.8585288],[121.5565234,24.8585052],[121.5565599,24.8584962]]]}},{"type":"Feature","properties":{"id":359,"height":9.8,"source":"F_BUILD 新北市建物","area_m2":15.8},"geometry":{"type":"Polygon","coordinates":[[[121.5485267,24.8586104],[121.5485022,24.85856],[121.5484787,24.8585691],[121.5485064,24.8586223],[121.5485267,24.8586104]]]}},{"type":"Feature","properties":{"id":360,"height":11.1,"source":"F_BUILD 新北市建物","area_m2":47.5},"geometry":{"type":"Polygon","coordinates":[[[121.5557363,24.8585229],[121.5557253,24.8585073],[121.5555917,24.8585697],[121.5556123,24.8586026],[121.5557363,24.8585229]]]}},{"type":"Feature","properties":{"id":361,"height":10.3,"source":"F_BUILD 新北市建物","area_m2":25.3},"geometry":{"type":"Polygon","coordinates":[[[121.5421169,24.8586727],[121.5421107,24.8586278],[121.542061,24.8586369],[121.5420661,24.85868],[121.5421169,24.8586727]]]}},{"type":"Feature","properties":{"id":362,"height":10.6,"source":"F_BUILD 新北市建物","area_m2":33.2},"geometry":{"type":"Polygon","coordinates":[[[121.5420518,24.858675],[121.5420468,24.8586389],[121.5419639,24.8586506],[121.5419734,24.858686],[121.5420518,24.858675]]]}},{"type":"Feature","properties":{"id":363,"height":10.9,"source":"F_BUILD 新北市建物","area_m2":41.0},"geometry":{"type":"Polygon","coordinates":[[[121.5494548,24.8586268],[121.5494287,24.8585893],[121.5493599,24.8586352],[121.5493853,24.8586705],[121.5494548,24.8586268]]]}},{"type":"Feature","properties":{"id":364,"height":10.8,"source":"F_BUILD 新北市建物","area_m2":39.1},"geometry":{"type":"Polygon","coordinates":[[[121.5563714,24.8586191],[121.5563084,24.8586144],[121.5563021,24.8586693],[121.5563657,24.8586736],[121.5563714,24.8586191]]]}},{"type":"Feature","properties":{"id":365,"height":12.8,"source":"F_BUILD 新北市建物","area_m2":115.8},"geometry":{"type":"Polygon","coordinates":[[[121.5489897,24.85864],[121.5489236,24.8585918],[121.5488599,24.8586693],[121.5489562,24.8587392],[121.5489925,24.8586976],[121.5489635,24.8586745],[121.5489897,24.85864]]]}},{"type":"Feature","properties":{"id":366,"height":19.2,"source":"F_BUILD 新北市建物","area_m2":614.6},"geometry":{"type":"Polygon","coordinates":[[[121.5560621,24.8585761],[121.5559263,24.8584602],[121.5559136,24.8584703],[121.5558715,24.8584185],[121.5557241,24.8585043],[121.5557894,24.8585825],[121.5557658,24.8586036],[121.5557589,24.8586098],[121.5558976,24.8587316],[121.5560621,24.8585761]]]}},{"type":"Feature","properties":{"id":367,"height":12.7,"source":"F_BUILD 新北市建物","area_m2":109.0},"geometry":{"type":"Polygon","coordinates":[[[121.5493781,24.8587157],[121.5492674,24.8586339],[121.5492188,24.8586851],[121.5493274,24.8587677],[121.5493781,24.8587157]]]}},{"type":"Feature","properties":{"id":368,"height":11.8,"source":"F_BUILD 新北市建物","area_m2":70.1},"geometry":{"type":"Polygon","coordinates":[[[121.5489604,24.858752],[121.5488525,24.858672],[121.5488216,24.8587075],[121.5489284,24.8587867],[121.5489604,24.858752]]]}},{"type":"Feature","properties":{"id":369,"height":9.9,"source":"F_BUILD 新北市建物","area_m2":17.7},"geometry":{"type":"Polygon","coordinates":[[[121.5583646,24.8587961],[121.5583485,24.8587741],[121.5583001,24.8588063],[121.5583149,24.8588284],[121.5583646,24.8587961]]]}},{"type":"Feature","properties":{"id":370,"height":12.6,"source":"F_BUILD 新北市建物","area_m2":102.5},"geometry":{"type":"Polygon","coordinates":[[[121.5560559,24.8588244],[121.5559689,24.8587949],[121.5559358,24.8588695],[121.5559634,24.8588791],[121.5559528,24.8589033],[121.5560124,24.8589236],[121.5560559,24.8588244]]]}},{"type":"Feature","properties":{"id":371,"height":15.6,"source":"F_BUILD 新北市建物","area_m2":288.8},"geometry":{"type":"Polygon","coordinates":[[[121.5576224,24.8590077],[121.5576685,24.8589776],[121.5576757,24.8589777],[121.5576802,24.8589777],[121.5576855,24.8589767],[121.5576925,24.8589741],[121.5576976,24.8589715],[121.5577019,24.8589683],[121.5577062,24.8589641],[121.5577098,24.8589589],[121.5577112,24.8589553],[121.5577125,24.8589513],[121.557761,24.8589229],[121.5576703,24.8587965],[121.5575281,24.8588803],[121.5576224,24.8590077]]]}},{"type":"Feature","properties":{"id":372,"height":17.0,"source":"F_BUILD 新北市建物","area_m2":395.7},"geometry":{"type":"Polygon","coordinates":[[[121.5581274,24.8589553],[121.5580851,24.8588146],[121.5580509,24.858824],[121.55791,24.8588662],[121.5578092,24.8589231],[121.5578524,24.8589866],[121.5579501,24.8589285],[121.5579737,24.8590118],[121.5580509,24.858994],[121.5580928,24.8589828],[121.5581112,24.8589679],[121.5581274,24.8589553]]]}},{"type":"Feature","properties":{"id":373,"height":11.4,"source":"F_BUILD 新北市建物","area_m2":57.5},"geometry":{"type":"Polygon","coordinates":[[[121.5583104,24.858988],[121.5582618,24.8589428],[121.558206,24.8589962],[121.5582543,24.8590417],[121.5583104,24.858988]]]}},{"type":"Feature","properties":{"id":374,"height":12.5,"source":"F_BUILD 新北市建物","area_m2":100.5},"geometry":{"type":"Polygon","coordinates":[[[121.5484536,24.8590813],[121.5484341,24.8590202],[121.5483919,24.8590332],[121.5483871,24.8590158],[121.5483517,24.8590315],[121.5483577,24.8590517],[121.5483156,24.8590652],[121.5483205,24.8591259],[121.5484536,24.8590813]]]}},{"type":"Feature","properties":{"id":375,"height":15.6,"source":"F_BUILD 新北市建物","area_m2":286.2},"geometry":{"type":"Polygon","coordinates":[[[121.5576291,24.85919],[121.5576993,24.8591644],[121.5577111,24.8591842],[121.5578443,24.8591172],[121.5578469,24.8591138],[121.5577794,24.8590023],[121.5576426,24.8590694],[121.5576602,24.8590989],[121.5575979,24.8591181],[121.5576291,24.85919]]]}},{"type":"Feature","properties":{"id":376,"height":11.6,"source":"F_BUILD 新北市建物","area_m2":65.2},"geometry":{"type":"Polygon","coordinates":[[[121.5488783,24.8591591],[121.5488749,24.8591346],[121.5488348,24.8591381],[121.5488452,24.8592233],[121.5488885,24.8592195],[121.5488871,24.8592013],[121.5489395,24.8591987],[121.5489355,24.8591604],[121.5488783,24.8591591]]]}},{"type":"Feature","properties":{"id":377,"height":13.0,"source":"F_BUILD 新北市建物","area_m2":123.7},"geometry":{"type":"Polygon","coordinates":[[[121.5575313,24.8591199],[121.5574198,24.8590664],[121.5573777,24.8591496],[121.557489,24.859197],[121.5575313,24.8591199]]]}},{"type":"Feature","properties":{"id":378,"height":9.6,"source":"F_BUILD 新北市建物","area_m2":12.2},"geometry":{"type":"Polygon","coordinates":[[[121.5507457,24.8592204],[121.550738,24.8591838],[121.5507089,24.8591893],[121.5507165,24.8592249],[121.5507457,24.8592204]]]}},{"type":"Feature","properties":{"id":379,"height":15.3,"source":"F_BUILD 新北市建物","area_m2":259.8},"geometry":{"type":"Polygon","coordinates":[[[121.5496266,24.8592491],[121.5496638,24.8591842],[121.5496867,24.8591941],[121.5497422,24.8590901],[121.549721,24.8590802],[121.5496448,24.8590435],[121.5496251,24.8590625],[121.5496024,24.8590668],[121.5495424,24.8591685],[121.5495601,24.8591786],[121.5495431,24.8592127],[121.5496266,24.8592491]]]}},{"type":"Feature","properties":{"id":380,"height":14.4,"source":"F_BUILD 新北市建物","area_m2":202.6},"geometry":{"type":"Polygon","coordinates":[[[121.5509007,24.8592856],[121.5509187,24.8592339],[121.5509192,24.859234],[121.5509633,24.8591111],[121.5509608,24.8591105],[121.5509788,24.8590572],[121.5509094,24.8590365],[121.5508286,24.8592644],[121.5509004,24.8592866],[121.5509007,24.8592856]]]}},{"type":"Feature","properties":{"id":381,"height":11.9,"source":"F_BUILD 新北市建物","area_m2":75.9},"geometry":{"type":"Polygon","coordinates":[[[121.551239,24.8592919],[121.5512503,24.8592561],[121.5512619,24.8592587],[121.5512763,24.8592075],[121.5512052,24.8591922],[121.5511756,24.8592538],[121.5511681,24.8592761],[121.551239,24.8592919]]]}},{"type":"Feature","properties":{"id":382,"height":12.3,"source":"F_BUILD 新北市建物","area_m2":92.5},"geometry":{"type":"Polygon","coordinates":[[[121.5525356,24.859292],[121.5525197,24.8592141],[121.5524713,24.8592258],[121.5524616,24.8591828],[121.552424,24.8591915],[121.5524521,24.859306],[121.5525356,24.859292]]]}},{"type":"Feature","properties":{"id":383,"height":18.9,"source":"F_BUILD 新北市建物","area_m2":592.0},"geometry":{"type":"Polygon","coordinates":[[[121.5582893,24.8592515],[121.5583825,24.85917],[121.5583927,24.8591768],[121.5584515,24.859117],[121.5584628,24.859125],[121.5585399,24.8590298],[121.558481,24.8589878],[121.5585574,24.8588963],[121.5585054,24.8588598],[121.5584947,24.85887],[121.5584283,24.8589576],[121.5584197,24.8589517],[121.5583351,24.8590457],[121.5583348,24.8590462],[121.5583517,24.8590593],[121.5583004,24.8591158],[121.5582201,24.8592081],[121.5581629,24.8592742],[121.5581581,24.8592826],[121.5582143,24.8593173],[121.5582893,24.8592515]]]}},{"type":"Feature","properties":{"id":384,"height":12.3,"source":"F_BUILD 新北市建物","area_m2":91.8},"geometry":{"type":"Polygon","coordinates":[[[121.5493417,24.8592021],[121.5492915,24.8591888],[121.5492492,24.859344],[121.5492999,24.8593532],[121.5493417,24.8592021]]]}},{"type":"Feature","properties":{"id":385,"height":14.8,"source":"F_BUILD 新北市建物","area_m2":227.3},"geometry":{"type":"Polygon","coordinates":[[[121.5476569,24.8593194],[121.5475766,24.8592338],[121.5475236,24.8592682],[121.5475004,24.8592398],[121.5474388,24.859284],[121.5474646,24.8593123],[121.5474574,24.8593169],[121.5475416,24.8594077],[121.5476569,24.8593194]]]}},{"type":"Feature","properties":{"id":386,"height":11.3,"source":"F_BUILD 新北市建物","area_m2":53.9},"geometry":{"type":"Polygon","coordinates":[[[121.5512044,24.8593285],[121.5511467,24.8593141],[121.5511398,24.8593284],[121.5511216,24.8593895],[121.551183,24.8594018],[121.5512044,24.8593285]]]}},{"type":"Feature","properties":{"id":387,"height":18.5,"source":"F_BUILD 新北市建物","area_m2":547.6},"geometry":{"type":"Polygon","coordinates":[[[121.5524356,24.859397],[121.5523405,24.8590247],[121.5522184,24.8590521],[121.5523091,24.8594251],[121.5524356,24.859397]]]}},{"type":"Feature","properties":{"id":388,"height":9.8,"source":"F_BUILD 新北市建物","area_m2":16.0},"geometry":{"type":"Polygon","coordinates":[[[121.5570884,24.8594148],[121.5570896,24.8594093],[121.5571026,24.8594117],[121.5571088,24.8593788],[121.5570699,24.859373],[121.5570634,24.8594102],[121.5570884,24.8594148]]]}},{"type":"Feature","properties":{"id":389,"height":11.1,"source":"F_BUILD 新北市建物","area_m2":47.7},"geometry":{"type":"Polygon","coordinates":[[[121.5587486,24.8593681],[121.5586906,24.8593335],[121.5586543,24.8593872],[121.5587124,24.8594195],[121.5587486,24.8593681]]]}},{"type":"Feature","properties":{"id":390,"height":10.4,"source":"F_BUILD 新北市建物","area_m2":27.4},"geometry":{"type":"Polygon","coordinates":[[[121.5475539,24.8594436],[121.5475264,24.8594043],[121.5474802,24.8594318],[121.5475064,24.8594676],[121.5475539,24.8594436]]]}},{"type":"Feature","properties":{"id":391,"height":13.0,"source":"F_BUILD 新北市建物","area_m2":123.4},"geometry":{"type":"Polygon","coordinates":[[[121.5489667,24.8593899],[121.5488361,24.8593817],[121.5488243,24.8594641],[121.5489621,24.8594708],[121.5489667,24.8593899]]]}},{"type":"Feature","properties":{"id":392,"height":10.1,"source":"F_BUILD 新北市建物","area_m2":21.7},"geometry":{"type":"Polygon","coordinates":[[[121.5571604,24.8595277],[121.5571596,24.8594769],[121.5571219,24.8594775],[121.5571234,24.8595305],[121.5571604,24.8595277]]]}},{"type":"Feature","properties":{"id":393,"height":9.9,"source":"F_BUILD 新北市建物","area_m2":18.0},"geometry":{"type":"Polygon","coordinates":[[[121.5565124,24.8595458],[121.5564878,24.8594878],[121.5564642,24.8594976],[121.5564868,24.8595536],[121.5565124,24.8595458]]]}},{"type":"Feature","properties":{"id":394,"height":18.6,"source":"F_BUILD 新北市建物","area_m2":551.8},"geometry":{"type":"Polygon","coordinates":[[[121.5496142,24.8595861],[121.549632,24.8594725],[121.5496709,24.8594774],[121.5496888,24.8592977],[121.5495807,24.8592719],[121.5495553,24.8593722],[121.5495633,24.8593748],[121.5495519,24.8594238],[121.5494918,24.8594142],[121.5494895,24.8594202],[121.5494555,24.8594123],[121.549454,24.8594185],[121.5494441,24.8594171],[121.5494076,24.859554],[121.5496142,24.8595861]]]}},{"type":"Feature","properties":{"id":395,"height":12.9,"source":"F_BUILD 新北市建物","area_m2":118.5},"geometry":{"type":"Polygon","coordinates":[[[121.5580223,24.8595396],[121.5580219,24.8594276],[121.5579204,24.8594352],[121.5579446,24.8595561],[121.5580223,24.8595396]]]}},{"type":"Feature","properties":{"id":396,"height":11.1,"source":"F_BUILD 新北市建物","area_m2":48.9},"geometry":{"type":"Polygon","coordinates":[[[121.5392874,24.8595721],[121.5392125,24.8595663],[121.5392085,24.8596248],[121.5392834,24.8596297],[121.5392874,24.8595721]]]}},{"type":"Feature","properties":{"id":397,"height":16.2,"source":"F_BUILD 新北市建物","area_m2":330.5},"geometry":{"type":"Polygon","coordinates":[[[121.5582753,24.8595353],[121.5582866,24.8595218],[121.5582879,24.8595227],[121.5582906,24.8595195],[121.5583006,24.8595265],[121.5583185,24.8595202],[121.558281,24.8594336],[121.5583024,24.8594583],[121.5584587,24.8593528],[121.5584123,24.8592999],[121.5582565,24.8594054],[121.5582583,24.8594074],[121.5581386,24.8594489],[121.5581572,24.8595053],[121.5581759,24.8595017],[121.5581997,24.8595618],[121.5582753,24.8595353]]]}},{"type":"Feature","properties":{"id":398,"height":19.9,"source":"F_BUILD 新北市建物","area_m2":702.6},"geometry":{"type":"Polygon","coordinates":[[[121.5574587,24.8595763],[121.5574953,24.8594015],[121.5574896,24.8594011],[121.5575094,24.8592648],[121.5573781,24.8592434],[121.5573693,24.8592408],[121.5574104,24.8591728],[121.5573725,24.8591564],[121.5573162,24.8592884],[121.5573066,24.8593183],[121.5573013,24.8593516],[121.5572977,24.8594068],[121.5572906,24.8594065],[121.557285,24.8595513],[121.5574587,24.8595763]]]}},{"type":"Feature","properties":{"id":399,"height":12.4,"source":"F_BUILD 新北市建物","area_m2":97.1},"geometry":{"type":"Polygon","coordinates":[[[121.5391633,24.859643],[121.5391498,24.8595309],[121.5390739,24.8595391],[121.5390856,24.8596504],[121.5391633,24.859643]]]}},{"type":"Feature","properties":{"id":400,"height":14.1,"source":"F_BUILD 新北市建物","area_m2":186.8},"geometry":{"type":"Polygon","coordinates":[[[121.5571163,24.8595317],[121.5570778,24.85944],[121.5569235,24.8594949],[121.5569645,24.8595914],[121.5571163,24.8595317]]]}},{"type":"Feature","properties":{"id":401,"height":14.7,"source":"F_BUILD 新北市建物","area_m2":218.8},"geometry":{"type":"Polygon","coordinates":[[[121.5512404,24.8594585],[121.5511187,24.8594414],[121.5510834,24.8596042],[121.5511552,24.8596136],[121.5512195,24.8595758],[121.5512404,24.8594585]]]}},{"type":"Feature","properties":{"id":402,"height":10.4,"source":"F_BUILD 新北市建物","area_m2":27.4},"geometry":{"type":"Polygon","coordinates":[[[121.5581767,24.859541],[121.5581113,24.8595397],[121.5581112,24.8595663],[121.5581428,24.8595663],[121.5581417,24.859588],[121.5581766,24.8595883],[121.5581767,24.859541]]]}},{"type":"Feature","properties":{"id":403,"height":15.4,"source":"F_BUILD 新北市建物","area_m2":269.9},"geometry":{"type":"Polygon","coordinates":[[[121.548975,24.8595006],[121.548806,24.8594842],[121.5487905,24.8596246],[121.5489615,24.8596411],[121.548975,24.8595006]]]}},{"type":"Feature","properties":{"id":404,"height":9.8,"source":"F_BUILD 新北市建物","area_m2":16.8},"geometry":{"type":"Polygon","coordinates":[[[121.5487476,24.8596019],[121.5487115,24.859599],[121.548708,24.8596412],[121.5487437,24.8596428],[121.5487476,24.8596019]]]}},{"type":"Feature","properties":{"id":405,"height":9.9,"source":"F_BUILD 新北市建物","area_m2":17.5},"geometry":{"type":"Polygon","coordinates":[[[121.5393596,24.8597058],[121.5393127,24.8597021],[121.539307,24.8597343],[121.5393562,24.8597379],[121.5393596,24.8597058]]]}},{"type":"Feature","properties":{"id":406,"height":14.0,"source":"F_BUILD 新北市建物","area_m2":175.8},"geometry":{"type":"Polygon","coordinates":[[[121.5571747,24.8596628],[121.5571218,24.8595716],[121.5569875,24.8596401],[121.557038,24.8597292],[121.5571747,24.8596628]]]}},{"type":"Feature","properties":{"id":407,"height":11.3,"source":"F_BUILD 新北市建物","area_m2":54.9},"geometry":{"type":"Polygon","coordinates":[[[121.5558893,24.8597253],[121.5558543,24.8596777],[121.5557832,24.8597172],[121.5557814,24.8597182],[121.5557815,24.8597183],[121.5557898,24.8597645],[121.5558893,24.8597253]]]}},{"type":"Feature","properties":{"id":408,"height":15.6,"source":"F_BUILD 新北市建物","area_m2":286.2},"geometry":{"type":"Polygon","coordinates":[[[121.5586423,24.859666],[121.5584197,24.8595589],[121.5583674,24.85965],[121.5585924,24.8597549],[121.5586423,24.859666]]]}},{"type":"Feature","properties":{"id":409,"height":9.8,"source":"F_BUILD 新北市建物","area_m2":15.8},"geometry":{"type":"Polygon","coordinates":[[[121.5586738,24.8597423],[121.5586351,24.8597236],[121.5586182,24.8597505],[121.5586595,24.8597708],[121.5586738,24.8597423]]]}},{"type":"Feature","properties":{"id":410,"height":11.6,"source":"F_BUILD 新北市建物","area_m2":64.0},"geometry":{"type":"Polygon","coordinates":[[[121.5493355,24.8598019],[121.549314,24.8597118],[121.5492539,24.8597202],[121.5492567,24.859734],[121.5492726,24.8598105],[121.5493355,24.8598019]]]}},{"type":"Feature","properties":{"id":411,"height":10.7,"source":"F_BUILD 新北市建物","area_m2":36.2},"geometry":{"type":"Polygon","coordinates":[[[121.5578833,24.8597522],[121.5578492,24.8597146],[121.5577992,24.8597541],[121.5578293,24.859792],[121.5578833,24.8597522]]]}},{"type":"Feature","properties":{"id":412,"height":11.9,"source":"F_BUILD 新北市建物","area_m2":74.8},"geometry":{"type":"Polygon","coordinates":[[[121.5479552,24.8597891],[121.5479089,24.8597291],[121.547833,24.859778],[121.5478786,24.8598357],[121.5479552,24.8597891]]]}},{"type":"Feature","properties":{"id":413,"height":9.5,"source":"F_BUILD 新北市建物","area_m2":11.2},"geometry":{"type":"Polygon","coordinates":[[[121.5559149,24.8597752],[121.5558848,24.8597718],[121.5558804,24.8598048],[121.5559097,24.8598083],[121.5559149,24.8597752]]]}},{"type":"Feature","properties":{"id":414,"height":16.8,"source":"F_BUILD 新北市建物","area_m2":383.0},"geometry":{"type":"Polygon","coordinates":[[[121.5566752,24.8596062],[121.5565985,24.8595637],[121.5565091,24.8596168],[121.5565275,24.8596424],[121.5565156,24.8596489],[121.5566508,24.8598201],[121.5567451,24.859761],[121.5567283,24.8596703],[121.5566752,24.8596062]]]}},{"type":"Feature","properties":{"id":415,"height":9.3,"source":"F_BUILD 新北市建物","area_m2":8.1},"geometry":{"type":"Polygon","coordinates":[[[121.5508783,24.8598336],[121.5508593,24.8598166],[121.5508368,24.8598332],[121.5508551,24.8598514],[121.5508783,24.8598336]]]}},{"type":"Feature","properties":{"id":416,"height":15.7,"source":"F_BUILD 新北市建物","area_m2":289.9},"geometry":{"type":"Polygon","coordinates":[[[121.5487903,24.8598256],[121.548792,24.8598067],[121.5488324,24.8598095],[121.5488454,24.8596955],[121.5486944,24.8596866],[121.5486833,24.8598038],[121.5487005,24.8598066],[121.5486935,24.8598828],[121.5488037,24.8598896],[121.5488092,24.8598265],[121.5487903,24.8598256]]]}},{"type":"Feature","properties":{"id":417,"height":13.0,"source":"F_BUILD 新北市建物","area_m2":121.4},"geometry":{"type":"Polygon","coordinates":[[[121.5568188,24.8598546],[121.5567364,24.8597875],[121.5566669,24.8598667],[121.5567505,24.8599292],[121.5568188,24.8598546]]]}},{"type":"Feature","properties":{"id":418,"height":12.2,"source":"F_BUILD 新北市建物","area_m2":87.7},"geometry":{"type":"Polygon","coordinates":[[[121.5490039,24.859834],[121.5489478,24.8598303],[121.5489358,24.8599392],[121.5489592,24.8599765],[121.5489901,24.8599793],[121.5490039,24.859834]]]}},{"type":"Feature","properties":{"id":419,"height":10.3,"source":"F_BUILD 新北市建物","area_m2":25.0},"geometry":{"type":"Polygon","coordinates":[[[121.5468474,24.8599608],[121.546815,24.8599241],[121.5467781,24.8599544],[121.5468096,24.8599882],[121.5468474,24.8599608]]]}},{"type":"Feature","properties":{"id":420,"height":13.7,"source":"F_BUILD 新北市建物","area_m2":158.7},"geometry":{"type":"Polygon","coordinates":[[[121.5570766,24.8599604],[121.5571154,24.859951],[121.5571166,24.8599566],[121.5571206,24.859956],[121.5571406,24.8599516],[121.5571403,24.8599476],[121.5571513,24.8599458],[121.5571642,24.8599376],[121.5571665,24.8599419],[121.5571863,24.859933],[121.5571834,24.8599249],[121.5572003,24.8599115],[121.5571592,24.8598288],[121.5570354,24.8598837],[121.5570445,24.8599263],[121.5570388,24.8599302],[121.5570481,24.8599574],[121.5570741,24.8599561],[121.5570766,24.8599604]]]}},{"type":"Feature","properties":{"id":421,"height":10.1,"source":"F_BUILD 新北市建物","area_m2":21.1},"geometry":{"type":"Polygon","coordinates":[[[121.5487656,24.8599786],[121.5487238,24.8599422],[121.548699,24.8599639],[121.54874,24.8600025],[121.5487656,24.8599786]]]}},{"type":"Feature","properties":{"id":422,"height":10.1,"source":"F_BUILD 新北市建物","area_m2":22.2},"geometry":{"type":"Polygon","coordinates":[[[121.5486344,24.860026],[121.5486343,24.8600203],[121.5486508,24.860022],[121.5486462,24.8599791],[121.5485958,24.859989],[121.5486028,24.8600239],[121.5486344,24.860026]]]}},{"type":"Feature","properties":{"id":423,"height":14.9,"source":"F_BUILD 新北市建物","area_m2":232.8},"geometry":{"type":"Polygon","coordinates":[[[121.5579128,24.8599256],[121.5577746,24.8598168],[121.5576933,24.8599049],[121.5578305,24.8600114],[121.5579128,24.8599256]]]}},{"type":"Feature","properties":{"id":424,"height":11.4,"source":"F_BUILD 新北市建物","area_m2":57.3},"geometry":{"type":"Polygon","coordinates":[[[121.5578118,24.8600029],[121.5577187,24.8599366],[121.5576883,24.8599682],[121.5577825,24.8600373],[121.5578118,24.8600029]]]}},{"type":"Feature","properties":{"id":425,"height":12.2,"source":"F_BUILD 新北市建物","area_m2":88.6},"geometry":{"type":"Polygon","coordinates":[[[121.5491656,24.859987],[121.549111,24.859958],[121.5490471,24.8600652],[121.5491025,24.8600972],[121.5491656,24.859987]]]}},{"type":"Feature","properties":{"id":426,"height":12.8,"source":"F_BUILD 新北市建物","area_m2":112.3},"geometry":{"type":"Polygon","coordinates":[[[121.543488,24.8600317],[121.5434009,24.860025],[121.5433895,24.8601377],[121.5434762,24.8601478],[121.543488,24.8600317]]]}},{"type":"Feature","properties":{"id":427,"height":11.3,"source":"F_BUILD 新北市建物","area_m2":54.0},"geometry":{"type":"Polygon","coordinates":[[[121.5490281,24.860132],[121.5489921,24.8600992],[121.5489258,24.8601522],[121.5489701,24.860198],[121.5490281,24.860132]]]}},{"type":"Feature","properties":{"id":428,"height":30.6,"source":"F_BUILD 新北市建物","area_m2":1055.8},"geometry":{"type":"Polygon","coordinates":[[[121.5495825,24.8600204],[121.5495625,24.859924],[121.5495489,24.8599265],[121.5494941,24.8597749],[121.5494108,24.8598001],[121.5492743,24.8598184],[121.5493065,24.8599726],[121.5493076,24.8600688],[121.5493066,24.8600763],[121.5493116,24.8601733],[121.5492926,24.8601754],[121.5493074,24.8602294],[121.5494669,24.8602241],[121.5494655,24.8601903],[121.5494899,24.8601893],[121.5495029,24.8601397],[121.5494815,24.8600445],[121.5495825,24.8600204]]]}},{"type":"Feature","properties":{"id":429,"height":11.8,"source":"F_BUILD 新北市建物","area_m2":72.8},"geometry":{"type":"Polygon","coordinates":[[[121.5511505,24.8603022],[121.5509795,24.8602913],[121.550977,24.8603289],[121.5511463,24.8603406],[121.5511505,24.8603022]]]}},{"type":"Feature","properties":{"id":430,"height":11.5,"source":"F_BUILD 新北市建物","area_m2":61.4},"geometry":{"type":"Polygon","coordinates":[[[121.5484392,24.8603791],[121.5483873,24.8603527],[121.5483372,24.8604314],[121.5483902,24.8604589],[121.5484392,24.8603791]]]}},{"type":"Feature","properties":{"id":431,"height":13.6,"source":"F_BUILD 新北市建物","area_m2":156.8},"geometry":{"type":"Polygon","coordinates":[[[121.5511376,24.8604495],[121.5511459,24.8603606],[121.551012,24.8603538],[121.5510114,24.8603642],[121.5509619,24.8603609],[121.550955,24.8604387],[121.5510056,24.8604418],[121.5510078,24.8604164],[121.5510736,24.8604206],[121.5510718,24.8604447],[121.5511376,24.8604495]]]}},{"type":"Feature","properties":{"id":432,"height":14.0,"source":"F_BUILD 新北市建物","area_m2":175.0},"geometry":{"type":"Polygon","coordinates":[[[121.5488399,24.8604151],[121.5487341,24.8603575],[121.5486578,24.8604598],[121.5486978,24.8604852],[121.5487854,24.8605098],[121.5488399,24.8604151]]]}},{"type":"Feature","properties":{"id":433,"height":12.2,"source":"F_BUILD 新北市建物","area_m2":88.3},"geometry":{"type":"Polygon","coordinates":[[[121.5542894,24.8604945],[121.5540553,24.8604456],[121.5540471,24.8604792],[121.5542828,24.860525],[121.5542894,24.8604945]]]}},{"type":"Feature","properties":{"id":434,"height":11.3,"source":"F_BUILD 新北市建物","area_m2":54.2},"geometry":{"type":"Polygon","coordinates":[[[121.5497859,24.8604465],[121.5497498,24.8604282],[121.5496913,24.8605418],[121.5497235,24.860557],[121.5497859,24.8604465]]]}},{"type":"Feature","properties":{"id":435,"height":11.5,"source":"F_BUILD 新北市建物","area_m2":61.6},"geometry":{"type":"Polygon","coordinates":[[[121.5424145,24.8606165],[121.5424183,24.8605708],[121.5424514,24.860573],[121.5424529,24.8605301],[121.5424187,24.8605275],[121.5424177,24.8605335],[121.5423746,24.8605319],[121.5423737,24.8605444],[121.5423706,24.8605442],[121.5423631,24.8606118],[121.5424145,24.8606165]]]}},{"type":"Feature","properties":{"id":436,"height":19.5,"source":"F_BUILD 新北市建物","area_m2":655.2},"geometry":{"type":"Polygon","coordinates":[[[121.5496128,24.8603488],[121.5496143,24.8603374],[121.5496178,24.8603387],[121.5496761,24.8603617],[121.5496909,24.8603675],[121.5497096,24.8603274],[121.5497262,24.8603342],[121.5497587,24.8603088],[121.549732,24.8602287],[121.5496921,24.8602203],[121.5496918,24.8601983],[121.5496826,24.8601982],[121.5496614,24.8601136],[121.5496259,24.8601208],[121.5496459,24.8601957],[121.5496328,24.8601958],[121.5496416,24.8602477],[121.549615,24.8603044],[121.5495914,24.8602909],[121.5495886,24.8602948],[121.5495736,24.8602864],[121.5495631,24.8603034],[121.5495096,24.8602756],[121.5494033,24.8604539],[121.5494063,24.8604562],[121.5493929,24.8604833],[121.5494006,24.8605084],[121.5494302,24.8605224],[121.5494853,24.8605468],[121.5494754,24.8605608],[121.5495965,24.8606135],[121.5496229,24.8605646],[121.5495117,24.8605139],[121.5496128,24.8603488]]]}},{"type":"Feature","properties":{"id":437,"height":14.3,"source":"F_BUILD 新北市建物","area_m2":196.3},"geometry":{"type":"Polygon","coordinates":[[[121.5510595,24.8605705],[121.5509898,24.8605636],[121.5509881,24.8605688],[121.5508699,24.8605574],[121.5508612,24.860645],[121.5509777,24.8606581],[121.5509772,24.8606654],[121.5510441,24.8606704],[121.5510595,24.8605705]]]}},{"type":"Feature","properties":{"id":438,"height":11.5,"source":"F_BUILD 新北市建物","area_m2":61.2},"geometry":{"type":"Polygon","coordinates":[[[121.5416183,24.8607131],[121.5416275,24.8606855],[121.5416888,24.8606981],[121.5416982,24.8606611],[121.5416246,24.860647],[121.541617,24.8606669],[121.5415699,24.8606553],[121.5415546,24.8606946],[121.5416183,24.8607131]]]}},{"type":"Feature","properties":{"id":439,"height":11.4,"source":"F_BUILD 新北市建物","area_m2":55.5},"geometry":{"type":"Polygon","coordinates":[[[121.5536818,24.8606093],[121.5536223,24.8606062],[121.5536207,24.8606902],[121.5536803,24.8606915],[121.5536818,24.8606093]]]}},{"type":"Feature","properties":{"id":440,"height":10.3,"source":"F_BUILD 新北市建物","area_m2":26.8},"geometry":{"type":"Polygon","coordinates":[[[121.5514513,24.8606468],[121.5514118,24.8606447],[121.5514031,24.8607031],[121.5514445,24.8607058],[121.5514513,24.8606468]]]}},{"type":"Feature","properties":{"id":441,"height":12.0,"source":"F_BUILD 新北市建物","area_m2":77.1},"geometry":{"type":"Polygon","coordinates":[[[121.5498558,24.8607279],[121.5499195,24.8606168],[121.549884,24.860601],[121.5498536,24.8606486],[121.5498323,24.8606394],[121.5497968,24.860703],[121.5498558,24.8607279]]]}},{"type":"Feature","properties":{"id":442,"height":11.5,"source":"F_BUILD 新北市建物","area_m2":61.4},"geometry":{"type":"Polygon","coordinates":[[[121.5382378,24.8607465],[121.5381846,24.8607446],[121.538179,24.8608473],[121.5382327,24.8608489],[121.5382378,24.8607465]]]}},{"type":"Feature","properties":{"id":443,"height":14.3,"source":"F_BUILD 新北市建物","area_m2":198.8},"geometry":{"type":"Polygon","coordinates":[[[121.5409509,24.8608426],[121.5407346,24.8606594],[121.5406924,24.8607046],[121.5409049,24.8608878],[121.5409509,24.8608426]]]}},{"type":"Feature","properties":{"id":444,"height":13.6,"source":"F_BUILD 新北市建物","area_m2":152.7},"geometry":{"type":"Polygon","coordinates":[[[121.5562507,24.8608458],[121.5562605,24.8608062],[121.5563111,24.8608122],[121.5563123,24.8608123],[121.55632,24.8607646],[121.5563108,24.860763],[121.5561522,24.8607346],[121.5561339,24.8608259],[121.5562507,24.8608458]]]}},{"type":"Feature","properties":{"id":445,"height":14.7,"source":"F_BUILD 新北市建物","area_m2":224.2},"geometry":{"type":"Polygon","coordinates":[[[121.5509048,24.860882],[121.5509083,24.8608495],[121.5509206,24.8608504],[121.5509258,24.8607996],[121.5509757,24.8608031],[121.5509816,24.8607506],[121.5509887,24.8607513],[121.5509928,24.8607212],[121.5509857,24.8607205],[121.5509915,24.8606709],[121.5508842,24.8606603],[121.5508636,24.8608219],[121.5508429,24.8608215],[121.5508395,24.8608527],[121.5508589,24.8608538],[121.5508583,24.860878],[121.5509048,24.860882]]]}},{"type":"Feature","properties":{"id":446,"height":12.2,"source":"F_BUILD 新北市建物","area_m2":87.5},"geometry":{"type":"Polygon","coordinates":[[[121.5536909,24.860803],[121.5536113,24.8608006],[121.5536095,24.8609052],[121.5536709,24.8609062],[121.5536725,24.8608744],[121.5536925,24.8608743],[121.5536909,24.860803]]]}},{"type":"Feature","properties":{"id":447,"height":11.8,"source":"F_BUILD 新北市建物","area_m2":70.1},"geometry":{"type":"Polygon","coordinates":[[[121.5510408,24.8609977],[121.5510325,24.8609107],[121.5509645,24.8609119],[121.5509665,24.8610007],[121.5510408,24.8609977]]]}},{"type":"Feature","properties":{"id":448,"height":17.6,"source":"F_BUILD 新北市建物","area_m2":454.9},"geometry":{"type":"Polygon","coordinates":[[[121.5511755,24.8609138],[121.5512036,24.8606674],[121.5511032,24.8606577],[121.5510955,24.8607381],[121.5510786,24.860737],[121.5510606,24.860864],[121.5510787,24.8608666],[121.551077,24.8609112],[121.5510889,24.8609623],[121.5510969,24.8610677],[121.5511748,24.8610641],[121.5511699,24.8609998],[121.5511798,24.8609995],[121.5511755,24.8609138]]]}},{"type":"Feature","properties":{"id":449,"height":12.7,"source":"F_BUILD 新北市建物","area_m2":108.7},"geometry":{"type":"Polygon","coordinates":[[[121.5527357,24.8609972],[121.5526611,24.860961],[121.5526062,24.8610678],[121.5526815,24.8611],[121.5527357,24.8609972]]]}},{"type":"Feature","properties":{"id":450,"height":13.7,"source":"F_BUILD 新北市建物","area_m2":159.7},"geometry":{"type":"Polygon","coordinates":[[[121.5373966,24.8611045],[121.537272,24.861023],[121.5372156,24.861091],[121.5373604,24.8611819],[121.5374025,24.8611261],[121.5373879,24.8611171],[121.5373966,24.8611045]]]}},{"type":"Feature","properties":{"id":451,"height":16.5,"source":"F_BUILD 新北市建物","area_m2":357.7},"geometry":{"type":"Polygon","coordinates":[[[121.5488289,24.8612014],[121.5488234,24.8610376],[121.5488036,24.8610385],[121.5487396,24.8610381],[121.5487326,24.8609824],[121.5486402,24.8609835],[121.5486459,24.8611556],[121.5487183,24.8611734],[121.5487185,24.8611891],[121.5487187,24.8611967],[121.5488289,24.8612014]]]}},{"type":"Feature","properties":{"id":452,"height":11.4,"source":"F_BUILD 新北市建物","area_m2":55.4},"geometry":{"type":"Polygon","coordinates":[[[121.5485964,24.8612159],[121.5486162,24.861193],[121.5486323,24.8611981],[121.5486396,24.8611563],[121.5485636,24.861136],[121.5485456,24.8611965],[121.5485587,24.8612007],[121.5485592,24.8612066],[121.5485964,24.8612159]]]}},{"type":"Feature","properties":{"id":453,"height":10.5,"source":"F_BUILD 新北市建物","area_m2":30.1},"geometry":{"type":"Polygon","coordinates":[[[121.5441943,24.8612662],[121.5441919,24.8612105],[121.5441419,24.861213],[121.5441463,24.8612669],[121.5441943,24.8612662]]]}},{"type":"Feature","properties":{"id":454,"height":13.3,"source":"F_BUILD 新北市建物","area_m2":141.2},"geometry":{"type":"Polygon","coordinates":[[[121.5437254,24.861249],[121.5436627,24.8611054],[121.543591,24.8611332],[121.5436534,24.8612821],[121.5437203,24.8612569],[121.5437254,24.861249]]]}},{"type":"Feature","properties":{"id":455,"height":13.1,"source":"F_BUILD 新北市建物","area_m2":127.4},"geometry":{"type":"Polygon","coordinates":[[[121.5547483,24.8612761],[121.5547515,24.8612026],[121.5547119,24.8612002],[121.554711,24.8612043],[121.5546302,24.8612035],[121.55463,24.8611995],[121.5545921,24.8611972],[121.5545879,24.8612699],[121.5547483,24.8612761]]]}},{"type":"Feature","properties":{"id":456,"height":13.7,"source":"F_BUILD 新北市建物","area_m2":163.1},"geometry":{"type":"Polygon","coordinates":[[[121.552765,24.8611357],[121.5526719,24.8611194],[121.5526383,24.8612682],[121.5527346,24.8612839],[121.552765,24.8611357]]]}},{"type":"Feature","properties":{"id":457,"height":12.8,"source":"F_BUILD 新北市建物","area_m2":113.6},"geometry":{"type":"Polygon","coordinates":[[[121.5543956,24.8611778],[121.5543202,24.8611704],[121.5543058,24.8612931],[121.5543884,24.8612997],[121.5544026,24.8611963],[121.5543936,24.861195],[121.5543956,24.8611778]]]}},{"type":"Feature","properties":{"id":458,"height":14.4,"source":"F_BUILD 新北市建物","area_m2":199.9},"geometry":{"type":"Polygon","coordinates":[[[121.5440124,24.8613295],[121.5440074,24.8612786],[121.5440227,24.8612771],[121.5440179,24.861237],[121.5440476,24.8612339],[121.5440418,24.8611887],[121.5440113,24.8611917],[121.5440057,24.8611567],[121.5439069,24.8611645],[121.5439219,24.8612892],[121.5439287,24.8612891],[121.5439353,24.8613396],[121.5440124,24.8613295]]]}},{"type":"Feature","properties":{"id":459,"height":13.2,"source":"F_BUILD 新北市建物","area_m2":132.9},"geometry":{"type":"Polygon","coordinates":[[[121.5526176,24.861199],[121.5525475,24.8611583],[121.5524652,24.8612795],[121.5525382,24.861319],[121.5526176,24.861199]]]}},{"type":"Feature","properties":{"id":460,"height":13.1,"source":"F_BUILD 新北市建物","area_m2":129.5},"geometry":{"type":"Polygon","coordinates":[[[121.5546217,24.8614053],[121.554625,24.8613993],[121.5547445,24.8614049],[121.5547453,24.8613314],[121.5545882,24.8613278],[121.5545854,24.8614047],[121.5546217,24.8614053]]]}},{"type":"Feature","properties":{"id":461,"height":11.1,"source":"F_BUILD 新北市建物","area_m2":46.1},"geometry":{"type":"Polygon","coordinates":[[[121.5503886,24.8613995],[121.550302,24.8613795],[121.5502872,24.8614232],[121.5503752,24.8614435],[121.5503886,24.8613995]]]}},{"type":"Feature","properties":{"id":462,"height":13.8,"source":"F_BUILD 新北市建物","area_m2":166.0},"geometry":{"type":"Polygon","coordinates":[[[121.5473884,24.8613327],[121.5472825,24.8613135],[121.5472617,24.8614496],[121.5473736,24.8614635],[121.5473884,24.8613327]]]}},{"type":"Feature","properties":{"id":463,"height":12.9,"source":"F_BUILD 新北市建物","area_m2":118.4},"geometry":{"type":"Polygon","coordinates":[[[121.5440047,24.8614757],[121.5440033,24.8614593],[121.5440379,24.8614568],[121.5440371,24.861432],[121.5440617,24.8614299],[121.5440593,24.8613777],[121.544026,24.8613811],[121.5440246,24.8613661],[121.5439368,24.8613749],[121.5439425,24.8614404],[121.5439458,24.8614403],[121.5439476,24.8614625],[121.543953,24.861462],[121.5439549,24.8614806],[121.5440047,24.8614757]]]}},{"type":"Feature","properties":{"id":464,"height":10.6,"source":"F_BUILD 新北市建物","area_m2":33.3},"geometry":{"type":"Polygon","coordinates":[[[121.5502207,24.8614402],[121.5501792,24.8614168],[121.5501475,24.8614616],[121.5502025,24.8614912],[121.5502207,24.8614402]]]}},{"type":"Feature","properties":{"id":465,"height":11.3,"source":"F_BUILD 新北市建物","area_m2":55.2},"geometry":{"type":"Polygon","coordinates":[[[121.5546671,24.8614345],[121.5545748,24.8614308],[121.5545736,24.8614789],[121.5546652,24.8614803],[121.5546657,24.8614714],[121.5546911,24.8614666],[121.5546919,24.8614459],[121.5546672,24.8614441],[121.5546671,24.8614345]]]}},{"type":"Feature","properties":{"id":466,"height":10.1,"source":"F_BUILD 新北市建物","area_m2":22.7},"geometry":{"type":"Polygon","coordinates":[[[121.548782,24.8614778],[121.5487257,24.8614604],[121.5487139,24.8614926],[121.5487703,24.8615102],[121.548782,24.8614778]]]}},{"type":"Feature","properties":{"id":467,"height":14.4,"source":"F_BUILD 新北市建物","area_m2":201.8},"geometry":{"type":"Polygon","coordinates":[[[121.5487367,24.8614003],[121.5486132,24.8613527],[121.5485502,24.8614724],[121.5486732,24.8615229],[121.5487367,24.8614003]]]}},{"type":"Feature","properties":{"id":468,"height":15.1,"source":"F_BUILD 新北市建物","area_m2":247.4},"geometry":{"type":"Polygon","coordinates":[[[121.5406437,24.8615844],[121.5406547,24.861492],[121.5407025,24.8614926],[121.5407095,24.8614294],[121.5405478,24.86141],[121.5405274,24.8615732],[121.5406437,24.8615844]]]}},{"type":"Feature","properties":{"id":469,"height":10.9,"source":"F_BUILD 新北市建物","area_m2":41.7},"geometry":{"type":"Polygon","coordinates":[[[121.5434951,24.8616128],[121.5434956,24.8615441],[121.5434398,24.8615447],[121.5434412,24.8616122],[121.5434951,24.8616128]]]}},{"type":"Feature","properties":{"id":470,"height":15.7,"source":"F_BUILD 新北市建物","area_m2":295.8},"geometry":{"type":"Polygon","coordinates":[[[121.5510888,24.8616058],[121.551173,24.8615057],[121.5511947,24.8615223],[121.5511933,24.8615254],[121.5512465,24.8615577],[121.5513282,24.8614473],[121.5512741,24.8614133],[121.5512354,24.8614655],[121.551212,24.8614553],[121.5512173,24.86145],[121.551148,24.861407],[121.5510244,24.8615626],[121.5510888,24.8616058]]]}},{"type":"Feature","properties":{"id":471,"height":30.1,"source":"F_BUILD 新北市建物","area_m2":984.3},"geometry":{"type":"Polygon","coordinates":[[[121.548512,24.8615016],[121.5485811,24.8614005],[121.548639,24.8613079],[121.54863,24.861341],[121.548746,24.8613658],[121.5488274,24.8613844],[121.5488335,24.8613093],[121.5488264,24.8612699],[121.548787,24.8612169],[121.5486703,24.8611914],[121.5486525,24.8612576],[121.5485408,24.8612019],[121.5484431,24.8611532],[121.5484287,24.8611818],[121.5485216,24.8612343],[121.5484587,24.8613383],[121.5484772,24.8613467],[121.5484304,24.8614156],[121.5483925,24.8613964],[121.5483312,24.8614406],[121.5483378,24.8614706],[121.5484083,24.8616226],[121.5484421,24.8616187],[121.548512,24.8615016]]]}},{"type":"Feature","properties":{"id":472,"height":11.4,"source":"F_BUILD 新北市建物","area_m2":58.3},"geometry":{"type":"Polygon","coordinates":[[[121.5494567,24.8615395],[121.5493957,24.8615267],[121.5493756,24.8616066],[121.5494389,24.8616194],[121.5494567,24.8615395]]]}},{"type":"Feature","properties":{"id":473,"height":14.6,"source":"F_BUILD 新北市建物","area_m2":216.6},"geometry":{"type":"Polygon","coordinates":[[[121.5474502,24.8616054],[121.5474644,24.8615428],[121.547471,24.8615655],[121.5475004,24.8615561],[121.5474907,24.8615286],[121.5475631,24.8615176],[121.5475579,24.8614433],[121.547468,24.8614528],[121.5474683,24.8614967],[121.5473963,24.8614867],[121.5473684,24.8616246],[121.5474592,24.8616382],[121.5474665,24.861608],[121.5474502,24.8616054]]]}},{"type":"Feature","properties":{"id":474,"height":11.2,"source":"F_BUILD 新北市建物","area_m2":50.6},"geometry":{"type":"Polygon","coordinates":[[[121.5465877,24.8616478],[121.546567,24.8615585],[121.5465201,24.8615665],[121.5465371,24.8616562],[121.5465877,24.8616478]]]}},{"type":"Feature","properties":{"id":475,"height":14.0,"source":"F_BUILD 新北市建物","area_m2":175.2},"geometry":{"type":"Polygon","coordinates":[[[121.5472142,24.8616687],[121.5472186,24.8616553],[121.5472386,24.8616612],[121.5472795,24.8615676],[121.5472617,24.8615605],[121.5472675,24.8615467],[121.5471733,24.8615085],[121.5471193,24.8616331],[121.5471884,24.8616595],[121.547214,24.8616692],[121.5472142,24.8616687]]]}},{"type":"Feature","properties":{"id":476,"height":9.2,"source":"F_BUILD 新北市建物","area_m2":7.4},"geometry":{"type":"Polygon","coordinates":[[[121.5473782,24.8616392],[121.5473595,24.8616347],[121.5473476,24.8616681],[121.5473657,24.8616721],[121.5473782,24.8616392]]]}},{"type":"Feature","properties":{"id":477,"height":19.1,"source":"F_BUILD 新北市建物","area_m2":606.9},"geometry":{"type":"Polygon","coordinates":[[[121.5550263,24.8614749],[121.5550443,24.8614467],[121.5550693,24.8614611],[121.5551013,24.8613936],[121.5550168,24.8613514],[121.5549781,24.8614331],[121.5549558,24.8614191],[121.5549452,24.8614359],[121.5548543,24.8613942],[121.5547633,24.8615535],[121.5547497,24.8615768],[121.5547976,24.8615977],[121.5548731,24.8616318],[121.5549412,24.8616632],[121.5550526,24.8614883],[121.5550263,24.8614749]]]}},{"type":"Feature","properties":{"id":478,"height":11.6,"source":"F_BUILD 新北市建物","area_m2":64.2},"geometry":{"type":"Polygon","coordinates":[[[121.5492245,24.8616636],[121.5491052,24.8616391],[121.5490924,24.8616832],[121.5492123,24.8617101],[121.5492245,24.8616636]]]}},{"type":"Feature","properties":{"id":479,"height":10.3,"source":"F_BUILD 新北市建物","area_m2":26.7},"geometry":{"type":"Polygon","coordinates":[[[121.5484885,24.861686],[121.5484672,24.8616444],[121.5484281,24.8616593],[121.5484689,24.8617295],[121.5484821,24.861725],[121.5484658,24.8616959],[121.5484885,24.861686]]]}},{"type":"Feature","properties":{"id":480,"height":11.3,"source":"F_BUILD 新北市建物","area_m2":52.8},"geometry":{"type":"Polygon","coordinates":[[[121.5495004,24.8617036],[121.549482,24.8616517],[121.5494004,24.8616744],[121.5494183,24.8617275],[121.5495004,24.8617036]]]}},{"type":"Feature","properties":{"id":481,"height":11.4,"source":"F_BUILD 新北市建物","area_m2":56.3},"geometry":{"type":"Polygon","coordinates":[[[121.5493718,24.8617327],[121.5493712,24.8616726],[121.5492855,24.8616775],[121.5492882,24.861736],[121.5493718,24.8617327]]]}},{"type":"Feature","properties":{"id":482,"height":12.4,"source":"F_BUILD 新北市建物","area_m2":94.5},"geometry":{"type":"Polygon","coordinates":[[[121.5544031,24.8616197],[121.5543402,24.8616156],[121.5543298,24.8617502],[121.5543923,24.8617531],[121.5544031,24.8616197]]]}},{"type":"Feature","properties":{"id":483,"height":19.8,"source":"F_BUILD 新北市建物","area_m2":685.0},"geometry":{"type":"Polygon","coordinates":[[[121.549984,24.8618071],[121.5500008,24.8617589],[121.550069,24.8617823],[121.5500815,24.8617512],[121.5500924,24.8617544],[121.5501547,24.8616564],[121.5499824,24.8615999],[121.5499974,24.8615464],[121.5501651,24.8616294],[121.5502228,24.8615313],[121.5500533,24.8614447],[121.5499937,24.8615393],[121.5499577,24.8615278],[121.5499305,24.8615994],[121.5499118,24.8615936],[121.5499006,24.8616271],[121.5499167,24.8616322],[121.5499089,24.8616545],[121.549889,24.8616488],[121.5498761,24.861694],[121.5498967,24.8616998],[121.5498912,24.8617133],[121.5499291,24.8617236],[121.5499042,24.8617828],[121.549984,24.8618071]]]}},{"type":"Feature","properties":{"id":484,"height":17.1,"source":"F_BUILD 新北市建物","area_m2":405.1},"geometry":{"type":"Polygon","coordinates":[[[121.5488125,24.8618454],[121.5488622,24.8618318],[121.5488488,24.8617915],[121.5488252,24.8617959],[121.5487529,24.8616034],[121.5486909,24.8616212],[121.5486867,24.861611],[121.5487137,24.8616017],[121.5487013,24.8615801],[121.5486012,24.8616052],[121.5486208,24.861647],[121.5486262,24.8616461],[121.548699,24.8618442],[121.5488088,24.8618389],[121.5488125,24.8618454]]]}},{"type":"Feature","properties":{"id":485,"height":12.4,"source":"F_BUILD 新北市建物","area_m2":97.7},"geometry":{"type":"Polygon","coordinates":[[[121.5402608,24.8617997],[121.5402563,24.8617844],[121.5401684,24.8618115],[121.5402076,24.8619259],[121.5402747,24.8619062],[121.5402386,24.8618075],[121.5402608,24.8617997]]]}},{"type":"Feature","properties":{"id":486,"height":18.6,"source":"F_BUILD 新北市建物","area_m2":558.6},"geometry":{"type":"Polygon","coordinates":[[[121.548268,24.8619045],[121.5482578,24.8618498],[121.54825,24.8618508],[121.5482348,24.8617659],[121.5482687,24.8617578],[121.5482548,24.8616942],[121.5482242,24.8616988],[121.5482071,24.8616132],[121.548071,24.8616339],[121.5481023,24.8617967],[121.5480782,24.8617997],[121.5480931,24.8618746],[121.5480273,24.8618861],[121.5480343,24.8619384],[121.548268,24.8619045]]]}},{"type":"Feature","properties":{"id":487,"height":10.0,"source":"F_BUILD 新北市建物","area_m2":18.9},"geometry":{"type":"Polygon","coordinates":[[[121.5483099,24.8619209],[121.5482498,24.8619188],[121.5482497,24.8619196],[121.5482489,24.8619397],[121.5482486,24.8619476],[121.5483089,24.8619482],[121.548309,24.8619463],[121.5483097,24.8619261],[121.5483099,24.8619209]]]}},{"type":"Feature","properties":{"id":488,"height":10.8,"source":"F_BUILD 新北市建物","area_m2":39.6},"geometry":{"type":"Polygon","coordinates":[[[121.5502899,24.8619101],[121.5502508,24.8618806],[121.550202,24.8619291],[121.5502441,24.8619626],[121.5502899,24.8619101]]]}},{"type":"Feature","properties":{"id":489,"height":11.8,"source":"F_BUILD 新北市建物","area_m2":72.7},"geometry":{"type":"Polygon","coordinates":[[[121.548454,24.8619544],[121.5484367,24.8619213],[121.5484118,24.861938],[121.5483868,24.8619548],[121.5483624,24.8619711],[121.5484183,24.8620316],[121.5484194,24.8620327],[121.5484753,24.8619951],[121.5484684,24.8619818],[121.548454,24.8619544]]]}},{"type":"Feature","properties":{"id":490,"height":11.7,"source":"F_BUILD 新北市建物","area_m2":67.7},"geometry":{"type":"Polygon","coordinates":[[[121.5405933,24.862052],[121.5405746,24.861955],[121.540514,24.8619648],[121.5405327,24.8620615],[121.5405933,24.862052]]]}},{"type":"Feature","properties":{"id":491,"height":14.5,"source":"F_BUILD 新北市建物","area_m2":206.7},"geometry":{"type":"Polygon","coordinates":[[[121.54781,24.8620062],[121.5477528,24.8619594],[121.5477294,24.8619855],[121.547671,24.8619426],[121.5476285,24.8619869],[121.5476837,24.8620324],[121.547678,24.8620394],[121.5477923,24.8621298],[121.5478493,24.8620707],[121.5477933,24.8620271],[121.54781,24.8620062]]]}},{"type":"Feature","properties":{"id":492,"height":13.0,"source":"F_BUILD 新北市建物","area_m2":122.7},"geometry":{"type":"Polygon","coordinates":[[[121.5482754,24.8620882],[121.5481997,24.8619984],[121.5481234,24.8620514],[121.548199,24.8621424],[121.5482754,24.8620882]]]}},{"type":"Feature","properties":{"id":493,"height":18.8,"source":"F_BUILD 新北市建物","area_m2":578.0},"geometry":{"type":"Polygon","coordinates":[[[121.5547032,24.8619702],[121.554781,24.8617386],[121.5546937,24.8617151],[121.5546447,24.8618685],[121.5546389,24.861867],[121.5545965,24.8619854],[121.5545767,24.862071],[121.5545727,24.8620868],[121.5545642,24.8621429],[121.5546933,24.8621781],[121.5547216,24.8620893],[121.5547543,24.8619843],[121.5547032,24.8619702]]]}},{"type":"Feature","properties":{"id":494,"height":16.0,"source":"F_BUILD 新北市建物","area_m2":313.7},"geometry":{"type":"Polygon","coordinates":[[[121.5508167,24.8622048],[121.5509335,24.8620685],[121.5509415,24.862057],[121.5508379,24.8619828],[121.550833,24.8619875],[121.5508236,24.86198],[121.5507781,24.8620257],[121.5507901,24.8620366],[121.5507481,24.8620852],[121.5507337,24.862077],[121.5507152,24.8621013],[121.5507282,24.8621107],[121.5507031,24.8621405],[121.5508094,24.8622129],[121.5508167,24.8622048]]]}},{"type":"Feature","properties":{"id":495,"height":16.1,"source":"F_BUILD 新北市建物","area_m2":324.0},"geometry":{"type":"Polygon","coordinates":[[[121.5484008,24.8622537],[121.5484261,24.8622447],[121.5484279,24.8622481],[121.5485304,24.862247],[121.5485019,24.8621574],[121.5485362,24.8621469],[121.5485369,24.8621337],[121.5485269,24.862072],[121.5484919,24.8619974],[121.5484367,24.8620274],[121.5484756,24.8620805],[121.5484631,24.8620848],[121.5484429,24.862064],[121.5483781,24.8620818],[121.5483948,24.8621376],[121.5483781,24.8621441],[121.5483548,24.8621519],[121.5484008,24.8622537]]]}},{"type":"Feature","properties":{"id":496,"height":11.9,"source":"F_BUILD 新北市建物","area_m2":73.6},"geometry":{"type":"Polygon","coordinates":[[[121.5507599,24.8622238],[121.5506638,24.8621664],[121.5506527,24.8621805],[121.5506271,24.8622133],[121.5507163,24.8622696],[121.5507408,24.8622438],[121.5507599,24.8622238]]]}},{"type":"Feature","properties":{"id":497,"height":14.5,"source":"F_BUILD 新北市建物","area_m2":209.9},"geometry":{"type":"Polygon","coordinates":[[[121.5464379,24.8623029],[121.5464155,24.8620676],[121.5463374,24.8620727],[121.5463592,24.8623117],[121.5464379,24.8623029]]]}},{"type":"Feature","properties":{"id":498,"height":17.4,"source":"F_BUILD 新北市建物","area_m2":434.6},"geometry":{"type":"Polygon","coordinates":[[[121.5489439,24.8623333],[121.5488985,24.8621907],[121.5488741,24.8621909],[121.5488639,24.8621786],[121.5488736,24.8621623],[121.5488041,24.862122],[121.548788,24.862109],[121.5487186,24.8621231],[121.5487354,24.8621964],[121.5486992,24.8622063],[121.5487185,24.8622445],[121.5487454,24.8623203],[121.5487523,24.8623488],[121.5488858,24.8623421],[121.5489439,24.8623333]]]}},{"type":"Feature","properties":{"id":499,"height":11.1,"source":"F_BUILD 新北市建物","area_m2":48.9},"geometry":{"type":"Polygon","coordinates":[[[121.5480504,24.8622831],[121.5480011,24.8622589],[121.5479597,24.8623284],[121.5480077,24.8623519],[121.5480504,24.8622831]]]}},{"type":"Feature","properties":{"id":500,"height":12.7,"source":"F_BUILD 新北市建物","area_m2":109.6},"geometry":{"type":"Polygon","coordinates":[[[121.5491077,24.8622546],[121.5490199,24.8622343],[121.5489809,24.8623348],[121.5490729,24.8623553],[121.5491077,24.8622546]]]}},{"type":"Feature","properties":{"id":501,"height":13.0,"source":"F_BUILD 新北市建物","area_m2":122.5},"geometry":{"type":"Polygon","coordinates":[[[121.5492331,24.8623081],[121.5491245,24.8622753],[121.5490902,24.8623637],[121.5491965,24.8624004],[121.5492331,24.8623081]]]}},{"type":"Feature","properties":{"id":502,"height":9.8,"source":"F_BUILD 新北市建物","area_m2":16.3},"geometry":{"type":"Polygon","coordinates":[[[121.5471796,24.8624703],[121.5471788,24.8624424],[121.5471241,24.8624446],[121.5471246,24.8624709],[121.5471536,24.862468],[121.5471538,24.8624709],[121.5471796,24.8624703]]]}},{"type":"Feature","properties":{"id":503,"height":9.6,"source":"F_BUILD 新北市建物","area_m2":13.1},"geometry":{"type":"Polygon","coordinates":[[[121.5455958,24.862454],[121.5455657,24.8624403],[121.5455493,24.8624719],[121.5455807,24.8624851],[121.5455958,24.862454]]]}},{"type":"Feature","properties":{"id":504,"height":14.1,"source":"F_BUILD 新北市建物","area_m2":183.6},"geometry":{"type":"Polygon","coordinates":[[[121.5489644,24.8624636],[121.5489453,24.8623612],[121.5489053,24.8623619],[121.5489017,24.8623539],[121.5488032,24.8623543],[121.5488108,24.8624227],[121.5488168,24.8624223],[121.5488239,24.8624791],[121.5489644,24.8624636]]]}},{"type":"Feature","properties":{"id":505,"height":14.0,"source":"F_BUILD 新北市建物","area_m2":176.3},"geometry":{"type":"Polygon","coordinates":[[[121.5464645,24.8624795],[121.5464498,24.8623308],[121.5463451,24.8623392],[121.5463598,24.8624889],[121.5464645,24.8624795]]]}},{"type":"Feature","properties":{"id":506,"height":16.0,"source":"F_BUILD 新北市建物","area_m2":318.7},"geometry":{"type":"Polygon","coordinates":[[[121.5479536,24.8623152],[121.5478294,24.8622545],[121.5477813,24.8623546],[121.5477895,24.862366],[121.5477345,24.8624571],[121.5478401,24.8625103],[121.5479446,24.8623352],[121.5479536,24.8623152]]]}},{"type":"Feature","properties":{"id":507,"height":12.7,"source":"F_BUILD 新北市建物","area_m2":108.5},"geometry":{"type":"Polygon","coordinates":[[[121.5506101,24.8624463],[121.5505065,24.8623862],[121.5504572,24.8624534],[121.5505654,24.8625103],[121.5506101,24.8624463]]]}},{"type":"Feature","properties":{"id":508,"height":13.4,"source":"F_BUILD 新北市建物","area_m2":142.1},"geometry":{"type":"Polygon","coordinates":[[[121.5543,24.8623127],[121.5542371,24.8623071],[121.5542131,24.8625051],[121.5542767,24.8625115],[121.5543,24.8623127]]]}},{"type":"Feature","properties":{"id":509,"height":12.2,"source":"F_BUILD 新北市建物","area_m2":87.3},"geometry":{"type":"Polygon","coordinates":[[[121.5491281,24.8624641],[121.5490618,24.8624359],[121.5490163,24.8625409],[121.5490836,24.8625605],[121.5491281,24.8624641]]]}},{"type":"Feature","properties":{"id":510,"height":9.4,"source":"F_BUILD 新北市建物","area_m2":9.7},"geometry":{"type":"Polygon","coordinates":[[[121.5483147,24.8626706],[121.5482968,24.862652],[121.5482704,24.862672],[121.5482887,24.8626915],[121.5483147,24.8626706]]]}},{"type":"Feature","properties":{"id":511,"height":14.6,"source":"F_BUILD 新北市建物","area_m2":212.1},"geometry":{"type":"Polygon","coordinates":[[[121.5464766,24.8627428],[121.5464569,24.8625068],[121.5463765,24.8625126],[121.5463981,24.8627502],[121.5464766,24.8627428]]]}},{"type":"Feature","properties":{"id":512,"height":13.7,"source":"F_BUILD 新北市建物","area_m2":161.1},"geometry":{"type":"Polygon","coordinates":[[[121.5489609,24.8628109],[121.5490214,24.8626868],[121.5489492,24.8626605],[121.5489223,24.8627178],[121.5488694,24.8626988],[121.5488405,24.8627653],[121.5489609,24.8628109]]]}},{"type":"Feature","properties":{"id":513,"height":10.7,"source":"F_BUILD 新北市建物","area_m2":37.3},"geometry":{"type":"Polygon","coordinates":[[[121.5464871,24.8628471],[121.5464806,24.86277],[121.5464393,24.8627722],[121.5464427,24.8628499],[121.5464871,24.8628471]]]}},{"type":"Feature","properties":{"id":514,"height":10.1,"source":"F_BUILD 新北市建物","area_m2":22.6},"geometry":{"type":"Polygon","coordinates":[[[121.5479331,24.8628776],[121.547903,24.8628443],[121.5478668,24.8628707],[121.5478993,24.8629047],[121.5479331,24.8628776]]]}},{"type":"Feature","properties":{"id":515,"height":17.3,"source":"F_BUILD 新北市建物","area_m2":430.6},"geometry":{"type":"Polygon","coordinates":[[[121.5543589,24.8628699],[121.5541838,24.8626887],[121.5541414,24.8627258],[121.5540705,24.8627876],[121.5540734,24.8627908],[121.5542419,24.8629721],[121.5543589,24.8628699]]]}},{"type":"Feature","properties":{"id":516,"height":12.1,"source":"F_BUILD 新北市建物","area_m2":81.5},"geometry":{"type":"Polygon","coordinates":[[[121.5479261,24.863019],[121.5478698,24.8629576],[121.54786,24.8629649],[121.5478447,24.8629437],[121.5477969,24.8629784],[121.5478666,24.8630599],[121.5479261,24.863019]]]}},{"type":"Feature","properties":{"id":517,"height":18.4,"source":"F_BUILD 新北市建物","area_m2":533.1},"geometry":{"type":"Polygon","coordinates":[[[121.5482389,24.8630481],[121.548205,24.8627853],[121.5479574,24.8628035],[121.5479612,24.8628331],[121.547993,24.8628315],[121.5479931,24.8628267],[121.54804,24.8628219],[121.5480489,24.8628996],[121.5480619,24.8628975],[121.5480674,24.8629373],[121.5479958,24.8629445],[121.5479983,24.8629587],[121.5480058,24.8629636],[121.5480161,24.8629627],[121.5480288,24.8629781],[121.5480338,24.8629812],[121.5480429,24.862989],[121.5481294,24.8630633],[121.5482389,24.8630481]]]}},{"type":"Feature","properties":{"id":518,"height":14.4,"source":"F_BUILD 新北市建物","area_m2":202.6},"geometry":{"type":"Polygon","coordinates":[[[121.5487013,24.8630501],[121.5486986,24.8629455],[121.5486978,24.8629429],[121.5486985,24.8629424],[121.5486978,24.8629149],[121.548689,24.8629014],[121.5485249,24.8630028],[121.5485817,24.8630724],[121.5486358,24.8630404],[121.5486447,24.863034],[121.5486847,24.8630912],[121.5487018,24.8630699],[121.5487013,24.8630501]]]}},{"type":"Feature","properties":{"id":519,"height":11.5,"source":"F_BUILD 新北市建物","area_m2":59.7},"geometry":{"type":"Polygon","coordinates":[[[121.5478567,24.8630774],[121.5477851,24.8630056],[121.5477508,24.86303],[121.5477873,24.8630702],[121.5477734,24.8630818],[121.5478073,24.8631162],[121.5478567,24.8630774]]]}},{"type":"Feature","properties":{"id":520,"height":10.1,"source":"F_BUILD 新北市建物","area_m2":22.7},"geometry":{"type":"Polygon","coordinates":[[[121.5479481,24.8630808],[121.5479174,24.8630583],[121.5478847,24.8630995],[121.5479159,24.8631226],[121.5479481,24.8630808]]]}},{"type":"Feature","properties":{"id":521,"height":19.9,"source":"F_BUILD 新北市建物","area_m2":700.6},"geometry":{"type":"Polygon","coordinates":[[[121.5483985,24.8630463],[121.5484348,24.8630278],[121.5484434,24.8630398],[121.5485643,24.8629704],[121.5485579,24.8629597],[121.548645,24.8629123],[121.5486608,24.8629024],[121.5486472,24.8628784],[121.5486964,24.8628569],[121.5486958,24.8628363],[121.5486892,24.8627939],[121.5486039,24.8628234],[121.5486048,24.8628415],[121.5485139,24.8628859],[121.5485154,24.8628905],[121.5484845,24.8629068],[121.5484776,24.8628968],[121.548426,24.8629296],[121.5484186,24.8629172],[121.54835,24.8629517],[121.5483467,24.8629566],[121.5483461,24.8629614],[121.5483476,24.8629669],[121.5483509,24.8629734],[121.5483311,24.8629798],[121.5483248,24.8629666],[121.5482767,24.8629679],[121.5482766,24.8629723],[121.5482507,24.8629761],[121.5483203,24.8631132],[121.5482716,24.8631367],[121.5482626,24.8631405],[121.5482992,24.863227],[121.5483046,24.8632326],[121.5483279,24.8632269],[121.5484455,24.8631625],[121.5483939,24.86308],[121.5484043,24.8630741],[121.5483995,24.8630647],[121.5484064,24.8630606],[121.5483985,24.8630463]]]}},{"type":"Feature","properties":{"id":522,"height":15.5,"source":"F_BUILD 新北市建物","area_m2":278.6},"geometry":{"type":"Polygon","coordinates":[[[121.5486303,24.8631539],[121.5485618,24.8631045],[121.5485409,24.8631186],[121.5485313,24.8631264],[121.5485164,24.8631034],[121.5485343,24.8630929],[121.5484816,24.8630193],[121.5484054,24.8630731],[121.5484593,24.8631578],[121.5484308,24.8631814],[121.5485063,24.8632595],[121.5486014,24.8631789],[121.5486303,24.8631539]]]}},{"type":"Feature","properties":{"id":523,"height":13.2,"source":"F_BUILD 新北市建物","area_m2":133.5},"geometry":{"type":"Polygon","coordinates":[[[121.5484048,24.8633305],[121.5484207,24.8633142],[121.5484419,24.8633277],[121.5484983,24.863273],[121.5484769,24.8632585],[121.548403,24.8631945],[121.5483316,24.8632605],[121.5483445,24.8632746],[121.5483479,24.8632786],[121.5484048,24.8633305]]]}},{"type":"Feature","properties":{"id":524,"height":15.2,"source":"F_BUILD 新北市建物","area_m2":254.4},"geometry":{"type":"Polygon","coordinates":[[[121.547972,24.8631813],[121.5478595,24.8631214],[121.5478181,24.8631915],[121.5478295,24.8631982],[121.5477859,24.8632783],[121.547798,24.8632851],[121.5477907,24.8632938],[121.5478539,24.8633556],[121.5478784,24.8633342],[121.547972,24.8631813]]]}},{"type":"Feature","properties":{"id":525,"height":13.0,"source":"F_BUILD 新北市建物","area_m2":121.2},"geometry":{"type":"Polygon","coordinates":[[[121.5479879,24.8633831],[121.548018,24.8633253],[121.5480399,24.8633326],[121.5480701,24.8632802],[121.5479769,24.8632437],[121.5479186,24.8633539],[121.5479879,24.8633831]]]}},{"type":"Feature","properties":{"id":526,"height":10.6,"source":"F_BUILD 新北市建物","area_m2":32.7},"geometry":{"type":"Polygon","coordinates":[[[121.5510609,24.8633244],[121.5510237,24.8633147],[121.5510034,24.8633899],[121.5510384,24.8633996],[121.5510609,24.8633244]]]}},{"type":"Feature","properties":{"id":527,"height":13.2,"source":"F_BUILD 新北市建物","area_m2":133.1},"geometry":{"type":"Polygon","coordinates":[[[121.5397124,24.8634115],[121.5396047,24.8633325],[121.539545,24.8634015],[121.5396594,24.8634778],[121.5397124,24.8634115]]]}},{"type":"Feature","properties":{"id":528,"height":12.1,"source":"F_BUILD 新北市建物","area_m2":82.1},"geometry":{"type":"Polygon","coordinates":[[[121.5476136,24.8634116],[121.5475869,24.8633564],[121.5475214,24.8633772],[121.5475738,24.8634842],[121.547625,24.8634651],[121.547605,24.8634163],[121.5476136,24.8634116]]]}},{"type":"Feature","properties":{"id":529,"height":16.8,"source":"F_BUILD 新北市建物","area_m2":380.9},"geometry":{"type":"Polygon","coordinates":[[[121.5485728,24.8634906],[121.5486618,24.863401],[121.5486694,24.8634065],[121.54867,24.8634054],[121.5486812,24.8633601],[121.5486941,24.8632997],[121.5486942,24.8632554],[121.5486315,24.8632143],[121.5484629,24.8633986],[121.5485728,24.8634906]]]}},{"type":"Feature","properties":{"id":530,"height":14.0,"source":"F_BUILD 新北市建物","area_m2":176.3},"geometry":{"type":"Polygon","coordinates":[[[121.5484882,24.8634483],[121.5484078,24.8633513],[121.5483047,24.8634247],[121.5483852,24.86352],[121.5484882,24.8634483]]]}},{"type":"Feature","properties":{"id":531,"height":16.4,"source":"F_BUILD 新北市建物","area_m2":348.5},"geometry":{"type":"Polygon","coordinates":[[[121.5457524,24.8635441],[121.5457665,24.8635206],[121.5458155,24.8635414],[121.5458382,24.8635037],[121.5458438,24.8635063],[121.5458788,24.8634407],[121.5458818,24.8634419],[121.5459079,24.8633945],[121.5458947,24.8633878],[121.5459011,24.863375],[121.5458464,24.8633489],[121.5458589,24.8633226],[121.5457959,24.8632946],[121.5457515,24.863385],[121.5457414,24.8633798],[121.5457059,24.8634483],[121.5457121,24.8634508],[121.5456795,24.8635089],[121.5457524,24.8635441]]]}},{"type":"Feature","properties":{"id":532,"height":11.0,"source":"F_BUILD 新北市建物","area_m2":43.3},"geometry":{"type":"Polygon","coordinates":[[[121.5510375,24.8634009],[121.5510065,24.8633993],[121.550999,24.8635237],[121.55103,24.863525],[121.5510375,24.8634009]]]}},{"type":"Feature","properties":{"id":533,"height":13.3,"source":"F_BUILD 新北市建物","area_m2":137.8},"geometry":{"type":"Polygon","coordinates":[[[121.5478931,24.8634679],[121.5478634,24.863426],[121.5478328,24.8634339],[121.5478254,24.8634201],[121.547709,24.8634816],[121.547748,24.8635443],[121.5478134,24.8635176],[121.5478362,24.8635087],[121.5478422,24.8635058],[121.5478696,24.8634908],[121.5478931,24.8634679]]]}},{"type":"Feature","properties":{"id":534,"height":9.8,"source":"F_BUILD 新北市建物","area_m2":16.0},"geometry":{"type":"Polygon","coordinates":[[[121.5509913,24.8635044],[121.5509473,24.8635005],[121.5509439,24.8635324],[121.5509885,24.8635363],[121.5509913,24.8635044]]]}},{"type":"Feature","properties":{"id":535,"height":13.9,"source":"F_BUILD 新北市建物","area_m2":169.4},"geometry":{"type":"Polygon","coordinates":[[[121.5492005,24.8635061],[121.5490836,24.8634409],[121.5490222,24.8635396],[121.5491398,24.8636001],[121.5492005,24.8635061]]]}},{"type":"Feature","properties":{"id":536,"height":19.8,"source":"F_BUILD 新北市建物","area_m2":691.7},"geometry":{"type":"Polygon","coordinates":[[[121.5511136,24.8635974],[121.5511147,24.8635886],[121.551253,24.8635894],[121.5512572,24.8635655],[121.5513428,24.863566],[121.5513487,24.8634427],[121.5512606,24.8634385],[121.5512702,24.8633447],[121.5511084,24.8633318],[121.5511016,24.8634046],[121.551071,24.8634024],[121.55107,24.8634178],[121.5510661,24.8634219],[121.5510616,24.8634277],[121.5510574,24.8634363],[121.5510539,24.8634473],[121.5510522,24.8634577],[121.5510447,24.8635025],[121.5510393,24.8635021],[121.5510357,24.8635405],[121.5510289,24.8635398],[121.5510256,24.8635901],[121.5510486,24.8635934],[121.5511136,24.8635974]]]}},{"type":"Feature","properties":{"id":537,"height":16.0,"source":"F_BUILD 新北市建物","area_m2":312.3},"geometry":{"type":"Polygon","coordinates":[[[121.5476834,24.8635694],[121.5476614,24.8635121],[121.5476007,24.8635331],[121.547594,24.8634976],[121.5474615,24.8635182],[121.547454,24.8634854],[121.5473857,24.8635006],[121.5473832,24.8635315],[121.5474001,24.8636142],[121.5474061,24.8636245],[121.5474143,24.8636298],[121.5474223,24.8636317],[121.5476077,24.8635921],[121.5476834,24.8635694]]]}},{"type":"Feature","properties":{"id":538,"height":14.9,"source":"F_BUILD 新北市建物","area_m2":235.3},"geometry":{"type":"Polygon","coordinates":[[[121.5483134,24.8635434],[121.5482395,24.8634689],[121.5482045,24.8635043],[121.5481993,24.8634985],[121.5480873,24.8635816],[121.5481663,24.8636678],[121.5481927,24.8636471],[121.5483134,24.8635434]]]}},{"type":"Feature","properties":{"id":539,"height":14.5,"source":"F_BUILD 新北市建物","area_m2":207.4},"geometry":{"type":"Polygon","coordinates":[[[121.5494989,24.863515],[121.5494985,24.8635059],[121.549408,24.8635076],[121.549411,24.8636666],[121.5495052,24.8636659],[121.5495054,24.8636522],[121.5495217,24.8636356],[121.5495264,24.8636288],[121.5495301,24.8636221],[121.5495348,24.8636123],[121.5495364,24.8636073],[121.5495378,24.8635994],[121.5495386,24.8635912],[121.5495386,24.8635845],[121.549538,24.8635757],[121.5495372,24.8635678],[121.5495359,24.8635583],[121.5495336,24.8635495],[121.5495305,24.8635418],[121.5495267,24.8635344],[121.5495216,24.8635279],[121.5495167,24.863523],[121.5495097,24.8635174],[121.5494989,24.863515]]]}},{"type":"Feature","properties":{"id":540,"height":16.5,"source":"F_BUILD 新北市建物","area_m2":361.0},"geometry":{"type":"Polygon","coordinates":[[[121.5483741,24.8636776],[121.5484301,24.8636352],[121.5484432,24.8636484],[121.5484751,24.8636236],[121.5485118,24.863661],[121.5485913,24.8635406],[121.5485994,24.8635268],[121.5485212,24.8634485],[121.5483648,24.8635641],[121.5483683,24.8635678],[121.5483221,24.8636058],[121.5483392,24.8636207],[121.5483288,24.8636293],[121.5483741,24.8636776]]]}},{"type":"Feature","properties":{"id":541,"height":9.7,"source":"F_BUILD 新北市建物","area_m2":15.0},"geometry":{"type":"Polygon","coordinates":[[[121.5489917,24.8636674],[121.5489626,24.8636421],[121.5489367,24.8636664],[121.5489651,24.863691],[121.5489917,24.8636674]]]}},{"type":"Feature","properties":{"id":542,"height":31.9,"source":"F_BUILD 新北市建物","area_m2":1243.5},"geometry":{"type":"Polygon","coordinates":[[[121.5478057,24.863737],[121.5478174,24.8637242],[121.547833,24.8637106],[121.5479825,24.8636149],[121.5480241,24.8635866],[121.5479978,24.8635577],[121.548029,24.8635351],[121.5480549,24.8635656],[121.5480613,24.8635612],[121.5483249,24.8633694],[121.5483322,24.8633637],[121.5482884,24.863315],[121.5482286,24.8632499],[121.5481348,24.8633133],[121.5481079,24.8633394],[121.5480648,24.8633827],[121.5480769,24.8633972],[121.5479829,24.8634651],[121.5480071,24.8634915],[121.5479615,24.8635225],[121.5479267,24.863481],[121.5478918,24.8635063],[121.5478882,24.8635085],[121.5478879,24.8635087],[121.5478796,24.8635135],[121.5478152,24.8635602],[121.5478087,24.8635485],[121.5476995,24.8635991],[121.5477057,24.863611],[121.5475429,24.8636611],[121.5475369,24.8636432],[121.5474963,24.8636583],[121.5475275,24.8637264],[121.5475321,24.8637247],[121.5475685,24.863748],[121.5476518,24.8637369],[121.5476506,24.863709],[121.5477184,24.8636847],[121.5477493,24.8637327],[121.5477575,24.8637302],[121.5477668,24.8637485],[121.5477976,24.8637512],[121.5478057,24.863737]]]}},{"type":"Feature","properties":{"id":543,"height":13.6,"source":"F_BUILD 新北市建物","area_m2":155.6},"geometry":{"type":"Polygon","coordinates":[[[121.5483201,24.8635988],[121.548314,24.8635927],[121.5481871,24.8636906],[121.5482601,24.8637649],[121.5483436,24.863698],[121.5483201,24.8635988]]]}},{"type":"Feature","properties":{"id":544,"height":16.6,"source":"F_BUILD 新北市建物","area_m2":362.9},"geometry":{"type":"Polygon","coordinates":[[[121.5479249,24.8638257],[121.5479404,24.8638221],[121.5479534,24.8638156],[121.5479688,24.8638049],[121.5479811,24.8637963],[121.548129,24.8636923],[121.5480538,24.8636028],[121.5479019,24.8636976],[121.5479071,24.8637067],[121.5478341,24.8637558],[121.547848,24.8637743],[121.5478386,24.8637811],[121.5478393,24.8637906],[121.5478457,24.8637993],[121.547851,24.863804],[121.5478612,24.8638117],[121.5478937,24.863824],[121.5478962,24.8638244],[121.5478977,24.8638234],[121.547899,24.8638249],[121.547909,24.8638266],[121.5479249,24.8638257]]]}},{"type":"Feature","properties":{"id":545,"height":14.1,"source":"F_BUILD 新北市建物","area_m2":181.5},"geometry":{"type":"Polygon","coordinates":[[[121.5515583,24.8636517],[121.5514976,24.8636504],[121.5514468,24.8636624],[121.5514723,24.8637676],[121.5514542,24.8637725],[121.5514723,24.8638148],[121.5515605,24.8637835],[121.5515618,24.8637603],[121.5515874,24.8637531],[121.5515583,24.8636517]]]}},{"type":"Feature","properties":{"id":546,"height":13.7,"source":"F_BUILD 新北市建物","area_m2":158.7},"geometry":{"type":"Polygon","coordinates":[[[121.5485085,24.8636672],[121.5484697,24.8636314],[121.5483593,24.8637245],[121.5483652,24.8637714],[121.5484044,24.8638227],[121.5483837,24.8638469],[121.5483939,24.863856],[121.5484176,24.8638225],[121.5484107,24.8638191],[121.5484377,24.8637866],[121.5484701,24.8637407],[121.5484597,24.8637335],[121.5485085,24.8636672]]]}},{"type":"Feature","properties":{"id":547,"height":16.4,"source":"F_BUILD 新北市建物","area_m2":349.2},"geometry":{"type":"Polygon","coordinates":[[[121.5465032,24.8638842],[121.5465529,24.863837],[121.5465681,24.8638484],[121.5466219,24.8637911],[121.5466051,24.8637767],[121.5466518,24.8637272],[121.5465812,24.8636709],[121.5465759,24.8636784],[121.5465372,24.863648],[121.5463956,24.8637955],[121.5465032,24.8638842]]]}},{"type":"Feature","properties":{"id":548,"height":30.6,"source":"F_BUILD 新北市建物","area_m2":1051.0},"geometry":{"type":"Polygon","coordinates":[[[121.5469808,24.8638977],[121.5469911,24.8638749],[121.5469988,24.8638774],[121.5470414,24.863789],[121.5469542,24.8637533],[121.5469815,24.8636967],[121.5469827,24.8637016],[121.5469862,24.8637072],[121.5469915,24.8637115],[121.546998,24.8637141],[121.5470051,24.8637147],[121.547012,24.8637133],[121.5470181,24.8637101],[121.5470228,24.8637052],[121.5470257,24.8636993],[121.5470264,24.8636929],[121.5470248,24.8636866],[121.5470213,24.863681],[121.547016,24.8636767],[121.5470095,24.8636741],[121.5470024,24.8636735],[121.5469955,24.8636748],[121.5469909,24.8636773],[121.547042,24.8635713],[121.5470529,24.8635524],[121.5470979,24.8635696],[121.5471213,24.8635186],[121.5470943,24.8635085],[121.547108,24.8634816],[121.5470938,24.8634766],[121.5470967,24.8634654],[121.5470839,24.8634604],[121.5470886,24.8634534],[121.5470695,24.8634429],[121.5470961,24.8633908],[121.5468607,24.8632933],[121.5468471,24.8633196],[121.5468092,24.8633064],[121.5467954,24.8633356],[121.5467659,24.8633971],[121.5468217,24.8634185],[121.5468354,24.8633927],[121.5469424,24.8634407],[121.5469129,24.8635021],[121.5469276,24.863509],[121.5468304,24.8637263],[121.5468637,24.8637407],[121.5468357,24.8637951],[121.5468723,24.8638083],[121.5468641,24.8638247],[121.5469571,24.8638623],[121.5469481,24.863884],[121.5469808,24.8638977]]]}},{"type":"Feature","properties":{"id":549,"height":10.2,"source":"F_BUILD 新北市建物","area_m2":23.9},"geometry":{"type":"Polygon","coordinates":[[[121.5462931,24.8638881],[121.5462602,24.8638547],[121.5462251,24.8638847],[121.5462598,24.8639175],[121.5462931,24.8638881]]]}},{"type":"Feature","properties":{"id":550,"height":15.7,"source":"F_BUILD 新北市建物","area_m2":296.6},"geometry":{"type":"Polygon","coordinates":[[[121.5497405,24.8636369],[121.5497192,24.8635963],[121.5496455,24.863621],[121.5496515,24.8636368],[121.5496641,24.863915],[121.5497486,24.8639126],[121.5497405,24.8636369]]]}},{"type":"Feature","properties":{"id":551,"height":10.4,"source":"F_BUILD 新北市建物","area_m2":27.4},"geometry":{"type":"Polygon","coordinates":[[[121.546475,24.8638691],[121.5464596,24.8638562],[121.5463767,24.8639438],[121.5463924,24.8639571],[121.546475,24.8638691]]]}},{"type":"Feature","properties":{"id":552,"height":10.3,"source":"F_BUILD 新北市建物","area_m2":26.3},"geometry":{"type":"Polygon","coordinates":[[[121.5462579,24.8639293],[121.5462216,24.8638954],[121.546187,24.8639282],[121.5462258,24.8639617],[121.5462579,24.8639293]]]}},{"type":"Feature","properties":{"id":553,"height":16.1,"source":"F_BUILD 新北市建物","area_m2":327.1},"geometry":{"type":"Polygon","coordinates":[[[121.5488421,24.8639702],[121.5488494,24.863936],[121.5489122,24.8639412],[121.5489181,24.863906],[121.5488604,24.8638964],[121.5488754,24.8638348],[121.5488918,24.8638349],[121.5488918,24.8637983],[121.5488295,24.8637861],[121.5488294,24.8637714],[121.5487711,24.8637643],[121.548758,24.863787],[121.5487534,24.8637868],[121.548716,24.8638961],[121.5487123,24.8639163],[121.5487063,24.8639653],[121.5487186,24.863969],[121.5488421,24.8639702]]]}},{"type":"Feature","properties":{"id":554,"height":18.0,"source":"F_BUILD 新北市建物","area_m2":491.2},"geometry":{"type":"Polygon","coordinates":[[[121.5474699,24.8638385],[121.5474825,24.8637107],[121.5474146,24.8637036],[121.5473886,24.8637363],[121.5473447,24.863784],[121.5473352,24.8637829],[121.5473049,24.863835],[121.5472874,24.8638701],[121.5472835,24.8638858],[121.5474585,24.8639296],[121.5474574,24.8639477],[121.5475833,24.8639785],[121.5476017,24.8638517],[121.5474699,24.8638385]]]}},{"type":"Feature","properties":{"id":555,"height":10.8,"source":"F_BUILD 新北市建物","area_m2":38.4},"geometry":{"type":"Polygon","coordinates":[[[121.5463405,24.8639462],[121.5462964,24.8639064],[121.5462543,24.8639481],[121.5462997,24.8639859],[121.5463405,24.8639462]]]}},{"type":"Feature","properties":{"id":556,"height":12.9,"source":"F_BUILD 新北市建物","area_m2":120.8},"geometry":{"type":"Polygon","coordinates":[[[121.5465521,24.8639308],[121.54648,24.8638705],[121.546401,24.8639554],[121.5464767,24.8640138],[121.5465521,24.8639308]]]}},{"type":"Feature","properties":{"id":557,"height":17.3,"source":"F_BUILD 新北市建物","area_m2":425.8},"geometry":{"type":"Polygon","coordinates":[[[121.5493918,24.8640201],[121.5494187,24.8639826],[121.5494304,24.8639856],[121.5494447,24.863959],[121.5494664,24.8638861],[121.5494702,24.8638875],[121.5495542,24.8637232],[121.5494162,24.8636699],[121.5493625,24.8638341],[121.5493604,24.8638457],[121.5493699,24.8638493],[121.5493371,24.8639965],[121.5493918,24.8640201]]]}},{"type":"Feature","properties":{"id":558,"height":16.7,"source":"F_BUILD 新北市建物","area_m2":371.2},"geometry":{"type":"Polygon","coordinates":[[[121.5519165,24.8637926],[121.5518817,24.8637236],[121.551842,24.8637383],[121.551816,24.8636848],[121.5517563,24.8637084],[121.5518172,24.8638311],[121.5519044,24.8640118],[121.5520024,24.8639725],[121.5519165,24.8637926]]]}},{"type":"Feature","properties":{"id":559,"height":18.3,"source":"F_BUILD 新北市建物","area_m2":526.2},"geometry":{"type":"Polygon","coordinates":[[[121.5524488,24.8639817],[121.5524782,24.8639711],[121.5524814,24.8639747],[121.5525885,24.8639451],[121.5525903,24.8639505],[121.5527079,24.8639206],[121.5527122,24.8639278],[121.5527448,24.8639202],[121.5527426,24.8639071],[121.5529035,24.8638805],[121.5531347,24.8638685],[121.5531361,24.8638147],[121.5529071,24.8638173],[121.552758,24.86384],[121.5527591,24.8638489],[121.5524954,24.8639085],[121.5524461,24.8639214],[121.552358,24.863956],[121.5523857,24.8640122],[121.5524506,24.8639882],[121.5524488,24.8639817]]]}},{"type":"Feature","properties":{"id":560,"height":11.7,"source":"F_BUILD 新北市建物","area_m2":69.0},"geometry":{"type":"Polygon","coordinates":[[[121.5496924,24.8639801],[121.5496021,24.8639299],[121.549571,24.8639748],[121.5496794,24.8640347],[121.5496924,24.8639801]]]}},{"type":"Feature","properties":{"id":561,"height":35.2,"source":"F_BUILD 新北市建物","area_m2":1822.3},"geometry":{"type":"Polygon","coordinates":[[[121.5513157,24.8640218],[121.5514017,24.8639904],[121.5514096,24.8640096],[121.5514913,24.8639806],[121.5514883,24.8639751],[121.5514604,24.8639099],[121.5514526,24.8638936],[121.5514293,24.8638537],[121.5513768,24.8637312],[121.5513462,24.8636618],[121.5513476,24.8635915],[121.5511193,24.8635982],[121.55112,24.8636073],[121.5510336,24.8636192],[121.5510287,24.8636108],[121.5509386,24.8636304],[121.5509435,24.8636404],[121.5509222,24.8636435],[121.5509183,24.863755],[121.5510193,24.8637518],[121.551103,24.8637462],[121.5509437,24.8637826],[121.5509785,24.8638881],[121.5511463,24.8638361],[121.5511507,24.8638453],[121.5511889,24.8638308],[121.5512081,24.8638723],[121.5511338,24.8638765],[121.5511455,24.8640504],[121.5512653,24.864044],[121.5512631,24.8640333],[121.5513157,24.8640218]]]}},{"type":"Feature","properties":{"id":562,"height":10.9,"source":"F_BUILD 新北市建物","area_m2":41.2},"geometry":{"type":"Polygon","coordinates":[[[121.5462884,24.8640259],[121.5462417,24.8639902],[121.5461993,24.8640368],[121.5462458,24.8640723],[121.5462884,24.8640259]]]}},{"type":"Feature","properties":{"id":563,"height":12.7,"source":"F_BUILD 新北市建物","area_m2":107.1},"geometry":{"type":"Polygon","coordinates":[[[121.5464638,24.8640123],[121.5464009,24.8639593],[121.5463215,24.8640429],[121.546389,24.8640964],[121.5464638,24.8640123]]]}},{"type":"Feature","properties":{"id":564,"height":16.6,"source":"F_BUILD 新北市建物","area_m2":362.7},"geometry":{"type":"Polygon","coordinates":[[[121.5468475,24.8641166],[121.5468989,24.8640351],[121.5469274,24.8640469],[121.5469398,24.8640214],[121.5469593,24.8640277],[121.5469724,24.8639971],[121.5469521,24.8639885],[121.5469304,24.8639787],[121.5469046,24.8639641],[121.5468003,24.863922],[121.546809,24.8639036],[121.5467578,24.8638863],[121.5467322,24.8639309],[121.5467405,24.8639355],[121.5467284,24.8639814],[121.5467383,24.8639861],[121.5466979,24.8640514],[121.5468242,24.8641136],[121.5468475,24.8641166]]]}},{"type":"Feature","properties":{"id":565,"height":10.9,"source":"F_BUILD 新北市建物","area_m2":43.0},"geometry":{"type":"Polygon","coordinates":[[[121.5463672,24.8640873],[121.5463193,24.8640489],[121.5462742,24.8640978],[121.5463228,24.864131],[121.5463672,24.8640873]]]}},{"type":"Feature","properties":{"id":566,"height":9.0,"source":"F_BUILD 新北市建物","area_m2":5.4},"geometry":{"type":"Polygon","coordinates":[[[121.5475918,24.8641188],[121.5475644,24.8641125],[121.5475596,24.864128],[121.5475886,24.8641356],[121.5475918,24.8641188]]]}},{"type":"Feature","properties":{"id":567,"height":14.4,"source":"F_BUILD 新北市建物","area_m2":205.3},"geometry":{"type":"Polygon","coordinates":[[[121.547529,24.8639846],[121.5475026,24.8639748],[121.5475001,24.8639796],[121.5474737,24.8639642],[121.5474603,24.86396],[121.5474307,24.8639501],[121.5473609,24.8641109],[121.5474609,24.8641461],[121.547529,24.8639846]]]}},{"type":"Feature","properties":{"id":568,"height":20.0,"source":"F_BUILD 新北市建物","area_m2":715.6},"geometry":{"type":"Polygon","coordinates":[[[121.5471437,24.8641483],[121.5471545,24.8641239],[121.5471627,24.8641278],[121.5471871,24.8640763],[121.5472082,24.8640782],[121.5472285,24.8639687],[121.5472048,24.8639597],[121.5472477,24.863871],[121.5473272,24.8637126],[121.547205,24.8636639],[121.5471279,24.8638223],[121.5471427,24.8638303],[121.5470124,24.864093],[121.5471437,24.8641483]]]}},{"type":"Feature","properties":{"id":569,"height":31.1,"source":"F_BUILD 新北市建物","area_m2":1122.1},"geometry":{"type":"Polygon","coordinates":[[[121.5518939,24.8640221],[121.5518509,24.8639222],[121.5518403,24.8639259],[121.5517997,24.8638237],[121.5517875,24.8638285],[121.551779,24.8638036],[121.5517355,24.863708],[121.5515649,24.8637714],[121.551579,24.8637978],[121.5514818,24.8638369],[121.5515329,24.8639562],[121.5515643,24.8640133],[121.5515651,24.8640128],[121.5515711,24.8640227],[121.5516646,24.8641396],[121.5517501,24.8640977],[121.5517423,24.8640813],[121.551813,24.8640585],[121.5518475,24.8640473],[121.5518864,24.8640253],[121.5518939,24.8640221]]]}},{"type":"Feature","properties":{"id":570,"height":9.7,"source":"F_BUILD 新北市建物","area_m2":13.5},"geometry":{"type":"Polygon","coordinates":[[[121.5450818,24.8641958],[121.5450137,24.8641935],[121.5450128,24.8642113],[121.5450808,24.8642135],[121.5450818,24.8641958]]]}},{"type":"Feature","properties":{"id":571,"height":15.4,"source":"F_BUILD 新北市建物","area_m2":266.8},"geometry":{"type":"Polygon","coordinates":[[[121.5487422,24.8641697],[121.5487436,24.864153],[121.5488287,24.8641622],[121.5488337,24.8641199],[121.548848,24.8641218],[121.5488571,24.8640449],[121.5488617,24.8640452],[121.5488626,24.8640378],[121.5487103,24.8640161],[121.5487094,24.864022],[121.5487055,24.8640214],[121.5487006,24.8640646],[121.5487159,24.8640658],[121.5487134,24.8640851],[121.5486929,24.8640838],[121.5486808,24.8641891],[121.5488206,24.8642024],[121.5488239,24.8641791],[121.5487422,24.8641697]]]}},{"type":"Feature","properties":{"id":572,"height":10.2,"source":"F_BUILD 新北市建物","area_m2":24.1},"geometry":{"type":"Polygon","coordinates":[[[121.5512402,24.8642069],[121.5512301,24.8641626],[121.5511842,24.8641713],[121.5511939,24.8642163],[121.5512402,24.8642069]]]}},{"type":"Feature","properties":{"id":573,"height":12.0,"source":"F_BUILD 新北市建物","area_m2":80.3},"geometry":{"type":"Polygon","coordinates":[[[121.5495688,24.8641512],[121.5494828,24.8641286],[121.5494574,24.8642055],[121.549544,24.8642275],[121.5495688,24.8641512]]]}},{"type":"Feature","properties":{"id":574,"height":13.7,"source":"F_BUILD 新北市建物","area_m2":158.6},"geometry":{"type":"Polygon","coordinates":[[[121.5474013,24.8641841],[121.5472802,24.8641463],[121.5472382,24.864247],[121.5473608,24.864289],[121.5474013,24.8641841]]]}},{"type":"Feature","properties":{"id":575,"height":14.7,"source":"F_BUILD 新北市建物","area_m2":224.9},"geometry":{"type":"Polygon","coordinates":[[[121.5471861,24.8641825],[121.5470381,24.8641202],[121.5469791,24.8642247],[121.5470706,24.8642724],[121.5470969,24.8642863],[121.5471182,24.8642929],[121.5471301,24.8642808],[121.5471491,24.8642481],[121.5471861,24.8641825]]]}},{"type":"Feature","properties":{"id":576,"height":10.1,"source":"F_BUILD 新北市建物","area_m2":22.2},"geometry":{"type":"Polygon","coordinates":[[[121.5478398,24.8642867],[121.5478197,24.8642689],[121.5477913,24.8642732],[121.5477838,24.8643011],[121.5478045,24.8643189],[121.5478311,24.8643125],[121.5478398,24.8642867]]]}},{"type":"Feature","properties":{"id":577,"height":13.8,"source":"F_BUILD 新北市建物","area_m2":167.8},"geometry":{"type":"Polygon","coordinates":[[[121.5493383,24.8642203],[121.5493194,24.8642185],[121.5493149,24.8642842],[121.5493663,24.8642856],[121.5493665,24.8642984],[121.5495251,24.8643143],[121.5495328,24.8642442],[121.5493383,24.8642203]]]}},{"type":"Feature","properties":{"id":578,"height":14.3,"source":"F_BUILD 新北市建物","area_m2":193.6},"geometry":{"type":"Polygon","coordinates":[[[121.5475586,24.8643405],[121.5475675,24.8643138],[121.5475906,24.8643199],[121.5476085,24.8642648],[121.5475862,24.864258],[121.5475941,24.8642314],[121.5474632,24.8641932],[121.5474255,24.8643041],[121.5475586,24.8643405]]]}},{"type":"Feature","properties":{"id":579,"height":10.6,"source":"F_BUILD 新北市建物","area_m2":32.7},"geometry":{"type":"Polygon","coordinates":[[[121.5496275,24.8642958],[121.5495636,24.8642838],[121.5495547,24.8643293],[121.5496193,24.8643383],[121.5496275,24.8642958]]]}},{"type":"Feature","properties":{"id":580,"height":11.9,"source":"F_BUILD 新北市建物","area_m2":73.6},"geometry":{"type":"Polygon","coordinates":[[[121.5532186,24.8642594],[121.5532163,24.864259],[121.5531596,24.8642976],[121.5532221,24.8643721],[121.5532764,24.8643323],[121.5532186,24.8642594]]]}},{"type":"Feature","properties":{"id":581,"height":12.8,"source":"F_BUILD 新北市建物","area_m2":112.1},"geometry":{"type":"Polygon","coordinates":[[[121.5450803,24.86431],[121.5449937,24.8642765],[121.5449485,24.8643763],[121.5450345,24.8644081],[121.5450803,24.86431]]]}},{"type":"Feature","properties":{"id":582,"height":13.6,"source":"F_BUILD 新北市建物","area_m2":156.6},"geometry":{"type":"Polygon","coordinates":[[[121.5473473,24.8643103],[121.5472274,24.8642687],[121.547186,24.8643696],[121.547305,24.8644135],[121.5473473,24.8643103]]]}},{"type":"Feature","properties":{"id":583,"height":19.3,"source":"F_BUILD 新北市建物","area_m2":626.2},"geometry":{"type":"Polygon","coordinates":[[[121.5498345,24.8644078],[121.5498351,24.8643981],[121.549861,24.8643995],[121.5498655,24.8643343],[121.5498654,24.8643234],[121.5498431,24.864322],[121.5498508,24.864177],[121.5498281,24.8641818],[121.5496658,24.8641528],[121.5496604,24.8641733],[121.5495924,24.8641585],[121.5495565,24.8642629],[121.5496478,24.8642869],[121.5496414,24.8643858],[121.5496815,24.8643885],[121.5496809,24.8643962],[121.5497136,24.8643966],[121.5497135,24.8644008],[121.549755,24.8644019],[121.5497872,24.8644038],[121.5498345,24.8644078]]]}},{"type":"Feature","properties":{"id":584,"height":11.8,"source":"F_BUILD 新北市建物","area_m2":69.5},"geometry":{"type":"Polygon","coordinates":[[[121.5527547,24.8644195],[121.5527568,24.8643642],[121.5526464,24.8643654],[121.5526457,24.8644234],[121.5527547,24.8644195]]]}},{"type":"Feature","properties":{"id":585,"height":14.2,"source":"F_BUILD 新北市建物","area_m2":191.8},"geometry":{"type":"Polygon","coordinates":[[[121.5475193,24.8644587],[121.5475289,24.864431],[121.5475507,24.8644371],[121.5475696,24.8643837],[121.5475475,24.864378],[121.5475557,24.8643499],[121.547423,24.8643138],[121.5473862,24.864423],[121.5475193,24.8644587]]]}},{"type":"Feature","properties":{"id":586,"height":11.9,"source":"F_BUILD 新北市建物","area_m2":75.3},"geometry":{"type":"Polygon","coordinates":[[[121.5496328,24.8643991],[121.5495415,24.864394],[121.5495406,24.8644696],[121.5496282,24.8644736],[121.5496328,24.8643991]]]}},{"type":"Feature","properties":{"id":587,"height":15.1,"source":"F_BUILD 新北市建物","area_m2":251.1},"geometry":{"type":"Polygon","coordinates":[[[121.5494829,24.8643699],[121.5494311,24.8643668],[121.5493361,24.8643704],[121.5493508,24.8645348],[121.5494677,24.864531],[121.5494809,24.8644882],[121.5494829,24.8643699]]]}},{"type":"Feature","properties":{"id":588,"height":14.2,"source":"F_BUILD 新北市建物","area_m2":189.8},"geometry":{"type":"Polygon","coordinates":[[[121.5497557,24.8644112],[121.549659,24.8644027],[121.5496516,24.8644787],[121.5497348,24.8644857],[121.5497324,24.8645284],[121.5498242,24.8645363],[121.5498379,24.864425],[121.5497544,24.8644211],[121.5497557,24.8644112]]]}},{"type":"Feature","properties":{"id":589,"height":10.8,"source":"F_BUILD 新北市建物","area_m2":37.4},"geometry":{"type":"Polygon","coordinates":[[[121.5479951,24.8644774],[121.5479534,24.864474],[121.5479459,24.864552],[121.5479895,24.8645551],[121.5479951,24.8644774]]]}},{"type":"Feature","properties":{"id":590,"height":13.9,"source":"F_BUILD 新北市建物","area_m2":174.7},"geometry":{"type":"Polygon","coordinates":[[[121.5472968,24.8644806],[121.5471738,24.8644394],[121.5471398,24.8645226],[121.5473102,24.8645786],[121.5473392,24.8644997],[121.5472956,24.8644861],[121.5472968,24.8644806]]]}},{"type":"Feature","properties":{"id":591,"height":14.2,"source":"F_BUILD 新北市建物","area_m2":192.7},"geometry":{"type":"Polygon","coordinates":[[[121.547634,24.8645926],[121.5476419,24.8645679],[121.547665,24.864573],[121.5476818,24.8645208],[121.5476592,24.8645127],[121.5476679,24.8644836],[121.547536,24.8644471],[121.5475011,24.8645594],[121.547634,24.8645926]]]}},{"type":"Feature","properties":{"id":592,"height":9.8,"source":"F_BUILD 新北市建物","area_m2":15.9},"geometry":{"type":"Polygon","coordinates":[[[121.5466776,24.8646826],[121.5466241,24.8646616],[121.5466127,24.8646834],[121.5466674,24.8647049],[121.5466776,24.8646826]]]}},{"type":"Feature","properties":{"id":593,"height":15.4,"source":"F_BUILD 新北市建物","area_m2":270.2},"geometry":{"type":"Polygon","coordinates":[[[121.5496244,24.8646969],[121.549611,24.8645138],[121.5494782,24.8645235],[121.5494892,24.8646587],[121.5494951,24.8646584],[121.5494994,24.8647081],[121.5496244,24.8646969]]]}},{"type":"Feature","properties":{"id":594,"height":9.4,"source":"F_BUILD 新北市建物","area_m2":10.1},"geometry":{"type":"Polygon","coordinates":[[[121.5464716,24.8647366],[121.5464478,24.8647174],[121.5464277,24.8647405],[121.5464502,24.8647582],[121.5464716,24.8647366]]]}},{"type":"Feature","properties":{"id":595,"height":10.8,"source":"F_BUILD 新北市建物","area_m2":38.8},"geometry":{"type":"Polygon","coordinates":[[[121.5474056,24.864773],[121.5474499,24.8647591],[121.547435,24.8646969],[121.5473798,24.8647104],[121.5473995,24.8647659],[121.5474029,24.8647649],[121.5474056,24.864773]]]}},{"type":"Feature","properties":{"id":596,"height":14.2,"source":"F_BUILD 新北市建物","area_m2":190.9},"geometry":{"type":"Polygon","coordinates":[[[121.5471583,24.8647499],[121.5470762,24.8646688],[121.546999,24.8647262],[121.5470074,24.8647345],[121.5469666,24.8647682],[121.5470345,24.8648457],[121.5470793,24.8648126],[121.5471583,24.8647499]]]}},{"type":"Feature","properties":{"id":597,"height":13.5,"source":"F_BUILD 新北市建物","area_m2":149.2},"geometry":{"type":"Polygon","coordinates":[[[121.5499398,24.8648502],[121.5499556,24.8647131],[121.5499042,24.8647083],[121.5499068,24.8646902],[121.5498849,24.8646881],[121.5498781,24.8647051],[121.5498781,24.8647058],[121.5498779,24.8647057],[121.5498661,24.8647354],[121.5498604,24.8647838],[121.5498472,24.8647827],[121.549847,24.8647832],[121.5498254,24.8648319],[121.5498533,24.864835],[121.5498527,24.8648419],[121.5499398,24.8648502]]]}},{"type":"Feature","properties":{"id":598,"height":10.1,"source":"F_BUILD 新北市建物","area_m2":21.9},"geometry":{"type":"Polygon","coordinates":[[[121.5463989,24.8649036],[121.5463675,24.8648615],[121.5463361,24.8648831],[121.5463684,24.8649242],[121.5463989,24.8649036]]]}},{"type":"Feature","properties":{"id":599,"height":14.6,"source":"F_BUILD 新北市建物","area_m2":214.6},"geometry":{"type":"Polygon","coordinates":[[[121.5520807,24.8646683],[121.5520465,24.8646654],[121.5520458,24.8646823],[121.5520311,24.8646879],[121.5520105,24.8646984],[121.5519896,24.8647164],[121.5519726,24.8647396],[121.5519643,24.8647629],[121.55196,24.8647825],[121.5519559,24.8648608],[121.5519951,24.8648633],[121.5520043,24.8648727],[121.5520099,24.8648754],[121.5520117,24.864876],[121.5520158,24.8648763],[121.5520132,24.8648996],[121.5520504,24.8649034],[121.5520807,24.8646683]]]}},{"type":"Feature","properties":{"id":600,"height":9.7,"source":"F_BUILD 新北市建物","area_m2":14.2},"geometry":{"type":"Polygon","coordinates":[[[121.5498204,24.8649079],[121.5497916,24.8648978],[121.5497709,24.8649316],[121.5498052,24.8649426],[121.5498204,24.8649079]]]}},{"type":"Feature","properties":{"id":601,"height":13.4,"source":"F_BUILD 新北市建物","area_m2":145.9},"geometry":{"type":"Polygon","coordinates":[[[121.5528512,24.8647678],[121.5527867,24.8647335],[121.5527365,24.8648445],[121.5527726,24.8648514],[121.5527917,24.864861],[121.552787,24.8649265],[121.5528315,24.8649383],[121.5528512,24.8647678]]]}},{"type":"Feature","properties":{"id":602,"height":12.3,"source":"F_BUILD 新北市建物","area_m2":89.8},"geometry":{"type":"Polygon","coordinates":[[[121.5455043,24.8648813],[121.5454368,24.8648513],[121.5453911,24.8649177],[121.5454926,24.8649672],[121.5455206,24.8649199],[121.5454899,24.864906],[121.5455043,24.8648813]]]}},{"type":"Feature","properties":{"id":603,"height":10.4,"source":"F_BUILD 新北市建物","area_m2":27.9},"geometry":{"type":"Polygon","coordinates":[[[121.5460178,24.8649776],[121.5459966,24.8649261],[121.5459529,24.8649426],[121.5459764,24.864992],[121.5460178,24.8649776]]]}},{"type":"Feature","properties":{"id":604,"height":10.0,"source":"F_BUILD 新北市建物","area_m2":20.1},"geometry":{"type":"Polygon","coordinates":[[[121.5462827,24.8649939],[121.5462665,24.8649566],[121.5462251,24.8649711],[121.5462417,24.8650092],[121.5462827,24.8649939]]]}},{"type":"Feature","properties":{"id":605,"height":14.4,"source":"F_BUILD 新北市建物","area_m2":200.5},"geometry":{"type":"Polygon","coordinates":[[[121.546836,24.8649251],[121.5467636,24.8648651],[121.5467512,24.8648724],[121.5467103,24.8648378],[121.5466629,24.8648821],[121.5466472,24.8648679],[121.5466224,24.8648933],[121.5467541,24.8650122],[121.546836,24.8649251]]]}},{"type":"Feature","properties":{"id":606,"height":9.9,"source":"F_BUILD 新北市建物","area_m2":17.4},"geometry":{"type":"Polygon","coordinates":[[[121.5497922,24.8649578],[121.5497736,24.8649522],[121.5497535,24.8649598],[121.5497449,24.8649738],[121.5497416,24.8649833],[121.5497534,24.8649924],[121.5497544,24.8649941],[121.5497758,24.8650018],[121.5497922,24.8649578]]]}},{"type":"Feature","properties":{"id":607,"height":14.5,"source":"F_BUILD 新北市建物","area_m2":207.8},"geometry":{"type":"Polygon","coordinates":[[[121.5480784,24.8650519],[121.5480997,24.8650137],[121.5481172,24.8650223],[121.5481292,24.8650004],[121.5481166,24.8649925],[121.5481628,24.8649098],[121.5480639,24.8648623],[121.5479802,24.8650067],[121.5480784,24.8650519]]]}},{"type":"Feature","properties":{"id":608,"height":12.8,"source":"F_BUILD 新北市建物","area_m2":112.8},"geometry":{"type":"Polygon","coordinates":[[[121.551962,24.8650662],[121.5519704,24.8650362],[121.5519826,24.8650381],[121.5519903,24.8650093],[121.5520052,24.8650125],[121.5520316,24.8649188],[121.5519328,24.8648959],[121.5519208,24.8649478],[121.5519472,24.8649541],[121.5519416,24.8649765],[121.5519584,24.8649809],[121.5519375,24.8650605],[121.551962,24.8650662]]]}},{"type":"Feature","properties":{"id":609,"height":20.4,"source":"F_BUILD 新北市建物","area_m2":756.5},"geometry":{"type":"Polygon","coordinates":[[[121.5523871,24.8650692],[121.5524348,24.8648954],[121.5523715,24.8648798],[121.5523752,24.8648602],[121.5523286,24.8648496],[121.5523345,24.8648237],[121.5522729,24.8648072],[121.5522642,24.8648379],[121.5522673,24.8648153],[121.5522425,24.8648143],[121.5522478,24.8646867],[121.5521403,24.8646861],[121.552129,24.8649543],[121.5522319,24.8649529],[121.5522092,24.8650334],[121.5522968,24.8650573],[121.5523,24.8650475],[121.5523871,24.8650692]]]}},{"type":"Feature","properties":{"id":610,"height":9.3,"source":"F_BUILD 新北市建物","area_m2":8.0},"geometry":{"type":"Polygon","coordinates":[[[121.5463265,24.8651476],[121.5463203,24.8651215],[121.5462942,24.865126],[121.5462995,24.8651516],[121.5463265,24.8651476]]]}},{"type":"Feature","properties":{"id":611,"height":14.7,"source":"F_BUILD 新北市建物","area_m2":224.2},"geometry":{"type":"Polygon","coordinates":[[[121.5522157,24.8650596],[121.5521918,24.865051],[121.5521578,24.8651443],[121.5521816,24.8651601],[121.5523374,24.8652071],[121.5523743,24.8651093],[121.5522157,24.8650596]]]}},{"type":"Feature","properties":{"id":612,"height":10.7,"source":"F_BUILD 新北市建物","area_m2":35.6},"geometry":{"type":"Polygon","coordinates":[[[121.5522698,24.8651955],[121.5522028,24.8651751],[121.5521868,24.8652179],[121.5522537,24.8652381],[121.5522698,24.8651955]]]}},{"type":"Feature","properties":{"id":613,"height":17.4,"source":"F_BUILD 新北市建物","area_m2":440.2},"geometry":{"type":"Polygon","coordinates":[[[121.5495453,24.8650188],[121.5494368,24.8649965],[121.5493799,24.8652268],[121.5495154,24.8652582],[121.549541,24.8652631],[121.5495995,24.8650426],[121.5495445,24.8650293],[121.5495453,24.8650188]]]}},{"type":"Feature","properties":{"id":614,"height":13.5,"source":"F_BUILD 新北市建物","area_m2":148.4},"geometry":{"type":"Polygon","coordinates":[[[121.547054,24.8652365],[121.5470112,24.865149],[121.5468893,24.8652136],[121.5469445,24.8653006],[121.547054,24.8652365]]]}},{"type":"Feature","properties":{"id":615,"height":14.1,"source":"F_BUILD 新北市建物","area_m2":182.9},"geometry":{"type":"Polygon","coordinates":[[[121.5473241,24.8652398],[121.5472669,24.8651251],[121.5471618,24.8651692],[121.547231,24.8653044],[121.5473041,24.8652736],[121.5472928,24.8652522],[121.5473241,24.8652398]]]}},{"type":"Feature","properties":{"id":616,"height":11.2,"source":"F_BUILD 新北市建物","area_m2":49.7},"geometry":{"type":"Polygon","coordinates":[[[121.5478752,24.8653513],[121.5478532,24.8653],[121.5477783,24.865326],[121.5478002,24.8653778],[121.5478752,24.8653513]]]}},{"type":"Feature","properties":{"id":617,"height":11.5,"source":"F_BUILD 新北市建物","area_m2":58.9},"geometry":{"type":"Polygon","coordinates":[[[121.5471186,24.8653755],[121.5470899,24.8653141],[121.5470174,24.8653402],[121.547048,24.8654034],[121.5471186,24.8653755]]]}},{"type":"Feature","properties":{"id":618,"height":13.4,"source":"F_BUILD 新北市建物","area_m2":142.7},"geometry":{"type":"Polygon","coordinates":[[[121.5465802,24.8654124],[121.5465805,24.8653462],[121.546609,24.8653454],[121.5466086,24.8652998],[121.5465794,24.865301],[121.5465792,24.8652611],[121.546503,24.8652637],[121.5465033,24.8653847],[121.5465065,24.8653845],[121.5465073,24.865413],[121.5465802,24.8654124]]]}},{"type":"Feature","properties":{"id":619,"height":11.6,"source":"F_BUILD 新北市建物","area_m2":64.4},"geometry":{"type":"Polygon","coordinates":[[[121.5519424,24.8653385],[121.5518743,24.8653199],[121.551852,24.8654015],[121.5519137,24.8654148],[121.551933,24.8653795],[121.5519424,24.8653385]]]}},{"type":"Feature","properties":{"id":620,"height":31.3,"source":"F_BUILD 新北市建物","area_m2":1156.9},"geometry":{"type":"Polygon","coordinates":[[[121.5526561,24.865412],[121.5528174,24.8649431],[121.5527604,24.8649245],[121.5527309,24.8650194],[121.5526497,24.8649946],[121.5526554,24.8649794],[121.5525848,24.864962],[121.5525813,24.8649714],[121.5525317,24.8649539],[121.5524332,24.86527],[121.5524883,24.8652845],[121.5524805,24.8653056],[121.5525455,24.8653185],[121.5525302,24.8653798],[121.5526561,24.865412]]]}},{"type":"Feature","properties":{"id":621,"height":10.8,"source":"F_BUILD 新北市建物","area_m2":38.0},"geometry":{"type":"Polygon","coordinates":[[[121.5471443,24.8654203],[121.5471243,24.8653833],[121.5470843,24.8654028],[121.5470547,24.8654173],[121.5470741,24.8654573],[121.547105,24.865441],[121.5471443,24.8654203]]]}},{"type":"Feature","properties":{"id":622,"height":13.1,"source":"F_BUILD 新北市建物","area_m2":130.0},"geometry":{"type":"Polygon","coordinates":[[[121.5482279,24.865477],[121.5481505,24.8653533],[121.5480627,24.8653987],[121.548086,24.8654357],[121.5481096,24.8654225],[121.5481631,24.8655098],[121.5482279,24.865477]]]}},{"type":"Feature","properties":{"id":623,"height":12.8,"source":"F_BUILD 新北市建物","area_m2":113.6},"geometry":{"type":"Polygon","coordinates":[[[121.5521921,24.865414],[121.5520918,24.8653758],[121.5520523,24.8654631],[121.5521555,24.8654986],[121.5521921,24.865414]]]}},{"type":"Feature","properties":{"id":624,"height":13.5,"source":"F_BUILD 新北市建物","area_m2":149.9},"geometry":{"type":"Polygon","coordinates":[[[121.5474642,24.8654624],[121.5473834,24.8653716],[121.5472955,24.8654399],[121.5473755,24.8655294],[121.5474642,24.8654624]]]}},{"type":"Feature","properties":{"id":625,"height":9.7,"source":"F_BUILD 新北市建物","area_m2":13.7},"geometry":{"type":"Polygon","coordinates":[[[121.5474903,24.8655126],[121.5474715,24.8654855],[121.547439,24.8655026],[121.5474599,24.8655308],[121.5474903,24.8655126]]]}},{"type":"Feature","properties":{"id":626,"height":11.8,"source":"F_BUILD 新北市建物","area_m2":72.7},"geometry":{"type":"Polygon","coordinates":[[[121.5520112,24.8654367],[121.551941,24.8654092],[121.5519057,24.865487],[121.5519764,24.8655156],[121.5520112,24.8654367]]]}},{"type":"Feature","properties":{"id":627,"height":10.7,"source":"F_BUILD 新北市建物","area_m2":35.0},"geometry":{"type":"Polygon","coordinates":[[[121.5471373,24.8655243],[121.5470875,24.8654739],[121.5470521,24.8655009],[121.5470987,24.8655504],[121.5471373,24.8655243]]]}},{"type":"Feature","properties":{"id":628,"height":12.4,"source":"F_BUILD 新北市建物","area_m2":96.6},"geometry":{"type":"Polygon","coordinates":[[[121.549695,24.8656462],[121.5497044,24.8655717],[121.5496805,24.8655681],[121.5496809,24.8655599],[121.549629,24.8655503],[121.5496185,24.8655849],[121.5495806,24.8655791],[121.5495708,24.8656264],[121.549695,24.8656462]]]}},{"type":"Feature","properties":{"id":629,"height":18.0,"source":"F_BUILD 新北市建物","area_m2":496.2},"geometry":{"type":"Polygon","coordinates":[[[121.5498042,24.8656649],[121.5498212,24.865534],[121.5498389,24.8655362],[121.5498586,24.8654064],[121.5499159,24.8654347],[121.5499702,24.865361],[121.5498805,24.8653099],[121.5498299,24.8653875],[121.5497986,24.8653841],[121.5498061,24.8652532],[121.5497549,24.8652507],[121.5497483,24.8653806],[121.5497559,24.8653821],[121.5497357,24.8655263],[121.5497204,24.8655239],[121.5497045,24.8656541],[121.5498042,24.8656649]]]}},{"type":"Feature","properties":{"id":630,"height":13.5,"source":"F_BUILD 新北市建物","area_m2":148.2},"geometry":{"type":"Polygon","coordinates":[[[121.5480377,24.8656244],[121.5479632,24.8655161],[121.5478752,24.8655691],[121.5479479,24.8656739],[121.5480377,24.8656244]]]}},{"type":"Feature","properties":{"id":631,"height":12.2,"source":"F_BUILD 新北市建物","area_m2":88.4},"geometry":{"type":"Polygon","coordinates":[[[121.5473008,24.8655738],[121.5472942,24.8655652],[121.5471855,24.8656269],[121.5472167,24.8656777],[121.5473294,24.865621],[121.5473008,24.8655738]]]}},{"type":"Feature","properties":{"id":632,"height":15.9,"source":"F_BUILD 新北市建物","area_m2":308.1},"geometry":{"type":"Polygon","coordinates":[[[121.5474796,24.8657218],[121.5475255,24.8657008],[121.5475307,24.8657076],[121.5475761,24.8656842],[121.5475788,24.8656902],[121.5476409,24.8656777],[121.5476191,24.8656347],[121.5476309,24.8656299],[121.5475675,24.8655246],[121.5475266,24.8655463],[121.5475149,24.8655317],[121.5474791,24.8655553],[121.5474736,24.8655483],[121.5474359,24.8655697],[121.5474406,24.8655777],[121.5474055,24.8655953],[121.5474613,24.8656751],[121.5474558,24.865679],[121.5474796,24.8657218]]]}},{"type":"Feature","properties":{"id":633,"height":14.5,"source":"F_BUILD 新北市建物","area_m2":205.8},"geometry":{"type":"Polygon","coordinates":[[[121.5517785,24.8657868],[121.5518084,24.8657311],[121.5518346,24.8657372],[121.551888,24.8655685],[121.5518195,24.8655526],[121.5518001,24.8656317],[121.5517572,24.8656201],[121.5517466,24.8656308],[121.5517344,24.8656695],[121.5517844,24.8656852],[121.5517822,24.8656977],[121.5517634,24.8656892],[121.5517245,24.865762],[121.5517785,24.8657868]]]}},{"type":"Feature","properties":{"id":634,"height":10.2,"source":"F_BUILD 新北市建物","area_m2":23.4},"geometry":{"type":"Polygon","coordinates":[[[121.5518158,24.8658155],[121.5517767,24.8657985],[121.5517662,24.8658491],[121.5518051,24.8658636],[121.5518158,24.8658155]]]}},{"type":"Feature","properties":{"id":635,"height":13.6,"source":"F_BUILD 新北市建物","area_m2":153.6},"geometry":{"type":"Polygon","coordinates":[[[121.5470036,24.8658046],[121.5469355,24.8657679],[121.5468521,24.865909],[121.5469251,24.8659498],[121.546976,24.8658682],[121.5470036,24.8658046]]]}},{"type":"Feature","properties":{"id":636,"height":15.4,"source":"F_BUILD 新北市建物","area_m2":271.9},"geometry":{"type":"Polygon","coordinates":[[[121.5473206,24.8659202],[121.5472548,24.8658424],[121.5472484,24.8658463],[121.5471639,24.8657457],[121.5471367,24.8657628],[121.5471121,24.8657361],[121.5470517,24.8657912],[121.5471727,24.865924],[121.5472261,24.8658869],[121.5472397,24.8659024],[121.5472341,24.8659065],[121.5472756,24.8659544],[121.5473206,24.8659202]]]}},{"type":"Feature","properties":{"id":637,"height":12.0,"source":"F_BUILD 新北市建物","area_m2":77.5},"geometry":{"type":"Polygon","coordinates":[[[121.5459888,24.8659329],[121.5459246,24.8658649],[121.5458635,24.8659085],[121.5459275,24.8659759],[121.5459888,24.8659329]]]}},{"type":"Feature","properties":{"id":638,"height":11.5,"source":"F_BUILD 新北市建物","area_m2":61.5},"geometry":{"type":"Polygon","coordinates":[[[121.5471401,24.8659541],[121.5470806,24.8659076],[121.547035,24.8659525],[121.5471092,24.8660093],[121.5471389,24.8659801],[121.5471242,24.8659692],[121.5471401,24.8659541]]]}},{"type":"Feature","properties":{"id":639,"height":9.6,"source":"F_BUILD 新北市建物","area_m2":13.0},"geometry":{"type":"Polygon","coordinates":[[[121.54707,24.8660222],[121.547015,24.8659849],[121.5470058,24.8659985],[121.5470346,24.8660168],[121.5470323,24.8660212],[121.5470566,24.8660369],[121.54707,24.8660222]]]}},{"type":"Feature","properties":{"id":640,"height":10.9,"source":"F_BUILD 新北市建物","area_m2":40.6},"geometry":{"type":"Polygon","coordinates":[[[121.5469668,24.8659798],[121.5469378,24.8659647],[121.5468871,24.8660451],[121.5469228,24.8660614],[121.5469685,24.8659899],[121.5469631,24.8659866],[121.5469668,24.8659798]]]}},{"type":"Feature","properties":{"id":641,"height":10.9,"source":"F_BUILD 新北市建物","area_m2":42.4},"geometry":{"type":"Polygon","coordinates":[[[121.5479344,24.8660331],[121.547884,24.8659669],[121.5478563,24.865984],[121.5478661,24.8659997],[121.5478535,24.8660079],[121.5478932,24.8660592],[121.5479344,24.8660331]]]}},{"type":"Feature","properties":{"id":642,"height":12.6,"source":"F_BUILD 新北市建物","area_m2":103.9},"geometry":{"type":"Polygon","coordinates":[[[121.546917,24.8659534],[121.5468496,24.8659191],[121.5467842,24.8660402],[121.5468392,24.8660657],[121.546917,24.8659534]]]}},{"type":"Feature","properties":{"id":643,"height":13.1,"source":"F_BUILD 新北市建物","area_m2":126.1},"geometry":{"type":"Polygon","coordinates":[[[121.5488706,24.8659779],[121.5488431,24.8659157],[121.548751,24.8659485],[121.5487991,24.8660608],[121.5488787,24.8660328],[121.5488582,24.8659829],[121.5488706,24.8659779]]]}},{"type":"Feature","properties":{"id":644,"height":17.9,"source":"F_BUILD 新北市建物","area_m2":487.6},"geometry":{"type":"Polygon","coordinates":[[[121.549838,24.8660422],[121.549825,24.8659734],[121.5498003,24.8659762],[121.5497929,24.8659356],[121.549746,24.8659414],[121.5497441,24.8659204],[121.5497347,24.8659208],[121.5497303,24.8658912],[121.5497082,24.8658011],[121.5497126,24.8657736],[121.5497524,24.8657496],[121.5497373,24.865705],[121.5496845,24.8657336],[121.5496814,24.8657356],[121.5496277,24.8656563],[121.5495536,24.865696],[121.5496078,24.8657828],[121.5495735,24.8658048],[121.5495939,24.8658354],[121.5496071,24.865829],[121.5496285,24.865916],[121.549657,24.8659105],[121.5496681,24.8659382],[121.5497016,24.8660066],[121.5497211,24.8660579],[121.5497458,24.8660497],[121.5497333,24.8660128],[121.5497387,24.8660112],[121.5497323,24.8659808],[121.5497462,24.8659791],[121.5497657,24.8660586],[121.549838,24.8660422]]]}},{"type":"Feature","properties":{"id":645,"height":10.2,"source":"F_BUILD 新北市建物","area_m2":23.3},"geometry":{"type":"Polygon","coordinates":[[[121.5472371,24.8660269],[121.5472205,24.8660091],[121.5471516,24.8660642],[121.5471679,24.8660808],[121.5472371,24.8660269]]]}},{"type":"Feature","properties":{"id":646,"height":13.1,"source":"F_BUILD 新北市建物","area_m2":129.5},"geometry":{"type":"Polygon","coordinates":[[[121.5477281,24.8660948],[121.5476992,24.86605],[121.5476419,24.8660817],[121.5476059,24.8660397],[121.5475711,24.8660363],[121.5475354,24.8660643],[121.5476187,24.8661544],[121.5477281,24.8660948]]]}},{"type":"Feature","properties":{"id":647,"height":10.8,"source":"F_BUILD 新北市建物","area_m2":38.9},"geometry":{"type":"Polygon","coordinates":[[[121.5511596,24.8661965],[121.5511562,24.8661313],[121.5511043,24.8661317],[121.5511063,24.8661986],[121.5511596,24.8661965]]]}},{"type":"Feature","properties":{"id":648,"height":11.0,"source":"F_BUILD 新北市建物","area_m2":44.3},"geometry":{"type":"Polygon","coordinates":[[[121.5468524,24.8661727],[121.5468255,24.8661528],[121.5467493,24.8662403],[121.5467794,24.8662598],[121.5468524,24.8661727]]]}},{"type":"Feature","properties":{"id":649,"height":9.4,"source":"F_BUILD 新北市建物","area_m2":10.1},"geometry":{"type":"Polygon","coordinates":[[[121.5470646,24.8663504],[121.5470298,24.8663291],[121.5470162,24.866347],[121.5470533,24.8663682],[121.5470646,24.8663504]]]}},{"type":"Feature","properties":{"id":650,"height":10.6,"source":"F_BUILD 新北市建物","area_m2":32.2},"geometry":{"type":"Polygon","coordinates":[[[121.5469686,24.8664732],[121.5469839,24.8664528],[121.5470012,24.8664631],[121.5470472,24.8663981],[121.5470248,24.8663847],[121.5469775,24.8664503],[121.5469517,24.8664386],[121.5469398,24.8664538],[121.5469686,24.8664732]]]}},{"type":"Feature","properties":{"id":651,"height":11.0,"source":"F_BUILD 新北市建物","area_m2":45.3},"geometry":{"type":"Polygon","coordinates":[[[121.5498886,24.8664987],[121.5498789,24.866407],[121.5498293,24.8664109],[121.5498501,24.8665012],[121.5498886,24.8664987]]]}},{"type":"Feature","properties":{"id":652,"height":13.8,"source":"F_BUILD 新北市建物","area_m2":164.5},"geometry":{"type":"Polygon","coordinates":[[[121.5488717,24.8665362],[121.5488991,24.8664767],[121.5487273,24.8664097],[121.5486798,24.8665025],[121.5487293,24.8665235],[121.5487439,24.8664936],[121.5488717,24.8665362]]]}},{"type":"Feature","properties":{"id":653,"height":10.4,"source":"F_BUILD 新北市建物","area_m2":28.7},"geometry":{"type":"Polygon","coordinates":[[[121.5468854,24.8665832],[121.5468933,24.8665454],[121.5468493,24.8665388],[121.5468116,24.8665418],[121.5468143,24.8665702],[121.5468494,24.8665649],[121.5468498,24.8665785],[121.5468854,24.8665832]]]}},{"type":"Feature","properties":{"id":654,"height":10.2,"source":"F_BUILD 新北市建物","area_m2":22.8},"geometry":{"type":"Polygon","coordinates":[[[121.548677,24.8665605],[121.5486385,24.8665398],[121.5486137,24.8665802],[121.548651,24.8666003],[121.548677,24.8665605]]]}},{"type":"Feature","properties":{"id":655,"height":13.0,"source":"F_BUILD 新北市建物","area_m2":123.6},"geometry":{"type":"Polygon","coordinates":[[[121.5484893,24.8665019],[121.5484433,24.8664746],[121.5483384,24.8665961],[121.5483831,24.8666291],[121.5484392,24.8665931],[121.5484695,24.8665608],[121.5484893,24.8665019]]]}},{"type":"Feature","properties":{"id":656,"height":12.8,"source":"F_BUILD 新北市建物","area_m2":114.2},"geometry":{"type":"Polygon","coordinates":[[[121.5468359,24.8666134],[121.5467933,24.8665404],[121.5466852,24.8665928],[121.54673,24.8666672],[121.5468359,24.8666134]]]}},{"type":"Feature","properties":{"id":657,"height":12.4,"source":"F_BUILD 新北市建物","area_m2":93.8},"geometry":{"type":"Polygon","coordinates":[[[121.5483934,24.8668277],[121.548469,24.86677],[121.5484744,24.8667746],[121.5484885,24.8667621],[121.5484847,24.8667548],[121.548524,24.8667228],[121.548493,24.8666898],[121.548359,24.8667891],[121.5483934,24.8668277]]]}},{"type":"Feature","properties":{"id":658,"height":11.5,"source":"F_BUILD 新北市建物","area_m2":59.3},"geometry":{"type":"Polygon","coordinates":[[[121.5486469,24.8667821],[121.5485941,24.8667499],[121.5485563,24.8668014],[121.5486319,24.8668492],[121.548661,24.8668155],[121.5486371,24.8668004],[121.5486469,24.8667821]]]}},{"type":"Feature","properties":{"id":659,"height":12.0,"source":"F_BUILD 新北市建物","area_m2":77.3},"geometry":{"type":"Polygon","coordinates":[[[121.5475425,24.8669425],[121.5475712,24.8669069],[121.5475807,24.866914],[121.5476459,24.8668368],[121.5476029,24.8668076],[121.5475103,24.8669199],[121.5475425,24.8669425]]]}},{"type":"Feature","properties":{"id":660,"height":15.8,"source":"F_BUILD 新北市建物","area_m2":303.7},"geometry":{"type":"Polygon","coordinates":[[[121.5483596,24.8668902],[121.5482599,24.8667953],[121.5482012,24.8668434],[121.5481934,24.8668785],[121.548193,24.8669044],[121.5482296,24.8669329],[121.5481613,24.8670041],[121.5482153,24.8670563],[121.5483767,24.8669089],[121.5483596,24.8668902]]]}},{"type":"Feature","properties":{"id":661,"height":10.2,"source":"F_BUILD 新北市建物","area_m2":24.0},"geometry":{"type":"Polygon","coordinates":[[[121.5479587,24.8678469],[121.5479112,24.8678123],[121.5478879,24.8678386],[121.5479334,24.8678754],[121.5479587,24.8678469]]]}},{"type":"Feature","properties":{"id":662,"height":13.4,"source":"F_BUILD 新北市建物","area_m2":144.0},"geometry":{"type":"Polygon","coordinates":[[[121.5478564,24.869324],[121.5477418,24.869228],[121.5476764,24.8692901],[121.5477841,24.8693776],[121.5478253,24.8693501],[121.5478564,24.869324]]]}},{"type":"Feature","properties":{"id":663,"height":11.4,"source":"F_BUILD 新北市建物","area_m2":58.3},"geometry":{"type":"Polygon","coordinates":[[[121.5480184,24.8694988],[121.5481053,24.8694543],[121.5480899,24.8694218],[121.5480516,24.8694299],[121.5480253,24.8694401],[121.547976,24.8694661],[121.5479956,24.8694944],[121.5480099,24.8694888],[121.5480184,24.8694988]]]}},{"type":"Feature","properties":{"id":664,"height":11.1,"source":"F_BUILD 新北市建物","area_m2":46.4},"geometry":{"type":"Polygon","coordinates":[[[121.5485162,24.8703001],[121.5484401,24.8702829],[121.5484272,24.870333],[121.5485063,24.8703516],[121.5485162,24.8703001]]]}},{"type":"Feature","properties":{"id":665,"height":11.1,"source":"F_BUILD 新北市建物","area_m2":47.3},"geometry":{"type":"Polygon","coordinates":[[[121.5483877,24.8704362],[121.5483792,24.8704035],[121.5483534,24.8703978],[121.5483411,24.8704278],[121.5483341,24.870423],[121.5483136,24.8704753],[121.5483705,24.8704892],[121.5483877,24.8704362]]]}},{"type":"Feature","properties":{"id":666,"height":10.0,"source":"F_BUILD 新北市建物","area_m2":20.4},"geometry":{"type":"Polygon","coordinates":[[[121.5497492,24.8704849],[121.5497223,24.8704667],[121.5496903,24.870513],[121.5497231,24.8705283],[121.5497492,24.8704849]]]}},{"type":"Feature","properties":{"id":667,"height":14.5,"source":"F_BUILD 新北市建物","area_m2":210.8},"geometry":{"type":"Polygon","coordinates":[[[121.5482812,24.8706391],[121.5481518,24.8705492],[121.5481,24.870487],[121.5480809,24.8705008],[121.5480974,24.8705234],[121.5480387,24.8705581],[121.5480939,24.8706347],[121.5481421,24.8706063],[121.5482103,24.8707062],[121.5482812,24.8706391]]]}},{"type":"Feature","properties":{"id":668,"height":10.5,"source":"F_BUILD 新北市建物","area_m2":30.4},"geometry":{"type":"Polygon","coordinates":[[[121.5493993,24.8709688],[121.5493285,24.8709575],[121.5493233,24.8709951],[121.5493936,24.8710065],[121.5493993,24.8709688]]]}},{"type":"Feature","properties":{"id":669,"height":9.8,"source":"F_BUILD 新北市建物","area_m2":15.9},"geometry":{"type":"Polygon","coordinates":[[[121.5479764,24.8710583],[121.5479583,24.8710211],[121.547927,24.8710277],[121.5479413,24.8710682],[121.5479764,24.8710583]]]}},{"type":"Feature","properties":{"id":670,"height":34.4,"source":"F_BUILD 新北市建物","area_m2":1677.9},"geometry":{"type":"Polygon","coordinates":[[[121.5478217,24.8710747],[121.5477885,24.8709535],[121.5477948,24.8709514],[121.5477866,24.8709243],[121.547814,24.870967],[121.5478831,24.8709251],[121.5478479,24.8708699],[121.5478167,24.87081],[121.5477927,24.8708111],[121.5477842,24.8707451],[121.5476972,24.8704211],[121.5476604,24.8704208],[121.5476561,24.8703895],[121.5476436,24.8703899],[121.547629,24.8703227],[121.5475013,24.8703363],[121.5475122,24.8704098],[121.5475021,24.8704109],[121.5475071,24.8704514],[121.5475154,24.8704506],[121.5475232,24.870486],[121.5475114,24.8704872],[121.5475123,24.8704943],[121.5475232,24.8705496],[121.5475314,24.870549],[121.5475756,24.8707768],[121.547621,24.8709393],[121.5476164,24.8709402],[121.5476305,24.870988],[121.5476381,24.8709863],[121.5476667,24.8711022],[121.5478217,24.8710747]]]}},{"type":"Feature","properties":{"id":673,"height":11.6,"source":"F_BUILD 新北市建物","area_m2":65.6},"geometry":{"type":"Polygon","coordinates":[[[121.5470938,24.8714847],[121.5470329,24.8714837],[121.5470256,24.8715848],[121.54708,24.8715864],[121.5470938,24.8714847]]]}},{"type":"Feature","properties":{"id":675,"height":9.7,"source":"F_BUILD 新北市建物","area_m2":14.2},"geometry":{"type":"Polygon","coordinates":[[[121.5469852,24.8715789],[121.5469633,24.8715731],[121.5469482,24.871626],[121.5469709,24.8716318],[121.5469852,24.8715789]]]}},{"type":"Feature","properties":{"id":676,"height":12.6,"source":"F_BUILD 新北市建物","area_m2":102.9},"geometry":{"type":"Polygon","coordinates":[[[121.5472133,24.8715982],[121.5471411,24.8715972],[121.5471399,24.8717239],[121.5472133,24.8717241],[121.5472133,24.8715982]]]}},{"type":"Feature","properties":{"id":679,"height":20.3,"source":"F_BUILD 新北市建物","area_m2":748.0},"geometry":{"type":"Polygon","coordinates":[[[121.5481627,24.8718056],[121.5481543,24.871768],[121.548106,24.8717752],[121.5480976,24.8717404],[121.5481708,24.8717256],[121.5481397,24.8715885],[121.5481094,24.8715943],[121.5480941,24.8715293],[121.548102,24.8715276],[121.5481093,24.8715528],[121.5481505,24.8715441],[121.5481379,24.8714911],[121.5480438,24.8715105],[121.5479034,24.8715378],[121.5479815,24.8718638],[121.5481203,24.8718341],[121.5481168,24.8718156],[121.5481627,24.8718056]]]}},{"type":"Feature","properties":{"id":680,"height":9.6,"source":"F_BUILD 新北市建物","area_m2":12.0},"geometry":{"type":"Polygon","coordinates":[[[121.5482483,24.8719241],[121.5482399,24.8718876],[121.5482121,24.8718928],[121.5482196,24.8719294],[121.5482483,24.8719241]]]}},{"type":"Feature","properties":{"id":681,"height":10.7,"source":"F_BUILD 新北市建物","area_m2":36.6},"geometry":{"type":"Polygon","coordinates":[[[121.5469113,24.8719787],[121.5469098,24.8719272],[121.5468505,24.8719282],[121.5468464,24.8719521],[121.5468467,24.8719802],[121.5469113,24.8719787]]]}},{"type":"Feature","properties":{"id":682,"height":17.2,"source":"F_BUILD 新北市建物","area_m2":414.0},"geometry":{"type":"Polygon","coordinates":[[[121.548188,24.8719957],[121.5481788,24.8719597],[121.5481895,24.8719568],[121.5481728,24.8718914],[121.5481627,24.8718914],[121.5481567,24.8718565],[121.5481536,24.8718519],[121.5481495,24.8718488],[121.5481435,24.8718475],[121.5481376,24.8718475],[121.5481324,24.8718483],[121.5481271,24.87185],[121.5481222,24.8718539],[121.5481191,24.8718572],[121.5481163,24.8718613],[121.5480282,24.8718789],[121.5480264,24.8718722],[121.5479232,24.8718926],[121.5479374,24.8719539],[121.5479279,24.8719562],[121.5479351,24.8719886],[121.5479457,24.8719869],[121.5479608,24.8720482],[121.548188,24.8719957]]]}},{"type":"Feature","properties":{"id":683,"height":14.4,"source":"F_BUILD 新北市建物","area_m2":201.0},"geometry":{"type":"Polygon","coordinates":[[[121.5490974,24.8724994],[121.5490988,24.8724171],[121.5488808,24.8724168],[121.5488807,24.8724358],[121.5488606,24.8724356],[121.5488595,24.8724918],[121.5490333,24.8724924],[121.5490332,24.8724989],[121.5490974,24.8724994]]]}},{"type":"Feature","properties":{"id":684,"height":17.7,"source":"F_BUILD 新北市建物","area_m2":462.2},"geometry":{"type":"Polygon","coordinates":[[[121.5478423,24.8723623],[121.5478508,24.8721803],[121.5478468,24.8721801],[121.5478467,24.8721732],[121.5477851,24.8721842],[121.5477601,24.8722262],[121.5477531,24.8722361],[121.5477403,24.8722577],[121.5477501,24.8722632],[121.5477269,24.8722933],[121.5477155,24.8722893],[121.5476355,24.8724023],[121.5476485,24.8724078],[121.5476206,24.8724455],[121.5477371,24.8725156],[121.5478423,24.8723623]]]}},{"type":"Feature","properties":{"id":685,"height":9.5,"source":"F_BUILD 新北市建物","area_m2":11.2},"geometry":{"type":"Polygon","coordinates":[[[121.5489629,24.8726854],[121.5489483,24.8726545],[121.5489209,24.8726656],[121.548935,24.8726959],[121.5489629,24.8726854]]]}},{"type":"Feature","properties":{"id":686,"height":17.9,"source":"F_BUILD 新北市建物","area_m2":483.3},"geometry":{"type":"Polygon","coordinates":[[[121.5476284,24.8728002],[121.5476286,24.8727694],[121.5477,24.8727669],[121.5476998,24.8727144],[121.5477393,24.8727429],[121.5479104,24.8725651],[121.5478368,24.8724989],[121.5477623,24.8725677],[121.5477629,24.872573],[121.5477496,24.8725851],[121.5476894,24.8725378],[121.5476093,24.8726217],[121.5476837,24.8726784],[121.5476709,24.8726934],[121.5476918,24.8727085],[121.5475662,24.8727116],[121.547567,24.8727725],[121.547591,24.8727715],[121.5475901,24.8728011],[121.5476284,24.8728002]]]}},{"type":"Feature","properties":{"id":687,"height":11.4,"source":"F_BUILD 新北市建物","area_m2":57.7},"geometry":{"type":"Polygon","coordinates":[[[121.5473801,24.872809],[121.5473879,24.8726472],[121.5473476,24.8726474],[121.5473457,24.8726728],[121.5473624,24.8726754],[121.547352,24.8727733],[121.5473403,24.8727729],[121.547342,24.8728071],[121.5473801,24.872809]]]}},{"type":"Feature","properties":{"id":688,"height":11.2,"source":"F_BUILD 新北市建物","area_m2":52.0},"geometry":{"type":"Polygon","coordinates":[[[121.547948,24.8731298],[121.5479485,24.8730788],[121.5478667,24.8730826],[121.5478682,24.8731403],[121.5479469,24.8731361],[121.5479479,24.873136],[121.547948,24.8731298]]]}},{"type":"Feature","properties":{"id":690,"height":34.1,"source":"F_BUILD 新北市建物","area_m2":1619.1},"geometry":{"type":"Polygon","coordinates":[[[121.5473076,24.873256],[121.5473076,24.8732469],[121.5473522,24.8732469],[121.5474028,24.8731738],[121.5473977,24.8730562],[121.5474057,24.8730559],[121.5474061,24.8730446],[121.5474099,24.8730445],[121.5474083,24.8730278],[121.5473746,24.873029],[121.5473701,24.8729425],[121.5473492,24.8729421],[121.5473165,24.8728865],[121.5472967,24.8728863],[121.5472747,24.8728106],[121.5471835,24.8727143],[121.5470509,24.8727178],[121.5470761,24.8730329],[121.5470941,24.8730682],[121.547102,24.873178],[121.5471223,24.8731781],[121.5471318,24.8733213],[121.5471912,24.8733213],[121.5471891,24.8732814],[121.5472497,24.8732792],[121.547249,24.8732564],[121.5473076,24.873256]]]}},{"type":"Feature","properties":{"id":691,"height":10.9,"source":"F_BUILD 新北市建物","area_m2":40.4},"geometry":{"type":"Polygon","coordinates":[[[121.547713,24.8734641],[121.5476163,24.873443],[121.5476077,24.8734773],[121.5477083,24.8735],[121.547713,24.8734641]]]}},{"type":"Feature","properties":{"id":692,"height":11.1,"source":"F_BUILD 新北市建物","area_m2":47.3},"geometry":{"type":"Polygon","coordinates":[[[121.547659,24.8736899],[121.5476069,24.8736722],[121.5475815,24.8737453],[121.5476357,24.8737607],[121.547659,24.8736899]]]}},{"type":"Feature","properties":{"id":693,"height":11.2,"source":"F_BUILD 新北市建物","area_m2":50.8},"geometry":{"type":"Polygon","coordinates":[[[121.5477183,24.8738154],[121.5476629,24.8737995],[121.5476417,24.873876],[121.5476985,24.8738898],[121.5477183,24.8738154]]]}},{"type":"Feature","properties":{"id":694,"height":12.5,"source":"F_BUILD 新北市建物","area_m2":99.1},"geometry":{"type":"Polygon","coordinates":[[[121.5486569,24.8738418],[121.5485772,24.8738365],[121.5485679,24.8739465],[121.5486482,24.8739518],[121.5486569,24.8738418]]]}},{"type":"Feature","properties":{"id":695,"height":21.4,"source":"F_BUILD 新北市建物","area_m2":893.0},"geometry":{"type":"Polygon","coordinates":[[[121.546922,24.874763],[121.5469272,24.8747482],[121.546947,24.8747496],[121.5469815,24.874663],[121.5470242,24.8746723],[121.5470553,24.8746027],[121.5470149,24.8745869],[121.5471675,24.8742297],[121.5470985,24.8742086],[121.547048,24.874215],[121.5469382,24.8744322],[121.5469295,24.8744299],[121.5469187,24.8744545],[121.5468054,24.8747197],[121.546922,24.874763]]]}},{"type":"Feature","properties":{"id":4885,"height":34.2,"source":"F_BUILD 新北市建物","area_m2":1634.8},"geometry":{"type":"Polygon","coordinates":[[[121.5513718,24.8481278],[121.5513277,24.8480404],[121.5513226,24.8480429],[121.5511409,24.8476968],[121.5511188,24.8477101],[121.5510368,24.8478723],[121.5512597,24.8483355],[121.5513167,24.8484507],[121.5513936,24.8484795],[121.5515301,24.8485085],[121.5515529,24.8484994],[121.5514722,24.8483355],[121.5513666,24.8481311],[121.5513718,24.8481278]]]}},{"type":"Feature","properties":{"id":104719,"height":11.2,"source":"F_BUILD 新北市建物","area_m2":51.6},"geometry":{"type":"Polygon","coordinates":[[[121.5499896,24.8484336],[121.5499633,24.8483739],[121.5498982,24.8483961],[121.5499254,24.8484593],[121.5499896,24.8484336]]]}},{"type":"Feature","properties":{"id":104720,"height":11.4,"source":"F_BUILD 新北市建物","area_m2":57.0},"geometry":{"type":"Polygon","coordinates":[[[121.5511711,24.8502205],[121.5511,24.8502122],[121.5510903,24.8502817],[121.551162,24.8502912],[121.5511711,24.8502205]]]}},{"type":"Feature","properties":{"id":104721,"height":11.5,"source":"F_BUILD 新北市建物","area_m2":60.8},"geometry":{"type":"Polygon","coordinates":[[[121.5507763,24.8502312],[121.5507378,24.85022],[121.5507183,24.8502792],[121.5507216,24.8503246],[121.5507782,24.8503484],[121.5507958,24.8503271],[121.5507614,24.8502967],[121.550758,24.8502845],[121.5507763,24.8502312]]]}},{"type":"Feature","properties":{"id":104724,"height":11.8,"source":"F_BUILD 新北市建物","area_m2":71.4},"geometry":{"type":"Polygon","coordinates":[[[121.5471155,24.8525483],[121.547114,24.8524944],[121.5469937,24.8525027],[121.5469963,24.8525551],[121.5471155,24.8525483]]]}},{"type":"Feature","properties":{"id":104725,"height":10.7,"source":"F_BUILD 新北市建物","area_m2":35.7},"geometry":{"type":"Polygon","coordinates":[[[121.5404067,24.8534651],[121.5404037,24.8534226],[121.5403283,24.8534309],[121.5403335,24.8534733],[121.5404067,24.8534651]]]}},{"type":"Feature","properties":{"id":104727,"height":9.8,"source":"F_BUILD 新北市建物","area_m2":16.8},"geometry":{"type":"Polygon","coordinates":[[[121.5478718,24.8555864],[121.5478517,24.8555411],[121.5478259,24.8555585],[121.5478447,24.8556023],[121.5478718,24.8555864]]]}},{"type":"Feature","properties":{"id":104728,"height":12.0,"source":"F_BUILD 新北市建物","area_m2":79.0},"geometry":{"type":"Polygon","coordinates":[[[121.5482816,24.8558111],[121.548227,24.855773],[121.5481573,24.8558569],[121.5482077,24.8558938],[121.5482816,24.8558111]]]}},{"type":"Feature","properties":{"id":104729,"height":12.0,"source":"F_BUILD 新北市建物","area_m2":79.9},"geometry":{"type":"Polygon","coordinates":[[[121.555878,24.856757],[121.5558802,24.856686],[121.5557876,24.8566872],[121.5557861,24.8567318],[121.5557662,24.8567321],[121.5557672,24.8567596],[121.555878,24.856757]]]}},{"type":"Feature","properties":{"id":104730,"height":11.1,"source":"F_BUILD 新北市建物","area_m2":48.5},"geometry":{"type":"Polygon","coordinates":[[[121.5390777,24.8567955],[121.5390227,24.8567708],[121.5389943,24.856837],[121.539052,24.8568601],[121.5390777,24.8567955]]]}},{"type":"Feature","properties":{"id":104731,"height":10.6,"source":"F_BUILD 新北市建物","area_m2":33.0},"geometry":{"type":"Polygon","coordinates":[[[121.5575847,24.8568009],[121.5575693,24.8567649],[121.5574993,24.8567892],[121.5575147,24.8568263],[121.5575847,24.8568009]]]}},{"type":"Feature","properties":{"id":104732,"height":9.1,"source":"F_BUILD 新北市建物","area_m2":6.2},"geometry":{"type":"Polygon","coordinates":[[[121.5449956,24.8569355],[121.5449935,24.8569117],[121.5449703,24.8569141],[121.5449729,24.8569379],[121.5449956,24.8569355]]]}},{"type":"Feature","properties":{"id":104733,"height":14.4,"source":"F_BUILD 新北市建物","area_m2":203.7},"geometry":{"type":"Polygon","coordinates":[[[121.5552196,24.8571745],[121.5552243,24.8571511],[121.5553302,24.8571652],[121.555339,24.8571101],[121.5552198,24.8570864],[121.5552117,24.8571466],[121.5551389,24.8571378],[121.5551457,24.8570718],[121.5550291,24.8570579],[121.5550177,24.8571291],[121.555127,24.85714],[121.555124,24.8571634],[121.5552196,24.8571745]]]}},{"type":"Feature","properties":{"id":104734,"height":9.8,"source":"F_BUILD 新北市建物","area_m2":15.2},"geometry":{"type":"Polygon","coordinates":[[[121.5408291,24.8575756],[121.5408225,24.857564],[121.5407286,24.8576049],[121.5407352,24.8576165],[121.5408291,24.8575756]]]}},{"type":"Feature","properties":{"id":104735,"height":13.4,"source":"F_BUILD 新北市建物","area_m2":144.1},"geometry":{"type":"Polygon","coordinates":[[[121.5522422,24.8584738],[121.5522161,24.8583599],[121.5521065,24.8583847],[121.5521365,24.8584974],[121.5522422,24.8584738]]]}},{"type":"Feature","properties":{"id":104736,"height":10.2,"source":"F_BUILD 新北市建物","area_m2":24.8},"geometry":{"type":"Polygon","coordinates":[[[121.5522551,24.8587098],[121.552238,24.8586471],[121.5522049,24.8586528],[121.5522219,24.8587172],[121.5522551,24.8587098]]]}},{"type":"Feature","properties":{"id":104737,"height":9.8,"source":"F_BUILD 新北市建物","area_m2":16.1},"geometry":{"type":"Polygon","coordinates":[[[121.5482651,24.8588321],[121.5482493,24.858802],[121.5482099,24.8588194],[121.5482245,24.8588484],[121.5482651,24.8588321]]]}},{"type":"Feature","properties":{"id":104738,"height":9.5,"source":"F_BUILD 新北市建物","area_m2":11.7},"geometry":{"type":"Polygon","coordinates":[[[121.5480966,24.8590431],[121.5480929,24.8590099],[121.548061,24.8590145],[121.5480654,24.8590465],[121.5480966,24.8590431]]]}},{"type":"Feature","properties":{"id":104739,"height":11.5,"source":"F_BUILD 新北市建物","area_m2":60.4},"geometry":{"type":"Polygon","coordinates":[[[121.5408171,24.860018],[121.5407612,24.8599903],[121.5407171,24.8600664],[121.5407722,24.8600928],[121.5408171,24.860018]]]}},{"type":"Feature","properties":{"id":104740,"height":10.6,"source":"F_BUILD 新北市建物","area_m2":32.6},"geometry":{"type":"Polygon","coordinates":[[[121.5386931,24.8603913],[121.5386349,24.8603853],[121.5386278,24.8604336],[121.5386892,24.8604391],[121.5386931,24.8603913]]]}},{"type":"Feature","properties":{"id":104741,"height":19.7,"source":"F_BUILD 新北市建物","area_m2":675.8},"geometry":{"type":"Polygon","coordinates":[[[121.5421319,24.860551],[121.5420701,24.8605443],[121.5421092,24.8602064],[121.5420471,24.8601986],[121.5420427,24.8602287],[121.5420096,24.8602243],[121.5419892,24.8603644],[121.5420105,24.8603673],[121.5420099,24.8603763],[121.5419862,24.860374],[121.5419694,24.8605381],[121.5419776,24.8605389],[121.5419766,24.860551],[121.54195,24.8605501],[121.5419409,24.8606439],[121.5420219,24.8606545],[121.5420213,24.8606748],[121.5420601,24.8606765],[121.5420596,24.8607343],[121.542135,24.8607352],[121.5421399,24.8606076],[121.5421273,24.8606063],[121.5421319,24.860551]]]}},{"type":"Feature","properties":{"id":104742,"height":20.0,"source":"F_BUILD 新北市建物","area_m2":716.4},"geometry":{"type":"Polygon","coordinates":[[[121.5574039,24.8606946],[121.5573955,24.8605732],[121.5569148,24.8606022],[121.5569214,24.8606893],[121.5569259,24.8607008],[121.5569276,24.860739],[121.5569251,24.8607391],[121.5569253,24.860742],[121.5572678,24.8607165],[121.5572668,24.8607034],[121.5574039,24.8606946]]]}},{"type":"Feature","properties":{"id":104743,"height":9.3,"source":"F_BUILD 新北市建物","area_m2":8.5},"geometry":{"type":"Polygon","coordinates":[[[121.5455249,24.860762],[121.5455004,24.8607568],[121.5454931,24.8607856],[121.5455189,24.8607909],[121.5455249,24.860762]]]}},{"type":"Feature","properties":{"id":104744,"height":11.6,"source":"F_BUILD 新北市建物","area_m2":62.2},"geometry":{"type":"Polygon","coordinates":[[[121.5545517,24.8609924],[121.5544816,24.8609441],[121.5544362,24.8609916],[121.5545147,24.8610407],[121.5545517,24.8609924]]]}},{"type":"Feature","properties":{"id":104745,"height":8.9,"source":"F_BUILD 新北市建物","area_m2":4.0},"geometry":{"type":"Polygon","coordinates":[[[121.5384438,24.861323],[121.5384257,24.861322],[121.5384252,24.8613409],[121.5384446,24.8613419],[121.5384438,24.861323]]]}},{"type":"Feature","properties":{"id":104746,"height":10.6,"source":"F_BUILD 新北市建物","area_m2":33.6},"geometry":{"type":"Polygon","coordinates":[[[121.5384095,24.8613216],[121.5383668,24.8613202],[121.5383668,24.8613911],[121.5384096,24.8613914],[121.5384095,24.8613216]]]}},{"type":"Feature","properties":{"id":104747,"height":10.6,"source":"F_BUILD 新北市建物","area_m2":33.2},"geometry":{"type":"Polygon","coordinates":[[[121.5437159,24.8615739],[121.5436657,24.8615615],[121.5436506,24.8616168],[121.5437028,24.861628],[121.5437159,24.8615739]]]}},{"type":"Feature","properties":{"id":104748,"height":9.7,"source":"F_BUILD 新北市建物","area_m2":13.9},"geometry":{"type":"Polygon","coordinates":[[[121.5461034,24.8626298],[121.5460728,24.8626102],[121.5460507,24.8626363],[121.5460826,24.862656],[121.5461034,24.8626298]]]}},{"type":"Feature","properties":{"id":104749,"height":9.8,"source":"F_BUILD 新北市建物","area_m2":15.9},"geometry":{"type":"Polygon","coordinates":[[[121.5524953,24.8629521],[121.5524645,24.862942],[121.5524496,24.8629837],[121.5524804,24.8629931],[121.5524953,24.8629521]]]}},{"type":"Feature","properties":{"id":104750,"height":12.9,"source":"F_BUILD 新北市建物","area_m2":119.2},"geometry":{"type":"Polygon","coordinates":[[[121.5398953,24.8631737],[121.5398839,24.8631502],[121.539876,24.8631542],[121.5398455,24.8630886],[121.5397781,24.8631154],[121.539838,24.8632453],[121.5399053,24.8632186],[121.5398879,24.8631763],[121.5398953,24.8631737]]]}},{"type":"Feature","properties":{"id":104751,"height":10.4,"source":"F_BUILD 新北市建物","area_m2":28.3},"geometry":{"type":"Polygon","coordinates":[[[121.5461107,24.8669314],[121.5460793,24.8669108],[121.5460386,24.8669682],[121.5460708,24.8669853],[121.5461107,24.8669314]]]}},{"type":"Feature","properties":{"id":104752,"height":10.7,"source":"F_BUILD 新北市建物","area_m2":35.0},"geometry":{"type":"Polygon","coordinates":[[[121.5461083,24.8670586],[121.5461358,24.8670111],[121.5460876,24.8669885],[121.5460761,24.8670126],[121.5460677,24.8670089],[121.5460549,24.8670365],[121.5461083,24.8670586]]]}},{"type":"Feature","properties":{"id":104753,"height":10.5,"source":"F_BUILD 新北市建物","area_m2":31.2},"geometry":{"type":"Polygon","coordinates":[[[121.5490689,24.8701032],[121.5490156,24.8701032],[121.5490148,24.8701552],[121.5490689,24.8701552],[121.5490689,24.8701032]]]}},{"type":"Feature","properties":{"id":104754,"height":10.6,"source":"F_BUILD 新北市建物","area_m2":33.3},"geometry":{"type":"Polygon","coordinates":[[[121.5491578,24.8701877],[121.5491467,24.8701375],[121.5490901,24.8701473],[121.5491008,24.8701979],[121.5491578,24.8701877]]]}},{"type":"Feature","properties":{"id":104755,"height":11.4,"source":"F_BUILD 新北市建物","area_m2":57.4},"geometry":{"type":"Polygon","coordinates":[[[121.5483946,24.87167],[121.5483481,24.8716549],[121.5483122,24.8717505],[121.5483621,24.8717656],[121.5483946,24.87167]]]}},{"type":"Feature","properties":{"id":104756,"height":10.6,"source":"F_BUILD 新北市建物","area_m2":33.4},"geometry":{"type":"Polygon","coordinates":[[[121.5412881,24.8722554],[121.5412671,24.8722097],[121.5412111,24.8722282],[121.5412309,24.8722745],[121.5412881,24.8722554]]]}},{"type":"Feature","properties":{"id":104757,"height":11.4,"source":"F_BUILD 新北市建物","area_m2":58.5},"geometry":{"type":"Polygon","coordinates":[[[121.55489,24.8733309],[121.5549636,24.8733006],[121.554938,24.8732537],[121.5548319,24.8733003],[121.5548453,24.8733253],[121.5548785,24.8733125],[121.55489,24.8733309]]]}},{"type":"Feature","properties":{"id":132406,"height":11.1,"source":"F_BUILD 新北市建物","area_m2":46.7},"geometry":{"type":"Polygon","coordinates":[[[121.5545549,24.8450574],[121.5545262,24.8450221],[121.5544428,24.8450598],[121.5544718,24.8450977],[121.5545549,24.8450574]]]}},{"type":"Feature","properties":{"id":132407,"height":17.3,"source":"F_BUILD 新北市建物","area_m2":424.6},"geometry":{"type":"Polygon","coordinates":[[[121.5556946,24.8449629],[121.5556114,24.8449143],[121.5555911,24.844937],[121.5555628,24.8449166],[121.5554969,24.8449993],[121.5554414,24.8450017],[121.5554157,24.8450539],[121.5554816,24.8450882],[121.5554819,24.8450975],[121.5555699,24.8451632],[121.5556145,24.8451114],[121.5556986,24.8450037],[121.5556946,24.8449629]]]}},{"type":"Feature","properties":{"id":132408,"height":9.9,"source":"F_BUILD 新北市建物","area_m2":17.2},"geometry":{"type":"Polygon","coordinates":[[[121.5558275,24.8451189],[121.5558201,24.845114],[121.5558193,24.845115],[121.5558111,24.8451249],[121.5557959,24.8451433],[121.5558065,24.8451508],[121.5558271,24.8451655],[121.555835,24.8451572],[121.5558545,24.8451366],[121.5558398,24.8451269],[121.5558275,24.8451189]]]}},{"type":"Feature","properties":{"id":132409,"height":12.0,"source":"F_BUILD 新北市建物","area_m2":79.4},"geometry":{"type":"Polygon","coordinates":[[[121.5557522,24.8452855],[121.5556978,24.8452463],[121.5556763,24.8452485],[121.5556606,24.845267],[121.5556374,24.8452925],[121.5556458,24.845333],[121.5556825,24.8453408],[121.5557071,24.8453401],[121.5557299,24.8453098],[121.5557522,24.8452855]]]}},{"type":"Feature","properties":{"id":132410,"height":9.7,"source":"F_BUILD 新北市建物","area_m2":14.6},"geometry":{"type":"Polygon","coordinates":[[[121.5560433,24.8453549],[121.55602,24.8453278],[121.5559897,24.8453502],[121.5560145,24.8453761],[121.5560433,24.8453549]]]}},{"type":"Feature","properties":{"id":132411,"height":9.7,"source":"F_BUILD 新北市建物","area_m2":13.8},"geometry":{"type":"Polygon","coordinates":[[[121.5559423,24.8453732],[121.5559243,24.8453457],[121.5558921,24.8453654],[121.5559111,24.8453928],[121.5559423,24.8453732]]]}},{"type":"Feature","properties":{"id":132412,"height":14.3,"source":"F_BUILD 新北市建物","area_m2":198.0},"geometry":{"type":"Polygon","coordinates":[[[121.5554336,24.8452699],[121.5554042,24.8452577],[121.5553343,24.8453406],[121.5553348,24.8453516],[121.5554241,24.8454433],[121.5555156,24.8453575],[121.55547,24.8453143],[121.5554336,24.8452699]]]}},{"type":"Feature","properties":{"id":132413,"height":15.8,"source":"F_BUILD 新北市建物","area_m2":297.9},"geometry":{"type":"Polygon","coordinates":[[[121.555824,24.8455785],[121.5555943,24.8453694],[121.5555319,24.8454311],[121.555769,24.8456397],[121.555824,24.8455785]]]}},{"type":"Feature","properties":{"id":132414,"height":17.1,"source":"F_BUILD 新北市建物","area_m2":410.5},"geometry":{"type":"Polygon","coordinates":[[[121.5528704,24.846024],[121.5528567,24.845964],[121.5528372,24.8459672],[121.5528089,24.8458103],[121.5526448,24.8458375],[121.5526763,24.8459967],[121.5526899,24.8459942],[121.5527039,24.8460509],[121.5528704,24.846024]]]}},{"type":"Feature","properties":{"id":132421,"height":14.8,"source":"F_BUILD 新北市建物","area_m2":227.0},"geometry":{"type":"Polygon","coordinates":[[[121.5502984,24.8476491],[121.5502784,24.8475128],[121.550129,24.8475297],[121.5501478,24.8476601],[121.5502984,24.8476491]]]}},{"type":"Feature","properties":{"id":132422,"height":13.4,"source":"F_BUILD 新北市建物","area_m2":144.8},"geometry":{"type":"Polygon","coordinates":[[[121.5627271,24.8475565],[121.5626635,24.8474778],[121.5625592,24.8475584],[121.5626211,24.8476323],[121.5627271,24.8475565]]]}},{"type":"Feature","properties":{"id":132423,"height":11.4,"source":"F_BUILD 新北市建物","area_m2":57.9},"geometry":{"type":"Polygon","coordinates":[[[121.5501647,24.8476663],[121.5501043,24.8476453],[121.5500984,24.8476533],[121.5500867,24.8476493],[121.5500575,24.8477017],[121.5501297,24.847727],[121.5501647,24.8476663]]]}},{"type":"Feature","properties":{"id":132425,"height":10.0,"source":"F_BUILD 新北市建物","area_m2":20.6},"geometry":{"type":"Polygon","coordinates":[[[121.5515972,24.8481451],[121.5515884,24.8481166],[121.5515288,24.8481294],[121.5515371,24.8481587],[121.5515972,24.8481451]]]}},{"type":"Feature","properties":{"id":132428,"height":11.7,"source":"F_BUILD 新北市建物","area_m2":67.2},"geometry":{"type":"Polygon","coordinates":[[[121.5516407,24.8482154],[121.5516213,24.8481618],[121.5515175,24.8481976],[121.5515447,24.8482482],[121.5516407,24.8482154]]]}},{"type":"Feature","properties":{"id":132429,"height":10.0,"source":"F_BUILD 新北市建物","area_m2":20.5},"geometry":{"type":"Polygon","coordinates":[[[121.5503198,24.8482542],[121.5503026,24.8482013],[121.5502699,24.8482106],[121.5502873,24.8482613],[121.5503198,24.8482542]]]}},{"type":"Feature","properties":{"id":132431,"height":29.9,"source":"F_BUILD 新北市建物","area_m2":954.3},"geometry":{"type":"Polygon","coordinates":[[[121.5511619,24.8484899],[121.5512149,24.8484714],[121.551216,24.8484735],[121.5513031,24.8484409],[121.551303,24.8484408],[121.5513075,24.8484392],[121.5512579,24.8483355],[121.551231,24.8482793],[121.5512174,24.8482489],[121.5512166,24.8482492],[121.551059,24.847927],[121.550924,24.8479813],[121.5510884,24.8483355],[121.5511342,24.8484341],[121.5511619,24.8484899]]]}},{"type":"Feature","properties":{"id":132432,"height":19.5,"source":"F_BUILD 新北市建物","area_m2":654.7},"geometry":{"type":"Polygon","coordinates":[[[121.5518266,24.8484533],[121.5518347,24.8484502],[121.5518518,24.8484835],[121.5518998,24.8484625],[121.5518394,24.8483537],[121.5517963,24.8483753],[121.5518098,24.8484015],[121.5517807,24.8484197],[121.5516594,24.8484705],[121.5517035,24.8485541],[121.5516876,24.8485639],[121.5518117,24.8487967],[121.5518146,24.8488065],[121.5518146,24.8488067],[121.5518403,24.8487962],[121.5518369,24.8487897],[121.55193,24.8487491],[121.5518417,24.8485666],[121.5518592,24.8485585],[121.5518332,24.8485047],[121.5518492,24.8484968],[121.5518266,24.8484533]]]}},{"type":"Feature","properties":{"id":132433,"height":19.6,"source":"F_BUILD 新北市建物","area_m2":661.7},"geometry":{"type":"Polygon","coordinates":[[[121.5516617,24.8486544],[121.5515887,24.848557],[121.5515276,24.8485472],[121.5515169,24.8485339],[121.5515157,24.8485337],[121.5514836,24.8485549],[121.5514754,24.8485589],[121.5514546,24.8485331],[121.5513454,24.8486014],[121.5513711,24.8486428],[121.5513959,24.8486254],[121.5514046,24.8486444],[121.5513953,24.84865],[121.551464,24.8487803],[121.5514389,24.848795],[121.5514846,24.8488575],[121.5515753,24.8488043],[121.5515839,24.8487897],[121.5516269,24.8487638],[121.5516673,24.8487397],[121.5516256,24.8486775],[121.5516617,24.8486544]]]}},{"type":"Feature","properties":{"id":132435,"height":13.7,"source":"F_BUILD 新北市建物","area_m2":160.7},"geometry":{"type":"Polygon","coordinates":[[[121.5517767,24.8492549],[121.5518012,24.8489124],[121.5517568,24.8489139],[121.5517371,24.8492567],[121.5517767,24.8492549]]]}},{"type":"Feature","properties":{"id":132438,"height":13.7,"source":"F_BUILD 新北市建物","area_m2":158.2},"geometry":{"type":"Polygon","coordinates":[[[121.5494861,24.8496426],[121.5495209,24.8495587],[121.5494731,24.8495415],[121.5494515,24.8495875],[121.5494262,24.8495237],[121.5493998,24.8495319],[121.5493835,24.8494894],[121.5493374,24.8495037],[121.5493862,24.8496258],[121.5494861,24.8496426]]]}},{"type":"Feature","properties":{"id":132441,"height":12.6,"source":"F_BUILD 新北市建物","area_m2":103.4},"geometry":{"type":"Polygon","coordinates":[[[121.5508068,24.849636],[121.5507886,24.8496217],[121.550753,24.8496616],[121.5507697,24.849675],[121.5508369,24.8497189],[121.5508351,24.8497254],[121.5509051,24.8497495],[121.5509208,24.8496915],[121.5508649,24.8496719],[121.5508068,24.849636]]]}},{"type":"Feature","properties":{"id":132444,"height":13.6,"source":"F_BUILD 新北市建物","area_m2":156.5},"geometry":{"type":"Polygon","coordinates":[[[121.5506812,24.8500558],[121.5506902,24.8500266],[121.550741,24.8500421],[121.5507588,24.8500384],[121.5508227,24.8499034],[121.5508002,24.8498964],[121.550756,24.8498822],[121.5506726,24.8500083],[121.5506867,24.8500125],[121.550682,24.8500207],[121.5506519,24.8500123],[121.5506405,24.8500448],[121.5506812,24.8500558]]]}},{"type":"Feature","properties":{"id":132446,"height":9.8,"source":"F_BUILD 新北市建物","area_m2":15.2},"geometry":{"type":"Polygon","coordinates":[[[121.5518717,24.8504583],[121.551837,24.8504561],[121.5518347,24.850497],[121.5518693,24.8504959],[121.5518717,24.8504583]]]}},{"type":"Feature","properties":{"id":132452,"height":11.7,"source":"F_BUILD 新北市建物","area_m2":66.4},"geometry":{"type":"Polygon","coordinates":[[[121.5612449,24.8512498],[121.5611747,24.8512471],[121.5611728,24.8513322],[121.5612443,24.8513322],[121.5612449,24.8512498]]]}},{"type":"Feature","properties":{"id":132454,"height":11.2,"source":"F_BUILD 新北市建物","area_m2":50.7},"geometry":{"type":"Polygon","coordinates":[[[121.5367327,24.8514963],[121.536733,24.8514324],[121.536662,24.8514338],[121.5366605,24.8514964],[121.5367327,24.8514963]]]}},{"type":"Feature","properties":{"id":132458,"height":30.2,"source":"F_BUILD 新北市建物","area_m2":992.5},"geometry":{"type":"Polygon","coordinates":[[[121.5369283,24.851771],[121.5369148,24.8513985],[121.5368375,24.8514002],[121.536835,24.8513843],[121.536722,24.8513907],[121.5367223,24.8514176],[121.5367574,24.8514118],[121.5367622,24.8514271],[121.5367473,24.8514268],[121.5367435,24.8515023],[121.5366609,24.8515073],[121.5366735,24.8517777],[121.5368754,24.8517718],[121.5369283,24.851771]]]}},{"type":"Feature","properties":{"id":132462,"height":9.7,"source":"F_BUILD 新北市建物","area_m2":14.4},"geometry":{"type":"Polygon","coordinates":[[[121.5369591,24.8518408],[121.536958,24.8518019],[121.5369247,24.8518039],[121.5369266,24.851843],[121.5369591,24.8518408]]]}},{"type":"Feature","properties":{"id":132470,"height":14.4,"source":"F_BUILD 新北市建物","area_m2":204.2},"geometry":{"type":"Polygon","coordinates":[[[121.5367575,24.8522011],[121.5366844,24.8520506],[121.5366579,24.8520602],[121.5366266,24.8519909],[121.5365751,24.8520101],[121.5366068,24.8520788],[121.5366055,24.8520792],[121.5366756,24.8522291],[121.5367575,24.8522011]]]}},{"type":"Feature","properties":{"id":132472,"height":11.0,"source":"F_BUILD 新北市建物","area_m2":43.6},"geometry":{"type":"Polygon","coordinates":[[[121.5410554,24.8528886],[121.5410467,24.852808],[121.5409986,24.8528115],[121.5410073,24.8528915],[121.5410554,24.8528886]]]}},{"type":"Feature","properties":{"id":132473,"height":11.6,"source":"F_BUILD 新北市建物","area_m2":64.7},"geometry":{"type":"Polygon","coordinates":[[[121.5406451,24.8528989],[121.5405692,24.8528964],[121.540567,24.8529644],[121.5405997,24.8529652],[121.5405992,24.8529818],[121.5406408,24.8529819],[121.5406451,24.8528989]]]}},{"type":"Feature","properties":{"id":132474,"height":10.6,"source":"F_BUILD 新北市建物","area_m2":33.4},"geometry":{"type":"Polygon","coordinates":[[[121.5403744,24.8530174],[121.540373,24.8529645],[121.5403165,24.8529661],[121.5403177,24.8530186],[121.5403744,24.8530174]]]}},{"type":"Feature","properties":{"id":132475,"height":14.3,"source":"F_BUILD 新北市建物","area_m2":199.0},"geometry":{"type":"Polygon","coordinates":[[[121.5456884,24.8529959],[121.5456667,24.8529516],[121.5456516,24.85276],[121.5456022,24.8527628],[121.5455778,24.852766],[121.5455946,24.8529645],[121.5456206,24.8529632],[121.5456249,24.8529703],[121.5456367,24.8529925],[121.5456162,24.8529938],[121.5456156,24.8530233],[121.545648,24.8530239],[121.5456478,24.853013],[121.5456884,24.8529959]]]}},{"type":"Feature","properties":{"id":132476,"height":10.8,"source":"F_BUILD 新北市建物","area_m2":39.3},"geometry":{"type":"Polygon","coordinates":[[[121.5406906,24.8531918],[121.5406533,24.8530604],[121.5406275,24.8530649],[121.5406658,24.8531966],[121.5406906,24.8531918]]]}},{"type":"Feature","properties":{"id":132477,"height":13.6,"source":"F_BUILD 新北市建物","area_m2":155.2},"geometry":{"type":"Polygon","coordinates":[[[121.5412845,24.8536243],[121.5412598,24.853443],[121.5411863,24.8534495],[121.5412069,24.8536312],[121.5412845,24.8536243]]]}},{"type":"Feature","properties":{"id":132478,"height":9.4,"source":"F_BUILD 新北市建物","area_m2":10.2},"geometry":{"type":"Polygon","coordinates":[[[121.5569551,24.8536033],[121.5569463,24.8535784],[121.5569134,24.8535871],[121.556922,24.8536125],[121.5569551,24.8536033]]]}},{"type":"Feature","properties":{"id":132479,"height":11.3,"source":"F_BUILD 新北市建物","area_m2":54.4},"geometry":{"type":"Polygon","coordinates":[[[121.5570292,24.8536754],[121.5569799,24.8536043],[121.5569313,24.8536351],[121.5569813,24.8537042],[121.5570292,24.8536754]]]}},{"type":"Feature","properties":{"id":132480,"height":9.7,"source":"F_BUILD 新北市建物","area_m2":15.1},"geometry":{"type":"Polygon","coordinates":[[[121.5485899,24.8537757],[121.5485843,24.8537533],[121.5485264,24.8537628],[121.5485316,24.853785],[121.5485899,24.8537757]]]}},{"type":"Feature","properties":{"id":132481,"height":13.3,"source":"F_BUILD 新北市建物","area_m2":140.8},"geometry":{"type":"Polygon","coordinates":[[[121.5479138,24.8538107],[121.5479269,24.8537771],[121.547873,24.85376],[121.5478575,24.8537934],[121.5478494,24.8537908],[121.547821,24.8538603],[121.5479643,24.8538995],[121.5479863,24.853835],[121.5479138,24.8538107]]]}},{"type":"Feature","properties":{"id":132482,"height":15.4,"source":"F_BUILD 新北市建物","area_m2":267.3},"geometry":{"type":"Polygon","coordinates":[[[121.5469051,24.8539079],[121.5469321,24.8538754],[121.5469472,24.8538868],[121.5470925,24.8537231],[121.5470142,24.8536651],[121.5468697,24.8538285],[121.5468823,24.8538379],[121.5468745,24.8538465],[121.5468529,24.8538714],[121.5469051,24.8539079]]]}},{"type":"Feature","properties":{"id":132483,"height":12.4,"source":"F_BUILD 新北市建物","area_m2":94.2},"geometry":{"type":"Polygon","coordinates":[[[121.5486343,24.8539317],[121.5486184,24.8538253],[121.5485406,24.8538361],[121.548557,24.8539422],[121.5486343,24.8539317]]]}},{"type":"Feature","properties":{"id":132484,"height":13.9,"source":"F_BUILD 新北市建物","area_m2":173.2},"geometry":{"type":"Polygon","coordinates":[[[121.5472037,24.8544272],[121.5471857,24.8542409],[121.5471061,24.854245],[121.5471097,24.8542916],[121.5470927,24.8542931],[121.5470948,24.8543313],[121.5471175,24.8543304],[121.5471263,24.8544333],[121.5472037,24.8544272]]]}},{"type":"Feature","properties":{"id":132485,"height":10.1,"source":"F_BUILD 新北市建物","area_m2":22.5},"geometry":{"type":"Polygon","coordinates":[[[121.5471876,24.8544659],[121.5471303,24.8544611],[121.5471249,24.8544964],[121.5471842,24.8544988],[121.5471876,24.8544659]]]}},{"type":"Feature","properties":{"id":132486,"height":15.6,"source":"F_BUILD 新北市建物","area_m2":286.2},"geometry":{"type":"Polygon","coordinates":[[[121.5461633,24.8545249],[121.546247,24.8543707],[121.5461298,24.8543156],[121.5460497,24.8544628],[121.5460128,24.8544367],[121.5459773,24.8544742],[121.5460277,24.854503],[121.5460563,24.8544771],[121.5461633,24.8545249]]]}},{"type":"Feature","properties":{"id":132488,"height":10.2,"source":"F_BUILD 新北市建物","area_m2":23.4},"geometry":{"type":"Polygon","coordinates":[[[121.5483073,24.8547379],[121.5482826,24.8547122],[121.5482401,24.8547476],[121.5482691,24.8547765],[121.5483073,24.8547379]]]}},{"type":"Feature","properties":{"id":132490,"height":12.2,"source":"F_BUILD 新北市建物","area_m2":86.1},"geometry":{"type":"Polygon","coordinates":[[[121.5482394,24.8548411],[121.5482353,24.8547564],[121.548147,24.8547633],[121.5481518,24.8548526],[121.5482394,24.8548411]]]}},{"type":"Feature","properties":{"id":132491,"height":11.2,"source":"F_BUILD 新北市建物","area_m2":51.6},"geometry":{"type":"Polygon","coordinates":[[[121.5460876,24.8548851],[121.5460154,24.8548627],[121.5459929,24.8549187],[121.5460661,24.854942],[121.5460876,24.8548851]]]}},{"type":"Feature","properties":{"id":132495,"height":15.3,"source":"F_BUILD 新北市建物","area_m2":262.1},"geometry":{"type":"Polygon","coordinates":[[[121.5480959,24.8551322],[121.5479147,24.8550139],[121.5478543,24.855129],[121.5478824,24.855153],[121.5480442,24.8551987],[121.5480959,24.8551322]]]}},{"type":"Feature","properties":{"id":132496,"height":17.3,"source":"F_BUILD 新北市建物","area_m2":429.4},"geometry":{"type":"Polygon","coordinates":[[[121.551787,24.85518],[121.5517637,24.8551032],[121.5517793,24.8550998],[121.5517518,24.8549816],[121.5517092,24.8549874],[121.5515877,24.8550108],[121.5515659,24.8549414],[121.5515233,24.8549514],[121.5515425,24.8550196],[121.5515287,24.8550222],[121.5515572,24.8551573],[121.551703,24.8551248],[121.5517283,24.8551957],[121.551787,24.85518]]]}},{"type":"Feature","properties":{"id":132497,"height":13.6,"source":"F_BUILD 新北市建物","area_m2":156.4},"geometry":{"type":"Polygon","coordinates":[[[121.5470954,24.8554103],[121.5471124,24.8553532],[121.5470643,24.8553423],[121.5470469,24.8554027],[121.5470382,24.8554014],[121.5470524,24.8552975],[121.5469723,24.8552996],[121.5469644,24.8554065],[121.5470837,24.8554417],[121.5470972,24.8554443],[121.5471031,24.8554121],[121.5470954,24.8554103]]]}},{"type":"Feature","properties":{"id":132499,"height":10.2,"source":"F_BUILD 新北市建物","area_m2":22.8},"geometry":{"type":"Polygon","coordinates":[[[121.5489445,24.8558174],[121.5488763,24.8558007],[121.5488678,24.855828],[121.5489353,24.8558458],[121.5489445,24.8558174]]]}},{"type":"Feature","properties":{"id":132500,"height":10.6,"source":"F_BUILD 新北市建物","area_m2":32.3},"geometry":{"type":"Polygon","coordinates":[[[121.5472196,24.8558554],[121.5471872,24.8557999],[121.5471482,24.8558209],[121.5471792,24.8558769],[121.5472196,24.8558554]]]}},{"type":"Feature","properties":{"id":132503,"height":9.9,"source":"F_BUILD 新北市建物","area_m2":18.1},"geometry":{"type":"Polygon","coordinates":[[[121.5479413,24.8563037],[121.5479201,24.8562937],[121.5478937,24.8563668],[121.5479122,24.8563718],[121.5479413,24.8563037]]]}},{"type":"Feature","properties":{"id":132504,"height":11.5,"source":"F_BUILD 新北市建物","area_m2":60.4},"geometry":{"type":"Polygon","coordinates":[[[121.5479037,24.8563003],[121.5478383,24.8562902],[121.5478334,24.8564028],[121.5478638,24.8564064],[121.5479037,24.8563003]]]}},{"type":"Feature","properties":{"id":132505,"height":10.2,"source":"F_BUILD 新北市建物","area_m2":24.9},"geometry":{"type":"Polygon","coordinates":[[[121.545868,24.8563901],[121.5458266,24.8563839],[121.545815,24.8564357],[121.5458569,24.8564418],[121.545868,24.8563901]]]}},{"type":"Feature","properties":{"id":132506,"height":17.8,"source":"F_BUILD 新北市建物","area_m2":471.3},"geometry":{"type":"Polygon","coordinates":[[[121.5475715,24.8564581],[121.5475602,24.8562878],[121.5475496,24.8562878],[121.5475574,24.8562324],[121.5475169,24.8562195],[121.5475217,24.8562013],[121.5474896,24.8561857],[121.547462,24.8562],[121.5474591,24.8562312],[121.5474455,24.8562298],[121.5474381,24.8562875],[121.5474209,24.8562875],[121.5474306,24.8563897],[121.5474057,24.8563902],[121.5474055,24.8563399],[121.5473822,24.8563387],[121.5473787,24.8562819],[121.5473328,24.856285],[121.5473334,24.8563959],[121.5473828,24.8563949],[121.5473815,24.8564561],[121.5474875,24.8564583],[121.5475715,24.8564581]]]}},{"type":"Feature","properties":{"id":132507,"height":14.9,"source":"F_BUILD 新北市建物","area_m2":234.0},"geometry":{"type":"Polygon","coordinates":[[[121.5455318,24.8563723],[121.5454585,24.8563352],[121.5453879,24.8564607],[121.545439,24.8564878],[121.5454318,24.8565033],[121.5455028,24.8565416],[121.5455805,24.8564321],[121.5455174,24.8563986],[121.5455318,24.8563723]]]}},{"type":"Feature","properties":{"id":132508,"height":18.2,"source":"F_BUILD 新北市建物","area_m2":509.8},"geometry":{"type":"Polygon","coordinates":[[[121.5557017,24.8569167],[121.555704,24.8568809],[121.5553724,24.8568726],[121.5553708,24.8569126],[121.5552638,24.8569112],[121.5552617,24.8569799],[121.5556968,24.8569989],[121.5557017,24.8569167]]]}},{"type":"Feature","properties":{"id":132509,"height":8.9,"source":"F_BUILD 新北市建物","area_m2":4.1},"geometry":{"type":"Polygon","coordinates":[[[121.5378318,24.857107],[121.537815,24.8570981],[121.5378036,24.8571142],[121.5378205,24.8571228],[121.5378318,24.857107]]]}},{"type":"Feature","properties":{"id":132510,"height":17.2,"source":"F_BUILD 新北市建物","area_m2":420.0},"geometry":{"type":"Polygon","coordinates":[[[121.5559148,24.8570659],[121.5559372,24.8569902],[121.5560374,24.857],[121.5560393,24.8570053],[121.5560801,24.8570095],[121.556087,24.8569317],[121.5561219,24.8569349],[121.5561249,24.8568823],[121.5560674,24.8568763],[121.5559156,24.8568631],[121.5559117,24.856894],[121.5559042,24.8569631],[121.5558044,24.8569349],[121.5557717,24.8570232],[121.5559148,24.8570659]]]}},{"type":"Feature","properties":{"id":132511,"height":15.0,"source":"F_BUILD 新北市建物","area_m2":244.5},"geometry":{"type":"Polygon","coordinates":[[[121.5378567,24.8569091],[121.5377769,24.8568829],[121.537681,24.8571061],[121.5377777,24.8571362],[121.5378076,24.8570653],[121.5378033,24.8570636],[121.5378098,24.8570438],[121.5378012,24.8570397],[121.5378567,24.8569091]]]}},{"type":"Feature","properties":{"id":132513,"height":10.1,"source":"F_BUILD 新北市建物","area_m2":21.4},"geometry":{"type":"Polygon","coordinates":[[[121.5414203,24.85743],[121.541415,24.8573917],[121.5413658,24.857397],[121.5413702,24.8574347],[121.5414203,24.85743]]]}},{"type":"Feature","properties":{"id":132514,"height":14.0,"source":"F_BUILD 新北市建物","area_m2":176.2},"geometry":{"type":"Polygon","coordinates":[[[121.555995,24.8573465],[121.5556948,24.857335],[121.5556899,24.8573863],[121.5559914,24.8573994],[121.555995,24.8573465]]]}},{"type":"Feature","properties":{"id":132515,"height":16.4,"source":"F_BUILD 新北市建物","area_m2":351.6},"geometry":{"type":"Polygon","coordinates":[[[121.5510196,24.8575731],[121.55105,24.8575104],[121.5510556,24.8575124],[121.5511204,24.8573642],[121.5511046,24.8573572],[121.5511316,24.8573061],[121.5511429,24.857309],[121.5511623,24.8572733],[121.5511574,24.8572692],[121.5511691,24.8572456],[121.551113,24.8572228],[121.5510442,24.8573375],[121.5510234,24.8573291],[121.550956,24.8574761],[121.5509658,24.8574796],[121.5509361,24.8575426],[121.5510196,24.8575731]]]}},{"type":"Feature","properties":{"id":132518,"height":16.2,"source":"F_BUILD 新北市建物","area_m2":332.8},"geometry":{"type":"Polygon","coordinates":[[[121.5513537,24.8575895],[121.5513526,24.8575386],[121.5512175,24.8575419],[121.551218,24.8576539],[121.5512205,24.8577628],[121.5513544,24.8577569],[121.5513537,24.8575895]]]}},{"type":"Feature","properties":{"id":132519,"height":18.2,"source":"F_BUILD 新北市建物","area_m2":515.0},"geometry":{"type":"Polygon","coordinates":[[[121.5551913,24.8578269],[121.5551703,24.8577304],[121.5553502,24.8577655],[121.5553953,24.8577942],[121.555426,24.8577606],[121.5554303,24.8577287],[121.5555334,24.8577443],[121.55554,24.8576941],[121.5554368,24.8576643],[121.5552121,24.8576399],[121.5551902,24.8576652],[121.5551803,24.8577069],[121.5551669,24.8577051],[121.5551653,24.8576956],[121.5550668,24.8577102],[121.5550919,24.8578415],[121.5551913,24.8578269]]]}},{"type":"Feature","properties":{"id":132520,"height":9.8,"source":"F_BUILD 新北市建物","area_m2":15.5},"geometry":{"type":"Polygon","coordinates":[[[121.5494279,24.8578579],[121.5494225,24.8578272],[121.5493785,24.8578323],[121.5493841,24.8578634],[121.5494279,24.8578579]]]}},{"type":"Feature","properties":{"id":132521,"height":15.9,"source":"F_BUILD 新北市建物","area_m2":308.9},"geometry":{"type":"Polygon","coordinates":[[[121.5415502,24.8577587],[121.5414877,24.8577448],[121.5414835,24.8577584],[121.5414395,24.8577471],[121.541395,24.8578828],[121.5414448,24.8578959],[121.5414365,24.8579241],[121.5414527,24.857929],[121.5414503,24.857937],[121.5415343,24.8579615],[121.5415937,24.857788],[121.5415452,24.857776],[121.5415502,24.8577587]]]}},{"type":"Feature","properties":{"id":132522,"height":10.3,"source":"F_BUILD 新北市建物","area_m2":25.6},"geometry":{"type":"Polygon","coordinates":[[[121.5413479,24.8579948],[121.5412948,24.857992],[121.5412899,24.8580337],[121.5413447,24.8580375],[121.5413479,24.8579948]]]}},{"type":"Feature","properties":{"id":132523,"height":12.9,"source":"F_BUILD 新北市建物","area_m2":119.9},"geometry":{"type":"Polygon","coordinates":[[[121.54951,24.8579963],[121.5494658,24.8578755],[121.5493873,24.857901],[121.5494285,24.8580212],[121.54951,24.8579963]]]}},{"type":"Feature","properties":{"id":132524,"height":13.5,"source":"F_BUILD 新北市建物","area_m2":148.0},"geometry":{"type":"Polygon","coordinates":[[[121.5493287,24.8580119],[121.5493075,24.8579389],[121.5493056,24.8579391],[121.5492741,24.8578543],[121.5492032,24.8578722],[121.5492285,24.8579501],[121.5492229,24.8579517],[121.5492496,24.8580337],[121.5493287,24.8580119]]]}},{"type":"Feature","properties":{"id":132525,"height":9.7,"source":"F_BUILD 新北市建物","area_m2":13.8},"geometry":{"type":"Polygon","coordinates":[[[121.5411949,24.8580596],[121.5411743,24.8580364],[121.541142,24.8580588],[121.5411619,24.858083],[121.5411949,24.8580596]]]}},{"type":"Feature","properties":{"id":132526,"height":12.1,"source":"F_BUILD 新北市建物","area_m2":84.0},"geometry":{"type":"Polygon","coordinates":[[[121.5414959,24.8580523],[121.5414488,24.8580181],[121.5413608,24.8581146],[121.5414058,24.8581491],[121.5414959,24.8580523]]]}},{"type":"Feature","properties":{"id":132527,"height":11.4,"source":"F_BUILD 新北市建物","area_m2":56.1},"geometry":{"type":"Polygon","coordinates":[[[121.541345,24.8581748],[121.5413161,24.8581334],[121.5412298,24.8581776],[121.5412553,24.8582219],[121.541345,24.8581748]]]}},{"type":"Feature","properties":{"id":132528,"height":11.9,"source":"F_BUILD 新北市建物","area_m2":74.5},"geometry":{"type":"Polygon","coordinates":[[[121.5499393,24.8581337],[121.5498747,24.8581256],[121.5498586,24.8582291],[121.5499178,24.8582396],[121.5499393,24.8581337]]]}},{"type":"Feature","properties":{"id":132529,"height":15.9,"source":"F_BUILD 新北市建物","area_m2":311.6},"geometry":{"type":"Polygon","coordinates":[[[121.5557592,24.8582224],[121.555904,24.8581663],[121.5560041,24.8581983],[121.5560222,24.8580986],[121.5558952,24.8580713],[121.5557059,24.8581415],[121.5557592,24.8582224]]]}},{"type":"Feature","properties":{"id":132530,"height":17.1,"source":"F_BUILD 新北市建物","area_m2":405.9},"geometry":{"type":"Polygon","coordinates":[[[121.5495778,24.8582999],[121.5495789,24.8582896],[121.5496652,24.8582971],[121.5496875,24.8581081],[121.5496109,24.8581004],[121.5495947,24.8582377],[121.5495848,24.8582369],[121.5496007,24.858095],[121.5495864,24.8580931],[121.5495841,24.8580546],[121.5495192,24.8580528],[121.5495166,24.858083],[121.5495063,24.8580821],[121.549499,24.8581532],[121.5495064,24.8581537],[121.5494911,24.8582933],[121.5495644,24.8582985],[121.5495778,24.8582999]]]}},{"type":"Feature","properties":{"id":132531,"height":16.4,"source":"F_BUILD 新北市建物","area_m2":345.6},"geometry":{"type":"Polygon","coordinates":[[[121.5563977,24.8585427],[121.5564084,24.8585344],[121.5564175,24.8585425],[121.5565337,24.8584231],[121.5565078,24.858403],[121.5565217,24.8583877],[121.5564441,24.8583339],[121.556422,24.858319],[121.55636,24.8583911],[121.5563544,24.8584005],[121.5563312,24.8583897],[121.5563005,24.8584476],[121.5562835,24.8584796],[121.5563006,24.858486],[121.5563092,24.8584891],[121.5563043,24.8584985],[121.5563977,24.8585427]]]}},{"type":"Feature","properties":{"id":132532,"height":15.4,"source":"F_BUILD 新北市建物","area_m2":270.4},"geometry":{"type":"Polygon","coordinates":[[[121.5496992,24.8586033],[121.5496457,24.8585066],[121.5496222,24.8585172],[121.5496153,24.8585049],[121.549508,24.858558],[121.5495896,24.8587123],[121.5497008,24.8586593],[121.5496757,24.858614],[121.5496992,24.8586033]]]}},{"type":"Feature","properties":{"id":132533,"height":11.2,"source":"F_BUILD 新北市建物","area_m2":49.9},"geometry":{"type":"Polygon","coordinates":[[[121.5509717,24.8586317],[121.5509691,24.8586189],[121.550908,24.8586297],[121.5509259,24.858721],[121.550973,24.8587128],[121.5509532,24.8586355],[121.5509717,24.8586317]]]}},{"type":"Feature","properties":{"id":132534,"height":9.8,"source":"F_BUILD 新北市建物","area_m2":16.2},"geometry":{"type":"Polygon","coordinates":[[[121.5571874,24.8587098],[121.5571758,24.8586778],[121.5571353,24.8586904],[121.557146,24.8587223],[121.5571874,24.8587098]]]}},{"type":"Feature","properties":{"id":132535,"height":14.3,"source":"F_BUILD 新北市建物","area_m2":194.8},"geometry":{"type":"Polygon","coordinates":[[[121.5474419,24.8586689],[121.54747,24.8586398],[121.5474407,24.8586149],[121.5474123,24.8586401],[121.5473667,24.8586011],[121.5472765,24.8586916],[121.5473686,24.858773],[121.5474607,24.8586841],[121.5474419,24.8586689]]]}},{"type":"Feature","properties":{"id":132536,"height":12.2,"source":"F_BUILD 新北市建物","area_m2":85.7},"geometry":{"type":"Polygon","coordinates":[[[121.5500432,24.85876],[121.5500229,24.8586508],[121.5499532,24.858662],[121.5499748,24.8587684],[121.5500432,24.85876]]]}},{"type":"Feature","properties":{"id":132537,"height":9.1,"source":"F_BUILD 新北市建物","area_m2":6.5},"geometry":{"type":"Polygon","coordinates":[[[121.5488411,24.8588183],[121.5488177,24.8588015],[121.5488125,24.8588048],[121.548829,24.8588389],[121.5488485,24.8588258],[121.5488411,24.8588183]]]}},{"type":"Feature","properties":{"id":132538,"height":12.5,"source":"F_BUILD 新北市建物","area_m2":101.3},"geometry":{"type":"Polygon","coordinates":[[[121.5499127,24.858866],[121.5498358,24.8586386],[121.549807,24.8586463],[121.549858,24.8588019],[121.5498358,24.8588098],[121.5498602,24.8588779],[121.5499127,24.858866]]]}},{"type":"Feature","properties":{"id":132539,"height":18.8,"source":"F_BUILD 新北市建物","area_m2":574.3},"geometry":{"type":"Polygon","coordinates":[[[121.5487476,24.8588675],[121.5487244,24.8587345],[121.5487183,24.8587301],[121.5486242,24.8587396],[121.5486028,24.8586657],[121.5485425,24.8586755],[121.5484138,24.8587047],[121.5484433,24.8588279],[121.5485089,24.858813],[121.548525,24.8588973],[121.5487197,24.8588818],[121.5487476,24.8588675]]]}},{"type":"Feature","properties":{"id":132540,"height":15.1,"source":"F_BUILD 新北市建物","area_m2":245.8},"geometry":{"type":"Polygon","coordinates":[[[121.5491717,24.8589008],[121.5491848,24.8588903],[121.5492001,24.8589091],[121.549232,24.8588888],[121.5491708,24.8588065],[121.5491139,24.8588335],[121.5491012,24.8588265],[121.5490873,24.8588338],[121.5490451,24.858781],[121.5489743,24.8588281],[121.5490561,24.8589305],[121.5490714,24.8589554],[121.5491717,24.8589008]]]}},{"type":"Feature","properties":{"id":132541,"height":10.9,"source":"F_BUILD 新北市建物","area_m2":41.4},"geometry":{"type":"Polygon","coordinates":[[[121.5522745,24.858977],[121.5522469,24.8588714],[121.5522137,24.8588786],[121.5522409,24.8589836],[121.5522745,24.858977]]]}},{"type":"Feature","properties":{"id":132542,"height":16.9,"source":"F_BUILD 新北市建物","area_m2":392.4},"geometry":{"type":"Polygon","coordinates":[[[121.5571423,24.8589148],[121.5571249,24.8588466],[121.5571058,24.8588503],[121.5570636,24.8586995],[121.5569759,24.8587158],[121.5570005,24.8586833],[121.5569923,24.8586777],[121.557,24.8586637],[121.5569363,24.8586208],[121.5568461,24.8587339],[121.5569257,24.8587825],[121.5569574,24.8587404],[121.5569693,24.8587941],[121.5569824,24.8587919],[121.5569999,24.8588619],[121.5570096,24.8588597],[121.5570132,24.8588705],[121.5570595,24.8588604],[121.5570783,24.8589276],[121.5570873,24.8589677],[121.557107,24.8589639],[121.5570968,24.8589232],[121.5571423,24.8589148]]]}},{"type":"Feature","properties":{"id":132543,"height":11.3,"source":"F_BUILD 新北市建物","area_m2":52.9},"geometry":{"type":"Polygon","coordinates":[[[121.5562612,24.8589226],[121.5561859,24.8589043],[121.5561846,24.8589633],[121.556255,24.8589909],[121.5562612,24.8589226]]]}},{"type":"Feature","properties":{"id":132544,"height":10.5,"source":"F_BUILD 新北市建物","area_m2":31.9},"geometry":{"type":"Polygon","coordinates":[[[121.5522188,24.8590027],[121.5522034,24.8589401],[121.5521593,24.8589472],[121.5521737,24.8590081],[121.5522188,24.8590027]]]}},{"type":"Feature","properties":{"id":132545,"height":15.0,"source":"F_BUILD 新北市建物","area_m2":240.1},"geometry":{"type":"Polygon","coordinates":[[[121.5495431,24.8590109],[121.5495424,24.8589513],[121.5495119,24.8589534],[121.5495097,24.8589053],[121.5494993,24.8589057],[121.5494994,24.8588979],[121.5493879,24.8589008],[121.5493933,24.8590185],[121.5493959,24.8590654],[121.5495173,24.8590577],[121.5495165,24.8590116],[121.5495431,24.8590109]]]}},{"type":"Feature","properties":{"id":132546,"height":11.4,"source":"F_BUILD 新北市建物","area_m2":58.3},"geometry":{"type":"Polygon","coordinates":[[[121.5488422,24.8590552],[121.5488182,24.8590159],[121.5488038,24.8590233],[121.5487885,24.8590035],[121.548743,24.8590327],[121.5487823,24.8590903],[121.5488458,24.8590755],[121.5488359,24.8590584],[121.5488422,24.8590552]]]}},{"type":"Feature","properties":{"id":132547,"height":13.6,"source":"F_BUILD 新北市建物","area_m2":155.2},"geometry":{"type":"Polygon","coordinates":[[[121.5491921,24.8590695],[121.5491863,24.859052],[121.5492337,24.8590335],[121.5491917,24.8589416],[121.5490737,24.8589841],[121.5491063,24.85906],[121.5491154,24.8590568],[121.5491284,24.85909],[121.5491921,24.8590695]]]}},{"type":"Feature","properties":{"id":132548,"height":11.1,"source":"F_BUILD 新北市建物","area_m2":47.1},"geometry":{"type":"Polygon","coordinates":[[[121.5490347,24.8591265],[121.5490044,24.8590329],[121.5489636,24.8590433],[121.548995,24.8591403],[121.5490347,24.8591265]]]}},{"type":"Feature","properties":{"id":132549,"height":10.1,"source":"F_BUILD 新北市建物","area_m2":22.5},"geometry":{"type":"Polygon","coordinates":[[[121.5586913,24.8591573],[121.5586831,24.8591239],[121.5586261,24.8591375],[121.5586351,24.8591709],[121.5586913,24.8591573]]]}},{"type":"Feature","properties":{"id":132550,"height":18.5,"source":"F_BUILD 新北市建物","area_m2":540.7},"geometry":{"type":"Polygon","coordinates":[[[121.5570147,24.8591063],[121.5569656,24.8589172],[121.5569392,24.8589227],[121.5569278,24.8588762],[121.5569553,24.8588714],[121.5569373,24.8588063],[121.5567973,24.8588329],[121.5568754,24.8591387],[121.5568901,24.8591953],[121.5569717,24.8591793],[121.5569565,24.8591198],[121.5570147,24.8591063]]]}},{"type":"Feature","properties":{"id":132551,"height":15.7,"source":"F_BUILD 新北市建物","area_m2":296.2},"geometry":{"type":"Polygon","coordinates":[[[121.5394123,24.8593595],[121.5394091,24.8593133],[121.5393965,24.8593142],[121.5393943,24.8592775],[121.5391213,24.8592805],[121.5391254,24.8593793],[121.5393969,24.8593678],[121.5393966,24.8593605],[121.5394123,24.8593595]]]}},{"type":"Feature","properties":{"id":132552,"height":10.3,"source":"F_BUILD 新北市建物","area_m2":25.9},"geometry":{"type":"Polygon","coordinates":[[[121.5564821,24.859316],[121.5564691,24.8592853],[121.5564055,24.8593026],[121.5564157,24.8593363],[121.5564821,24.859316]]]}},{"type":"Feature","properties":{"id":132553,"height":15.6,"source":"F_BUILD 新北市建物","area_m2":284.7},"geometry":{"type":"Polygon","coordinates":[[[121.5484002,24.8593408],[121.5484271,24.8593391],[121.5484269,24.8593445],[121.548488,24.8593413],[121.5484826,24.8592705],[121.548424,24.8592712],[121.548421,24.8592712],[121.5484188,24.8592766],[121.5484189,24.8592795],[121.5484201,24.8593011],[121.5483683,24.8593027],[121.548368,24.8592979],[121.548355,24.8592935],[121.5483406,24.8592799],[121.5483352,24.8592109],[121.5482015,24.8592177],[121.5482021,24.8592277],[121.5481897,24.8592281],[121.5481926,24.8592935],[121.5482057,24.8592925],[121.5482067,24.8593104],[121.5483088,24.8593065],[121.5483206,24.8593765],[121.548402,24.8593746],[121.5484002,24.8593408]]]}},{"type":"Feature","properties":{"id":132554,"height":12.6,"source":"F_BUILD 新北市建物","area_m2":103.3},"geometry":{"type":"Polygon","coordinates":[[[121.5493838,24.8593772],[121.54939,24.8593612],[121.5494001,24.8593641],[121.5494217,24.8592928],[121.5494404,24.859231],[121.5493974,24.8592189],[121.5493884,24.8592454],[121.5493701,24.8592414],[121.5493379,24.8593471],[121.5493436,24.859366],[121.5493838,24.8593772]]]}},{"type":"Feature","properties":{"id":132555,"height":15.6,"source":"F_BUILD 新北市建物","area_m2":283.9},"geometry":{"type":"Polygon","coordinates":[[[121.5510989,24.8591081],[121.5510165,24.8590867],[121.5509192,24.8593598],[121.5510068,24.8593826],[121.5510989,24.8591081]]]}},{"type":"Feature","properties":{"id":132556,"height":12.4,"source":"F_BUILD 新北市建物","area_m2":93.9},"geometry":{"type":"Polygon","coordinates":[[[121.550668,24.8594674],[121.5506791,24.8594346],[121.5507286,24.8594384],[121.5507417,24.8593719],[121.550643,24.8593566],[121.5506277,24.8594585],[121.550668,24.8594674]]]}},{"type":"Feature","properties":{"id":132557,"height":10.5,"source":"F_BUILD 新北市建物","area_m2":30.5},"geometry":{"type":"Polygon","coordinates":[[[121.540631,24.8594948],[121.5405905,24.8594232],[121.5405599,24.8594358],[121.5405995,24.8595074],[121.540631,24.8594948]]]}},{"type":"Feature","properties":{"id":132558,"height":16.5,"source":"F_BUILD 新北市建物","area_m2":355.5},"geometry":{"type":"Polygon","coordinates":[[[121.5585651,24.8593756],[121.5585776,24.859367],[121.5585836,24.8593835],[121.5586644,24.8593303],[121.5586528,24.85931],[121.5586491,24.859313],[121.5586261,24.8592863],[121.5586702,24.8592534],[121.5586183,24.8591833],[121.5585687,24.8592234],[121.5585548,24.8592081],[121.5584535,24.8592841],[121.5584912,24.8593346],[121.5584732,24.8593462],[121.5584896,24.8593668],[121.5585113,24.8593548],[121.5585421,24.8593908],[121.558537,24.8593926],[121.5586003,24.8594245],[121.5585904,24.8594476],[121.5586823,24.8594865],[121.5587012,24.8594527],[121.5586108,24.8594121],[121.5586153,24.8594029],[121.5585651,24.8593756]]]}},{"type":"Feature","properties":{"id":132559,"height":14.0,"source":"F_BUILD 新北市建物","area_m2":175.5},"geometry":{"type":"Polygon","coordinates":[[[121.5493077,24.8595133],[121.5493306,24.859357],[121.5492716,24.8593569],[121.5492108,24.8593613],[121.549233,24.8595167],[121.549258,24.8595126],[121.549271,24.8595328],[121.5493077,24.8595133]]]}},{"type":"Feature","properties":{"id":132560,"height":13.5,"source":"F_BUILD 新北市建物","area_m2":151.5},"geometry":{"type":"Polygon","coordinates":[[[121.539806,24.8596196],[121.5398338,24.8595712],[121.5398414,24.8595731],[121.5398854,24.8594546],[121.5398075,24.8594274],[121.5397809,24.8594946],[121.5397882,24.8594979],[121.539753,24.8596022],[121.539806,24.8596196]]]}},{"type":"Feature","properties":{"id":132561,"height":10.7,"source":"F_BUILD 新北市建物","area_m2":35.5},"geometry":{"type":"Polygon","coordinates":[[[121.555196,24.8595665],[121.5551825,24.8595141],[121.5551251,24.8595264],[121.5551388,24.8595789],[121.555196,24.8595665]]]}},{"type":"Feature","properties":{"id":132562,"height":11.0,"source":"F_BUILD 新北市建物","area_m2":43.7},"geometry":{"type":"Polygon","coordinates":[[[121.541075,24.8595835],[121.5410162,24.8595527],[121.5409864,24.8596013],[121.5410053,24.8596117],[121.5410469,24.8596347],[121.541075,24.8595835]]]}},{"type":"Feature","properties":{"id":132563,"height":10.2,"source":"F_BUILD 新北市建物","area_m2":24.8},"geometry":{"type":"Polygon","coordinates":[[[121.5409379,24.8596208],[121.540887,24.8596091],[121.5408751,24.859649],[121.5409259,24.8596622],[121.5409379,24.8596208]]]}},{"type":"Feature","properties":{"id":132564,"height":12.0,"source":"F_BUILD 新北市建物","area_m2":80.4},"geometry":{"type":"Polygon","coordinates":[[[121.5560147,24.85962],[121.5560875,24.8595725],[121.5560901,24.8595885],[121.5561593,24.8595846],[121.556161,24.8595335],[121.5560838,24.8595398],[121.5560811,24.8595471],[121.5559968,24.8595761],[121.5559985,24.8595783],[121.5559878,24.8595853],[121.5560147,24.85962]]]}},{"type":"Feature","properties":{"id":132567,"height":16.9,"source":"F_BUILD 新北市建物","area_m2":395.0},"geometry":{"type":"Polygon","coordinates":[[[121.5482252,24.8597136],[121.5482742,24.8596604],[121.5483505,24.8596587],[121.5483474,24.8594234],[121.548215,24.8594275],[121.5482193,24.8595688],[121.548221,24.8596247],[121.5482447,24.8596362],[121.5482437,24.8596604],[121.5482181,24.8596549],[121.5481847,24.8596186],[121.5481308,24.8596578],[121.548153,24.8596871],[121.5481817,24.8596651],[121.5481964,24.8596837],[121.5482252,24.8597136]]]}},{"type":"Feature","properties":{"id":132568,"height":11.5,"source":"F_BUILD 新北市建物","area_m2":61.7},"geometry":{"type":"Polygon","coordinates":[[[121.546717,24.8597267],[121.5467285,24.8596229],[121.5466856,24.859621],[121.5466752,24.8596912],[121.5466468,24.8596893],[121.5466458,24.8597218],[121.546717,24.8597267]]]}},{"type":"Feature","properties":{"id":132569,"height":14.3,"source":"F_BUILD 新北市建物","area_m2":194.1},"geometry":{"type":"Polygon","coordinates":[[[121.5562291,24.8596924],[121.5562909,24.8596106],[121.5563055,24.8595785],[121.5563118,24.8595648],[121.5563055,24.8595616],[121.5562331,24.8595239],[121.5562059,24.8595536],[121.5561962,24.8595493],[121.5561351,24.8596313],[121.5561404,24.8596347],[121.5561185,24.8596638],[121.5561551,24.8596858],[121.5561751,24.8596573],[121.5562291,24.8596924]]]}},{"type":"Feature","properties":{"id":132570,"height":19.8,"source":"F_BUILD 新北市建物","area_m2":684.5},"geometry":{"type":"Polygon","coordinates":[[[121.5486623,24.8592092],[121.5485565,24.8591969],[121.5485261,24.8595125],[121.5484965,24.8595678],[121.5483841,24.859697],[121.5484742,24.8597524],[121.5486023,24.8595984],[121.5486368,24.8595232],[121.5486623,24.8592092]]]}},{"type":"Feature","properties":{"id":132571,"height":10.4,"source":"F_BUILD 新北市建物","area_m2":28.7},"geometry":{"type":"Polygon","coordinates":[[[121.539265,24.8597543],[121.5392503,24.8597268],[121.5391751,24.8597636],[121.5391886,24.8597901],[121.539265,24.8597543]]]}},{"type":"Feature","properties":{"id":132573,"height":9.2,"source":"F_BUILD 新北市建物","area_m2":7.6},"geometry":{"type":"Polygon","coordinates":[[[121.5571589,24.8597831],[121.5571392,24.8597626],[121.5571198,24.8597784],[121.5571388,24.8597972],[121.5571589,24.8597831]]]}},{"type":"Feature","properties":{"id":132574,"height":11.4,"source":"F_BUILD 新北市建物","area_m2":57.2},"geometry":{"type":"Polygon","coordinates":[[[121.5481472,24.8598039],[121.5481133,24.8597636],[121.5480292,24.8598194],[121.5480563,24.8598577],[121.5481472,24.8598039]]]}},{"type":"Feature","properties":{"id":132575,"height":12.2,"source":"F_BUILD 新北市建物","area_m2":87.7},"geometry":{"type":"Polygon","coordinates":[[[121.5393136,24.8598779],[121.5392875,24.8598017],[121.5392435,24.8598139],[121.539285,24.8597922],[121.5392687,24.8597613],[121.5391894,24.8598001],[121.5392054,24.8598313],[121.5392321,24.8598196],[121.5392556,24.8598925],[121.5393136,24.8598779]]]}},{"type":"Feature","properties":{"id":132576,"height":14.6,"source":"F_BUILD 新北市建物","area_m2":214.6},"geometry":{"type":"Polygon","coordinates":[[[121.5506604,24.8598607],[121.5507222,24.8597944],[121.5506936,24.8597692],[121.550717,24.8597476],[121.5507287,24.8597312],[121.5506908,24.8596418],[121.5506627,24.8596634],[121.5506492,24.8596295],[121.550602,24.8596686],[121.5506124,24.859678],[121.5506051,24.8596853],[121.5506189,24.8597007],[121.5505737,24.8597398],[121.550644,24.8598058],[121.5506558,24.8597963],[121.5506247,24.85983],[121.5506604,24.8598607]]]}},{"type":"Feature","properties":{"id":132577,"height":10.6,"source":"F_BUILD 新北市建物","area_m2":32.2},"geometry":{"type":"Polygon","coordinates":[[[121.5466821,24.8599107],[121.5466633,24.8598654],[121.5466078,24.859886],[121.5466261,24.8599305],[121.5466821,24.8599107]]]}},{"type":"Feature","properties":{"id":132578,"height":9.8,"source":"F_BUILD 新北市建物","area_m2":15.5},"geometry":{"type":"Polygon","coordinates":[[[121.5378945,24.8599364],[121.537859,24.8599295],[121.5378495,24.8599663],[121.5378866,24.8599726],[121.5378945,24.8599364]]]}},{"type":"Feature","properties":{"id":132579,"height":9.7,"source":"F_BUILD 新北市建物","area_m2":14.7},"geometry":{"type":"Polygon","coordinates":[[[121.53774,24.8599411],[121.5377031,24.8599347],[121.5376955,24.8599687],[121.537733,24.8599752],[121.53774,24.8599411]]]}},{"type":"Feature","properties":{"id":132580,"height":13.0,"source":"F_BUILD 新北市建物","area_m2":125.1},"geometry":{"type":"Polygon","coordinates":[[[121.5508376,24.8598607],[121.550776,24.8598026],[121.5506778,24.8598986],[121.5507369,24.8599517],[121.5508376,24.8598607]]]}},{"type":"Feature","properties":{"id":132581,"height":9.7,"source":"F_BUILD 新北市建物","area_m2":14.3},"geometry":{"type":"Polygon","coordinates":[[[121.5377274,24.859989],[121.5376919,24.8599834],[121.5376826,24.860017],[121.5377183,24.860024],[121.5377274,24.859989]]]}},{"type":"Feature","properties":{"id":132583,"height":12.6,"source":"F_BUILD 新北市建物","area_m2":105.6},"geometry":{"type":"Polygon","coordinates":[[[121.53933,24.8600067],[121.53932,24.8599281],[121.5392394,24.8599311],[121.5392451,24.8600061],[121.5392651,24.8600071],[121.5392632,24.8600496],[121.5393271,24.8600581],[121.53933,24.8600067]]]}},{"type":"Feature","properties":{"id":132584,"height":11.7,"source":"F_BUILD 新北市建物","area_m2":68.7},"geometry":{"type":"Polygon","coordinates":[[[121.5386381,24.8599957],[121.5385774,24.8599859],[121.5385566,24.8600796],[121.538623,24.8600897],[121.5386381,24.8599957]]]}},{"type":"Feature","properties":{"id":132585,"height":9.8,"source":"F_BUILD 新北市建物","area_m2":16.5},"geometry":{"type":"Polygon","coordinates":[[[121.537706,24.8600862],[121.5376668,24.8600777],[121.5376568,24.8601127],[121.5376964,24.8601215],[121.537706,24.8600862]]]}},{"type":"Feature","properties":{"id":132586,"height":9.8,"source":"F_BUILD 新北市建物","area_m2":16.8},"geometry":{"type":"Polygon","coordinates":[[[121.537693,24.8601346],[121.5376536,24.8601264],[121.5376446,24.8601626],[121.5376837,24.860171],[121.537693,24.8601346]]]}},{"type":"Feature","properties":{"id":132587,"height":41.2,"source":"F_BUILD 新北市建物","area_m2":3136.6},"geometry":{"type":"Polygon","coordinates":[[[121.5512643,24.8599863],[121.5512931,24.8599677],[121.5513648,24.8599949],[121.5513689,24.859989],[121.5514223,24.8600135],[121.551451,24.8599653],[121.5514104,24.8599415],[121.5514259,24.8599167],[121.5514155,24.8599109],[121.5514204,24.8599031],[121.551387,24.8598841],[121.5514425,24.8598294],[121.5514669,24.8598608],[121.5515286,24.859848],[121.5515217,24.8598021],[121.5515289,24.8598011],[121.5514972,24.8596502],[121.5515113,24.8596485],[121.5515033,24.8595474],[121.5514874,24.8595463],[121.5514941,24.8593701],[121.5514895,24.8593698],[121.5514932,24.8593198],[121.5514873,24.8593163],[121.5514922,24.8592837],[121.5515035,24.8591376],[121.5514867,24.8589728],[121.5514592,24.8589732],[121.5514595,24.8589918],[121.5514333,24.858991],[121.5513893,24.8590747],[121.5513982,24.8590894],[121.5513484,24.8591691],[121.551343,24.8591688],[121.5513347,24.8593009],[121.5513128,24.859295],[121.5512947,24.8593431],[121.551245,24.8593329],[121.551211,24.8593235],[121.551185,24.8594169],[121.5512236,24.8594269],[121.5512265,24.8594185],[121.5512978,24.8594347],[121.5512999,24.8595445],[121.5513454,24.8595458],[121.5513497,24.8596301],[121.5512412,24.8596353],[121.5512307,24.8596528],[121.5511657,24.8596216],[121.5511328,24.8596386],[121.5510899,24.8597155],[121.5510554,24.8597014],[121.5510642,24.8596753],[121.5509756,24.8596513],[121.5509249,24.8597613],[121.5510655,24.8598184],[121.5510967,24.859838],[121.551022,24.8598749],[121.5510383,24.8599007],[121.5511089,24.859975],[121.5511693,24.8600319],[121.5511916,24.8600601],[121.5512079,24.8600854],[121.5512231,24.8601131],[121.5512293,24.8601318],[121.5512718,24.8601163],[121.551265,24.8600999],[121.5512933,24.8600888],[121.5512733,24.8600516],[121.5512897,24.8600436],[121.5512643,24.8599863]]]}},{"type":"Feature","properties":{"id":132588,"height":13.8,"source":"F_BUILD 新北市建物","area_m2":166.3},"geometry":{"type":"Polygon","coordinates":[[[121.5391854,24.860103],[121.5390285,24.8600829],[121.5390084,24.8601748],[121.5391673,24.8601943],[121.5391854,24.860103]]]}},{"type":"Feature","properties":{"id":132589,"height":11.9,"source":"F_BUILD 新北市建物","area_m2":74.2},"geometry":{"type":"Polygon","coordinates":[[[121.5393316,24.8600845],[121.5392778,24.8600738],[121.5392502,24.8601914],[121.5393046,24.8602014],[121.5393316,24.8600845]]]}},{"type":"Feature","properties":{"id":132590,"height":9.3,"source":"F_BUILD 新北市建物","area_m2":8.0},"geometry":{"type":"Polygon","coordinates":[[[121.5574198,24.8601583],[121.5574017,24.8601386],[121.5573802,24.8601575],[121.5574008,24.8601747],[121.5574198,24.8601583]]]}},{"type":"Feature","properties":{"id":132592,"height":9.8,"source":"F_BUILD 新北市建物","area_m2":16.6},"geometry":{"type":"Polygon","coordinates":[[[121.5376659,24.8602308],[121.5376268,24.8602225],[121.537617,24.8602586],[121.5376557,24.8602669],[121.5376659,24.8602308]]]}},{"type":"Feature","properties":{"id":132593,"height":11.6,"source":"F_BUILD 新北市建物","area_m2":62.4},"geometry":{"type":"Polygon","coordinates":[[[121.5408686,24.8602713],[121.5408866,24.8602272],[121.5409103,24.8602334],[121.5409278,24.8601853],[121.5408629,24.860167],[121.5408267,24.8602601],[121.5408686,24.8602713]]]}},{"type":"Feature","properties":{"id":132594,"height":19.8,"source":"F_BUILD 新北市建物","area_m2":684.2},"geometry":{"type":"Polygon","coordinates":[[[121.5510617,24.8600623],[121.5510475,24.8600267],[121.5510029,24.8600301],[121.5510035,24.860023],[121.5508965,24.8599453],[121.5509106,24.8599228],[121.5508317,24.8598714],[121.5507832,24.8599381],[121.5507691,24.859932],[121.5507443,24.8599698],[121.5508762,24.860061],[121.5508803,24.8602384],[121.5508946,24.8602402],[121.5510804,24.8602333],[121.5510793,24.8601663],[121.5510552,24.8600733],[121.5510617,24.8600623]]]}},{"type":"Feature","properties":{"id":132595,"height":17.3,"source":"F_BUILD 新北市建物","area_m2":427.2},"geometry":{"type":"Polygon","coordinates":[[[121.5507675,24.8602422],[121.5507784,24.8601674],[121.5507976,24.8601689],[121.5508062,24.8601117],[121.5507633,24.8601053],[121.5507698,24.8600317],[121.5507159,24.8600237],[121.5507187,24.8599991],[121.550656,24.8599942],[121.5506551,24.8600163],[121.5505975,24.8600131],[121.5505928,24.8600755],[121.5506172,24.8600793],[121.5506145,24.8601114],[121.5506107,24.8601114],[121.5506017,24.8601908],[121.550628,24.860194],[121.5506228,24.8602302],[121.5506504,24.8602333],[121.5507604,24.8602412],[121.5507675,24.8602422]]]}},{"type":"Feature","properties":{"id":132596,"height":13.2,"source":"F_BUILD 新北市建物","area_m2":132.3},"geometry":{"type":"Polygon","coordinates":[[[121.5575746,24.8601694],[121.5575077,24.8600901],[121.5574747,24.8601099],[121.5574809,24.8601177],[121.5574135,24.8601676],[121.5574831,24.8602375],[121.5575746,24.8601694]]]}},{"type":"Feature","properties":{"id":132597,"height":13.5,"source":"F_BUILD 新北市建物","area_m2":148.6},"geometry":{"type":"Polygon","coordinates":[[[121.5562216,24.8602237],[121.5562241,24.8601537],[121.5560525,24.8601587],[121.5560526,24.8602441],[121.5561308,24.8602439],[121.556133,24.8602274],[121.5562216,24.8602237]]]}},{"type":"Feature","properties":{"id":132598,"height":9.8,"source":"F_BUILD 新北市建物","area_m2":15.5},"geometry":{"type":"Polygon","coordinates":[[[121.5376528,24.8602787],[121.537615,24.8602707],[121.5376056,24.8603051],[121.5376427,24.8603139],[121.5376528,24.8602787]]]}},{"type":"Feature","properties":{"id":132599,"height":11.1,"source":"F_BUILD 新北市建物","area_m2":48.2},"geometry":{"type":"Polygon","coordinates":[[[121.5560252,24.8602045],[121.5559538,24.8602035],[121.555955,24.8602648],[121.5560245,24.8602653],[121.5560252,24.8602045]]]}},{"type":"Feature","properties":{"id":132600,"height":9.8,"source":"F_BUILD 新北市建物","area_m2":16.2},"geometry":{"type":"Polygon","coordinates":[[[121.5377623,24.860336],[121.5377255,24.8603268],[121.5377126,24.8603619],[121.5377514,24.8603716],[121.5377623,24.860336]]]}},{"type":"Feature","properties":{"id":132601,"height":9.2,"source":"F_BUILD 新北市建物","area_m2":7.6},"geometry":{"type":"Polygon","coordinates":[[[121.5577305,24.8602707],[121.5577114,24.860269],[121.557708,24.8603041],[121.5577279,24.8603052],[121.5577305,24.8602707]]]}},{"type":"Feature","properties":{"id":132602,"height":13.9,"source":"F_BUILD 新北市建物","area_m2":174.7},"geometry":{"type":"Polygon","coordinates":[[[121.5563316,24.860344],[121.5563273,24.8602466],[121.5561646,24.8602499],[121.556169,24.8603444],[121.5563316,24.860344]]]}},{"type":"Feature","properties":{"id":132603,"height":12.0,"source":"F_BUILD 新北市建物","area_m2":77.9},"geometry":{"type":"Polygon","coordinates":[[[121.5494025,24.8603863],[121.5493501,24.8603426],[121.5493033,24.8603838],[121.5493485,24.8604355],[121.5493967,24.8604573],[121.5494213,24.8604048],[121.5493952,24.8603941],[121.5494025,24.8603863]]]}},{"type":"Feature","properties":{"id":132604,"height":13.0,"source":"F_BUILD 新北市建物","area_m2":125.0},"geometry":{"type":"Polygon","coordinates":[[[121.5538867,24.8603989],[121.5538812,24.8603691],[121.5538253,24.860374],[121.553778,24.8603759],[121.5536387,24.8604121],[121.5536543,24.8604582],[121.55369,24.8604494],[121.5537021,24.8604445],[121.5537456,24.8604357],[121.553786,24.8604257],[121.5537969,24.8604252],[121.553818,24.8604209],[121.5538294,24.8604173],[121.5538483,24.8604112],[121.5538713,24.8604038],[121.5538867,24.8603989]]]}},{"type":"Feature","properties":{"id":132605,"height":13.4,"source":"F_BUILD 新北市建物","area_m2":143.1},"geometry":{"type":"Polygon","coordinates":[[[121.5380731,24.8603063],[121.5380171,24.8602909],[121.5379535,24.8605048],[121.5380087,24.8605186],[121.5380731,24.8603063]]]}},{"type":"Feature","properties":{"id":132606,"height":18.1,"source":"F_BUILD 新北市建物","area_m2":500.4},"geometry":{"type":"Polygon","coordinates":[[[121.5507299,24.8604842],[121.5507592,24.8602678],[121.5506471,24.8602565],[121.5506464,24.8602614],[121.5505919,24.8602557],[121.5505923,24.8602411],[121.5505366,24.8602361],[121.5505248,24.8603336],[121.5505395,24.8603346],[121.5505378,24.8603812],[121.5505422,24.8603812],[121.5505395,24.8604086],[121.5505632,24.8604112],[121.5505596,24.8604649],[121.5506115,24.8604712],[121.5507299,24.8604842]]]}},{"type":"Feature","properties":{"id":132607,"height":16.0,"source":"F_BUILD 新北市建物","area_m2":312.6},"geometry":{"type":"Polygon","coordinates":[[[121.5490747,24.8605264],[121.5492095,24.8604466],[121.5492311,24.8604754],[121.5492712,24.8604471],[121.5492529,24.8604259],[121.5492598,24.8604201],[121.5493225,24.8604792],[121.5493587,24.8604487],[121.549284,24.8603671],[121.5492368,24.8603991],[121.5491874,24.8603363],[121.5490443,24.8604245],[121.549031,24.8604348],[121.5490666,24.8604794],[121.5490478,24.8604905],[121.5490747,24.8605264]]]}},{"type":"Feature","properties":{"id":132608,"height":12.1,"source":"F_BUILD 新北市建物","area_m2":81.9},"geometry":{"type":"Polygon","coordinates":[[[121.5560568,24.8604393],[121.5559991,24.8604366],[121.5559981,24.8604439],[121.5559626,24.8604442],[121.5559604,24.8604971],[121.5560874,24.8605028],[121.5560876,24.8604479],[121.5560575,24.8604465],[121.5560568,24.8604393]]]}},{"type":"Feature","properties":{"id":132609,"height":32.7,"source":"F_BUILD 新北市建物","area_m2":1374.8},"geometry":{"type":"Polygon","coordinates":[[[121.5515428,24.8605274],[121.551541,24.8603374],[121.5515347,24.8602723],[121.5515404,24.8602724],[121.5515389,24.8601219],[121.5515387,24.8601074],[121.5515377,24.8599966],[121.5515219,24.8599956],[121.5515258,24.8599408],[121.5515203,24.8599401],[121.5515211,24.8599218],[121.5514803,24.8599165],[121.5514669,24.859926],[121.5514486,24.8599974],[121.5513237,24.8601596],[121.551303,24.8601642],[121.5512995,24.8601538],[121.5512389,24.8601692],[121.5512519,24.8602265],[121.551257,24.8602561],[121.5512597,24.8602755],[121.5512616,24.8603066],[121.5512611,24.8603381],[121.5512561,24.8604723],[121.551336,24.8604793],[121.5513356,24.8604863],[121.5513915,24.8605018],[121.5513934,24.8604876],[121.5513986,24.8603759],[121.5514493,24.8603676],[121.5514822,24.8603686],[121.551434,24.860385],[121.5514524,24.8604229],[121.5514539,24.8604615],[121.5514647,24.8604621],[121.5514616,24.8604945],[121.5515025,24.8606045],[121.5515381,24.8606051],[121.5515428,24.8605274]]]}},{"type":"Feature","properties":{"id":132610,"height":9.9,"source":"F_BUILD 新北市建物","area_m2":16.9},"geometry":{"type":"Polygon","coordinates":[[[121.5493989,24.8607176],[121.5493834,24.8606844],[121.5493451,24.8606989],[121.5493587,24.860732],[121.5493989,24.8607176]]]}},{"type":"Feature","properties":{"id":132611,"height":13.5,"source":"F_BUILD 新北市建物","area_m2":150.7},"geometry":{"type":"Polygon","coordinates":[[[121.5380059,24.8605719],[121.5379429,24.8605649],[121.5379239,24.8607848],[121.5379828,24.86079],[121.5380059,24.8605719]]]}},{"type":"Feature","properties":{"id":132612,"height":9.6,"source":"F_BUILD 新北市建物","area_m2":13.1},"geometry":{"type":"Polygon","coordinates":[[[121.5517931,24.860689],[121.5517749,24.8606857],[121.5517622,24.8607473],[121.551781,24.8607502],[121.5517931,24.860689]]]}},{"type":"Feature","properties":{"id":132613,"height":9.8,"source":"F_BUILD 新北市建物","area_m2":16.8},"geometry":{"type":"Polygon","coordinates":[[[121.5514554,24.8607604],[121.5514157,24.8607567],[121.5514115,24.8607938],[121.5514515,24.8607981],[121.5514554,24.8607604]]]}},{"type":"Feature","properties":{"id":132614,"height":29.6,"source":"F_BUILD 新北市建物","area_m2":911.0},"geometry":{"type":"Polygon","coordinates":[[[121.5490065,24.8607394],[121.549122,24.8606872],[121.5491399,24.8607311],[121.5491656,24.8607222],[121.5493625,24.860659],[121.5493224,24.8605675],[121.5491733,24.8606188],[121.5491886,24.860553],[121.5490391,24.8605379],[121.5489713,24.8605959],[121.5490254,24.8606543],[121.5489983,24.8606696],[121.5489381,24.8605742],[121.5489033,24.8605911],[121.5489546,24.8606745],[121.5488392,24.8607352],[121.5488514,24.8607622],[121.5488421,24.8607666],[121.5489165,24.8608725],[121.5489275,24.8608787],[121.5490329,24.8608702],[121.5490715,24.8608433],[121.5490065,24.8607394]]]}},{"type":"Feature","properties":{"id":132615,"height":33.4,"source":"F_BUILD 新北市建物","area_m2":1496.3},"geometry":{"type":"Polygon","coordinates":[[[121.5516934,24.8607477],[121.551692,24.8606624],[121.5517124,24.860664],[121.5517147,24.8606005],[121.5517154,24.8605601],[121.5517267,24.8605594],[121.5517268,24.8604109],[121.5517137,24.8604104],[121.5517157,24.8602502],[121.5517179,24.8602143],[121.551728,24.8602143],[121.5517301,24.8601554],[121.5517471,24.8601567],[121.5517486,24.8601007],[121.5517222,24.8600998],[121.5517294,24.8599835],[121.5517121,24.8598538],[121.5516965,24.8598538],[121.5516931,24.8598059],[121.5515781,24.859816],[121.5515783,24.8598605],[121.5515789,24.859868],[121.5515811,24.8600987],[121.5515966,24.8600992],[121.5515941,24.8602125],[121.5515848,24.8602133],[121.5515846,24.8602549],[121.5515825,24.8602546],[121.5515835,24.8603553],[121.5515861,24.8603556],[121.551584,24.8604137],[121.5515873,24.8607562],[121.5515962,24.8607564],[121.5515881,24.8608336],[121.5515882,24.8608418],[121.5515949,24.8608436],[121.5515888,24.8608872],[121.551589,24.8608973],[121.5516105,24.8609012],[121.5516414,24.8608353],[121.5516633,24.8607569],[121.5516886,24.8607556],[121.5516934,24.8607477]]]}},{"type":"Feature","properties":{"id":132616,"height":18.4,"source":"F_BUILD 新北市建物","area_m2":529.0},"geometry":{"type":"Polygon","coordinates":[[[121.5513178,24.8607724],[121.5513202,24.8607568],[121.5513812,24.8607611],[121.5513849,24.8607206],[121.5513776,24.8607202],[121.5513901,24.8606554],[121.5513962,24.8606554],[121.5514002,24.8606313],[121.5514174,24.8606328],[121.5514288,24.8605227],[121.5513868,24.8605113],[121.5512871,24.8604974],[121.5512658,24.8606201],[121.5512521,24.8607094],[121.5512782,24.8607114],[121.5512754,24.8607699],[121.5512372,24.860769],[121.5512277,24.8608958],[121.5513515,24.8609026],[121.5513551,24.8608514],[121.551316,24.8608478],[121.5513219,24.8607725],[121.5513178,24.8607724]]]}},{"type":"Feature","properties":{"id":132617,"height":32.2,"source":"F_BUILD 新北市建物","area_m2":1294.9},"geometry":{"type":"Polygon","coordinates":[[[121.5566723,24.8609647],[121.5566824,24.8608804],[121.5567452,24.8608848],[121.5567779,24.8607033],[121.5566579,24.8606787],[121.5566506,24.8607111],[121.5564303,24.8606772],[121.5564292,24.8606944],[121.5564014,24.8606908],[121.5563905,24.8606124],[121.5563102,24.8606186],[121.556295,24.8606198],[121.5561516,24.8606333],[121.5561562,24.8607117],[121.5563007,24.8607016],[121.556302,24.8607211],[121.5563107,24.8607205],[121.5563924,24.8607143],[121.5563834,24.8607851],[121.5564111,24.8607898],[121.5564075,24.8608039],[121.5564379,24.8608082],[121.5564285,24.8608946],[121.5563113,24.860876],[121.5561449,24.8608496],[121.5561393,24.8608773],[121.5561382,24.8608826],[121.5561804,24.860889],[121.5563115,24.8609088],[121.5564251,24.8609261],[121.5564241,24.8609351],[121.5565549,24.8609542],[121.5566715,24.8609713],[121.5566723,24.8609647]]]}},{"type":"Feature","properties":{"id":132618,"height":10.5,"source":"F_BUILD 新北市建物","area_m2":29.9},"geometry":{"type":"Polygon","coordinates":[[[121.5513369,24.8610098],[121.5513199,24.8609604],[121.5512702,24.8609711],[121.5512886,24.8610224],[121.5513369,24.8610098]]]}},{"type":"Feature","properties":{"id":132619,"height":10.5,"source":"F_BUILD 新北市建物","area_m2":31.1},"geometry":{"type":"Polygon","coordinates":[[[121.554411,24.8609728],[121.5543631,24.8609508],[121.5543373,24.8609952],[121.5543849,24.8610196],[121.554411,24.8609728]]]}},{"type":"Feature","properties":{"id":132620,"height":17.9,"source":"F_BUILD 新北市建物","area_m2":487.7},"geometry":{"type":"Polygon","coordinates":[[[121.5405089,24.8610744],[121.5406566,24.8609271],[121.5406787,24.8609481],[121.540714,24.8609172],[121.5406894,24.8608952],[121.5407443,24.8608406],[121.5406449,24.8607514],[121.540631,24.8607653],[121.5406356,24.8607697],[121.5404135,24.8609926],[121.5405089,24.8610744]]]}},{"type":"Feature","properties":{"id":132621,"height":9.3,"source":"F_BUILD 新北市建物","area_m2":8.0},"geometry":{"type":"Polygon","coordinates":[[[121.5440097,24.8610899],[121.5440058,24.8610656],[121.5439765,24.8610696],[121.5439798,24.8610928],[121.5440045,24.8610904],[121.5440097,24.8610899]]]}},{"type":"Feature","properties":{"id":132622,"height":14.3,"source":"F_BUILD 新北市建物","area_m2":197.7},"geometry":{"type":"Polygon","coordinates":[[[121.5469014,24.8611228],[121.5469063,24.8610859],[121.546938,24.8610893],[121.546951,24.8609799],[121.5468237,24.8609657],[121.5468063,24.8611122],[121.5468482,24.8611169],[121.5468482,24.8611161],[121.5468968,24.8611218],[121.5468967,24.8611223],[121.5469014,24.8611228]]]}},{"type":"Feature","properties":{"id":132623,"height":14.0,"source":"F_BUILD 新北市建物","area_m2":176.5},"geometry":{"type":"Polygon","coordinates":[[[121.5553015,24.8610974],[121.5553646,24.8610034],[121.5553639,24.861003],[121.5553829,24.8609372],[121.5553178,24.8609129],[121.5552954,24.8609616],[121.5552744,24.8609948],[121.5552518,24.8609833],[121.5552054,24.8610497],[121.5552425,24.8610717],[121.5552475,24.8610635],[121.5553015,24.8610974]]]}},{"type":"Feature","properties":{"id":132624,"height":12.3,"source":"F_BUILD 新北市建物","area_m2":90.8},"geometry":{"type":"Polygon","coordinates":[[[121.5428337,24.8610292],[121.5427829,24.8610246],[121.542769,24.8611718],[121.5427912,24.8611725],[121.5427875,24.8611807],[121.5427876,24.86119],[121.5427954,24.8611961],[121.54281,24.8611964],[121.5428184,24.8611889],[121.5428337,24.8610292]]]}},{"type":"Feature","properties":{"id":132625,"height":16.8,"source":"F_BUILD 新北市建物","area_m2":378.3},"geometry":{"type":"Polygon","coordinates":[[[121.540425,24.8612329],[121.540522,24.8610921],[121.5404351,24.8610308],[121.5404298,24.8610376],[121.5403779,24.8610075],[121.5403133,24.8610975],[121.5402943,24.8610866],[121.5402543,24.8611419],[121.5402751,24.8611517],[121.540256,24.8611753],[121.5403139,24.8611952],[121.540425,24.8612329]]]}},{"type":"Feature","properties":{"id":132626,"height":33.2,"source":"F_BUILD 新北市建物","area_m2":1467.4},"geometry":{"type":"Polygon","coordinates":[[[121.5482427,24.8611992],[121.5482716,24.8611303],[121.5482144,24.8611098],[121.5482321,24.8610528],[121.5482168,24.8610475],[121.5482236,24.8610314],[121.5481776,24.8610152],[121.5481752,24.8610349],[121.5481269,24.8610207],[121.5481283,24.8610122],[121.5481181,24.8610112],[121.5481212,24.8609855],[121.5482238,24.8610046],[121.5483443,24.8610398],[121.5483856,24.8609259],[121.5484032,24.8609317],[121.5484262,24.8608854],[121.5482813,24.8608386],[121.5481033,24.8608345],[121.5480947,24.8608798],[121.5479786,24.8608651],[121.5479778,24.860872],[121.5479679,24.8608719],[121.5479557,24.8610077],[121.5479392,24.8610063],[121.5479199,24.8611426],[121.5479345,24.8611437],[121.5479324,24.8611708],[121.5479153,24.8611692],[121.547912,24.8612051],[121.5479522,24.8612096],[121.5479541,24.8611954],[121.5480507,24.8612043],[121.5480516,24.8611963],[121.5480767,24.861198],[121.5480765,24.8612025],[121.5481584,24.8612272],[121.5481557,24.8612319],[121.5482607,24.8612598],[121.5482811,24.8612127],[121.5482427,24.8611992]]]}},{"type":"Feature","properties":{"id":132627,"height":14.1,"source":"F_BUILD 新北市建物","area_m2":183.3},"geometry":{"type":"Polygon","coordinates":[[[121.555019,24.8612378],[121.5550248,24.8612268],[121.5550443,24.8612366],[121.5551301,24.8611028],[121.5550432,24.8610602],[121.5549787,24.8611557],[121.5549589,24.8611938],[121.5549528,24.8612055],[121.555019,24.8612378]]]}},{"type":"Feature","properties":{"id":132628,"height":11.9,"source":"F_BUILD 新北市建物","area_m2":76.8},"geometry":{"type":"Polygon","coordinates":[[[121.5435127,24.8612899],[121.5434545,24.8611677],[121.5434061,24.8611881],[121.543467,24.8613085],[121.5435127,24.8612899]]]}},{"type":"Feature","properties":{"id":132629,"height":20.0,"source":"F_BUILD 新北市建物","area_m2":708.1},"geometry":{"type":"Polygon","coordinates":[[[121.5513873,24.861161],[121.5514191,24.8611589],[121.5514192,24.86117],[121.551436,24.8611667],[121.5514359,24.8611952],[121.5515034,24.8611962],[121.5515032,24.8611675],[121.5515139,24.8611698],[121.5515149,24.8609953],[121.5515152,24.8609307],[121.5513659,24.8609245],[121.5513517,24.8609233],[121.551342,24.8609821],[121.5513619,24.8610504],[121.5513492,24.8610556],[121.5513189,24.8610658],[121.5512261,24.8610968],[121.5512298,24.8611796],[121.551208,24.8612738],[121.5512161,24.8612804],[121.5512129,24.8612888],[121.5512334,24.8612955],[121.5512529,24.8612871],[121.5512514,24.8612787],[121.5513168,24.8612409],[121.5513295,24.8611802],[121.5513873,24.861161]]]}},{"type":"Feature","properties":{"id":132630,"height":11.1,"source":"F_BUILD 新北市建物","area_m2":47.2},"geometry":{"type":"Polygon","coordinates":[[[121.5500687,24.8613481],[121.550054,24.8612737],[121.5499973,24.8612826],[121.5500144,24.8613555],[121.5500687,24.8613481]]]}},{"type":"Feature","properties":{"id":132631,"height":9.2,"source":"F_BUILD 新北市建物","area_m2":6.6},"geometry":{"type":"Polygon","coordinates":[[[121.5444294,24.8614609],[121.5444052,24.8614587],[121.5444032,24.8614827],[121.5444278,24.861485],[121.5444294,24.8614609]]]}},{"type":"Feature","properties":{"id":132632,"height":15.4,"source":"F_BUILD 新北市建物","area_m2":269.0},"geometry":{"type":"Polygon","coordinates":[[[121.5498471,24.8614091],[121.549831,24.8613232],[121.5496968,24.8613417],[121.5496932,24.8613263],[121.5496148,24.8613374],[121.5496185,24.8613549],[121.5496058,24.8613565],[121.5496254,24.8614702],[121.5497081,24.8614582],[121.549707,24.8614409],[121.549713,24.8614346],[121.5497432,24.8614312],[121.5497422,24.8614248],[121.5498471,24.8614091]]]}},{"type":"Feature","properties":{"id":132633,"height":9.2,"source":"F_BUILD 新北市建物","area_m2":6.5},"geometry":{"type":"Polygon","coordinates":[[[121.5444279,24.8614932],[121.5444035,24.8614902],[121.5444009,24.8615143],[121.5444259,24.8615159],[121.5444279,24.8614932]]]}},{"type":"Feature","properties":{"id":132635,"height":9.5,"source":"F_BUILD 新北市建物","area_m2":11.4},"geometry":{"type":"Polygon","coordinates":[[[121.5444393,24.8615234],[121.5444045,24.8615198],[121.5444005,24.8615489],[121.5444348,24.8615523],[121.5444393,24.8615234]]]}},{"type":"Feature","properties":{"id":132636,"height":10.8,"source":"F_BUILD 新北市建物","area_m2":39.5},"geometry":{"type":"Polygon","coordinates":[[[121.5442916,24.861599],[121.5442577,24.8615894],[121.5442246,24.8616829],[121.5442593,24.8616928],[121.5442916,24.861599]]]}},{"type":"Feature","properties":{"id":132637,"height":32.2,"source":"F_BUILD 新北市建物","area_m2":1289.5},"geometry":{"type":"Polygon","coordinates":[[[121.5516272,24.8615021],[121.551696,24.8614014],[121.5517072,24.8613452],[121.5517176,24.8612825],[121.5517165,24.8612258],[121.5517224,24.8612255],[121.5517267,24.8611558],[121.5517302,24.8611046],[121.5517375,24.8611051],[121.5517432,24.8610308],[121.5517083,24.8610319],[121.5517179,24.8609751],[121.5517666,24.8609802],[121.551804,24.8607653],[121.5517393,24.8607562],[121.5517227,24.8607895],[121.5517089,24.8607937],[121.5517071,24.8608128],[121.5516751,24.8608543],[121.551662,24.8608746],[121.5516528,24.8608911],[121.5515996,24.8609908],[121.5516001,24.8610364],[121.5515958,24.8611301],[121.5515972,24.8611761],[121.5515947,24.861322],[121.5515924,24.8613405],[121.551585,24.861376],[121.5515843,24.8613777],[121.551583,24.8613954],[121.5515886,24.8613962],[121.5515627,24.8614278],[121.55157,24.8614357],[121.5515329,24.8614619],[121.5515254,24.8614547],[121.5513073,24.8616239],[121.5513745,24.8616896],[121.5513752,24.8616903],[121.5513775,24.8616885],[121.5515398,24.8615632],[121.5515837,24.8615308],[121.5516272,24.8615021]]]}},{"type":"Feature","properties":{"id":132638,"height":9.3,"source":"F_BUILD 新北市建物","area_m2":8.9},"geometry":{"type":"Polygon","coordinates":[[[121.5497671,24.8616899],[121.5497177,24.8616874],[121.5497174,24.861704],[121.5497657,24.861706],[121.5497671,24.8616899]]]}},{"type":"Feature","properties":{"id":132639,"height":14.5,"source":"F_BUILD 新北市建物","area_m2":207.4},"geometry":{"type":"Polygon","coordinates":[[[121.5434823,24.8616916],[121.5434243,24.8616764],[121.5433584,24.8617151],[121.5433116,24.8617507],[121.5432891,24.8617805],[121.5433109,24.8617893],[121.5433293,24.8618011],[121.5433902,24.8618364],[121.543503,24.8617374],[121.5434823,24.8616916]]]}},{"type":"Feature","properties":{"id":132640,"height":10.8,"source":"F_BUILD 新北市建物","area_m2":38.8},"geometry":{"type":"Polygon","coordinates":[[[121.5442397,24.8617643],[121.5442052,24.8617567],[121.5441768,24.8618495],[121.5442126,24.861857],[121.5442397,24.8617643]]]}},{"type":"Feature","properties":{"id":132641,"height":13.1,"source":"F_BUILD 新北市建物","area_m2":127.3},"geometry":{"type":"Polygon","coordinates":[[[121.5441767,24.8619783],[121.5441822,24.8619513],[121.5442012,24.8619526],[121.5442218,24.8618622],[121.5441312,24.8618485],[121.5441198,24.8618974],[121.54411,24.8618959],[121.5441044,24.8619176],[121.5440985,24.8619175],[121.5440904,24.8619546],[121.5441197,24.8619587],[121.5441191,24.8619712],[121.5441767,24.8619783]]]}},{"type":"Feature","properties":{"id":132642,"height":11.1,"source":"F_BUILD 新北市建物","area_m2":46.4},"geometry":{"type":"Polygon","coordinates":[[[121.5504977,24.8619299],[121.5504659,24.861877],[121.5504039,24.8619056],[121.5504348,24.8619574],[121.5504977,24.8619299]]]}},{"type":"Feature","properties":{"id":132643,"height":16.1,"source":"F_BUILD 新北市建物","area_m2":325.5},"geometry":{"type":"Polygon","coordinates":[[[121.5486843,24.86187],[121.5486519,24.861765],[121.5485031,24.8618016],[121.5485146,24.8618411],[121.5485723,24.8619577],[121.5486141,24.8620285],[121.5486855,24.8620062],[121.5486515,24.8618957],[121.5486843,24.86187]]]}},{"type":"Feature","properties":{"id":132644,"height":21.2,"source":"F_BUILD 新北市建物","area_m2":864.4},"geometry":{"type":"Polygon","coordinates":[[[121.5506692,24.8620396],[121.5507687,24.8619225],[121.5507774,24.8619284],[121.5508362,24.8618611],[121.5508258,24.8618531],[121.5508323,24.8618465],[121.5507931,24.8618121],[121.5507993,24.8618057],[121.5507811,24.8617915],[121.5508088,24.861763],[121.5507375,24.8617029],[121.5507083,24.8617306],[121.5506582,24.861692],[121.5506042,24.8617509],[121.5505783,24.8617771],[121.5505537,24.8617585],[121.5505269,24.8617831],[121.5504693,24.8617258],[121.5503808,24.8617967],[121.5503513,24.8618193],[121.5503861,24.8618543],[121.5504554,24.8618039],[121.5504777,24.8618283],[121.5504596,24.8618449],[121.550616,24.8619511],[121.5505983,24.861981],[121.5506692,24.8620396]]]}},{"type":"Feature","properties":{"id":132645,"height":9.7,"source":"F_BUILD 新北市建物","area_m2":13.9},"geometry":{"type":"Polygon","coordinates":[[[121.5402637,24.862088],[121.5402533,24.8620533],[121.5402201,24.8620604],[121.5402293,24.8620952],[121.5402637,24.862088]]]}},{"type":"Feature","properties":{"id":132646,"height":12.8,"source":"F_BUILD 新北市建物","area_m2":114.7},"geometry":{"type":"Polygon","coordinates":[[[121.543448,24.8620874],[121.5434018,24.8619953],[121.5433835,24.8620014],[121.5433347,24.8619352],[121.5432919,24.8619591],[121.5433349,24.862024],[121.5433448,24.8620183],[121.5433923,24.8621087],[121.543448,24.8620874]]]}},{"type":"Feature","properties":{"id":132647,"height":9.6,"source":"F_BUILD 新北市建物","area_m2":12.5},"geometry":{"type":"Polygon","coordinates":[[[121.5478473,24.8621817],[121.5478183,24.8621676],[121.5478011,24.8621956],[121.5478314,24.862212],[121.5478473,24.8621817]]]}},{"type":"Feature","properties":{"id":132648,"height":10.5,"source":"F_BUILD 新北市建物","area_m2":31.4},"geometry":{"type":"Polygon","coordinates":[[[121.5421349,24.8622508],[121.5421007,24.8622277],[121.5420578,24.862281],[121.5420916,24.8623039],[121.5421349,24.8622508]]]}},{"type":"Feature","properties":{"id":132649,"height":9.1,"source":"F_BUILD 新北市建物","area_m2":6.5},"geometry":{"type":"Polygon","coordinates":[[[121.5422913,24.8622971],[121.5422691,24.8622828],[121.5422552,24.8623006],[121.5422779,24.8623142],[121.5422913,24.8622971]]]}},{"type":"Feature","properties":{"id":132650,"height":19.9,"source":"F_BUILD 新北市建物","area_m2":701.7},"geometry":{"type":"Polygon","coordinates":[[[121.5505971,24.862136],[121.5505365,24.862098],[121.5504939,24.8619935],[121.5504769,24.8620014],[121.5504664,24.8619793],[121.5504369,24.8619911],[121.5503958,24.8619268],[121.5502395,24.8620032],[121.5502482,24.8620176],[121.5502144,24.8620328],[121.5502328,24.86209],[121.5502979,24.8621242],[121.5504096,24.8621177],[121.5504253,24.8621115],[121.5504293,24.8621213],[121.5504377,24.8621417],[121.5504393,24.8621455],[121.5503702,24.8622073],[121.5504647,24.8622869],[121.5505646,24.8621785],[121.5505716,24.862171],[121.5505943,24.8621399],[121.5505971,24.862136]]]}},{"type":"Feature","properties":{"id":132651,"height":12.4,"source":"F_BUILD 新北市建物","area_m2":97.3},"geometry":{"type":"Polygon","coordinates":[[[121.5458059,24.8623006],[121.5457821,24.8622021],[121.5456931,24.8622233],[121.5457204,24.862314],[121.5458059,24.8623006]]]}},{"type":"Feature","properties":{"id":132652,"height":15.2,"source":"F_BUILD 新北市建物","area_m2":253.2},"geometry":{"type":"Polygon","coordinates":[[[121.5470881,24.8623155],[121.5470485,24.8619134],[121.5469927,24.8619178],[121.5470325,24.8623209],[121.5470881,24.8623155]]]}},{"type":"Feature","properties":{"id":132653,"height":10.2,"source":"F_BUILD 新北市建物","area_m2":22.9},"geometry":{"type":"Polygon","coordinates":[[[121.5515909,24.8623192],[121.5515713,24.8622941],[121.5515182,24.862327],[121.5515387,24.8623539],[121.5515909,24.8623192]]]}},{"type":"Feature","properties":{"id":132654,"height":13.1,"source":"F_BUILD 新北市建物","area_m2":130.3},"geometry":{"type":"Polygon","coordinates":[[[121.5458973,24.8623143],[121.5458785,24.8622214],[121.5457985,24.8622336],[121.5458303,24.8623915],[121.5458913,24.8623808],[121.5458758,24.8623179],[121.5458973,24.8623143]]]}},{"type":"Feature","properties":{"id":132655,"height":13.5,"source":"F_BUILD 新北市建物","area_m2":148.4},"geometry":{"type":"Polygon","coordinates":[[[121.5455605,24.8623064],[121.5455714,24.8622608],[121.5455011,24.8622491],[121.5454895,24.8623044],[121.5454655,24.8623017],[121.5454502,24.8623524],[121.5455307,24.8623641],[121.5455223,24.8624037],[121.5455532,24.8624132],[121.5455786,24.8623928],[121.5455955,24.8623149],[121.5455605,24.8623064]]]}},{"type":"Feature","properties":{"id":132656,"height":14.8,"source":"F_BUILD 新北市建物","area_m2":226.0},"geometry":{"type":"Polygon","coordinates":[[[121.5502306,24.8624967],[121.5502622,24.8624522],[121.5502805,24.8624641],[121.5503109,24.8624197],[121.5502948,24.8624089],[121.5503205,24.8623683],[121.5502144,24.8623228],[121.5501118,24.8624706],[121.5501572,24.8624943],[121.5501793,24.862472],[121.5502306,24.8624967]]]}},{"type":"Feature","properties":{"id":132657,"height":18.8,"source":"F_BUILD 新北市建物","area_m2":579.7},"geometry":{"type":"Polygon","coordinates":[[[121.5496893,24.8624129],[121.5496705,24.8623601],[121.5496567,24.8623643],[121.5496341,24.8623035],[121.549709,24.8622786],[121.5497004,24.8622562],[121.5497061,24.8622544],[121.5496633,24.8621437],[121.5496688,24.862142],[121.5496529,24.8620998],[121.5495816,24.862125],[121.5495898,24.8621529],[121.5495824,24.862155],[121.5495016,24.8621833],[121.5495043,24.8621928],[121.5494889,24.8621977],[121.5495204,24.8622827],[121.5495072,24.8622858],[121.5495302,24.8623405],[121.5495551,24.862332],[121.5496037,24.8624512],[121.5496048,24.8624681],[121.5495851,24.8624741],[121.5496017,24.8625203],[121.5495996,24.8625899],[121.5496554,24.8625918],[121.5496618,24.862501],[121.5496531,24.8624656],[121.5496661,24.862463],[121.549654,24.8624272],[121.5496893,24.8624129]]]}},{"type":"Feature","properties":{"id":132658,"height":12.4,"source":"F_BUILD 新北市建物","area_m2":97.6},"geometry":{"type":"Polygon","coordinates":[[[121.5489037,24.8625254],[121.548805,24.8625254],[121.5488068,24.8626229],[121.5488861,24.8626222],[121.5488867,24.8625767],[121.5489043,24.8625766],[121.5489037,24.8625254]]]}},{"type":"Feature","properties":{"id":132659,"height":31.6,"source":"F_BUILD 新北市建物","area_m2":1196.0},"geometry":{"type":"Polygon","coordinates":[[[121.5480319,24.8626865],[121.5480571,24.8626664],[121.5480628,24.8626714],[121.5481445,24.8626108],[121.5481644,24.8625994],[121.5481722,24.8625949],[121.5481866,24.8625888],[121.548189,24.8625884],[121.5482364,24.8625369],[121.5482256,24.8625276],[121.5482156,24.8625355],[121.5481825,24.8625073],[121.5481888,24.8624986],[121.5482503,24.8625402],[121.5483006,24.862482],[121.548383,24.8623678],[121.5483705,24.8623608],[121.5483737,24.8623547],[121.5482588,24.8622844],[121.5482518,24.8622921],[121.5482337,24.8622782],[121.5482744,24.8622324],[121.5481981,24.8621539],[121.54817,24.8621821],[121.5480803,24.8622818],[121.5480836,24.8622843],[121.547992,24.8623902],[121.5478995,24.8624957],[121.5479626,24.8625367],[121.5480503,24.8624318],[121.5480717,24.8624471],[121.5481343,24.8623774],[121.5481599,24.8623944],[121.548117,24.8624499],[121.5481373,24.8624623],[121.5480696,24.8625214],[121.5479874,24.8626053],[121.5480076,24.862623],[121.5479863,24.862641],[121.5480319,24.8626865]]]}},{"type":"Feature","properties":{"id":132660,"height":10.0,"source":"F_BUILD 新北市建物","area_m2":19.4},"geometry":{"type":"Polygon","coordinates":[[[121.5427924,24.8627031],[121.5427881,24.8626611],[121.5427478,24.8626638],[121.5427512,24.8627061],[121.5427924,24.8627031]]]}},{"type":"Feature","properties":{"id":132661,"height":14.2,"source":"F_BUILD 新北市建物","area_m2":191.2},"geometry":{"type":"Polygon","coordinates":[[[121.5471209,24.8626874],[121.5470922,24.8623924],[121.5470363,24.862396],[121.5470615,24.8626905],[121.5471209,24.8626874]]]}},{"type":"Feature","properties":{"id":132662,"height":12.2,"source":"F_BUILD 新北市建物","area_m2":86.5},"geometry":{"type":"Polygon","coordinates":[[[121.542672,24.8626607],[121.5425557,24.862619],[121.5425302,24.8626759],[121.5426484,24.8627181],[121.542672,24.8626607]]]}},{"type":"Feature","properties":{"id":132663,"height":11.3,"source":"F_BUILD 新北市建物","area_m2":52.5},"geometry":{"type":"Polygon","coordinates":[[[121.540562,24.8626996],[121.5405341,24.8626504],[121.5404783,24.8626758],[121.5404659,24.8626813],[121.5404716,24.8626912],[121.5404582,24.8626963],[121.540477,24.8627331],[121.540562,24.8626996]]]}},{"type":"Feature","properties":{"id":132664,"height":13.3,"source":"F_BUILD 新北市建物","area_m2":140.0},"geometry":{"type":"Polygon","coordinates":[[[121.5459533,24.8625779],[121.5458984,24.8625433],[121.5457854,24.8626801],[121.5458472,24.8627236],[121.5459533,24.8625779]]]}},{"type":"Feature","properties":{"id":132666,"height":15.0,"source":"F_BUILD 新北市建物","area_m2":239.3},"geometry":{"type":"Polygon","coordinates":[[[121.5482111,24.8627779],[121.5481674,24.8627129],[121.5481858,24.8627269],[121.5482551,24.8626823],[121.5481955,24.8626306],[121.5481257,24.8626723],[121.5481301,24.8626765],[121.5480497,24.8627233],[121.5479789,24.8627669],[121.5479817,24.8627945],[121.5482111,24.8627779]]]}},{"type":"Feature","properties":{"id":132667,"height":19.2,"source":"F_BUILD 新北市建物","area_m2":615.3},"geometry":{"type":"Polygon","coordinates":[[[121.5484759,24.8627909],[121.548559,24.8627772],[121.548585,24.862737],[121.5486589,24.8626294],[121.548594,24.8625945],[121.5485805,24.8626187],[121.5485478,24.862597],[121.5485749,24.8625594],[121.548565,24.8625283],[121.548519,24.8625053],[121.5484523,24.8626057],[121.548409,24.8625696],[121.5483484,24.8626173],[121.5483928,24.8626546],[121.5484097,24.8626509],[121.5484212,24.8626563],[121.5483688,24.8627252],[121.5482788,24.8627556],[121.5482972,24.8627914],[121.5483322,24.8627838],[121.5484718,24.8627975],[121.5484759,24.8627909]]]}},{"type":"Feature","properties":{"id":132668,"height":11.5,"source":"F_BUILD 新北市建物","area_m2":59.8},"geometry":{"type":"Polygon","coordinates":[[[121.5457568,24.8627983],[121.5457046,24.8627478],[121.5456501,24.8627925],[121.5457088,24.8628481],[121.5457568,24.8627983]]]}},{"type":"Feature","properties":{"id":132669,"height":19.1,"source":"F_BUILD 新北市建物","area_m2":607.8},"geometry":{"type":"Polygon","coordinates":[[[121.550228,24.8628409],[121.5502385,24.8628251],[121.5502464,24.8628297],[121.5503048,24.8627453],[121.5503451,24.8627685],[121.5504033,24.8626891],[121.5504351,24.8627067],[121.5505035,24.8625975],[121.5505119,24.8626014],[121.550568,24.8625224],[121.5505185,24.862491],[121.5504979,24.862516],[121.550487,24.8625149],[121.5504704,24.862538],[121.5504781,24.8625433],[121.5504605,24.8625703],[121.55042,24.8625498],[121.5504859,24.8624701],[121.5504444,24.86245],[121.5503792,24.862523],[121.5503702,24.8625203],[121.5503639,24.8625277],[121.5503428,24.8625611],[121.5504019,24.8625953],[121.5503805,24.8626244],[121.5503191,24.8625883],[121.5501508,24.8627693],[121.5501851,24.8627869],[121.5501817,24.862792],[121.5502064,24.8628064],[121.5501951,24.8628243],[121.550228,24.8628409]]]}},{"type":"Feature","properties":{"id":132671,"height":10.8,"source":"F_BUILD 新北市建物","area_m2":39.8},"geometry":{"type":"Polygon","coordinates":[[[121.5457725,24.8630027],[121.54575,24.8629489],[121.545698,24.8629679],[121.5457061,24.8629912],[121.5456979,24.8629961],[121.5457096,24.8630241],[121.5457725,24.8630027]]]}},{"type":"Feature","properties":{"id":132672,"height":15.9,"source":"F_BUILD 新北市建物","area_m2":309.7},"geometry":{"type":"Polygon","coordinates":[[[121.5502074,24.8631457],[121.5502642,24.8630117],[121.550152,24.8629667],[121.5501382,24.8629973],[121.5501284,24.8630136],[121.5501052,24.8630038],[121.5500824,24.8630508],[121.5499813,24.8630113],[121.5499613,24.8630532],[121.5500628,24.8630917],[121.5500515,24.8631162],[121.5500876,24.8631299],[121.5501174,24.8631404],[121.550128,24.8631161],[121.5502074,24.8631457]]]}},{"type":"Feature","properties":{"id":132674,"height":12.3,"source":"F_BUILD 新北市建物","area_m2":89.4},"geometry":{"type":"Polygon","coordinates":[[[121.5458145,24.8631899],[121.5457818,24.86306],[121.5457255,24.8630742],[121.5457539,24.8632032],[121.5458145,24.8631899]]]}},{"type":"Feature","properties":{"id":132675,"height":29.6,"source":"F_BUILD 新北市建物","area_m2":918.5},"geometry":{"type":"Polygon","coordinates":[[[121.5515144,24.8631904],[121.5515175,24.8631539],[121.5515664,24.8631569],[121.5515787,24.8629913],[121.5516418,24.8629937],[121.5516595,24.86276],[121.551615,24.8627575],[121.5516218,24.8626459],[121.5515587,24.8626407],[121.5515639,24.8624997],[121.5515163,24.8624935],[121.5514532,24.8631487],[121.5514582,24.8631488],[121.5514541,24.8631865],[121.5515144,24.8631904]]]}},{"type":"Feature","properties":{"id":132676,"height":33.5,"source":"F_BUILD 新北市建物","area_m2":1510.0},"geometry":{"type":"Polygon","coordinates":[[[121.5513849,24.8633191],[121.5514056,24.8630289],[121.5513904,24.8630285],[121.5513966,24.8629302],[121.5514045,24.8629304],[121.5514233,24.8627261],[121.5514158,24.8627237],[121.5514196,24.8626912],[121.5514269,24.8626922],[121.5514345,24.862624],[121.5514385,24.8625687],[121.551354,24.8625506],[121.5512774,24.8627922],[121.5512458,24.8627913],[121.5512417,24.8628591],[121.5512175,24.8628569],[121.5511975,24.8629124],[121.5511892,24.8629129],[121.5511684,24.8629573],[121.5511575,24.8630718],[121.5511504,24.8631384],[121.551125,24.8631385],[121.5511201,24.8631971],[121.5510973,24.863195],[121.5510896,24.8632813],[121.5511419,24.8632855],[121.5511382,24.8633253],[121.5512543,24.8633357],[121.5512669,24.8632088],[121.5512541,24.8632073],[121.5512682,24.8630762],[121.5512697,24.8630295],[121.5513561,24.8630334],[121.5513543,24.8630918],[121.5513392,24.8630905],[121.5513375,24.8631249],[121.5513273,24.8631245],[121.5513147,24.8633313],[121.5513843,24.8633352],[121.5513849,24.8633191]]]}},{"type":"Feature","properties":{"id":132677,"height":9.7,"source":"F_BUILD 新北市建物","area_m2":14.8},"geometry":{"type":"Polygon","coordinates":[[[121.5503422,24.8634199],[121.5503391,24.8633838],[121.5503052,24.8633866],[121.5503033,24.8633867],[121.5503052,24.8634228],[121.5503087,24.8634225],[121.5503422,24.8634199]]]}},{"type":"Feature","properties":{"id":132678,"height":20.5,"source":"F_BUILD 新北市建物","area_m2":774.4},"geometry":{"type":"Polygon","coordinates":[[[121.5476869,24.8634451],[121.5476936,24.8634432],[121.547701,24.8634558],[121.5477704,24.8634258],[121.5477659,24.863413],[121.5477738,24.8634115],[121.547792,24.8633977],[121.5477377,24.8632915],[121.5476736,24.8633197],[121.5476575,24.8632851],[121.5478059,24.8631622],[121.5477756,24.8631282],[121.5477873,24.8631201],[121.5477415,24.8630395],[121.5477119,24.8630626],[121.5476938,24.8630447],[121.547479,24.8632187],[121.5475947,24.8633371],[121.5476042,24.8633502],[121.5475949,24.8633543],[121.5476591,24.8634585],[121.547672,24.8634576],[121.5476768,24.8634564],[121.5476814,24.863454],[121.5476847,24.863451],[121.5476869,24.8634451]]]}},{"type":"Feature","properties":{"id":132679,"height":16.0,"source":"F_BUILD 新北市建物","area_m2":316.2},"geometry":{"type":"Polygon","coordinates":[[[121.549541,24.8634602],[121.5495407,24.8634514],[121.5495707,24.8634496],[121.5495647,24.8633798],[121.5495624,24.8633739],[121.5494903,24.8632968],[121.5494642,24.8633024],[121.549377,24.8633103],[121.5493788,24.8634525],[121.5493847,24.8634529],[121.5494128,24.8634521],[121.5494176,24.8635068],[121.549459,24.8634925],[121.5494572,24.8634645],[121.549541,24.8634602]]]}},{"type":"Feature","properties":{"id":132680,"height":13.2,"source":"F_BUILD 新北市建物","area_m2":135.9},"geometry":{"type":"Polygon","coordinates":[[[121.5528343,24.8635038],[121.5528261,24.8634755],[121.5528113,24.8634164],[121.5526683,24.8634406],[121.552682,24.8634995],[121.5527161,24.8634938],[121.5527238,24.8635231],[121.5528343,24.8635038]]]}},{"type":"Feature","properties":{"id":132681,"height":17.3,"source":"F_BUILD 新北市建物","area_m2":423.9},"geometry":{"type":"Polygon","coordinates":[[[121.5535512,24.8637018],[121.5535606,24.863693],[121.5535678,24.8636986],[121.5535694,24.8636988],[121.5535719,24.863699],[121.5535747,24.8636993],[121.5535799,24.8636974],[121.5535857,24.8636932],[121.5535922,24.8636884],[121.5535987,24.8636826],[121.5536086,24.8636876],[121.5536142,24.863688],[121.5536195,24.863688],[121.5536257,24.8636878],[121.5536312,24.8636865],[121.5536397,24.8636826],[121.553645,24.863678],[121.553648,24.8636743],[121.5536518,24.8636679],[121.5536546,24.8636593],[121.5536549,24.8636525],[121.5536537,24.8636455],[121.5536515,24.8636401],[121.5536428,24.8636291],[121.5534947,24.863478],[121.5533669,24.8635782],[121.5534253,24.8636426],[121.5534227,24.8636427],[121.5533995,24.8636436],[121.5533997,24.8637014],[121.5534528,24.863701],[121.5534544,24.8636736],[121.5534613,24.8636809],[121.5535301,24.8636818],[121.5535512,24.8637018]]]}},{"type":"Feature","properties":{"id":132682,"height":37.0,"source":"F_BUILD 新北市建物","area_m2":2180.9},"geometry":{"type":"Polygon","coordinates":[[[121.5536939,24.8635038],[121.5541336,24.8631563],[121.5542987,24.8633266],[121.554359,24.863274],[121.5543904,24.863302],[121.5544871,24.8631555],[121.554454,24.8631401],[121.5544989,24.863097],[121.5544782,24.863076],[121.5544963,24.8630592],[121.5543558,24.8629121],[121.55425,24.8629941],[121.5542029,24.8629567],[121.5535372,24.8635002],[121.5537411,24.8637099],[121.553822,24.8636426],[121.5536939,24.8635038]]]}},{"type":"Feature","properties":{"id":132683,"height":35.0,"source":"F_BUILD 新北市建物","area_m2":1776.1},"geometry":{"type":"Polygon","coordinates":[[[121.5517234,24.8635611],[121.5516759,24.8634507],[121.5516818,24.8634474],[121.5516836,24.8634517],[121.551733,24.863567],[121.5518161,24.8635377],[121.5518204,24.8635503],[121.5518712,24.8635305],[121.5518048,24.8633605],[121.5517459,24.8633797],[121.5517403,24.863366],[121.5516888,24.8633821],[121.5516638,24.8633218],[121.5517306,24.8632983],[121.5517136,24.8632572],[121.5517524,24.863244],[121.5517784,24.8633041],[121.5518408,24.86328],[121.551809,24.8632041],[121.5517788,24.8632157],[121.5517361,24.8631237],[121.5515817,24.8631799],[121.5516476,24.8633275],[121.5516176,24.8633426],[121.5516193,24.8632768],[121.5514368,24.8632696],[121.5514333,24.8633188],[121.5514291,24.8634237],[121.5514334,24.8634241],[121.5514278,24.8636434],[121.5515908,24.8636476],[121.5515889,24.8635669],[121.5515382,24.8635708],[121.5515405,24.8634473],[121.5515878,24.8634301],[121.5515885,24.8634329],[121.5515486,24.8634483],[121.5515496,24.8635574],[121.551589,24.8635548],[121.5516103,24.8636542],[121.5515805,24.8636668],[121.5516153,24.8637418],[121.5517622,24.8636848],[121.551715,24.8635644],[121.5517234,24.8635611]]]}},{"type":"Feature","properties":{"id":132684,"height":10.0,"source":"F_BUILD 新北市建物","area_m2":19.2},"geometry":{"type":"Polygon","coordinates":[[[121.5477481,24.8637363],[121.5476729,24.863733],[121.5476716,24.8637557],[121.5477473,24.863759],[121.5477481,24.8637363]]]}},{"type":"Feature","properties":{"id":132685,"height":15.6,"source":"F_BUILD 新北市建物","area_m2":281.9},"geometry":{"type":"Polygon","coordinates":[[[121.553355,24.8637398],[121.5533521,24.8636949],[121.553385,24.8636911],[121.5533544,24.8636012],[121.5532113,24.8636292],[121.5531141,24.8636372],[121.5531032,24.8637168],[121.5532259,24.863709],[121.553226,24.8637095],[121.5532819,24.863703],[121.5532843,24.8637436],[121.553355,24.8637398]]]}},{"type":"Feature","properties":{"id":132686,"height":13.7,"source":"F_BUILD 新北市建物","area_m2":158.9},"geometry":{"type":"Polygon","coordinates":[[[121.5487009,24.863607],[121.5486583,24.8635766],[121.548617,24.8636456],[121.5486143,24.8636504],[121.5485576,24.863745],[121.548601,24.8637676],[121.5486174,24.8637762],[121.5487161,24.8636619],[121.5486792,24.8636412],[121.5487009,24.863607]]]}},{"type":"Feature","properties":{"id":132687,"height":10.0,"source":"F_BUILD 新北市建物","area_m2":19.8},"geometry":{"type":"Polygon","coordinates":[[[121.5477937,24.8637524],[121.547753,24.8637477],[121.5477458,24.8637889],[121.5477893,24.8637938],[121.5477937,24.8637524]]]}},{"type":"Feature","properties":{"id":132688,"height":13.3,"source":"F_BUILD 新北市建物","area_m2":137.6},"geometry":{"type":"Polygon","coordinates":[[[121.5457484,24.8638109],[121.5457483,24.863749],[121.5457616,24.863749],[121.54576,24.8636718],[121.5456893,24.8636716],[121.5456935,24.8637355],[121.5456459,24.8637359],[121.5456483,24.8638122],[121.5457238,24.8638114],[121.5457484,24.8638109]]]}},{"type":"Feature","properties":{"id":132690,"height":12.7,"source":"F_BUILD 新北市建物","area_m2":108.2},"geometry":{"type":"Polygon","coordinates":[[[121.5525222,24.8637066],[121.5524984,24.8636709],[121.5524417,24.8636857],[121.5523498,24.8637371],[121.5523898,24.8637932],[121.5525222,24.8637066]]]}},{"type":"Feature","properties":{"id":132692,"height":16.6,"source":"F_BUILD 新北市建物","area_m2":363.7},"geometry":{"type":"Polygon","coordinates":[[[121.552808,24.8637764],[121.5527792,24.863692],[121.5524498,24.8637772],[121.552417,24.8637873],[121.5524477,24.8638662],[121.5527621,24.8637877],[121.552808,24.8637764]]]}},{"type":"Feature","properties":{"id":132693,"height":19.0,"source":"F_BUILD 新北市建物","area_m2":595.2},"geometry":{"type":"Polygon","coordinates":[[[121.5520352,24.8638808],[121.5520541,24.863852],[121.5520838,24.8638663],[121.5521257,24.8638089],[121.5520124,24.8637367],[121.5520476,24.8637251],[121.5519647,24.8635236],[121.5518455,24.8635644],[121.5517617,24.8635839],[121.5517838,24.8636902],[121.5518766,24.8636632],[121.5518845,24.8636809],[121.5518988,24.8636782],[121.5519444,24.8637801],[121.5519457,24.8638272],[121.5519663,24.8638419],[121.5520352,24.8638808]]]}},{"type":"Feature","properties":{"id":132694,"height":10.8,"source":"F_BUILD 新北市建物","area_m2":38.7},"geometry":{"type":"Polygon","coordinates":[[[121.5524135,24.8638526],[121.5523907,24.8638226],[121.5523682,24.8638385],[121.5523594,24.8638259],[121.5523173,24.8638555],[121.5523429,24.8638892],[121.5523631,24.8638835],[121.5523882,24.8638673],[121.5524135,24.8638526]]]}},{"type":"Feature","properties":{"id":132695,"height":15.8,"source":"F_BUILD 新北市建物","area_m2":302.6},"geometry":{"type":"Polygon","coordinates":[[[121.5522487,24.8638755],[121.5522759,24.863859],[121.5522544,24.8638291],[121.5522277,24.8638432],[121.5522115,24.8638182],[121.5521174,24.8638723],[121.5521064,24.8638554],[121.5520318,24.8638964],[121.5520368,24.8639059],[121.5520008,24.8639271],[121.5520147,24.8639444],[121.5520037,24.8639523],[121.5520211,24.8639807],[121.5520494,24.8639769],[121.5521473,24.8639723],[121.5521818,24.8639692],[121.552188,24.8639668],[121.5522013,24.8639596],[121.5522168,24.8639503],[121.5522398,24.8639344],[121.5522698,24.8639161],[121.5522701,24.863916],[121.5522736,24.8639138],[121.5522487,24.8638755]]]}},{"type":"Feature","properties":{"id":132696,"height":15.8,"source":"F_BUILD 新北市建物","area_m2":303.1},"geometry":{"type":"Polygon","coordinates":[[[121.5486037,24.8640058],[121.5486229,24.8638904],[121.5486375,24.8638926],[121.5486394,24.8638821],[121.5486549,24.863794],[121.5485567,24.8637826],[121.5484511,24.8639841],[121.5485206,24.8639946],[121.5486037,24.8640058]]]}},{"type":"Feature","properties":{"id":132697,"height":19.8,"source":"F_BUILD 新北市建物","area_m2":685.1},"geometry":{"type":"Polygon","coordinates":[[[121.5483314,24.8639401],[121.5482567,24.8638681],[121.5482907,24.8638386],[121.5482629,24.8638113],[121.548179,24.8638762],[121.5481739,24.8638689],[121.5482495,24.8638079],[121.5481639,24.8637099],[121.5480864,24.8637661],[121.5479926,24.8638272],[121.5480381,24.8638896],[121.5481062,24.8638535],[121.5481312,24.8638917],[121.5481258,24.8638952],[121.5481516,24.8639381],[121.5482005,24.8639104],[121.5482038,24.8639129],[121.5481205,24.8639804],[121.548056,24.8640365],[121.5481315,24.8641078],[121.5481475,24.8641247],[121.5482092,24.8640601],[121.5482518,24.864025],[121.5482413,24.8640167],[121.5483314,24.8639401]]]}},{"type":"Feature","properties":{"id":132698,"height":9.5,"source":"F_BUILD 新北市建物","area_m2":11.3},"geometry":{"type":"Polygon","coordinates":[[[121.5497756,24.864105],[121.5497356,24.8641004],[121.5497314,24.8641248],[121.5497715,24.8641298],[121.5497756,24.864105]]]}},{"type":"Feature","properties":{"id":132701,"height":10.8,"source":"F_BUILD 新北市建物","area_m2":37.8},"geometry":{"type":"Polygon","coordinates":[[[121.5448235,24.864225],[121.5447862,24.8641943],[121.5447382,24.86425],[121.5447758,24.8642766],[121.5448235,24.864225]]]}},{"type":"Feature","properties":{"id":132702,"height":18.4,"source":"F_BUILD 新北市建物","area_m2":535.8},"geometry":{"type":"Polygon","coordinates":[[[121.5515409,24.864243],[121.5515159,24.8641904],[121.5515254,24.8641869],[121.5514643,24.8640468],[121.5514742,24.8640422],[121.5514568,24.8640118],[121.5513896,24.8640396],[121.551381,24.8640222],[121.5513243,24.8640451],[121.5512652,24.8640699],[121.5513371,24.8642231],[121.5513434,24.8642231],[121.5513859,24.8643082],[121.5515409,24.864243]]]}},{"type":"Feature","properties":{"id":132703,"height":20.3,"source":"F_BUILD 新北市建物","area_m2":748.4},"geometry":{"type":"Polygon","coordinates":[[[121.5517666,24.8643257],[121.5518368,24.8642888],[121.5518425,24.8642954],[121.5519214,24.8642546],[121.5519127,24.8642414],[121.5519252,24.8642334],[121.5519202,24.8642279],[121.5520938,24.8641377],[121.5521062,24.8641569],[121.5521733,24.8641247],[121.5522383,24.8640936],[121.552289,24.8640645],[121.5522841,24.8640549],[121.5523163,24.8640373],[121.5523227,24.8640422],[121.5523529,24.8640269],[121.5523505,24.864018],[121.5523598,24.8640128],[121.5523376,24.8639697],[121.5521391,24.8640683],[121.5521348,24.8640593],[121.5520587,24.8640677],[121.5520562,24.8640629],[121.551978,24.864076],[121.5518555,24.8641241],[121.5517563,24.8641734],[121.5517607,24.8641782],[121.5516999,24.8642122],[121.5517605,24.8643165],[121.5517666,24.8643257]]]}},{"type":"Feature","properties":{"id":132704,"height":19.1,"source":"F_BUILD 新北市建物","area_m2":613.8},"geometry":{"type":"Polygon","coordinates":[[[121.5516827,24.8643115],[121.55161,24.8641923],[121.551586,24.8641506],[121.5515664,24.8641628],[121.5515381,24.8641833],[121.5515565,24.8642513],[121.551461,24.8642924],[121.5514592,24.8642878],[121.551267,24.8643632],[121.5513183,24.864483],[121.5516869,24.8643308],[121.5516796,24.8643139],[121.5516827,24.8643115]]]}},{"type":"Feature","properties":{"id":132705,"height":16.9,"source":"F_BUILD 新北市建物","area_m2":393.6},"geometry":{"type":"Polygon","coordinates":[[[121.5469922,24.8643941],[121.5470108,24.8643702],[121.5470642,24.8644048],[121.5470703,24.8643966],[121.5470779,24.864402],[121.5471159,24.8643359],[121.547008,24.8642649],[121.5470133,24.8642524],[121.5469532,24.8642218],[121.5469363,24.8642467],[121.5469351,24.864246],[121.5468638,24.8643366],[121.5469173,24.8643684],[121.5468823,24.8644217],[121.5469793,24.8645124],[121.5470163,24.8644817],[121.5469974,24.864466],[121.547004,24.8644587],[121.546991,24.8644495],[121.547019,24.8644132],[121.5469922,24.8643941]]]}},{"type":"Feature","properties":{"id":132706,"height":12.0,"source":"F_BUILD 新北市建物","area_m2":80.5},"geometry":{"type":"Polygon","coordinates":[[[121.5477129,24.8645348],[121.5476892,24.8645282],[121.5476547,24.8646118],[121.5477481,24.8646595],[121.54778,24.8646115],[121.5477008,24.8645726],[121.5477129,24.8645348]]]}},{"type":"Feature","properties":{"id":132707,"height":33.3,"source":"F_BUILD 新北市建物","area_m2":1471.1},"geometry":{"type":"Polygon","coordinates":[[[121.5523167,24.8644863],[121.552354,24.8644701],[121.552364,24.8644914],[121.5524159,24.8644726],[121.5524207,24.8644825],[121.55239,24.8644937],[121.5524008,24.8645148],[121.5524105,24.8645121],[121.5524428,24.8645646],[121.5525497,24.8645097],[121.5525098,24.8644494],[121.5525954,24.8644149],[121.5525906,24.8644028],[121.552613,24.864395],[121.5525901,24.8643444],[121.5526498,24.8643191],[121.5526429,24.8643008],[121.5526713,24.8643033],[121.5526934,24.8642752],[121.552683,24.8642447],[121.5526448,24.8642403],[121.5526197,24.8642646],[121.5526267,24.8642828],[121.5525674,24.864309],[121.5525417,24.8642456],[121.5522939,24.8643406],[121.5521559,24.8643937],[121.5521603,24.8644081],[121.551868,24.8645183],[121.5519163,24.8646539],[121.5519197,24.8646605],[121.5522023,24.8645439],[121.552319,24.8644949],[121.5523167,24.8644863]]]}},{"type":"Feature","properties":{"id":132708,"height":12.9,"source":"F_BUILD 新北市建物","area_m2":116.2},"geometry":{"type":"Polygon","coordinates":[[[121.5497984,24.8646992],[121.549818,24.8646089],[121.5498325,24.8646099],[121.5498386,24.8645455],[121.5497251,24.8645369],[121.5497222,24.8645782],[121.5497535,24.864581],[121.549752,24.8646042],[121.5497765,24.864606],[121.5497572,24.8646955],[121.5497984,24.8646992]]]}},{"type":"Feature","properties":{"id":132709,"height":30.1,"source":"F_BUILD 新北市建物","area_m2":978.1},"geometry":{"type":"Polygon","coordinates":[[[121.5481209,24.8646982],[121.548126,24.8646973],[121.5481348,24.8647039],[121.548154,24.8646914],[121.5481745,24.8646746],[121.5481942,24.8646573],[121.5482059,24.864641],[121.5482137,24.8646274],[121.5482185,24.864615],[121.5482243,24.8645911],[121.5482159,24.8645057],[121.5481786,24.8643312],[121.5481741,24.8643083],[121.5481649,24.8642705],[121.5481517,24.8642724],[121.5481354,24.8641803],[121.5480456,24.8641901],[121.5479585,24.8642001],[121.5479594,24.8642105],[121.547943,24.864212],[121.5479578,24.8642874],[121.5479666,24.8643027],[121.5480333,24.8642939],[121.5480533,24.864397],[121.5480727,24.8643944],[121.5480765,24.8644126],[121.5480445,24.8644184],[121.5480549,24.8644715],[121.5480644,24.8644695],[121.5480758,24.8645225],[121.5480431,24.8645274],[121.5480585,24.8646168],[121.5480043,24.864626],[121.5480173,24.8647024],[121.547991,24.8647035],[121.5479903,24.8647484],[121.5480255,24.8647533],[121.5480524,24.8647589],[121.5480656,24.8647058],[121.5481209,24.8646982]]]}},{"type":"Feature","properties":{"id":132710,"height":10.0,"source":"F_BUILD 新北市建物","area_m2":19.7},"geometry":{"type":"Polygon","coordinates":[[[121.5497578,24.8647316],[121.5497282,24.8647199],[121.5497029,24.8647677],[121.549733,24.8647811],[121.5497578,24.8647316]]]}},{"type":"Feature","properties":{"id":132711,"height":19.1,"source":"F_BUILD 新北市建物","area_m2":603.3},"geometry":{"type":"Polygon","coordinates":[[[121.5515541,24.8648095],[121.5517351,24.8646629],[121.5517753,24.8647071],[121.5517794,24.8647105],[121.5518515,24.8646536],[121.55184,24.8646478],[121.5518364,24.8646023],[121.5517876,24.8645399],[121.5517627,24.8645127],[121.5516746,24.8645611],[121.551659,24.8645705],[121.5516082,24.8646034],[121.5516113,24.8646077],[121.5515634,24.8646345],[121.5514404,24.864708],[121.5515351,24.864825],[121.5515541,24.8648095]]]}},{"type":"Feature","properties":{"id":132712,"height":14.7,"source":"F_BUILD 新北市建物","area_m2":221.5},"geometry":{"type":"Polygon","coordinates":[[[121.5475999,24.8646849],[121.5474845,24.8646741],[121.5474744,24.8648313],[121.5474872,24.8648313],[121.5474872,24.8648556],[121.5475811,24.8648617],[121.5475999,24.8646849]]]}},{"type":"Feature","properties":{"id":132713,"height":17.1,"source":"F_BUILD 新北市建物","area_m2":406.5},"geometry":{"type":"Polygon","coordinates":[[[121.5482342,24.8648671],[121.5483577,24.8647985],[121.5483663,24.8648033],[121.5484772,24.8647328],[121.5484722,24.8647268],[121.5485086,24.8647067],[121.5484582,24.8646354],[121.5484055,24.8646455],[121.5483932,24.8646495],[121.5481718,24.8647632],[121.5482342,24.8648671]]]}},{"type":"Feature","properties":{"id":132714,"height":14.7,"source":"F_BUILD 新北市建物","area_m2":224.7},"geometry":{"type":"Polygon","coordinates":[[[121.5478393,24.864902],[121.5478558,24.8648354],[121.5479612,24.8648606],[121.5480409,24.8647624],[121.5479788,24.8647485],[121.547911,24.8647334],[121.5479178,24.8647097],[121.5478772,24.8646992],[121.5478694,24.8647241],[121.5478119,24.8648948],[121.5478393,24.864902]]]}},{"type":"Feature","properties":{"id":132715,"height":12.0,"source":"F_BUILD 新北市建物","area_m2":79.5},"geometry":{"type":"Polygon","coordinates":[[[121.5497328,24.8648353],[121.5496525,24.8648062],[121.5496452,24.8648232],[121.5496081,24.8648222],[121.5496057,24.8648595],[121.5496559,24.8648609],[121.5496462,24.864886],[121.5497027,24.8649044],[121.5497057,24.8648995],[121.5497328,24.8648353]]]}},{"type":"Feature","properties":{"id":132716,"height":33.4,"source":"F_BUILD 新北市建物","area_m2":1490.3},"geometry":{"type":"Polygon","coordinates":[[[121.5525277,24.8649417],[121.552539,24.8649045],[121.5526344,24.8649351],[121.5526587,24.8648655],[121.5527406,24.8646682],[121.5527595,24.8646261],[121.5527963,24.8646075],[121.5528011,24.8646175],[121.5528955,24.8645736],[121.552891,24.8645636],[121.5529992,24.8645552],[121.5529973,24.864517],[121.5528771,24.8645263],[121.5526657,24.8645666],[121.5526406,24.8645436],[121.5526305,24.8645262],[121.5525083,24.8645704],[121.5524765,24.8646125],[121.5524434,24.8645949],[121.5524242,24.8646077],[121.5524179,24.8646034],[121.552353,24.8646715],[121.5523012,24.8646481],[121.5522681,24.8647121],[121.5523624,24.8648177],[121.5524069,24.8647022],[121.5524383,24.8646526],[121.5523641,24.8648236],[121.5524425,24.8648466],[121.5524335,24.8648697],[121.5524753,24.8648838],[121.5524628,24.864921],[121.5525277,24.8649417]]]}},{"type":"Feature","properties":{"id":132718,"height":10.0,"source":"F_BUILD 新北市建物","area_m2":19.6},"geometry":{"type":"Polygon","coordinates":[[[121.549631,24.8650213],[121.5495784,24.8649931],[121.5495646,24.8650178],[121.5496136,24.8650476],[121.549631,24.8650213]]]}},{"type":"Feature","properties":{"id":132719,"height":21.1,"source":"F_BUILD 新北市建物","area_m2":851.7},"geometry":{"type":"Polygon","coordinates":[[[121.5473713,24.8650871],[121.5473523,24.8650312],[121.5473735,24.8650222],[121.5473818,24.8650502],[121.5474258,24.8650402],[121.547415,24.8649842],[121.547369,24.8649918],[121.5473316,24.8648987],[121.5473685,24.8648721],[121.5473631,24.8648648],[121.5474165,24.8648214],[121.5473776,24.8647775],[121.547397,24.8647654],[121.5473602,24.8647211],[121.5472684,24.8647973],[121.5472589,24.8647874],[121.5473212,24.8647454],[121.5472007,24.8646021],[121.5471343,24.8645779],[121.547069,24.8645011],[121.5470138,24.8645387],[121.547231,24.8647792],[121.5471896,24.8648128],[121.5472147,24.8648418],[121.5471877,24.8648642],[121.5472489,24.8649408],[121.5472694,24.8649244],[121.5472789,24.864933],[121.5473144,24.8650417],[121.5472897,24.8650507],[121.5472785,24.8650228],[121.5472057,24.8650491],[121.5472402,24.8651257],[121.5473713,24.8650871]]]}},{"type":"Feature","properties":{"id":132720,"height":12.2,"source":"F_BUILD 新北市建物","area_m2":86.9},"geometry":{"type":"Polygon","coordinates":[[[121.5480924,24.8651484],[121.5480969,24.8651398],[121.5481142,24.8651463],[121.54815,24.8650652],[121.5480995,24.8650459],[121.5480892,24.8650627],[121.5480572,24.8650528],[121.5480399,24.8650973],[121.5480425,24.8650982],[121.5480332,24.8651271],[121.5480924,24.8651484]]]}},{"type":"Feature","properties":{"id":132721,"height":16.0,"source":"F_BUILD 新北市建物","area_m2":316.3},"geometry":{"type":"Polygon","coordinates":[[[121.5478863,24.8649872],[121.5478796,24.8649447],[121.5478007,24.8649574],[121.5477481,24.8649609],[121.5477821,24.8651815],[121.5479007,24.8651645],[121.547894,24.8650588],[121.5478863,24.8649872]]]}},{"type":"Feature","properties":{"id":132722,"height":30.1,"source":"F_BUILD 新北市建物","area_m2":976.6},"geometry":{"type":"Polygon","coordinates":[[[121.5449338,24.8651926],[121.5449395,24.8651851],[121.544979,24.8651855],[121.5450031,24.8651517],[121.544998,24.8651484],[121.5452978,24.8647664],[121.5451391,24.8647134],[121.5448128,24.8651117],[121.5448228,24.8651202],[121.5449338,24.8651926]]]}},{"type":"Feature","properties":{"id":132723,"height":13.8,"source":"F_BUILD 新北市建物","area_m2":168.0},"geometry":{"type":"Polygon","coordinates":[[[121.5474883,24.8651801],[121.5475461,24.8651163],[121.5475597,24.865126],[121.5475821,24.8651005],[121.5475007,24.8650357],[121.5473984,24.8651463],[121.5474681,24.8652044],[121.5474945,24.8652228],[121.5475149,24.8652027],[121.5474883,24.8651801]]]}},{"type":"Feature","properties":{"id":132725,"height":18.0,"source":"F_BUILD 新北市建物","area_m2":497.7},"geometry":{"type":"Polygon","coordinates":[[[121.5520719,24.8652922],[121.5521714,24.865179],[121.5521097,24.8651404],[121.5520616,24.8651213],[121.5520713,24.8650894],[121.5520752,24.865095],[121.5521533,24.8651115],[121.5521801,24.8650027],[121.5520844,24.8649854],[121.5520599,24.8650819],[121.5520473,24.8650699],[121.5520673,24.8650146],[121.5520312,24.8650046],[121.5520226,24.8650344],[121.5519919,24.8650263],[121.5519699,24.8650899],[121.5519556,24.8650857],[121.5519435,24.8651372],[121.5519394,24.8651548],[121.5519689,24.8651675],[121.5519375,24.865203],[121.5520106,24.8652595],[121.5520158,24.8652535],[121.5520719,24.8652922]]]}},{"type":"Feature","properties":{"id":132726,"height":9.7,"source":"F_BUILD 新北市建物","area_m2":14.3},"geometry":{"type":"Polygon","coordinates":[[[121.5495512,24.865488],[121.5495414,24.8654679],[121.549489,24.8654883],[121.5494979,24.8655092],[121.5495512,24.865488]]]}},{"type":"Feature","properties":{"id":132727,"height":12.0,"source":"F_BUILD 新北市建物","area_m2":77.3},"geometry":{"type":"Polygon","coordinates":[[[121.5445844,24.8655033],[121.5445385,24.8654506],[121.544535,24.8654531],[121.5444835,24.865491],[121.5444657,24.865504],[121.5445204,24.8655638],[121.5445385,24.8655497],[121.5445739,24.8655224],[121.5445674,24.8655156],[121.544583,24.8655043],[121.5445844,24.8655033]]]}},{"type":"Feature","properties":{"id":132732,"height":17.2,"source":"F_BUILD 新北市建物","area_m2":420.8},"geometry":{"type":"Polygon","coordinates":[[[121.5519759,24.8656637],[121.551993,24.8656051],[121.5520663,24.8656235],[121.5521109,24.8654977],[121.5520419,24.8654756],[121.5520284,24.8655203],[121.5520065,24.865514],[121.5519981,24.8655442],[121.5519516,24.8655278],[121.5519322,24.8655898],[121.5519167,24.8656477],[121.5519044,24.8656444],[121.5518576,24.8657767],[121.5519912,24.8658142],[121.5520356,24.8656798],[121.5519759,24.8656637]]]}},{"type":"Feature","properties":{"id":132733,"height":14.5,"source":"F_BUILD 新北市建物","area_m2":209.2},"geometry":{"type":"Polygon","coordinates":[[[121.5474095,24.8657495],[121.5473677,24.8656668],[121.5473567,24.865669],[121.5473453,24.8656493],[121.5473086,24.865667],[121.5473013,24.8656546],[121.5472654,24.8656679],[121.5472257,24.8656858],[121.5472464,24.8657127],[121.5472598,24.865706],[121.547333,24.8658366],[121.5473519,24.8658272],[121.5474141,24.8657967],[121.5473949,24.8657608],[121.5474095,24.8657495]]]}},{"type":"Feature","properties":{"id":132734,"height":14.5,"source":"F_BUILD 新北市建物","area_m2":210.7},"geometry":{"type":"Polygon","coordinates":[[[121.5481203,24.8658847],[121.5481322,24.8658732],[121.5481417,24.8658842],[121.548153,24.8658738],[121.5481639,24.8658832],[121.5481862,24.8658641],[121.5482122,24.8658448],[121.5481988,24.8658313],[121.5481948,24.865826],[121.5481987,24.8658233],[121.5481819,24.8658021],[121.5481637,24.8658033],[121.5481295,24.8657648],[121.5481583,24.8657424],[121.5481227,24.8657037],[121.5480991,24.8657205],[121.5480344,24.8657718],[121.5480412,24.8657812],[121.5480173,24.8658005],[121.5481062,24.8658957],[121.5481203,24.8658847]]]}},{"type":"Feature","properties":{"id":132735,"height":39.4,"source":"F_BUILD 新北市建物","area_m2":2705.6},"geometry":{"type":"Polygon","coordinates":[[[121.5515841,24.8658727],[121.5515943,24.8658635],[121.5516474,24.8658787],[121.5518526,24.8652284],[121.5518613,24.8652306],[121.5518873,24.8651514],[121.5518182,24.8651313],[121.5518167,24.8651359],[121.5517111,24.8651067],[121.5516919,24.8651029],[121.5516778,24.8651048],[121.5516564,24.8651128],[121.5516368,24.865131],[121.5515412,24.8652512],[121.5515207,24.8652828],[121.551463,24.8653847],[121.5514111,24.8655223],[121.5513849,24.8656434],[121.5513797,24.8658246],[121.5513865,24.8658419],[121.551395,24.8658576],[121.5514031,24.8658701],[121.5514142,24.8658833],[121.5514327,24.8658961],[121.5514475,24.8659035],[121.5514671,24.86591],[121.5514828,24.8659119],[121.5514985,24.8659122],[121.5515159,24.8659094],[121.5515356,24.8659024],[121.551557,24.8658926],[121.5515714,24.8658831],[121.5515841,24.8658727]]]}},{"type":"Feature","properties":{"id":132736,"height":29.9,"source":"F_BUILD 新北市建物","area_m2":956.5},"geometry":{"type":"Polygon","coordinates":[[[121.547668,24.8659404],[121.547715,24.8659391],[121.5477172,24.8659941],[121.5477829,24.8659929],[121.5477823,24.8659234],[121.5478896,24.865924],[121.54789,24.8659073],[121.5479256,24.8659087],[121.5478911,24.8658523],[121.5478577,24.865813],[121.5478063,24.8657582],[121.5477085,24.8656743],[121.5476408,24.8656827],[121.5476402,24.8656963],[121.5475662,24.8656964],[121.5475631,24.865758],[121.5475199,24.8657585],[121.5475236,24.8659462],[121.5475275,24.8659977],[121.5476133,24.8659961],[121.5476088,24.8659472],[121.5476683,24.8659461],[121.547668,24.8659404]]]}},{"type":"Feature","properties":{"id":132738,"height":14.7,"source":"F_BUILD 新北市建物","area_m2":222.3},"geometry":{"type":"Polygon","coordinates":[[[121.5517371,24.8659637],[121.5516039,24.8659196],[121.551561,24.8660188],[121.5516462,24.8660378],[121.5517533,24.8660497],[121.5517817,24.8660439],[121.5517904,24.8659917],[121.5518113,24.8659897],[121.5518084,24.8659686],[121.5517716,24.8659684],[121.5517371,24.8659637]]]}},{"type":"Feature","properties":{"id":132739,"height":14.0,"source":"F_BUILD 新北市建物","area_m2":179.5},"geometry":{"type":"Polygon","coordinates":[[[121.5490522,24.8660601],[121.5489739,24.8658825],[121.548894,24.8659098],[121.5489582,24.8660664],[121.5490312,24.866068],[121.5490522,24.8660601]]]}},{"type":"Feature","properties":{"id":132740,"height":10.4,"source":"F_BUILD 新北市建物","area_m2":29.4},"geometry":{"type":"Polygon","coordinates":[[[121.5466727,24.8660982],[121.5466323,24.8660705],[121.5465961,24.8661131],[121.5466366,24.8661382],[121.5466727,24.8660982]]]}},{"type":"Feature","properties":{"id":132741,"height":10.7,"source":"F_BUILD 新北市建物","area_m2":36.7},"geometry":{"type":"Polygon","coordinates":[[[121.5483452,24.8661019],[121.5483101,24.8660593],[121.5482602,24.8660914],[121.5482968,24.8661348],[121.5483452,24.8661019]]]}},{"type":"Feature","properties":{"id":132742,"height":12.3,"source":"F_BUILD 新北市建物","area_m2":91.4},"geometry":{"type":"Polygon","coordinates":[[[121.5499916,24.8661343],[121.5499192,24.8660521],[121.5498599,24.8660978],[121.5499318,24.8661797],[121.5499916,24.8661343]]]}},{"type":"Feature","properties":{"id":132743,"height":12.5,"source":"F_BUILD 新北市建物","area_m2":101.5},"geometry":{"type":"Polygon","coordinates":[[[121.5477779,24.8661426],[121.547743,24.8660939],[121.5476559,24.8661424],[121.5476588,24.8661466],[121.5476318,24.8661608],[121.5476758,24.8662228],[121.5477014,24.8662072],[121.5477282,24.8661922],[121.5477215,24.8661807],[121.547757,24.8661629],[121.5477527,24.8661564],[121.5477779,24.8661426]]]}},{"type":"Feature","properties":{"id":132745,"height":14.3,"source":"F_BUILD 新北市建物","area_m2":197.8},"geometry":{"type":"Polygon","coordinates":[[[121.5500457,24.8663119],[121.5499319,24.8661811],[121.5498478,24.8662395],[121.5499588,24.8663695],[121.5500457,24.8663119]]]}},{"type":"Feature","properties":{"id":132746,"height":9.6,"source":"F_BUILD 新北市建物","area_m2":12.9},"geometry":{"type":"Polygon","coordinates":[[[121.5489684,24.8664817],[121.5489534,24.8664578],[121.5489162,24.8664773],[121.5489313,24.8665],[121.5489684,24.8664817]]]}},{"type":"Feature","properties":{"id":132747,"height":15.4,"source":"F_BUILD 新北市建物","area_m2":271.9},"geometry":{"type":"Polygon","coordinates":[[[121.5481314,24.8666749],[121.5482608,24.8665656],[121.5482179,24.866521],[121.5482369,24.8665099],[121.5482217,24.86647],[121.5481784,24.86648],[121.5480474,24.8665878],[121.5480594,24.8666004],[121.5480217,24.8666312],[121.5480633,24.8666707],[121.5481,24.8666409],[121.5481082,24.866634],[121.5481229,24.86665],[121.5481138,24.866658],[121.5481314,24.8666749]]]}},{"type":"Feature","properties":{"id":132749,"height":10.1,"source":"F_BUILD 新北市建物","area_m2":21.6},"geometry":{"type":"Polygon","coordinates":[[[121.5461532,24.8666735],[121.5461217,24.8666385],[121.5460888,24.8666615],[121.5461225,24.8666985],[121.5461532,24.8666735]]]}},{"type":"Feature","properties":{"id":132750,"height":14.0,"source":"F_BUILD 新北市建物","area_m2":175.8},"geometry":{"type":"Polygon","coordinates":[[[121.5487961,24.8667506],[121.5488131,24.8667242],[121.5488353,24.8667367],[121.5488921,24.8666541],[121.5488751,24.8666437],[121.5488903,24.8666207],[121.5488115,24.866577],[121.5487424,24.8666746],[121.5487576,24.8666822],[121.5487343,24.8667141],[121.5487961,24.8667506]]]}},{"type":"Feature","properties":{"id":132751,"height":14.2,"source":"F_BUILD 新北市建物","area_m2":187.4},"geometry":{"type":"Polygon","coordinates":[[[121.5480815,24.8666878],[121.5480086,24.8666366],[121.5478765,24.8667853],[121.5479485,24.8668285],[121.5480815,24.8666878]]]}},{"type":"Feature","properties":{"id":132752,"height":10.1,"source":"F_BUILD 新北市建物","area_m2":21.2},"geometry":{"type":"Polygon","coordinates":[[[121.550018,24.8667774],[121.5499825,24.8667775],[121.5499832,24.8668313],[121.550019,24.8668298],[121.550018,24.8667774]]]}},{"type":"Feature","properties":{"id":132753,"height":11.3,"source":"F_BUILD 新北市建物","area_m2":55.0},"geometry":{"type":"Polygon","coordinates":[[[121.5511493,24.8668586],[121.5511493,24.8667787],[121.5510876,24.8667794],[121.551087,24.866858],[121.5511493,24.8668586]]]}},{"type":"Feature","properties":{"id":132754,"height":11.4,"source":"F_BUILD 新北市建物","area_m2":58.0},"geometry":{"type":"Polygon","coordinates":[[[121.5479103,24.8668424],[121.5478316,24.8668178],[121.5478178,24.8668524],[121.5478682,24.8668662],[121.5478581,24.8669281],[121.5478918,24.8669328],[121.5479103,24.8668424]]]}},{"type":"Feature","properties":{"id":132755,"height":11.4,"source":"F_BUILD 新北市建物","area_m2":57.7},"geometry":{"type":"Polygon","coordinates":[[[121.5394,24.8669274],[121.5392933,24.8668952],[121.5392801,24.8669399],[121.5393847,24.8669716],[121.5394,24.8669274]]]}},{"type":"Feature","properties":{"id":132756,"height":12.5,"source":"F_BUILD 新北市建物","area_m2":99.4},"geometry":{"type":"Polygon","coordinates":[[[121.5462758,24.8669243],[121.5461887,24.866873],[121.5461367,24.8669437],[121.5462217,24.8669961],[121.5462758,24.8669243]]]}},{"type":"Feature","properties":{"id":132758,"height":12.7,"source":"F_BUILD 新北市建物","area_m2":110.9},"geometry":{"type":"Polygon","coordinates":[[[121.5481073,24.8677137],[121.5479655,24.867649],[121.5479308,24.8677029],[121.5480723,24.8677678],[121.5481073,24.8677137]]]}},{"type":"Feature","properties":{"id":132759,"height":9.7,"source":"F_BUILD 新北市建物","area_m2":14.6},"geometry":{"type":"Polygon","coordinates":[[[121.5482974,24.8677569],[121.5482802,24.8677365],[121.5482392,24.8677657],[121.5482568,24.8677848],[121.5482974,24.8677569]]]}},{"type":"Feature","properties":{"id":132760,"height":11.5,"source":"F_BUILD 新北市建物","area_m2":60.9},"geometry":{"type":"Polygon","coordinates":[[[121.5482431,24.867821],[121.5482157,24.86777],[121.5482086,24.8677725],[121.5481256,24.867816],[121.5481546,24.8678592],[121.5482431,24.867821]]]}},{"type":"Feature","properties":{"id":132761,"height":17.3,"source":"F_BUILD 新北市建物","area_m2":431.2},"geometry":{"type":"Polygon","coordinates":[[[121.5476841,24.8679019],[121.5477039,24.8678681],[121.5477193,24.8678756],[121.5477476,24.8678295],[121.5478029,24.8678603],[121.5478306,24.8678192],[121.5478579,24.8678333],[121.5478872,24.867788],[121.5478477,24.86777],[121.5479217,24.8676448],[121.5478119,24.8675936],[121.5477097,24.8677557],[121.5476366,24.8678819],[121.5476841,24.8679019]]]}},{"type":"Feature","properties":{"id":132762,"height":10.6,"source":"F_BUILD 新北市建物","area_m2":34.6},"geometry":{"type":"Polygon","coordinates":[[[121.5509815,24.8683119],[121.5509308,24.8682808],[121.5508972,24.8683197],[121.5509466,24.8683528],[121.5509815,24.8683119]]]}},{"type":"Feature","properties":{"id":132767,"height":10.1,"source":"F_BUILD 新北市建物","area_m2":22.5},"geometry":{"type":"Polygon","coordinates":[[[121.5479447,24.8692752],[121.5479284,24.869252],[121.5478674,24.8692861],[121.5478829,24.8693103],[121.5479447,24.8692752]]]}},{"type":"Feature","properties":{"id":132769,"height":10.9,"source":"F_BUILD 新北市建物","area_m2":41.2},"geometry":{"type":"Polygon","coordinates":[[[121.5486672,24.8694453],[121.5486628,24.8694282],[121.548622,24.8694377],[121.5486261,24.8694562],[121.5486348,24.8694944],[121.5486228,24.8694968],[121.5486285,24.8695197],[121.5486796,24.8695075],[121.548676,24.8694867],[121.5486672,24.8694453]]]}},{"type":"Feature","properties":{"id":132770,"height":11.3,"source":"F_BUILD 新北市建物","area_m2":54.9},"geometry":{"type":"Polygon","coordinates":[[[121.5479771,24.8697423],[121.5478942,24.869712],[121.5478729,24.8697637],[121.5479559,24.8697935],[121.5479771,24.8697423]]]}},{"type":"Feature","properties":{"id":132771,"height":18.9,"source":"F_BUILD 新北市建物","area_m2":589.3},"geometry":{"type":"Polygon","coordinates":[[[121.5478563,24.8697599],[121.547882,24.8697036],[121.5478983,24.8697074],[121.5480468,24.8697504],[121.5480635,24.8696734],[121.5481001,24.8696788],[121.548103,24.8696665],[121.5481141,24.869599],[121.5480814,24.8695907],[121.5480784,24.8696018],[121.548043,24.869593],[121.5480456,24.8695795],[121.5480096,24.8695721],[121.5480055,24.8695865],[121.5479751,24.8695815],[121.5479762,24.8695751],[121.5479558,24.8695684],[121.5479646,24.8695493],[121.5478809,24.8695128],[121.5477697,24.869725],[121.5477626,24.8697418],[121.5477918,24.8697542],[121.5477718,24.8697944],[121.5477891,24.8698231],[121.5478251,24.8698271],[121.5478563,24.8697599]]]}},{"type":"Feature","properties":{"id":132772,"height":30.9,"source":"F_BUILD 新北市建物","area_m2":1091.5},"geometry":{"type":"Polygon","coordinates":[[[121.5473282,24.8698597],[121.5473443,24.8698229],[121.5474002,24.8698407],[121.5474144,24.8698119],[121.5474426,24.8698244],[121.5474582,24.8697918],[121.5474711,24.8697971],[121.5476084,24.8695473],[121.5476332,24.8695155],[121.5477316,24.8694021],[121.5476677,24.8693525],[121.5476784,24.8693383],[121.5476325,24.8693083],[121.5476215,24.8693222],[121.5475882,24.8693025],[121.5474729,24.8694411],[121.547345,24.8697236],[121.5472989,24.8697068],[121.5472476,24.8698282],[121.5473282,24.8698597]]]}},{"type":"Feature","properties":{"id":132773,"height":15.7,"source":"F_BUILD 新北市建物","area_m2":291.6},"geometry":{"type":"Polygon","coordinates":[[[121.5486671,24.8697069],[121.5486644,24.8696475],[121.5485922,24.8696489],[121.5485943,24.8696927],[121.5486256,24.8696915],[121.5486298,24.8697123],[121.5485728,24.8697494],[121.5486698,24.8699094],[121.5487777,24.8698427],[121.548685,24.86971],[121.5486671,24.8697069]]]}},{"type":"Feature","properties":{"id":132775,"height":11.0,"source":"F_BUILD 新北市建物","area_m2":44.2},"geometry":{"type":"Polygon","coordinates":[[[121.5495877,24.8704345],[121.5495853,24.8703809],[121.5495115,24.8703824],[121.5495146,24.8704363],[121.5495877,24.8704345]]]}},{"type":"Feature","properties":{"id":132777,"height":13.2,"source":"F_BUILD 新北市建物","area_m2":131.3},"geometry":{"type":"Polygon","coordinates":[[[121.5495944,24.8706621],[121.5495935,24.8705047],[121.5495159,24.8705066],[121.5495217,24.8706614],[121.5495944,24.8706621]]]}},{"type":"Feature","properties":{"id":132778,"height":11.6,"source":"F_BUILD 新北市建物","area_m2":64.8},"geometry":{"type":"Polygon","coordinates":[[[121.5498205,24.8709414],[121.549763,24.8708538],[121.5497126,24.8708801],[121.5497721,24.8709663],[121.5498205,24.8709414]]]}},{"type":"Feature","properties":{"id":132779,"height":9.8,"source":"F_BUILD 新北市建物","area_m2":16.0},"geometry":{"type":"Polygon","coordinates":[[[121.5479699,24.8710006],[121.5479518,24.8709746],[121.5479095,24.870991],[121.547924,24.8710174],[121.5479699,24.8710006]]]}},{"type":"Feature","properties":{"id":132780,"height":40.9,"source":"F_BUILD 新北市建物","area_m2":3060.9},"geometry":{"type":"Polygon","coordinates":[[[121.5471307,24.871072],[121.5471323,24.8710638],[121.5471641,24.8710672],[121.5472007,24.8709039],[121.547166,24.8708913],[121.5470425,24.8708695],[121.5470779,24.870708],[121.5471034,24.8707113],[121.5471291,24.8705956],[121.5471337,24.8705962],[121.5471683,24.8704659],[121.5472331,24.8702756],[121.5472408,24.8702765],[121.547308,24.870131],[121.5473164,24.8701318],[121.5473821,24.8701383],[121.5474059,24.869961],[121.5474272,24.8699115],[121.5472646,24.8698451],[121.5472403,24.8699022],[121.5472238,24.8698998],[121.5472066,24.8699619],[121.5471971,24.8700155],[121.5471968,24.8700193],[121.5471269,24.8700034],[121.5471032,24.870072],[121.5470835,24.8700683],[121.5470591,24.8700621],[121.5470491,24.8700837],[121.547021,24.8701565],[121.5470419,24.8701625],[121.5470195,24.8702131],[121.5470362,24.8702166],[121.5470101,24.8703019],[121.5470031,24.8703002],[121.5469879,24.8703472],[121.5469993,24.870351],[121.5469868,24.8703915],[121.5470228,24.8704006],[121.5470106,24.8704417],[121.5469713,24.8704336],[121.5469409,24.8705279],[121.5469449,24.8705291],[121.5469329,24.870564],[121.5469742,24.8705737],[121.5469465,24.8706726],[121.546873,24.8706658],[121.5468348,24.8708449],[121.5468775,24.8708494],[121.5468759,24.8708573],[121.5469193,24.8708651],[121.546901,24.8709537],[121.5468563,24.8709469],[121.5468409,24.8710173],[121.5468803,24.8710233],[121.5468788,24.8710336],[121.5469697,24.8710451],[121.5469697,24.8710487],[121.5471307,24.871072]]]}},{"type":"Feature","properties":{"id":132784,"height":17.6,"source":"F_BUILD 新北市建物","area_m2":452.6},"geometry":{"type":"Polygon","coordinates":[[[121.5478658,24.871468],[121.547854,24.8713982],[121.5479762,24.8713997],[121.5479927,24.8713985],[121.547988,24.8713391],[121.5479695,24.8713374],[121.5479683,24.8712739],[121.5479302,24.8712711],[121.5479298,24.8712849],[121.547791,24.8712861],[121.5477835,24.8712312],[121.5477006,24.8712393],[121.5477129,24.8712902],[121.5477224,24.8712887],[121.5477485,24.8714013],[121.5477646,24.8714808],[121.5478658,24.871468]]]}},{"type":"Feature","properties":{"id":132785,"height":12.7,"source":"F_BUILD 新北市建物","area_m2":107.7},"geometry":{"type":"Polygon","coordinates":[[[121.5479964,24.8715132],[121.5479811,24.8714271],[121.5478744,24.8714412],[121.5478783,24.8714663],[121.547886,24.8715292],[121.5479964,24.8715132]]]}},{"type":"Feature","properties":{"id":132787,"height":13.3,"source":"F_BUILD 新北市建物","area_m2":136.8},"geometry":{"type":"Polygon","coordinates":[[[121.5471817,24.8715818],[121.547167,24.8713938],[121.5471274,24.8713962],[121.547092,24.8715875],[121.5471817,24.8715818]]]}},{"type":"Feature","properties":{"id":132788,"height":39.7,"source":"F_BUILD 新北市建物","area_m2":2782.6},"geometry":{"type":"Polygon","coordinates":[[[121.5474247,24.8716461],[121.5474169,24.8715676],[121.5474422,24.8715683],[121.5474336,24.8714772],[121.5475313,24.8714726],[121.5475209,24.8713795],[121.5474011,24.8713858],[121.547351,24.8713899],[121.5473496,24.8713714],[121.547256,24.8713772],[121.547254,24.8713596],[121.5473986,24.8713447],[121.5473943,24.8713135],[121.5476116,24.8712773],[121.5475642,24.8710997],[121.5475452,24.871104],[121.5475327,24.8710498],[121.5475301,24.8710505],[121.5475282,24.8710421],[121.5475115,24.8709762],[121.5473675,24.8710122],[121.5473727,24.8710267],[121.5472158,24.8710294],[121.5472169,24.8710741],[121.546914,24.8711049],[121.5469261,24.8712129],[121.5469438,24.8712121],[121.5469558,24.8713043],[121.5470383,24.8712995],[121.5470411,24.8713143],[121.547151,24.8713021],[121.5471565,24.8713543],[121.5471717,24.8713532],[121.5471779,24.8714154],[121.5471927,24.8715837],[121.5472548,24.8715791],[121.5472631,24.8716598],[121.5474247,24.8716461]]]}},{"type":"Feature","properties":{"id":132790,"height":11.9,"source":"F_BUILD 新北市建物","area_m2":76.1},"geometry":{"type":"Polygon","coordinates":[[[121.5484605,24.8716869],[121.5484556,24.8715673],[121.548399,24.8715698],[121.5484032,24.8716883],[121.5484605,24.8716869]]]}},{"type":"Feature","properties":{"id":132792,"height":19.3,"source":"F_BUILD 新北市建物","area_m2":635.5},"geometry":{"type":"Polygon","coordinates":[[[121.5477563,24.8719052],[121.5477559,24.8718651],[121.5477384,24.8717985],[121.5475843,24.8718343],[121.5475819,24.8718227],[121.5476755,24.8718026],[121.5476474,24.8716818],[121.5476701,24.8716771],[121.547655,24.8716123],[121.5475996,24.8716237],[121.5476107,24.8716715],[121.5474629,24.8717018],[121.54743,24.8717089],[121.5474885,24.871899],[121.5475078,24.871895],[121.5475981,24.871901],[121.5476,24.8719123],[121.5476311,24.8719154],[121.5476334,24.8719278],[121.5477563,24.8719052]]]}},{"type":"Feature","properties":{"id":132793,"height":17.7,"source":"F_BUILD 新北市建物","area_m2":465.7},"geometry":{"type":"Polygon","coordinates":[[[121.5474479,24.8719098],[121.5474115,24.8716655],[121.5472444,24.8716842],[121.5472507,24.8717261],[121.5472548,24.8717535],[121.5472812,24.8719301],[121.5474479,24.8719098]]]}},{"type":"Feature","properties":{"id":132794,"height":9.8,"source":"F_BUILD 新北市建物","area_m2":16.5},"geometry":{"type":"Polygon","coordinates":[[[121.5475371,24.8719953],[121.5475315,24.871955],[121.5474946,24.8719606],[121.5475008,24.8719995],[121.5475371,24.8719953]]]}},{"type":"Feature","properties":{"id":132795,"height":9.5,"source":"F_BUILD 新北市建物","area_m2":10.7},"geometry":{"type":"Polygon","coordinates":[[[121.5474623,24.8720177],[121.5474555,24.8719751],[121.547433,24.8719779],[121.547441,24.8720208],[121.5474623,24.8720177]]]}},{"type":"Feature","properties":{"id":132798,"height":13.9,"source":"F_BUILD 新北市建物","area_m2":172.8},"geometry":{"type":"Polygon","coordinates":[[[121.5476441,24.8721291],[121.5476502,24.8721091],[121.547698,24.8721188],[121.5477278,24.8720273],[121.5475876,24.8719995],[121.5475767,24.8720416],[121.5475315,24.8720449],[121.5475353,24.8720871],[121.5475777,24.8720849],[121.5475763,24.8720906],[121.5476162,24.872099],[121.5476094,24.8721205],[121.5476441,24.8721291]]]}},{"type":"Feature","properties":{"id":132800,"height":18.0,"source":"F_BUILD 新北市建物","area_m2":489.3},"geometry":{"type":"Polygon","coordinates":[[[121.5474002,24.8722171],[121.5473973,24.8721256],[121.5473778,24.8721262],[121.5473779,24.8720694],[121.5473169,24.872072],[121.5473156,24.8720431],[121.5474323,24.8720301],[121.5474234,24.8719567],[121.5473092,24.8719694],[121.5473178,24.8720305],[121.5472999,24.8720325],[121.5472931,24.8719655],[121.5472036,24.8719741],[121.5472126,24.8720516],[121.5472199,24.8720512],[121.5472257,24.8721331],[121.5472132,24.8721325],[121.5472142,24.8722217],[121.5474002,24.8722171]]]}},{"type":"Feature","properties":{"id":132802,"height":18.3,"source":"F_BUILD 新北市建物","area_m2":528.7},"geometry":{"type":"Polygon","coordinates":[[[121.5474149,24.872636],[121.5474206,24.872411],[121.5474692,24.8724521],[121.5475993,24.8723016],[121.5475876,24.872292],[121.5476041,24.8722658],[121.5475813,24.8722486],[121.5475609,24.8722692],[121.5475501,24.8722616],[121.5475053,24.8723166],[121.5474969,24.8723095],[121.5474105,24.8723997],[121.5474048,24.8723995],[121.5472812,24.8723976],[121.5472748,24.8725973],[121.5472954,24.8725973],[121.5472962,24.8726323],[121.5474149,24.872636]]]}},{"type":"Feature","properties":{"id":132803,"height":12.3,"source":"F_BUILD 新北市建物","area_m2":93.0},"geometry":{"type":"Polygon","coordinates":[[[121.5483384,24.8726905],[121.5482608,24.8726855],[121.5482565,24.8727705],[121.5482767,24.8727723],[121.5482745,24.8728001],[121.5483308,24.8728031],[121.5483338,24.8728033],[121.5483384,24.8726905]]]}},{"type":"Feature","properties":{"id":132809,"height":12.3,"source":"F_BUILD 新北市建物","area_m2":92.3},"geometry":{"type":"Polygon","coordinates":[[[121.5523088,24.8737871],[121.552348,24.873753],[121.5523661,24.8737691],[121.5524007,24.8737345],[121.5523279,24.8736742],[121.5522958,24.8737125],[121.5522901,24.8737071],[121.5522797,24.873698],[121.5522609,24.8737183],[121.5522717,24.8737282],[121.5522665,24.8737341],[121.5522723,24.8737389],[121.5522644,24.8737471],[121.5523088,24.8737871]]]}}]}