{"type":"FeatureCollection","name":"baoer_zongdui_buildings_500m","features":[{"type":"Feature","properties":{"ID":"2688","MDATE":"7201311","code":"0F_26887","record":26887},"geometry":{"type":"Polygon","coordinates":[[[121.55014823313397,24.97333378776654],[121.5501325577131,24.973061074126257],[121.55009388183284,24.973063004522192],[121.5501051956287,24.973333789600254],[121.55010530851088,24.973335790733955],[121.55010532573272,24.973336100337402],[121.55010624594027,24.973352402759947],[121.55014917841225,24.973350381706826],[121.55014836423322,24.97333609940279],[121.55014834701132,24.973335789799346],[121.55014823313397,24.97333378776654]]]}},{"type":"Feature","properties":{"ID":"2693","MDATE":"4201311","code":"0F_26934","record":26934},"geometry":{"type":"Polygon","coordinates":[[[121.54983066241482,24.973245739941124],[121.54971817018038,24.97318384247722],[121.54971482009579,24.973187764046823],[121.54971649534933,24.97318808288026],[121.54962420023382,24.973333803521317],[121.5496229661021,24.97333580240249],[121.54962277236682,24.97333611368711],[121.54956185579653,24.973434649128464],[121.54967278574969,24.97344843941996],[121.5497664213888,24.97344632167278],[121.54982168959606,24.973437555368122],[121.54981622480597,24.973388562375366],[121.54976454600349,24.97338863211506],[121.5497460017016,24.973336111317675],[121.5497458923594,24.973335799345648],[121.54974518622419,24.973333801303593],[121.54974847330217,24.97332550129176],[121.54976490438564,24.973296423139416],[121.54975868186793,24.973271294456282],[121.54976463837697,24.973263263564455],[121.54977248733931,24.973259858055034],[121.549825428976,24.97324708640057],[121.54983066241482,24.973245739941124]]]}},{"type":"Feature","properties":{"ID":"2693","MDATE":"5201311","code":"0F_26935","record":26935},"geometry":{"type":"Polygon","coordinates":[[[121.54941753790091,24.97310256379455],[121.549424619944,24.973093726158606],[121.54943307018763,24.973100836296172],[121.54946160159737,24.973073348555317],[121.54944191824146,24.97307035156395],[121.54943775786097,24.973051915986343],[121.54939840166803,24.97308849169907],[121.54938555060693,24.973078854545967],[121.54928337226383,24.97319389841293],[121.54928705521219,24.97319579881107],[121.54924605686884,24.973252945863084],[121.54925387654333,24.97325856868333],[121.54923312966359,24.97333381301661],[121.54923257496316,24.973335811195426],[121.54923248819648,24.973336122988037],[121.54923067980202,24.973342634469102],[121.54922977570271,24.97336322569683],[121.5493736793339,24.973455205202686],[121.54941473189547,24.973454276482133],[121.54953204426488,24.97333611614582],[121.54953235387977,24.973335804433873],[121.54953433777446,24.973333805496225],[121.54961039500134,24.973253991949974],[121.54956694852831,24.973219177905307],[121.54943516452178,24.97311525291863],[121.5494272778053,24.973110145864965],[121.54941753790091,24.97310256379455]]]}},{"type":"Feature","properties":{"ID":"2703","MDATE":"7201311","code":"0F_27037","record":27037},"geometry":{"type":"Polygon","coordinates":[[[121.54940438886123,24.973743287253388],[121.54940365691823,24.973723409869937],[121.54934551423148,24.97372255895482],[121.54934501496851,24.973728347868136],[121.54933592242385,24.97372828208633],[121.54933495512256,24.973735733913152],[121.54934312027105,24.973736615652186],[121.54934216357066,24.973741990955343],[121.54940438886123,24.973743287253388]]]}},{"type":"Feature","properties":{"ID":"2707","MDATE":"1201311","code":"0F_27071","record":27071},"geometry":{"type":"Polygon","coordinates":[[[121.55034060357991,24.973736338649655],[121.55028061817816,24.97372512151357],[121.55026543300629,24.973819055461835],[121.55032465216954,24.973828114987324],[121.55034060357991,24.973736338649655]]]}},{"type":"Feature","properties":{"ID":"2713","MDATE":"6201311","code":"0F_27136","record":27136},"geometry":{"type":"Polygon","coordinates":[[[121.54789056070942,24.973883826676445],[121.54789338524301,24.97383406461355],[121.54788710906958,24.973816879955546],[121.54787259336103,24.9738061789531],[121.54779126211034,24.97380705403372],[121.54778606042497,24.973832614827824],[121.54775171159599,24.97383008683591],[121.547748225669,24.973851016175775],[121.54773598349315,24.97384937923419],[121.5477361812665,24.973841915800772],[121.54768807305263,24.973839128715415],[121.54766337403731,24.974016708418432],[121.54786061446478,24.974046818085828],[121.54789056070942,24.973883826676445]]]}},{"type":"Feature","properties":{"ID":"2715","MDATE":"0201311","code":"0F_27150","record":27150},"geometry":{"type":"Polygon","coordinates":[[[121.55188754149155,24.97410209803503],[121.55188697561135,24.974026879952557],[121.55180128121685,24.974027497126638],[121.55180182582369,24.97410262049294],[121.55188754149155,24.97410209803503]]]}},{"type":"Feature","properties":{"ID":"2718","MDATE":"9201311","code":"0F_27189","record":27189},"geometry":{"type":"Polygon","coordinates":[[[121.55299438866363,24.974190418679786],[121.55284888728505,24.97416288104635],[121.55284360416765,24.974190824843657],[121.5529802346326,24.97421691478732],[121.55298895153278,24.97421713521959],[121.55299438866363,24.974190418679786]]]}},{"type":"Feature","properties":{"ID":"2719","MDATE":"2201311","code":"0F_27192","record":27192},"geometry":{"type":"Polygon","coordinates":[[[121.55268686003286,24.97418276646646],[121.5525967903123,24.974107796461936],[121.55258510255545,24.974121002917062],[121.55258309313561,24.974139030638238],[121.55256360242055,24.974161510901617],[121.55262896838855,24.974222696240393],[121.55268686003286,24.97418276646646]]]}},{"type":"Feature","properties":{"ID":"2719","MDATE":"3201311","code":"0F_27193","record":27193},"geometry":{"type":"Polygon","coordinates":[[[121.54851712000611,24.97423818346835],[121.54852059071371,24.97422592304113],[121.54855470125348,24.97423075211512],[121.54885156448373,24.973964943026495],[121.54888483258728,24.97392651744041],[121.54887982706924,24.9739220876915],[121.54881345469971,24.973927944143256],[121.54877083218088,24.97392106096992],[121.54872913744315,24.973893098950217],[121.5487185006867,24.973846725084684],[121.54871919011768,24.973820582311333],[121.54852804847494,24.97382949736178],[121.54852516670965,24.973827579550065],[121.5484953076666,24.97385415925141],[121.54849591003386,24.97391996534914],[121.54848481704028,24.97391906364741],[121.54848354946924,24.973924029307117],[121.54847695519564,24.97402091347211],[121.54846988699168,24.97408256594948],[121.54846391329139,24.974086741814617],[121.54844767616532,24.974101780269603],[121.54846039904342,24.974110644257596],[121.5484548241829,24.974146069748446],[121.54844541667717,24.974147800780067],[121.54843795007295,24.974212088246134],[121.54844480942855,24.974213548131594],[121.54844085961717,24.974221397339644],[121.54851712000611,24.97423818346835]]]}},{"type":"Feature","properties":{"ID":"2722","MDATE":"3201311","code":"0F_27223","record":27223},"geometry":{"type":"Polygon","coordinates":[[[121.54755682680496,24.97421026011256],[121.54740896148265,24.97418790892147],[121.54740589041373,24.974204787583297],[121.54736308447798,24.97419831636701],[121.54734191090913,24.974314696275364],[121.54756154850237,24.974347895646403],[121.54758317628065,24.974229005105084],[121.54755421215691,24.974224629969797],[121.54755682680496,24.97421026011256]]]}},{"type":"Feature","properties":{"ID":"2724","MDATE":"9201311","code":"0F_27249","record":27249},"geometry":{"type":"Polygon","coordinates":[[[121.55082672023542,24.973844611069662],[121.55083064817401,24.973826533841915],[121.55072940537936,24.973810538231685],[121.55072656474472,24.973827459440123],[121.55060764593483,24.97380709534474],[121.55061177276039,24.973792978958077],[121.55056530689578,24.973783780327583],[121.55055138970674,24.973781664091483],[121.5505377190561,24.973778860800326],[121.55053569003749,24.9737858588281],[121.55033723391273,24.973790918398276],[121.55032501625821,24.97384184913489],[121.55013748936962,24.973811850414005],[121.55013491110739,24.973824085011184],[121.55010166120955,24.973819454449092],[121.5500894391221,24.973881230752106],[121.55012042121179,24.973886595557754],[121.55010034068647,24.974001395469056],[121.55107163902777,24.97416215941306],[121.55102760934129,24.974398968332714],[121.55119666352141,24.974426299626003],[121.55129745087797,24.97392521776514],[121.55082672023542,24.973844611069662]]]}},{"type":"Feature","properties":{"ID":"2725","MDATE":"5201311","code":"0F_27255","record":27255},"geometry":{"type":"Polygon","coordinates":[[[121.54771903895916,24.974449041879208],[121.5477260938526,24.97441654694161],[121.54779680269812,24.97442546772183],[121.54781958084908,24.974268208509557],[121.54761058475387,24.974235697171054],[121.54758657510096,24.974398979979657],[121.54768390632648,24.974412643872302],[121.54767666459412,24.974441861357477],[121.54771903895916,24.974449041879208]]]}},{"type":"Feature","properties":{"ID":"2727","MDATE":"9201311","code":"0F_27279","record":27279},"geometry":{"type":"Polygon","coordinates":[[[121.55021577293815,24.97413653110406],[121.55006863058578,24.974112015831988],[121.5500158986871,24.974361266764802],[121.55091865725892,24.974510771048653],[121.55096776745427,24.97426667387163],[121.55021577293815,24.97413653110406]]]}},{"type":"Feature","properties":{"ID":"2728","MDATE":"1201311","code":"0F_27281","record":27281},"geometry":{"type":"Polygon","coordinates":[[[121.54685091978851,24.974533431601674],[121.54710325496617,24.974237112492812],[121.54708984977316,24.97421591837854],[121.54689741965667,24.974084362767037],[121.54688573247994,24.974097839626566],[121.54686763320065,24.9740879922061],[121.5466172582413,24.974370933877285],[121.54663112271739,24.97438175295238],[121.54662805633757,24.97439612806332],[121.54681644350573,24.974526976599353],[121.54682954002986,24.974520879635975],[121.54685091978851,24.974533431601674]]]}},{"type":"Feature","properties":{"ID":"2729","MDATE":"1201311","code":"0F_27291","record":27291},"geometry":{"type":"Polygon","coordinates":[[[121.54798349784569,24.974361164827805],[121.54804013024548,24.974036911122734],[121.5480608235562,24.974035559311822],[121.54807262643445,24.97388439474188],[121.54806515277876,24.973844820962498],[121.54803471469995,24.973840165148232],[121.54803371725748,24.97385470240587],[121.54800659961828,24.973851945639854],[121.54800600144489,24.973854644562117],[121.54795662330122,24.973845324919058],[121.54792226013706,24.973998769922535],[121.54790618536836,24.973997680657547],[121.54790412524028,24.97400708477968],[121.54790927784799,24.97400850040933],[121.54790674303312,24.974024338866236],[121.54789812476072,24.974024468067256],[121.54789577311716,24.974045891594475],[121.54790130770502,24.974046112292154],[121.54789916201187,24.97406617812423],[121.54789447841264,24.97406600214618],[121.54789356936294,24.974076791473895],[121.54790315438356,24.97407869367267],[121.5478940226747,24.97413584052076],[121.54788304088869,24.974135005174055],[121.54787212916027,24.97420689258078],[121.54787804809645,24.974208691799824],[121.54785794891644,24.97429915239098],[121.54784826791696,24.974299514813733],[121.54784548627605,24.974319117128385],[121.54785391574363,24.974319738867457],[121.54785046498395,24.974350186504562],[121.54785441564621,24.974351478355658],[121.54784910236559,24.974396150442896],[121.54784372831097,24.97439662342128],[121.54784302620817,24.974406505556537],[121.54784566592983,24.974406994205367],[121.54783786797215,24.97444749266678],[121.54784916345673,24.974448483953353],[121.54783654358272,24.974518898818598],[121.54787592946234,24.974525778812346],[121.5478744729615,24.974557455977504],[121.54793402651495,24.974566161315778],[121.54794233693208,24.97455352377858],[121.54800111627642,24.974363710070023],[121.54798349784569,24.974361164827805]]]}},{"type":"Feature","properties":{"ID":"2735","MDATE":"5201311","code":"0F_27355","record":27355},"geometry":{"type":"Polygon","coordinates":[[[121.55092382743571,24.97454017660987],[121.55001473950576,24.974386392892885],[121.5499733266266,24.974582190325435],[121.5508834844308,24.974733029834535],[121.55092382743571,24.97454017660987]]]}},{"type":"Feature","properties":{"ID":"2739","MDATE":"0201311","code":"0F_27390","record":27390},"geometry":{"type":"Polygon","coordinates":[[[121.54693100093024,24.974864861491426],[121.54717292224426,24.974446166303952],[121.54710744463232,24.974411827896347],[121.54710234902281,24.974417040530764],[121.54703787872906,24.974391673321588],[121.54702194501108,24.97441894732512],[121.54697857553332,24.974397465082376],[121.54696353743957,24.974423679492528],[121.5469553116533,24.97451562304197],[121.54697930096954,24.974526540332842],[121.54689910985763,24.974670012895377],[121.54688949868506,24.97466690546443],[121.54687109097627,24.974700062277716],[121.54686161306215,24.974697077139286],[121.54683483992592,24.974745922255412],[121.5468365952724,24.97475002183513],[121.54684069778631,24.9747529544815],[121.54684441017376,24.974761521250734],[121.54687867348099,24.974779620690438],[121.54686981611968,24.97480210903532],[121.54687699229466,24.97480622934157],[121.54686543460016,24.974828635511482],[121.54693100093024,24.974864861491426]]]}},{"type":"Feature","properties":{"ID":"2739","MDATE":"3201311","code":"0F_27393","record":27393},"geometry":{"type":"Polygon","coordinates":[[[121.5510614345205,24.974500369739904],[121.55100246111093,24.974493202816156],[121.55096434329751,24.974683720364002],[121.55098929477502,24.9746886387258],[121.55097641192322,24.974778136788558],[121.55099014167816,24.974780840508718],[121.5509766298107,24.974864978151615],[121.55106208718455,24.974874178673147],[121.55118232018447,24.97485887256079],[121.55119863217116,24.974760992662265],[121.55104610014557,24.97473142085841],[121.55105432220209,24.974693869282714],[121.55101445168565,24.97468852762109],[121.55104565718352,24.97452074153135],[121.5510614345205,24.974500369739904]]]}},{"type":"Feature","properties":{"ID":"2745","MDATE":"8201311","code":"0F_27458","record":27458},"geometry":{"type":"Polygon","coordinates":[[[121.54651949572326,24.97511615930765],[121.54650732349829,24.97509246251843],[121.54646326487858,24.975111475918066],[121.5464752131376,24.975134921645864],[121.54651949572326,24.97511615930765]]]}},{"type":"Feature","properties":{"ID":"2746","MDATE":"6201311","code":"0F_27466","record":27466},"geometry":{"type":"Polygon","coordinates":[[[121.54972969105475,24.97492920609487],[121.54970532411784,24.97491227516114],[121.54951832708176,24.975142040096813],[121.54954202271747,24.975159463767625],[121.54972969105475,24.97492920609487]]]}},{"type":"Feature","properties":{"ID":"2747","MDATE":"7201311","code":"0F_27477","record":27477},"geometry":{"type":"Polygon","coordinates":[[[121.54867625500461,24.97463802853755],[121.54868952917914,24.974619285869622],[121.54879726524956,24.97469328855497],[121.54879769509458,24.974692839173084],[121.54903527756576,24.97484757548968],[121.54911601805826,24.97475953379356],[121.54914601914585,24.974593837118103],[121.5491410685987,24.974588410463717],[121.54903269366179,24.974596662639136],[121.54899578933706,24.974569349326117],[121.54894561132582,24.97462345511922],[121.54893454176187,24.974614892040876],[121.5488520810151,24.974524367732045],[121.54880589598707,24.974477767326135],[121.5487797814526,24.97445845110657],[121.5487766297048,24.97442868322031],[121.54886777060527,24.974498863060745],[121.54889476562872,24.97448754697139],[121.54894387544425,24.97444518268533],[121.54904113006708,24.974541637210823],[121.54910626644664,24.97448456194993],[121.54916854490605,24.974531055988702],[121.54920657674407,24.974489196503608],[121.54926041244757,24.974526929974207],[121.54937598115147,24.974365523923684],[121.54941285559596,24.974372473260864],[121.54939077169696,24.974484378806164],[121.54984144149272,24.9745603197446],[121.54993375830801,24.974123063214844],[121.54963122673506,24.9740694282199],[121.54963195702452,24.974065261722824],[121.5499642584167,24.974052646277794],[121.54995243789286,24.97379372341971],[121.54960268929455,24.973807170593577],[121.54960245266983,24.973800047319013],[121.5493900679224,24.97380578718027],[121.54939386917601,24.973997387543548],[121.54942568278824,24.9740220787894],[121.54948606089869,24.97402222625511],[121.5494864150997,24.974075283641035],[121.5494690023607,24.974090749964244],[121.54932505951838,24.973983411950844],[121.54936285893787,24.973939667293106],[121.54935269247889,24.97393194956454],[121.54935693631644,24.973926318378634],[121.54931386321718,24.9738864001535],[121.54933328470717,24.9738649353317],[121.54931988233889,24.973835743334494],[121.54927202675937,24.97379455711585],[121.5492833145858,24.973779089925134],[121.54919669444399,24.97370870407072],[121.54909864654572,24.97380899947382],[121.54912537633493,24.973830836752686],[121.5490259647904,24.973936127017588],[121.54900473306606,24.973920574750466],[121.54898554636704,24.973941843655922],[121.54918777953928,24.974095441561403],[121.54914543632397,24.974143538263167],[121.54917207520812,24.974163395081042],[121.5491691838143,24.974166682071154],[121.54896788082354,24.974005765169885],[121.5489523502853,24.974020877815008],[121.54892908325134,24.974001762386482],[121.54881362369719,24.974117665601742],[121.54878553967929,24.974127959181903],[121.5487400042779,24.974177439815115],[121.54862981763463,24.974287778350188],[121.54861226885461,24.97427926709534],[121.54859784689567,24.974294905576468],[121.54842110827283,24.97446684553259],[121.54841601192496,24.974461364318238],[121.54837330196878,24.97451889210234],[121.54838508775735,24.97452302064627],[121.54834336235618,24.974671186057485],[121.54832494674733,24.974720593823058],[121.54831898722449,24.97474319617361],[121.54830446676729,24.97477553714735],[121.54823134046616,24.974971716274034],[121.54832522266838,24.974999746356797],[121.54831956666801,24.9750231231113],[121.54842307599536,24.975079535739777],[121.548635436267,24.97518292830952],[121.54867841143815,24.97520895630427],[121.5489497848486,24.974883782131535],[121.54874964565391,24.97474028960088],[121.54875294376065,24.974733785278197],[121.54865737231994,24.97466468972395],[121.54867625500461,24.97463802853755]],[[121.54917405698822,24.97432914540678],[121.54925319526974,24.974246189706818],[121.54932419970211,24.974302112154177],[121.54924931757836,24.974385111785185],[121.54917405698822,24.97432914540678]]]}},{"type":"Feature","properties":{"ID":"2748","MDATE":"6201311","code":"0F_27486","record":27486},"geometry":{"type":"Polygon","coordinates":[[[121.5463593042134,24.975237508045666],[121.54644098424961,24.975196482267012],[121.54642895580491,24.975175964674417],[121.54643802141176,24.975169001378564],[121.54625854837484,24.974884674680684],[121.54657666251443,24.974713194562785],[121.5467082347143,24.974934442434147],[121.54682137270235,24.97487918180446],[121.54669656363204,24.974677568109634],[121.54671905027114,24.97466645313189],[121.54668876577801,24.97460057899678],[121.54667228493456,24.974608484978024],[121.54666288164533,24.97459165932927],[121.546660898282,24.97458997833478],[121.54664099469412,24.974601980325268],[121.5466257007873,24.974576080382096],[121.54662879805518,24.974574090939594],[121.54662515572818,24.97456748031739],[121.54666787086605,24.97454527582019],[121.54664423929952,24.974507240077852],[121.54665827842997,24.974499278056665],[121.54664404542892,24.974476324636207],[121.54658682649539,24.974505107922038],[121.54658418042274,24.974501383568843],[121.54657804813017,24.974503980006812],[121.54657414415792,24.97449845282386],[121.54656874152087,24.97450255158458],[121.54657099621801,24.974508262674224],[121.54654951031284,24.974520807635628],[121.54654547128507,24.97451407748894],[121.5465374269805,24.974516797403663],[121.54653862933475,24.9745241943074],[121.5465189878047,24.974535654531362],[121.54651415760867,24.974528744916746],[121.54650651255801,24.974533509154277],[121.54650981691731,24.974536029441072],[121.54650659100368,24.974540065142204],[121.54651089175394,24.974545952901977],[121.54651730342503,24.974544943501435],[121.54655565199444,24.97460339760683],[121.54651880394401,24.97462261749455],[121.54649893033407,24.97463288774837],[121.54649181768765,24.974626548962796],[121.54644229564502,24.974650441372123],[121.54643785481423,24.974640190797334],[121.54641122737358,24.97465720911012],[121.54639267841245,24.974626709479367],[121.54635506705004,24.97464398925883],[121.54634162443215,24.974689073004754],[121.5462864635677,24.974706870342782],[121.54626599112294,24.974719481967284],[121.54624312821421,24.97474320974343],[121.54608954007487,24.974859128800393],[121.54633109750422,24.97522345708948],[121.54634596301982,24.97521644905516],[121.5463593042134,24.975237508045666]]]}},{"type":"Feature","properties":{"ID":"2749","MDATE":"4201311","code":"0F_27494","record":27494},"geometry":{"type":"Polygon","coordinates":[[[121.54617379392882,24.9749991135686],[121.54606808311759,24.97493263828396],[121.54607265048215,24.974924863613236],[121.54602561550385,24.974898029074062],[121.54601245514979,24.974920896977792],[121.54600694030782,24.974919771512784],[121.54595838969178,24.974982542835782],[121.54592398791353,24.974958851626695],[121.54583205943877,24.975014889742322],[121.54580273070891,24.975058171838405],[121.54577431489852,24.975089481002268],[121.5458999561593,24.975167996590667],[121.5460387392265,24.975264331601466],[121.54619525036333,24.975060274053124],[121.5461800582105,24.97504508925726],[121.54615456519149,24.97502649706573],[121.54617379392882,24.9749991135686]]]}},{"type":"Feature","properties":{"ID":"2750","MDATE":"6201311","code":"0F_27506","record":27506},"geometry":{"type":"Polygon","coordinates":[[[121.54612296653248,24.975282321193543],[121.54607416046122,24.975245148659614],[121.54605487109828,24.975266432014497],[121.54610431366945,24.975303297068262],[121.54612296653248,24.975282321193543]]]}},{"type":"Feature","properties":{"ID":"2750","MDATE":"8201311","code":"0F_27508","record":27508},"geometry":{"type":"Polygon","coordinates":[[[121.54715288719004,24.975285414195636],[121.54709771867945,24.97527706892098],[121.54709412983686,24.975296706686947],[121.54714930240952,24.97530507271268],[121.54715288719004,24.975285414195636]]]}},{"type":"Feature","properties":{"ID":"2752","MDATE":"8201311","code":"0F_27528","record":27528},"geometry":{"type":"Polygon","coordinates":[[[121.55455795082025,24.975327923477252],[121.55458507794276,24.97506988538215],[121.55448812101451,24.975016643248694],[121.55432275307125,24.975003314649516],[121.55402909799535,24.974973603794584],[121.5540115095299,24.974971823844943],[121.55401053433891,24.974942460582316],[121.55401002287572,24.974914248494564],[121.55395088372023,24.974941634235837],[121.55392155058979,24.974969333452105],[121.55391019770289,24.974984097931806],[121.55387869908395,24.97500972690279],[121.55387536344445,24.975072901409945],[121.55382992710295,24.975053991971617],[121.55378373219969,24.975119293956073],[121.55381304564166,24.975144110002738],[121.55382593839997,24.975144118948975],[121.55383052914517,24.975185100687906],[121.55387057233861,24.975176945614102],[121.55387409619989,24.975190419721788],[121.55393484899312,24.9751854161095],[121.55392755592885,24.975264405562626],[121.55391036698639,24.975263824864985],[121.55390980901358,24.975299850310794],[121.55454773956477,24.97534237589322],[121.55455795082025,24.975327923477252]]]}},{"type":"Feature","properties":{"ID":"2753","MDATE":"7201311","code":"0F_27537","record":27537},"geometry":{"type":"Polygon","coordinates":[[[121.5474084926829,24.975385367930723],[121.54757307307008,24.975119062417793],[121.54739380371639,24.975034257661335],[121.5472969646395,24.975185442090748],[121.5471986999128,24.975135248794913],[121.54726421692219,24.975042553995866],[121.54728585090547,24.97505298514247],[121.5475078757234,24.97470140589839],[121.5474694146073,24.97467989583139],[121.54752834167172,24.974588982020833],[121.54764024127681,24.974644254803838],[121.54754588631421,24.97479755911117],[121.54770880340078,24.974883556850656],[121.54787053466887,24.974625025730703],[121.54743476788913,24.974405389079905],[121.54696274821009,24.975150491806897],[121.5474084926829,24.975385367930723]]]}},{"type":"Feature","properties":{"ID":"2756","MDATE":"1201311","code":"0F_27561","record":27561},"geometry":{"type":"Polygon","coordinates":[[[121.54932060349451,24.975446797306294],[121.54936507062872,24.975334609716523],[121.54923408594914,24.975178899562025],[121.5494117525694,24.97494668663527],[121.54947083270706,24.974887229345388],[121.54956842010758,24.9747723169538],[121.5495752814353,24.97475925402887],[121.54979879241651,24.974800795894613],[121.54982246475812,24.974675520002076],[121.54920586983862,24.974573256101138],[121.54917136485133,24.97475583947246],[121.54915568566389,24.974749500797213],[121.54914090454591,24.974781306535835],[121.54912670118793,24.974803356986598],[121.54910646504025,24.974841282276703],[121.54914868578213,24.97485956221452],[121.54903239604934,24.974990079881525],[121.54900174937434,24.974974632737176],[121.54896448717184,24.975021917083463],[121.54873335371809,24.975334800141148],[121.54888236131951,24.975426595152438],[121.5489693958905,24.97540990271912],[121.54902751431324,24.975394374010698],[121.54919712324629,24.97517264838902],[121.54922643864174,24.975191851613854],[121.54908971846433,24.97538021243624],[121.54919513588685,24.975412907645495],[121.54919902685536,24.97540787362599],[121.54922165167102,24.97541789276054],[121.54921843386187,24.975423294454654],[121.54929948158882,24.9754478132211],[121.54932060349451,24.975446797306294]]]}},{"type":"Feature","properties":{"ID":"2756","MDATE":"6201311","code":"0F_27566","record":27566},"geometry":{"type":"Polygon","coordinates":[[[121.54715559744218,24.97532361697552],[121.54712467633738,24.97531843550806],[121.54711848077949,24.975365018465325],[121.5471443159412,24.97537132817906],[121.54715960984836,24.97540480452389],[121.54715712257666,24.975421343379974],[121.54712936766644,24.975440992263138],[121.54714269309876,24.975471004498523],[121.54718632086009,24.975455123458648],[121.54720767228466,24.975380725840004],[121.54716996864319,24.975342385266337],[121.54715559744218,24.97532361697552]]]}},{"type":"Feature","properties":{"ID":"2757","MDATE":"8201311","code":"0F_27578","record":27578},"geometry":{"type":"Polygon","coordinates":[[[121.55010781387098,24.975276971960902],[121.55026486181075,24.9752389791111],[121.55027026258583,24.9752293540689],[121.550443879587,24.975227443286734],[121.55046042417491,24.975242165815825],[121.55047839307112,24.975246643305656],[121.55047566214051,24.975255724923368],[121.55047732177223,24.975257202122403],[121.55066146433538,24.975165943521795],[121.55083631272419,24.97502869244316],[121.55095248084238,24.974990171107102],[121.55094785565112,24.974967505786342],[121.55088981021974,24.974967720449424],[121.55090854204458,24.974830404619286],[121.55070567608878,24.974796992928173],[121.55070087957493,24.97482311206329],[121.55013794887181,24.974725778056527],[121.55007086522909,24.975091232383097],[121.55019762009269,24.97509741896569],[121.55020007382154,24.975108430616398],[121.55016949695688,24.975124350102696],[121.55015311576284,24.975100912023738],[121.55002950340098,24.975197063699117],[121.55005660348968,24.975235495054655],[121.55001005340415,24.97521792653403],[121.55001292962285,24.975210998514406],[121.54995306478273,24.97518983625959],[121.54991374943943,24.97527499536137],[121.54989370492375,24.97526792083177],[121.54987625744408,24.975313963106057],[121.54989520103608,24.975322924982514],[121.54987415527074,24.97537076180098],[121.54988175970158,24.975375161156247],[121.5498716574853,24.9753984604838],[121.54988404497884,24.97540267155075],[121.54987296356065,24.975428060005022],[121.55002355761366,24.975478542224067],[121.55010781387098,24.975276971960902]]]}},{"type":"Feature","properties":{"ID":"2759","MDATE":"0201311","code":"0F_27590","record":27590},"geometry":{"type":"Polygon","coordinates":[[[121.54901181977708,24.97545028927757],[121.54896245598474,24.975432523150193],[121.54893146155959,24.975494408255543],[121.54897943171198,24.975515059521943],[121.54901181977708,24.97545028927757]]]}},{"type":"Feature","properties":{"ID":"2759","MDATE":"4201311","code":"0F_27594","record":27594},"geometry":{"type":"Polygon","coordinates":[[[121.54804785166151,24.97552830694295],[121.54812064016501,24.975423080075682],[121.54814878558146,24.97543710202437],[121.54817430226166,24.97539739241928],[121.54816827332183,24.97539581661426],[121.5483514736453,24.9751308691026],[121.54833080300133,24.975119258192915],[121.54821245389307,24.97505124381139],[121.54818701378012,24.975040422343454],[121.5479157186046,24.975432631906028],[121.54798286289584,24.975471216994045],[121.54797309509927,24.97548533961449],[121.54804785166151,24.97552830694295]]]}},{"type":"Feature","properties":{"ID":"2760","MDATE":"4201311","code":"0F_27604","record":27604},"geometry":{"type":"Polygon","coordinates":[[[121.5496852822356,24.975404848716067],[121.54991451112966,24.975113028598585],[121.54993248140828,24.97512139549475],[121.54996151620432,24.97508205991214],[121.54994535602196,24.975071359772148],[121.54995843083994,24.975053257828858],[121.54995573446699,24.975049829847755],[121.54979792117724,24.974950612929113],[121.54978490636805,24.97496795626913],[121.54976176494512,24.974953333844876],[121.54958160794168,24.975190223943333],[121.54959967592806,24.975201640242492],[121.54941725735256,24.975441501539535],[121.54955795571075,24.975530406793187],[121.54957886047163,24.975546301445288],[121.54959514078,24.975517099283007],[121.5496852822356,24.975404848716067]]]}},{"type":"Feature","properties":{"ID":"2761","MDATE":"2201311","code":"0F_27612","record":27612},"geometry":{"type":"Polygon","coordinates":[[[121.55279459418072,24.97555448536408],[121.55287436750484,24.97546839444226],[121.55291055404105,24.9754917514817],[121.5529312468148,24.9754656102969],[121.55291593530448,24.975452504030283],[121.5529913213877,24.975351243917693],[121.5530161593141,24.975368395553065],[121.55305065849804,24.975317745735193],[121.55299759309199,24.975287382315976],[121.55297789495013,24.9753144497213],[121.55295155865853,24.975296671667746],[121.55292421151255,24.97533423112855],[121.55291320550774,24.975327112625717],[121.55287510606551,24.97536779962617],[121.55274126581905,24.97551647595514],[121.55279459418072,24.97555448536408]]]}},{"type":"Feature","properties":{"ID":"2762","MDATE":"4201311","code":"0F_27624","record":27624},"geometry":{"type":"Polygon","coordinates":[[[121.54967644095417,24.975567228986773],[121.54962177975086,24.975544035016384],[121.5496102045829,24.97556396773151],[121.54966747250636,24.975587347096543],[121.54967644095417,24.975567228986773]]]}},{"type":"Feature","properties":{"ID":"2763","MDATE":"8201311","code":"0F_27638","record":27638},"geometry":{"type":"Polygon","coordinates":[[[121.55376194716402,24.975580331627352],[121.5537277867599,24.975532567687086],[121.55368929403437,24.975555465407858],[121.55372689588332,24.975610898649286],[121.55375248058367,24.975595441182076],[121.55374765805733,24.97558879540369],[121.55376194716402,24.975580331627352]]]}},{"type":"Feature","properties":{"ID":"2764","MDATE":"2201311","code":"0F_27642","record":27642},"geometry":{"type":"Polygon","coordinates":[[[121.54663796255154,24.975639276871092],[121.54666770751459,24.97560147229949],[121.54667776303666,24.975607174621477],[121.54678049608985,24.97546018151093],[121.54676492023675,24.97545076900738],[121.54675415502666,24.97544539521361],[121.54679558662313,24.975390613538927],[121.54682721723091,24.97541022945578],[121.54683437781257,24.97539465571744],[121.54686486265057,24.975412741941863],[121.54685240538114,24.975435554972382],[121.54691104459755,24.975449305414344],[121.54691298522131,24.975444891628094],[121.5469477800071,24.975467566390776],[121.54706294212376,24.975314807190085],[121.5469965734662,24.97527930376731],[121.5469800968985,24.975298287361564],[121.54694600054002,24.97527922763857],[121.54690435759996,24.97525201877746],[121.54681979195276,24.975195097684416],[121.5466792139958,24.975376901588117],[121.54666204945048,24.975366586667192],[121.54664823637503,24.975383151728995],[121.54663281821368,24.97540453109569],[121.5465752501496,24.97536955132771],[121.54659039931386,24.975349160638277],[121.54655148712385,24.97532554661655],[121.5465568542785,24.97531743856533],[121.54657488363102,24.97528558865644],[121.54657373153081,24.975281053507242],[121.54653716581933,24.975298086638567],[121.54649576742439,24.97531349255277],[121.54650653924477,24.975331145589028],[121.54648856750373,24.97535675228177],[121.54646030927074,24.97534001204064],[121.54644200407941,24.975365696690748],[121.54641889880942,24.97535201434853],[121.54634065155406,24.975452767993733],[121.54651078421412,24.9755603269863],[121.546543121875,24.975521099111962],[121.54658258896801,24.975547224547775],[121.54655392307002,24.975585584891864],[121.54663796255154,24.975639276871092]]]}},{"type":"Feature","properties":{"ID":"2766","MDATE":"4201311","code":"0F_27664","record":27664},"geometry":{"type":"Polygon","coordinates":[[[121.54988906176341,24.97567266636835],[121.5498916542085,24.97565825863966],[121.54989400870137,24.975658744693206],[121.5499380438341,24.9756561598726],[121.54997316189888,24.975566801903767],[121.5498216393768,24.97551691621453],[121.54977551857094,24.975617507907835],[121.54982793656491,24.97563715750707],[121.54982110055029,24.97564789468697],[121.54988906176341,24.97567266636835]]]}},{"type":"Feature","properties":{"ID":"2766","MDATE":"6201311","code":"0F_27666","record":27666},"geometry":{"type":"Polygon","coordinates":[[[121.5471372471519,24.97568393278428],[121.54719275530407,24.975617330146832],[121.54719413023112,24.97561804193496],[121.54721538795198,24.97558632634952],[121.54724122485575,24.97560131393896],[121.54725194457745,24.97558046637828],[121.54720350575064,24.975557248655083],[121.54719276800728,24.9755670674371],[121.54717930996982,24.975559732711176],[121.54719181020535,24.975544863404227],[121.54717102357328,24.97553613546194],[121.54720748038818,24.975522930529852],[121.54715362887832,24.975478888378145],[121.54710259596767,24.975486361563366],[121.54699352076888,24.975473069052136],[121.54695305057106,24.975470561553475],[121.54692776237057,24.975459147063308],[121.54692787239232,24.975457819514833],[121.54680851964373,24.975430474297497],[121.54679478413954,24.975460121844208],[121.54692511220651,24.97549106784822],[121.54692543665617,24.9754871592546],[121.54697473803954,24.975492645237786],[121.5469744310109,24.975507227801373],[121.5469480689064,24.97550046948634],[121.54691403303971,24.975545371581912],[121.5471372471519,24.97568393278428]]]}},{"type":"Feature","properties":{"ID":"2767","MDATE":"7201311","code":"0F_27677","record":27677},"geometry":{"type":"Polygon","coordinates":[[[121.54890666778017,24.975701670442152],[121.5489867663827,24.975594472456454],[121.54888976404952,24.97553032347279],[121.5488547250776,24.975573553163418],[121.5487956082864,24.97553634910422],[121.54883125638142,24.975491997687183],[121.54872935649433,24.975428986135395],[121.54864496792577,24.97553591991246],[121.5486985506181,24.975571474200578],[121.5486738566339,24.97560011229898],[121.54883148369416,24.97569978069187],[121.54885525159033,24.9756700264842],[121.54890666778017,24.975701670442152]]]}},{"type":"Feature","properties":{"ID":"2769","MDATE":"4201311","code":"0F_27694","record":27694},"geometry":{"type":"Polygon","coordinates":[[[121.55453568859366,24.97568527065524],[121.55454367490438,24.975582675310136],[121.55453398218124,24.975579993005045],[121.5545355555391,24.975560860032083],[121.55454382694788,24.975559558072447],[121.55455149043263,24.975432864988427],[121.5545428123603,24.97543226622328],[121.55454392425463,24.97539766697538],[121.55373654510309,24.975339753534527],[121.55369668549686,24.975395862011954],[121.55371838467663,24.975484114046335],[121.5539277610543,24.9755147049753],[121.5539112882119,24.975666516511872],[121.55399033845359,24.975694181945116],[121.55400214846671,24.975695024592323],[121.55400327720271,24.975686966348984],[121.5540108082591,24.97568621789156],[121.55401226198454,24.97567420048236],[121.55404535445832,24.975676045550905],[121.55404940028988,24.9756494325618],[121.55408256031932,24.975651767601445],[121.5540771995162,24.975700379048444],[121.5541052096598,24.975702377527146],[121.5541102066849,24.975653927231363],[121.5541433685846,24.975657122636683],[121.55414279146535,24.975669812997324],[121.55417736656149,24.975673187313017],[121.55417482830705,24.975707344066546],[121.55449947199918,24.975730504872008],[121.55453568859366,24.97568527065524]]]}},{"type":"Feature","properties":{"ID":"2771","MDATE":"5201311","code":"0F_27715","record":27715},"geometry":{"type":"Polygon","coordinates":[[[121.55262771073748,24.975729742215215],[121.55259100159775,24.97572312079359],[121.55257934958222,24.97577678784346],[121.55261605874142,24.975783410170447],[121.55262771073748,24.975729742215215]]]}},{"type":"Feature","properties":{"ID":"2773","MDATE":"2201311","code":"0F_27732","record":27732},"geometry":{"type":"Polygon","coordinates":[[[121.54999343504636,24.97583236351616],[121.550117654105,24.975770976289034],[121.55009408933826,24.975727086089552],[121.55010043317566,24.97571726346507],[121.55021772257501,24.975753259947588],[121.55025832269844,24.975650537097952],[121.55023606813042,24.97564563303109],[121.55025023352896,24.97560480488462],[121.55026960807312,24.975613105159553],[121.5502909861023,24.97555670291906],[121.55027876270869,24.97555287317275],[121.55028323649177,24.9755379113797],[121.550364420686,24.97544840752291],[121.55043564536338,24.975457112969668],[121.55045114735167,24.975368043144915],[121.55022189586369,24.975293369255258],[121.55016176969568,24.975322433684155],[121.55005357151686,24.975578942253446],[121.55004320806725,24.975600732140038],[121.55000423691439,24.975682672343847],[121.5500184485652,24.975686147186178],[121.54997374832357,24.97571984924328],[121.54993338626184,24.97573525769973],[121.549908892457,24.975740882401375],[121.54992564322109,24.975800258562515],[121.54995282979942,24.975794567942074],[121.54995865216779,24.97579310915902],[121.54996599444283,24.975789319102493],[121.54998489015848,24.975834771284024],[121.54999343504636,24.97583236351616]]]}},{"type":"Feature","properties":{"ID":"2773","MDATE":"7201311","code":"0F_27737","record":27737},"geometry":{"type":"Polygon","coordinates":[[[121.54981461440818,24.975713132861895],[121.54975428355934,24.975693246129115],[121.54970872931227,24.975807928716332],[121.54972571180166,24.975813529431605],[121.54971928037847,24.975829736197497],[121.54976266751176,24.97584404285604],[121.54981461440818,24.975713132861895]]]}},{"type":"Feature","properties":{"ID":"2773","MDATE":"8201311","code":"0F_27738","record":27738},"geometry":{"type":"Polygon","coordinates":[[[121.55390228112803,24.975791909088198],[121.55388461587947,24.97578228662483],[121.55385985804405,24.97581964071346],[121.55387762288123,24.975829383787065],[121.55390228112803,24.975791909088198]]]}},{"type":"Feature","properties":{"ID":"2774","MDATE":"8201311","code":"0F_27748","record":27748},"geometry":{"type":"Polygon","coordinates":[[[121.5471000531841,24.975732075905224],[121.5467782009673,24.97552609665603],[121.54666709208975,24.975664457046364],[121.54697207004949,24.975858325775622],[121.54697505574802,24.9758602233729],[121.5469918277187,24.975870885477136],[121.5471000531841,24.975732075905224]]]}},{"type":"Feature","properties":{"ID":"2778","MDATE":"5201311","code":"0F_27785","record":27785},"geometry":{"type":"Polygon","coordinates":[[[121.5479698368211,24.9755792240429],[121.54785693674911,24.97551004456715],[121.54759873126125,24.975870407215876],[121.5476423488545,24.97594361087046],[121.54770659376776,24.975978274958884],[121.54778296581965,24.975870699486403],[121.54777376413166,24.975862338909046],[121.5479698368211,24.9755792240429]]]}},{"type":"Feature","properties":{"ID":"2781","MDATE":"8201311","code":"0F_27818","record":27818},"geometry":{"type":"Polygon","coordinates":[[[121.54799608282468,24.97600972534225],[121.54803428563051,24.97599087026177],[121.54804742482098,24.97598723231379],[121.54805715321557,24.975984792314975],[121.54805968376535,24.975982984588928],[121.5482051718961,24.975799585022028],[121.54822767838492,24.975818676270467],[121.54826606582141,24.97578091361116],[121.54826922686102,24.975741864072724],[121.54817538494794,24.975687030015347],[121.54820616833454,24.97562547988307],[121.5480660361817,24.97554571049784],[121.5480487005509,24.975569960805075],[121.54810303420611,24.97562036753525],[121.5481185050213,24.97562974146216],[121.5481160168185,24.975632835550847],[121.54811921747329,24.97565219556746],[121.5481290813737,24.9756575536185],[121.5481209306075,24.975669350052843],[121.54811227963349,24.97569882372294],[121.54807758751774,24.97578246305096],[121.54803578353925,24.975837598543265],[121.54793947712056,24.97595869134985],[121.54795205992922,24.97596653028957],[121.54793013115871,24.9759983260877],[121.5479176008372,24.975992277243716],[121.54789881449548,24.976025799406003],[121.54792935382869,24.976046059195063],[121.54796694579518,24.9760225595678],[121.54799608282468,24.97600972534225]]]}},{"type":"Feature","properties":{"ID":"2783","MDATE":"2201311","code":"0F_27832","record":27832},"geometry":{"type":"Polygon","coordinates":[[[121.55389459304813,24.976076272291422],[121.5538777066828,24.97605190390326],[121.55386248755671,24.97606038288534],[121.55387921473609,24.97608503535216],[121.55389459304813,24.976076272291422]]]}},{"type":"Feature","properties":{"ID":"2787","MDATE":"4201311","code":"0F_27874","record":27874},"geometry":{"type":"Polygon","coordinates":[[[121.55230875442096,24.97620123775768],[121.5523430052795,24.976162084614877],[121.55237382631579,24.976184490242833],[121.55239119629624,24.976164562013125],[121.55236015584231,24.97614226012362],[121.5523497953335,24.97615418866367],[121.55227361103331,24.976099085904696],[121.55225241107519,24.976123489147593],[121.5521841238747,24.97607418566323],[121.55215949958892,24.976102522528645],[121.5522247645664,24.9761499738097],[121.55222999626169,24.97614399400539],[121.55230875442096,24.97620123775768]]]}},{"type":"Feature","properties":{"ID":"2787","MDATE":"6201311","code":"0F_27876","record":27876},"geometry":{"type":"Polygon","coordinates":[[[121.54575899982845,24.97619310305076],[121.54571597926856,24.976091518321866],[121.545635792483,24.976119833763875],[121.54560811154099,24.976129607959475],[121.54563612774106,24.976195942021878],[121.54565096111332,24.976231066951634],[121.54575899982845,24.97619310305076]]]}},{"type":"Feature","properties":{"ID":"2788","MDATE":"1201311","code":"0F_27881","record":27881},"geometry":{"type":"Polygon","coordinates":[[[121.55428945276778,24.976197130968107],[121.55431435580158,24.976188251169162],[121.55430577374992,24.97617149519189],[121.55431117521685,24.976169390484387],[121.5543008734622,24.976145050007084],[121.55431905040487,24.976137971079545],[121.55432304835193,24.976147809564797],[121.55438002448685,24.976126764995705],[121.55437654893521,24.976117464453438],[121.55439472240414,24.97611071776692],[121.55440411928839,24.97613514647025],[121.55439279868983,24.976139431849465],[121.55439907009949,24.976153331777784],[121.55437146799362,24.976164185265866],[121.55438245792924,24.97619002907827],[121.55441235342659,24.97617950199832],[121.55441578916987,24.976187210115796],[121.55447797411873,24.976163948662528],[121.55448380895649,24.9761584251673],[121.55448997600716,24.976151001807764],[121.5544930449692,24.976140275733055],[121.5545017279679,24.976022268494308],[121.55446674663887,24.976033931308717],[121.55446426154664,24.976027286785396],[121.55447430953403,24.97602347560343],[121.55447203107045,24.9760180743952],[121.55450685246667,24.976007856684703],[121.55450890738676,24.975977261540987],[121.55446223444586,24.975994843418366],[121.55444031871117,24.975942878398932],[121.55440325907692,24.975955350636603],[121.55440665410981,24.975908600886612],[121.55438775425624,24.975902199821522],[121.55439879241935,24.97587841100023],[121.55441679410889,24.975878436090355],[121.55442108196088,24.975839525802268],[121.55444206140614,24.975843411995857],[121.55444542426619,24.97577553821376],[121.5541506266854,24.975760520739],[121.55412604915914,24.975957052866487],[121.55422279734111,24.975966165320127],[121.55421431255358,24.976009658576732],[121.55405701213357,24.975989366942244],[121.554057237822,24.975995093584356],[121.55403970174058,24.9760015146501],[121.5540011513904,24.97599759624307],[121.55400499592452,24.97603891117755],[121.55404850155115,24.9760386211718],[121.55410205708574,24.976109782562226],[121.55410885900203,24.976114748945218],[121.55413238487053,24.97610422484973],[121.55414818410024,24.976129774527717],[121.55417225002648,24.976119308002957],[121.55418281468236,24.976119841990077],[121.55420608799331,24.976179051629995],[121.55422551598951,24.97617110767322],[121.55423485474303,24.976196053918777],[121.55425280699676,24.976189890390444],[121.55426201095246,24.97621459247183],[121.55429213262246,24.976204360698805],[121.55429139217274,24.976200690787934],[121.55428945276778,24.976197130968107]]]}},{"type":"Feature","properties":{"ID":"2790","MDATE":"5201311","code":"0F_27905","record":27905},"geometry":{"type":"Polygon","coordinates":[[[121.5488840655386,24.976303600963703],[121.54889744508723,24.976264350354704],[121.5489687977348,24.976269216336263],[121.549164562764,24.97625028129554],[121.54941782777428,24.97556787335438],[121.54939113780105,24.9755363523536],[121.54939016315907,24.975535898218762],[121.54914454514885,24.975457975095942],[121.54897767531216,24.975836130166396],[121.54882845967518,24.97623400708949],[121.54880525419479,24.976226863710426],[121.54879904493008,24.97624093354904],[121.54876622260224,24.976220944169313],[121.54876803240063,24.976215405929352],[121.54876897542114,24.976212522462298],[121.54891364306054,24.975769948428404],[121.54881450303908,24.975746891868823],[121.54875315283338,24.97588857700726],[121.54871429578937,24.975876423744126],[121.54869144427441,24.975942687270543],[121.54866062853347,24.975933837583074],[121.5485734030895,24.97605580016351],[121.54856902390722,24.976064217925327],[121.54852937514411,24.97612580438429],[121.54854551947547,24.976130684259466],[121.54853903284996,24.976177406467343],[121.54859154490126,24.976198825679184],[121.54880209781818,24.97628458985791],[121.5488840655386,24.976303600963703]]]}},{"type":"Feature","properties":{"ID":"2791","MDATE":"0201311","code":"0F_27910","record":27910},"geometry":{"type":"Polygon","coordinates":[[[121.54770166147338,24.97632462178336],[121.54773451079623,24.976279968540148],[121.54774292997811,24.976285177545943],[121.54778800958601,24.976234497239574],[121.54777504894095,24.976226555851653],[121.54779894981084,24.976198793843082],[121.54775613434144,24.976140828684507],[121.54791629672916,24.975894725196586],[121.54792463011493,24.97589935128693],[121.54801402946194,24.975764247767838],[121.54801160591828,24.975763376434667],[121.54804934196824,24.97569702394011],[121.54805306232012,24.975685427081554],[121.54805511736876,24.97566927530661],[121.54805490920315,24.975667669956962],[121.54804604568756,24.975652914385954],[121.5479891788785,24.975623425345542],[121.54768554237276,24.97604387175803],[121.54766429327717,24.976031604729876],[121.5475394062713,24.976189820652454],[121.54752010562555,24.97621480037668],[121.54769651475924,24.97632836844695],[121.54770166147338,24.97632462178336]]]}},{"type":"Feature","properties":{"ID":"2792","MDATE":"9201311","code":"0F_27929","record":27929},"geometry":{"type":"Polygon","coordinates":[[[121.5541148184686,24.976303796858687],[121.55401025389757,24.97616350045782],[121.55400919889766,24.97616412913193],[121.55400169697201,24.976139951561475],[121.55396442459548,24.976117723744693],[121.5539259624126,24.97612776978974],[121.5539458747808,24.97618383661848],[121.5540025932989,24.97616806651453],[121.55393899599957,24.97620597674076],[121.55404059214943,24.97634650271411],[121.5541148184686,24.976303796858687]]]}},{"type":"Feature","properties":{"ID":"2794","MDATE":"0201311","code":"0F_27940","record":27940},"geometry":{"type":"Polygon","coordinates":[[[121.5479278932873,24.976330059898768],[121.5478940833634,24.97630621440587],[121.54787582228685,24.97632952013601],[121.5479001174119,24.976344986354192],[121.54787480066646,24.976371739720015],[121.54790269766497,24.976395389385818],[121.54793396843154,24.97636446114651],[121.54791125937473,24.976349296961583],[121.5479278932873,24.976330059898768]]]}},{"type":"Feature","properties":{"ID":"2795","MDATE":"2201311","code":"0F_27952","record":27952},"geometry":{"type":"Polygon","coordinates":[[[121.55371891129343,24.975977913300664],[121.55368493333732,24.975958135152883],[121.55366162402197,24.97598209863501],[121.55373174451486,24.976188800152645],[121.55376219673396,24.97635174683373],[121.55376551609352,24.976392803713903],[121.5537920700958,24.976392959592705],[121.55381064468556,24.976196569013005],[121.55380563370112,24.97614224066784],[121.55378243744494,24.976068763432433],[121.55375354210275,24.976013450422133],[121.55371891129343,24.975977913300664]]]}},{"type":"Feature","properties":{"ID":"2795","MDATE":"7201311","code":"0F_27957","record":27957},"geometry":{"type":"Polygon","coordinates":[[[121.55340887671474,24.976397320546553],[121.55343373605575,24.976312357818188],[121.55345557334466,24.976318250637174],[121.5535831247631,24.975976020085838],[121.55356786197669,24.975972072803653],[121.55358393713962,24.975935730587857],[121.55354297379257,24.975923329116014],[121.55354774272628,24.975908895185754],[121.55343337216475,24.975869804664615],[121.55342741005877,24.975882320020396],[121.5533540214588,24.975858908104627],[121.55331738635975,24.97589193748454],[121.55330090901158,24.975920522342356],[121.55324608283551,24.97609274995682],[121.55324518836841,24.97614661724916],[121.5532934217747,24.976161243429054],[121.55325871236319,24.97624623640079],[121.55326715157877,24.976251001732678],[121.55325408242228,24.97629445960098],[121.55321847118752,24.976285105941574],[121.55320483694003,24.976335103214453],[121.55340887671474,24.976397320546553]]]}},{"type":"Feature","properties":{"ID":"2796","MDATE":"4201311","code":"0F_27964","record":27964},"geometry":{"type":"Polygon","coordinates":[[[121.54845539577123,24.976341693469628],[121.5484055500376,24.976286948561707],[121.54838940772765,24.976299754891855],[121.54836120294969,24.9762663343361],[121.54832282948098,24.976294973077092],[121.54830195363415,24.976270164609428],[121.54825061375512,24.97630590658956],[121.54826934632958,24.976328274507125],[121.54825239922374,24.976340068113096],[121.54832863393669,24.976431086008585],[121.54845539577123,24.976341693469628]]]}},{"type":"Feature","properties":{"ID":"2798","MDATE":"5201311","code":"0F_27985","record":27985},"geometry":{"type":"Polygon","coordinates":[[[121.54852117169125,24.976390294700902],[121.54846975653712,24.97637727035366],[121.54843380871775,24.976495167338296],[121.5484852239176,24.976508191696954],[121.54852117169125,24.976390294700902]]]}},{"type":"Feature","properties":{"ID":"2800","MDATE":"0201311","code":"0F_28000","record":28000},"geometry":{"type":"Polygon","coordinates":[[[121.55354460958839,24.976536924652805],[121.5535628453605,24.976516391794664],[121.55358973660014,24.97653592906926],[121.55361278006237,24.976512956075823],[121.55366025393731,24.976480378375808],[121.55368236035649,24.97645540188867],[121.55350791446547,24.976327153864606],[121.55342681083044,24.976419002820553],[121.55344877109738,24.976435124118726],[121.55343291503553,24.976452915289936],[121.55354460958839,24.976536924652805]]]}},{"type":"Feature","properties":{"ID":"2807","MDATE":"2201311","code":"0F_28072","record":28072},"geometry":{"type":"Polygon","coordinates":[[[121.5446246810039,24.97679905746084],[121.5446645407839,24.976766339084573],[121.54467465804849,24.976774154846865],[121.54505440377486,24.976432494143072],[121.54526582805377,24.97624505073898],[121.54515580253513,24.976143096269624],[121.54514913122861,24.976149047693834],[121.54507545266526,24.976090048108098],[121.54506383621013,24.976095825322517],[121.54477018019792,24.976366478718464],[121.54457736265921,24.97654501008882],[121.5445582410277,24.97652702896218],[121.54454259912123,24.976501445129777],[121.54456349103508,24.9764960819317],[121.54456941122682,24.976464153798126],[121.54458001756883,24.976443328568205],[121.54458799893392,24.976450368490703],[121.54459579138589,24.97644373140008],[121.54461008305645,24.976457324406866],[121.5447049223445,24.976368234994087],[121.54504128852861,24.976058946390935],[121.54498553133152,24.976010048740136],[121.54494126803073,24.97602341530698],[121.54487337892363,24.976086690375165],[121.54486915482474,24.976083136979955],[121.54479214551874,24.976149573639688],[121.5447887646993,24.976151064822254],[121.54498005946174,24.97597997868605],[121.54505422268828,24.976047181371886],[121.54544410583992,24.97569252527734],[121.54515463051898,24.975463375846555],[121.54485592012567,24.97569872960624],[121.54483598363298,24.97568554190927],[121.54437084191872,24.976124332892354],[121.54453472800509,24.976378261695647],[121.54465890392152,24.97626720531342],[121.54452804325675,24.976396469776414],[121.54455118227584,24.976416504594734],[121.5445106242812,24.976454172936837],[121.54448770315001,24.97643188297852],[121.54450652007708,24.976419769767197],[121.54443427403211,24.97629089526971],[121.54444763879991,24.97627750281508],[121.54443605882314,24.976239983321655],[121.54439245107233,24.976167001569973],[121.54435320606379,24.976123699391888],[121.54446163229544,24.97603250256493],[121.54445489324031,24.97602687010757],[121.54454053548076,24.975949693891625],[121.54453271322403,24.975940996733936],[121.54459860973928,24.975882253132202],[121.54460952689028,24.975890883899897],[121.54467724333378,24.97583360972037],[121.54450818150544,24.97567692138717],[121.54450454521701,24.97567527168475],[121.54442561962786,24.97574691629163],[121.54446646499368,24.975782058243503],[121.5444055492744,24.975841345859504],[121.54439539645514,24.97584547179006],[121.54439163184938,24.97584707268851],[121.54435159039784,24.975810028142593],[121.54428872756982,24.9758715878827],[121.54429027787572,24.97587299603839],[121.54419383423578,24.975966688644096],[121.54420205543032,24.975972870938246],[121.5439892239636,24.976156661481433],[121.5440250136748,24.97619286756766],[121.54400971338235,24.97620600342286],[121.54397557402324,24.976173462173826],[121.54393505367179,24.97620935076853],[121.54396205421145,24.976235216444017],[121.5439410808555,24.976254278323452],[121.54391455176538,24.97622750900871],[121.54381536902265,24.97631535387488],[121.54388070443306,24.976373518038212],[121.54398553447466,24.97647070237894],[121.54399602287266,24.976461784895584],[121.5440531684237,24.976519515710393],[121.54406328564036,24.97652846094168],[121.54408251418998,24.976512409992054],[121.5441008614725,24.976528647051992],[121.54412614026359,24.976507306976856],[121.54412276285453,24.97650258582217],[121.54413843122718,24.9764913887698],[121.54414126588138,24.976494085076677],[121.5442871445481,24.976366790633158],[121.54429219979124,24.976369483346236],[121.54433508815973,24.976330865819133],[121.54431235312254,24.9763089886444],[121.54431904807821,24.97630346062413],[121.54437142302886,24.9763493321505],[121.54430089990032,24.976410927081304],[121.5443736095082,24.976476292073734],[121.54435648382292,24.976491459649996],[121.54434338576102,24.97647833624132],[121.54431069499093,24.97650566291378],[121.54433766772821,24.976528100617177],[121.54432514736101,24.976538918752208],[121.54432225256392,24.97653696207694],[121.54428222779138,24.976500604502615],[121.5442954697872,24.976488790636658],[121.5442595277773,24.97645785763606],[121.5442463540812,24.976468986010218],[121.54423833747089,24.976460908859124],[121.5441970566643,24.976496399447907],[121.54420019834164,24.97649976723312],[121.5441126153416,24.976579834611456],[121.54434941755758,24.976799136249017],[121.54448835096592,24.976681460315202],[121.54454827979845,24.976634862786884],[121.54455786351055,24.976585774041556],[121.54463431557565,24.976654576710796],[121.54457402924812,24.97670681277836],[121.54461322120966,24.97674632595536],[121.54460201817,24.976757372229418],[121.5446246810039,24.97679905746084]]]}},{"type":"Feature","properties":{"ID":"2807","MDATE":"3201311","code":"0F_28073","record":28073},"geometry":{"type":"Polygon","coordinates":[[[121.55266156869688,24.976688534723674],[121.5526119856616,24.976637614619353],[121.55256828296922,24.976674595491865],[121.55260901900692,24.976714157567216],[121.55264465154983,24.976776884127766],[121.55270257986254,24.97675711685912],[121.55266156869688,24.976688534723674]]]}},{"type":"Feature","properties":{"ID":"2807","MDATE":"4201311","code":"0F_28074","record":28074},"geometry":{"type":"Polygon","coordinates":[[[121.55217691500678,24.976759761511424],[121.55214317036284,24.976744545897265],[121.55212527908041,24.97677042921719],[121.55216107202332,24.976787646917305],[121.55217691500678,24.976759761511424]]]}},{"type":"Feature","properties":{"ID":"2807","MDATE":"7201311","code":"0F_28077","record":28077},"geometry":{"type":"Polygon","coordinates":[[[121.54872570807927,24.976287416313905],[121.54862961444422,24.9762585703736],[121.54848359863622,24.976579560116907],[121.54844367235374,24.97659081901822],[121.54833511186864,24.9767179844076],[121.54846770673306,24.976802816280998],[121.54847601081298,24.976793424374478],[121.54855122142646,24.97670744642555],[121.5485534349968,24.976705853826584],[121.54857993290148,24.976675882864573],[121.54868512399928,24.976608968509993],[121.54877549618206,24.976349689030926],[121.54876082980408,24.976341952633998],[121.54872570807927,24.976287416313905]]]}},{"type":"Feature","properties":{"ID":"2809","MDATE":"8201311","code":"0F_28098","record":28098},"geometry":{"type":"Polygon","coordinates":[[[121.55274743880395,24.976159580536994],[121.55275812426329,24.976125261761474],[121.55271311750319,24.976085697511515],[121.55266205653055,24.976074423867594],[121.55265635528554,24.976092369583267],[121.55264860590911,24.976090367893715],[121.55264096147191,24.976112774422944],[121.55264516529243,24.976113953256426],[121.55264325733906,24.97612187173574],[121.55258713741357,24.9761117814706],[121.55257107151702,24.976143167072696],[121.55251023500202,24.976130853478143],[121.55248292283937,24.9761914264819],[121.55261862584119,24.976239591371904],[121.55254648068042,24.976408120938743],[121.55274657221834,24.976482754944083],[121.55271652919117,24.97662207926037],[121.55274038155744,24.976625187636564],[121.55273361979641,24.976673160525234],[121.55274351979259,24.97667389389466],[121.55273908087219,24.976704377788437],[121.55276669229866,24.976707981401457],[121.55274912666063,24.97682034368554],[121.55287045289971,24.976834791746054],[121.55290017058174,24.97663082137696],[121.55286026518618,24.976574994728473],[121.55280515035243,24.976441734678513],[121.55281037698833,24.97636427510314],[121.55279316120702,24.97636037742216],[121.55278663127127,24.976215938918685],[121.55275082980303,24.976204116643157],[121.55276465199009,24.976164456888927],[121.55274743880395,24.976159580536994]]]}},{"type":"Feature","properties":{"ID":"2814","MDATE":"3201311","code":"0F_28143","record":28143},"geometry":{"type":"Polygon","coordinates":[[[121.55260751164577,24.976927085726107],[121.55257832222425,24.97691257285999],[121.5525577962835,24.976946873954237],[121.55258698669734,24.976961385917733],[121.55260751164577,24.976927085726107]]]}},{"type":"Feature","properties":{"ID":"2820","MDATE":"1201311","code":"0F_28201","record":28201},"geometry":{"type":"Polygon","coordinates":[[[121.5490468709599,24.9768606930984],[121.54911951473365,24.97667033948724],[121.54916966305687,24.97653944898827],[121.54916201977551,24.97653389322993],[121.54921904065401,24.97635493837378],[121.54914439388834,24.976328674301758],[121.5491436419676,24.976328638252447],[121.54903378147769,24.976337935971152],[121.54884294636518,24.97635408824594],[121.548691119453,24.97678810275057],[121.54860844947508,24.976747686483556],[121.54850165509353,24.9768853786773],[121.54870624606895,24.977009274719816],[121.54893734081996,24.977145106481224],[121.5489608831991,24.977158944803488],[121.54905917139784,24.977014380688058],[121.54905908773979,24.976995508467578],[121.54901345234342,24.976963868548758],[121.5490468709599,24.9768606930984]]]}},{"type":"Feature","properties":{"ID":"2821","MDATE":"4201311","code":"0F_28214","record":28214},"geometry":{"type":"Polygon","coordinates":[[[121.55006625765633,24.977193338010583],[121.55008863491135,24.977153993587947],[121.55012205214636,24.97716978326527],[121.55013532475114,24.977146440617545],[121.55009668376343,24.977128191996062],[121.55008773863219,24.977143979219193],[121.55006415750422,24.977132817175136],[121.55003744485461,24.97717972065477],[121.55006625765633,24.977193338010583]]]}},{"type":"Feature","properties":{"ID":"2822","MDATE":"4201311","code":"0F_28224","record":28224},"geometry":{"type":"Polygon","coordinates":[[[121.54776963892586,24.977227884374777],[121.54780908569954,24.97718182554356],[121.54782917067885,24.977194644838775],[121.54793950048304,24.977050105774175],[121.54791235594202,24.977034708729818],[121.5479686035384,24.976955655925227],[121.5475568026745,24.976694381201707],[121.54753645425716,24.976723890611467],[121.54751804030646,24.976714209651902],[121.54749391577698,24.976751013269197],[121.54750667499732,24.976758416437796],[121.54748587793658,24.976784354131254],[121.54746091215296,24.976768646550422],[121.54742982626557,24.97682285501105],[121.54741661266677,24.976822903569804],[121.54738445418998,24.976842399855812],[121.5473783901106,24.97686605704302],[121.54737994998374,24.976885530538198],[121.54739431397334,24.976908668471996],[121.54737217070316,24.976934131699643],[121.54735789377503,24.976925539666798],[121.54732863756347,24.97696414066749],[121.54776963892586,24.977227884374777]]]}},{"type":"Feature","properties":{"ID":"2826","MDATE":"3201311","code":"0F_28263","record":28263},"geometry":{"type":"Polygon","coordinates":[[[121.55266224694205,24.97727672760008],[121.55283045737528,24.97698513399995],[121.55285272552206,24.97699722044818],[121.55286887227507,24.97697284671112],[121.55277087530598,24.97688803306548],[121.55266948645125,24.976840806348047],[121.55266418192144,24.976837567755926],[121.55264386979279,24.97686428439165],[121.55261166289819,24.976908483997704],[121.55261525531466,24.976953104220637],[121.55260174544006,24.976995306040262],[121.5526665962002,24.977029470964823],[121.5526764883599,24.97701134990236],[121.55270490717544,24.977025406073125],[121.55258263106147,24.977240772088805],[121.55266224694205,24.97727672760008]]]}},{"type":"Feature","properties":{"ID":"2833","MDATE":"1201311","code":"0F_28331","record":28331},"geometry":{"type":"Polygon","coordinates":[[[121.55014287285104,24.97744586241606],[121.55011760196585,24.97739412491423],[121.55006657799943,24.977415119704425],[121.55009129892082,24.977466581177758],[121.55014287285104,24.97744586241606]]]}},{"type":"Feature","properties":{"ID":"2833","MDATE":"4201311","code":"0F_28334","record":28334},"geometry":{"type":"Polygon","coordinates":[[[121.54880013962956,24.977413254522755],[121.54885063248666,24.977336281023025],[121.54880525446234,24.977311553882465],[121.54875550153203,24.97738675331058],[121.54875922213903,24.977389078808162],[121.54875163367723,24.977399034161223],[121.54873720447978,24.97738874642727],[121.54871308781674,24.97741542238315],[121.54869596250195,24.97743687053946],[121.54875564201451,24.977483293034435],[121.5487680689624,24.977469096468976],[121.54876071782962,24.977463093622394],[121.54880013962956,24.977413254522755]]]}},{"type":"Feature","properties":{"ID":"2834","MDATE":"2201311","code":"0F_28342","record":28342},"geometry":{"type":"Polygon","coordinates":[[[121.54764048601243,24.977272323833265],[121.54706642429339,24.976852274953185],[121.54705232126065,24.97687161186779],[121.54700432382663,24.976843262650135],[121.54682234528462,24.97705278718072],[121.54743950439912,24.97749611037668],[121.54746605583163,24.97751221117602],[121.54749613262545,24.977521873649568],[121.54752789186345,24.977524506000155],[121.54755938754636,24.977519948358566],[121.54758869047168,24.977508479565508],[121.54761400504113,24.977490801394115],[121.54763378099958,24.977467996608976],[121.54764680625502,24.977441464523967],[121.5476522817456,24.97741282863886],[121.54764987451189,24.977383843453246],[121.54763973107886,24.977356285176004],[121.54762247201475,24.977331841601472],[121.54760458847454,24.97731580105247],[121.54764048601243,24.977272323833265]]]}},{"type":"Feature","properties":{"ID":"2834","MDATE":"6201311","code":"0F_28346","record":28346},"geometry":{"type":"Polygon","coordinates":[[[121.5486183966469,24.977173884274915],[121.54843184953394,24.97705998721557],[121.548244598183,24.97732686368029],[121.54852948951313,24.977528896787607],[121.54867001404676,24.97734651900166],[121.54865991126043,24.977247468213864],[121.54867957120688,24.97724637561432],[121.54867878197831,24.97722204393717],[121.54865727189546,24.9772215841826],[121.5486550125843,24.97719943642216],[121.5486183966469,24.977173884274915]]]}},{"type":"Feature","properties":{"ID":"2834","MDATE":"9201311","code":"0F_28349","record":28349},"geometry":{"type":"Polygon","coordinates":[[[121.55081186071018,24.977344718400516],[121.55062221028798,24.977301468529326],[121.5505841897003,24.977267954687804],[121.55048972575283,24.977244582249345],[121.55048246686782,24.977267150655884],[121.55035940667703,24.97723097891639],[121.55034713825128,24.97725539313064],[121.55030027405357,24.9772419887746],[121.55024250842261,24.97719729505194],[121.55017096090603,24.977405341282445],[121.550230225178,24.97753341745518],[121.55026169976962,24.977499835500787],[121.5504014722969,24.977539765391988],[121.55043075854233,24.977454620671107],[121.55044705593627,24.97745889578443],[121.55044588406848,24.977462430136455],[121.55043881219736,24.977484292747935],[121.55060439212012,24.977527035060675],[121.55063474982188,24.97743785976903],[121.55066455071805,24.977446236102423],[121.55066940157263,24.977428530143744],[121.55075096772126,24.977443202741863],[121.55075695161368,24.977429940779555],[121.5507689995408,24.977433022694935],[121.55081186071018,24.977344718400516]]]}},{"type":"Feature","properties":{"ID":"2835","MDATE":"6201311","code":"0F_28356","record":28356},"geometry":{"type":"Polygon","coordinates":[[[121.54956771857655,24.977552224962885],[121.54965184289054,24.977448787373522],[121.54966092895323,24.977455812084383],[121.54977593039173,24.977324558390265],[121.5498131325596,24.9773424323183],[121.54988156806422,24.977261434291243],[121.54973975302273,24.977157089893957],[121.54974742756195,24.977148696953364],[121.54971360404238,24.977126603402954],[121.54974552181653,24.97709422789169],[121.54970033808786,24.977056612566823],[121.54972325628103,24.977026205914246],[121.5497212224247,24.977022092954243],[121.5497078565025,24.976994295730847],[121.5496903828502,24.976969339487635],[121.54968168499123,24.976960061714642],[121.54966965720915,24.97695391456533],[121.54966159712001,24.976959792768223],[121.5496414163482,24.976939481580715],[121.54960455869899,24.976920644833502],[121.54956605480909,24.976958040813855],[121.54959515957844,24.976988149882487],[121.54958280247544,24.976999527657465],[121.54966141278585,24.97710350417055],[121.5496555597701,24.97711481100481],[121.54966827373885,24.97712291654565],[121.54963222941598,24.977169525762346],[121.54961709909507,24.977163741253445],[121.54960512219662,24.977181118664934],[121.5495220311479,24.97713187038501],[121.54946278470595,24.97707681835838],[121.54944448226092,24.97703940172716],[121.54943527527368,24.97703592010982],[121.54950527174053,24.976799736353883],[121.54944992706814,24.97654666907201],[121.54944925073414,24.976543577605792],[121.54947682408748,24.976528132489694],[121.54950418303542,24.976512807331574],[121.54965593304358,24.976364840595863],[121.54970686928782,24.97623979818282],[121.54968044919508,24.976168259691743],[121.54974265889688,24.975877659134635],[121.54968508259024,24.97581160468041],[121.54962116964256,24.975794267131047],[121.54962910907504,24.975746704411403],[121.54957826112062,24.975735801781756],[121.54958088276167,24.9757065353532],[121.54956127796264,24.975648785725365],[121.54949555279616,24.97562814777934],[121.54945843437748,24.975758755601635],[121.54943293141127,24.975753917565335],[121.54941533570003,24.97581795351783],[121.54944086955558,24.975817918025363],[121.54940845648485,24.97592882702158],[121.54938483243254,24.97592064974247],[121.54935334896673,24.97605626635966],[121.54938847896035,24.976069298100306],[121.54930313250566,24.976305042777625],[121.54929895441191,24.97631658357262],[121.54937222431793,24.976431248562225],[121.54936956177453,24.976443490676985],[121.5492808656561,24.976415094568043],[121.5492464438736,24.976514889102983],[121.54924195535064,24.976532146788262],[121.54922091894791,24.97658889791369],[121.5491209663246,24.976878687618118],[121.54911522853062,24.976931855919958],[121.54911574189032,24.976947115280346],[121.54913908206358,24.97706748786686],[121.54910993710217,24.977107828532052],[121.54910480143137,24.977123000377603],[121.54907470934204,24.977166420431598],[121.54911218258215,24.977264685055086],[121.54940872089956,24.977452154394978],[121.54956771857655,24.977552224962885]]]}},{"type":"Feature","properties":{"ID":"2835","MDATE":"9201311","code":"0F_28359","record":28359},"geometry":{"type":"Polygon","coordinates":[[[121.55020606306938,24.977554032290683],[121.55018534843184,24.977525066925843],[121.55015872862265,24.97754114694409],[121.55017904443581,24.97756996572341],[121.55020606306938,24.977554032290683]]]}},{"type":"Feature","properties":{"ID":"2836","MDATE":"4201311","code":"0F_28364","record":28364},"geometry":{"type":"Polygon","coordinates":[[[121.5516443392491,24.97750220590714],[121.55159808511738,24.977501960092447],[121.55159763035363,24.97757265338424],[121.55164388550625,24.977572900097737],[121.5516443392491,24.97750220590714]]]}},{"type":"Feature","properties":{"ID":"2837","MDATE":"7201311","code":"0F_28377","record":28377},"geometry":{"type":"Polygon","coordinates":[[[121.54902035144141,24.97743590912155],[121.54892219574243,24.977374449428982],[121.54880407891328,24.977529981727663],[121.54889128172067,24.977602322003552],[121.54902035144141,24.97743590912155]]]}},{"type":"Feature","properties":{"ID":"2840","MDATE":"0201311","code":"0F_28400","record":28400},"geometry":{"type":"Polygon","coordinates":[[[121.55081186071018,24.977344718400516],[121.55091871533618,24.97742615564104],[121.5508882006899,24.977462182626486],[121.55094562159508,24.97750745517121],[121.55091394134247,24.977548423988747],[121.55092332363618,24.977553445073767],[121.55091045974704,24.977568891127326],[121.55096901975917,24.977612383604214],[121.55100376261989,24.977614178096715],[121.55101256692238,24.97762953858873],[121.55102986002453,24.97764277313892],[121.55102754554466,24.977653294122245],[121.55108823473432,24.97767086958207],[121.5510985962951,24.977637751969038],[121.55110702318535,24.977641747363545],[121.55113589703095,24.977557515884],[121.55108619737544,24.97754243399853],[121.55108752782809,24.977536479500763],[121.55107385014898,24.977529966609705],[121.55108740219057,24.97751492065355],[121.55115079467569,24.977393238933193],[121.55115042643176,24.977328291513047],[121.55111049123344,24.977274992395873],[121.55106707044963,24.97725326960987],[121.55099498000419,24.977241221837794],[121.55094921847277,24.97726752770476],[121.55085969879293,24.977327425861617],[121.55081186071018,24.977344718400516]]]}},{"type":"Feature","properties":{"ID":"2846","MDATE":"8201311","code":"0F_28468","record":28468},"geometry":{"type":"Polygon","coordinates":[[[121.54936661572876,24.97794627802408],[121.54932273965882,24.97791858697087],[121.54923858785914,24.97802936078329],[121.54928246594348,24.978057054561674],[121.54936661572876,24.97794627802408]]]}},{"type":"Feature","properties":{"ID":"2848","MDATE":"2201311","code":"0F_28482","record":28482},"geometry":{"type":"Polygon","coordinates":[[[121.5530587703434,24.978087192228745],[121.55305332746607,24.978002412500963],[121.55299544117918,24.97800597596722],[121.55299644341882,24.97803390003435],[121.55300014792213,24.978034815281656],[121.55300296515541,24.978092563539505],[121.55301562235601,24.978092542730447],[121.55301678796292,24.978102483851643],[121.55305105748899,24.978101384282276],[121.55305042578101,24.978089232885054],[121.5530587703434,24.978087192228745]]]}},{"type":"Feature","properties":{"ID":"2848","MDATE":"5201311","code":"0F_28485","record":28485},"geometry":{"type":"Polygon","coordinates":[[[121.5480534355102,24.978051016788598],[121.54796086725004,24.9780345992174],[121.54795739253521,24.978050914202413],[121.5479201140387,24.97804421067186],[121.54790827717865,24.97809958618313],[121.54807710775974,24.978129550778785],[121.54808625833653,24.978086700919107],[121.5480472891547,24.978079790576256],[121.5480534355102,24.978051016788598]]]}},{"type":"Feature","properties":{"ID":"2850","MDATE":"1201311","code":"0F_28501","record":28501},"geometry":{"type":"Polygon","coordinates":[[[121.54953815097963,24.978049811625507],[121.54949217737735,24.978019971527658],[121.54940788546995,24.97813598320224],[121.54945804891697,24.978160711457864],[121.54953815097963,24.978049811625507]]]}},{"type":"Feature","properties":{"ID":"2857","MDATE":"2201311","code":"0F_28572","record":28572},"geometry":{"type":"Polygon","coordinates":[[[121.54581339611919,24.978415841690804],[121.54586360501457,24.97834943411202],[121.54587181471315,24.97835406708761],[121.54589454677857,24.978324758621447],[121.545888110885,24.978320542568703],[121.54591115188315,24.978287618982677],[121.5458595949279,24.978256699484625],[121.54583563637998,24.978290215966094],[121.54584567337862,24.978295943686664],[121.54582669005588,24.978324304893903],[121.5458157002064,24.97831812564273],[121.54576542910318,24.97838885071504],[121.54581339611919,24.978415841690804]]]}},{"type":"Feature","properties":{"ID":"2864","MDATE":"0201311","code":"0F_28640","record":28640},"geometry":{"type":"Polygon","coordinates":[[[121.54842183489882,24.978527843451204],[121.54816841858754,24.97831926990634],[121.54809358350167,24.978394812399703],[121.5483469988603,24.97860338697583],[121.54842183489882,24.978527843451204]]]}},{"type":"Feature","properties":{"ID":"2864","MDATE":"4201311","code":"0F_28644","record":28644},"geometry":{"type":"Polygon","coordinates":[[[121.55169540014093,24.97858289565377],[121.5516766966472,24.978542367883563],[121.55164318687268,24.978555963847832],[121.5516464846302,24.978563625592663],[121.5516614231183,24.97859833058858],[121.55169277078348,24.97858408989032],[121.55169540014093,24.97858289565377]]]}},{"type":"Feature","properties":{"ID":"2867","MDATE":"0201311","code":"0F_28670","record":28670},"geometry":{"type":"Polygon","coordinates":[[[121.55193490620843,24.978594020379443],[121.55188678699558,24.978548297571987],[121.55182972010901,24.9785951152012],[121.55185288695237,24.97862590396206],[121.55184911449817,24.97862841332893],[121.55189330364975,24.978684394088525],[121.55190976687416,24.9786727129116],[121.5518833680788,24.978641926203693],[121.55193490620843,24.978594020379443]]]}},{"type":"Feature","properties":{"ID":"2871","MDATE":"7201311","code":"0F_28717","record":28717},"geometry":{"type":"Polygon","coordinates":[[[121.55247820767411,24.978666920306214],[121.55245540223414,24.97866389648732],[121.55244171202982,24.978749658141105],[121.5523948529637,24.978799538403322],[121.55241345017906,24.978811958121966],[121.55246481548289,24.978761088804998],[121.55247820767411,24.978666920306214]]]}},{"type":"Feature","properties":{"ID":"2873","MDATE":"3201311","code":"0F_28733","record":28733},"geometry":{"type":"Polygon","coordinates":[[[121.55200496326252,24.978788558316033],[121.55198230610706,24.978760137590275],[121.55196149245889,24.97877643565937],[121.55199280883214,24.978822730801486],[121.5520048763099,24.978848606903398],[121.55202981545975,24.978838561807887],[121.55200496326252,24.978788558316033]]]}},{"type":"Feature","properties":{"ID":"2873","MDATE":"5201311","code":"0F_28735","record":28735},"geometry":{"type":"Polygon","coordinates":[[[121.55276446844651,24.97878985767625],[121.55280341642634,24.978706700784578],[121.55272604429659,24.97867502723604],[121.55272979457594,24.978668218707952],[121.55277083097664,24.978683041475893],[121.55278334456835,24.9786559357622],[121.5527102178287,24.978629401542978],[121.5527264840416,24.978596898402596],[121.55282902170669,24.97863998948948],[121.55282608719048,24.97865114657735],[121.5528790324208,24.978670912285533],[121.55289929896001,24.978622836911146],[121.55274019369185,24.978563479358478],[121.55273156046258,24.97858163186414],[121.55268184577552,24.978563759965553],[121.55268375739655,24.978545558371792],[121.55250981851785,24.978623547216742],[121.55251281097382,24.978640025193737],[121.55267338982739,24.978570147182584],[121.55259777822286,24.978735230000787],[121.55257517360363,24.978726382276342],[121.55255128220197,24.97877722103962],[121.5525572004224,24.978778129891282],[121.55274745736136,24.978851651917292],[121.55277106440306,24.978793706289583],[121.55276446844651,24.97878985767625]]]}},{"type":"Feature","properties":{"ID":"2879","MDATE":"1201311","code":"0F_28791","record":28791},"geometry":{"type":"Polygon","coordinates":[[[121.5526666324747,24.978936095409736],[121.5525780060624,24.978873939251837],[121.55251947281836,24.97894327706833],[121.55260809925639,24.97900543416296],[121.5526666324747,24.978936095409736]]]}},{"type":"Feature","properties":{"ID":"2879","MDATE":"2201311","code":"0F_28792","record":28792},"geometry":{"type":"Polygon","coordinates":[[[121.55190093284702,24.978869660296365],[121.5519228945839,24.97883226904372],[121.55190591096948,24.97879830293718],[121.55177800914997,24.97862180087952],[121.55176000708352,24.97862000324421],[121.55175454425867,24.978625266147112],[121.55168566169739,24.978716078502206],[121.55162720227726,24.978757834594592],[121.55167419876156,24.978850140760432],[121.55168711289193,24.97884841188186],[121.55169383233259,24.97888799274099],[121.55185945909828,24.97899407970583],[121.55188769020602,24.97901216238719],[121.55195268138698,24.9789293994465],[121.55190093284702,24.978869660296365]]]}},{"type":"Feature","properties":{"ID":"2881","MDATE":"7201311","code":"0F_28817","record":28817},"geometry":{"type":"Polygon","coordinates":[[[121.55235563451699,24.979043316627003],[121.55232836205136,24.979025217841283],[121.55231314014898,24.979045839586526],[121.55234296599394,24.97906258551266],[121.55235563451699,24.979043316627003]]]}},{"type":"Feature","properties":{"ID":"2884","MDATE":"5201311","code":"0F_28845","record":28845},"geometry":{"type":"Polygon","coordinates":[[[121.5521949021684,24.979054065678106],[121.55213979409139,24.979021288200364],[121.55210516154666,24.97906966048443],[121.55212364147528,24.979080652414584],[121.55209612580654,24.979119086271933],[121.55213275595959,24.979140872733936],[121.5521949021684,24.979054065678106]]]}},{"type":"Feature","properties":{"ID":"2884","MDATE":"6201311","code":"0F_28846","record":28846},"geometry":{"type":"Polygon","coordinates":[[[121.55244183532109,24.97914323777904],[121.55249254650505,24.979068494039925],[121.55251270776672,24.979080252497482],[121.55254628113136,24.979034944604372],[121.55243179913082,24.978957688030683],[121.55238921625927,24.979004317632743],[121.55240152680283,24.97901271694233],[121.55234702541941,24.97908466694103],[121.55244183532109,24.97914323777904]]]}},{"type":"Feature","properties":{"ID":"2888","MDATE":"7201311","code":"0F_28887","record":28887},"geometry":{"type":"Polygon","coordinates":[[[121.54617658096242,24.979139248468034],[121.54618033736973,24.979104096976673],[121.546263619646,24.979171764819153],[121.54631054652276,24.979121838356605],[121.5462240722134,24.979055808222448],[121.54622863634226,24.979050862093278],[121.54613671537574,24.978984813961535],[121.54602918926979,24.979104073326003],[121.54626030764655,24.979285436464234],[121.54629728936906,24.97924904452531],[121.54616475936515,24.97914707411497],[121.54617658096242,24.979139248468034]]]}},{"type":"Feature","properties":{"ID":"2890","MDATE":"1201311","code":"0F_28901","record":28901},"geometry":{"type":"Polygon","coordinates":[[[121.54619373013,24.97879110549925],[121.54581272669118,24.978554546960016],[121.54564749306158,24.978775843763817],[121.54550165398888,24.978971162061647],[121.54541104899137,24.979092507727152],[121.54550244862489,24.979151351014522],[121.54564956471967,24.97924606680213],[121.54579721643387,24.97934112806278],[121.54619373013,24.97879110549925]]]}},{"type":"Feature","properties":{"ID":"2890","MDATE":"6201311","code":"0F_28906","record":28906},"geometry":{"type":"Polygon","coordinates":[[[121.5523194587396,24.979076111133175],[121.55227398801061,24.979048438618065],[121.5522520452144,24.979050301235414],[121.55224961701505,24.979020863008273],[121.55217301479514,24.979019262814543],[121.55217400650146,24.979038642650856],[121.55220895385176,24.979040223032847],[121.55220996973362,24.979047696409225],[121.55213718517211,24.97914859617834],[121.55244627380327,24.979332892633817],[121.55251079280653,24.979241582419423],[121.5524696830362,24.979217452699988],[121.55248257584903,24.979189624253376],[121.55244342587532,24.979164739723384],[121.55244819809633,24.97915587259741],[121.55234028877778,24.979088361878926],[121.5523194587396,24.979076111133175]]]}},{"type":"Feature","properties":{"ID":"2898","MDATE":"2201311","code":"0F_28982","record":28982},"geometry":{"type":"Polygon","coordinates":[[[121.55231669858782,24.979622767088152],[121.55228366530714,24.979598224576247],[121.55225471410937,24.979635936112267],[121.55228684552286,24.9796550298542],[121.55231669858782,24.979622767088152]]]}},{"type":"Feature","properties":{"ID":"2899","MDATE":"1201311","code":"0F_28991","record":28991},"geometry":{"type":"Polygon","coordinates":[[[121.54542189256075,24.979704633525444],[121.54547082229773,24.979589631120135],[121.5454828438898,24.979592111377613],[121.54548769495679,24.979575841063387],[121.54550414524942,24.979536546107372],[121.54551073986433,24.979520792139148],[121.54550406237877,24.979517731661534],[121.54550076631192,24.97951622067694],[121.54550401786567,24.9795076256679],[121.5455115411697,24.979487736095574],[121.54550391749851,24.97948483888215],[121.54544787797141,24.97946354256596],[121.54545277839055,24.979451731095274],[121.5453538364607,24.979419072780818],[121.54536020824094,24.979395462394006],[121.54532396666323,24.97938380148136],[121.54531942622296,24.97939075534204],[121.54524953524457,24.979369690878833],[121.54524993416821,24.9793588411561],[121.54522800012153,24.979349429130536],[121.54521709566319,24.979377710060735],[121.54511384358742,24.979344330290846],[121.54510892257794,24.979358209249764],[121.54504207305519,24.979334812423613],[121.5450107011339,24.979415039576594],[121.54500455147199,24.979413518235106],[121.54500056901318,24.979414703746585],[121.54499475443129,24.97941910005646],[121.54499245630677,24.979429628094504],[121.54499897729406,24.97943427544169],[121.54500257655202,24.979435816036364],[121.54495162230474,24.979566121853168],[121.54494789255513,24.979574090215987],[121.54494932341017,24.979577601463646],[121.54495486727187,24.979580106384805],[121.54495956538126,24.979581063355056],[121.54496511149502,24.979581604637907],[121.54496916046968,24.979580002684987],[121.5449732093583,24.979573205916118],[121.54514241134207,24.979628729154427],[121.54513896871613,24.979637793396222],[121.5451630046934,24.979646099019163],[121.54516718781618,24.97964527028562],[121.54517333454328,24.97964229830464],[121.54517552051487,24.979639593594133],[121.54519633687143,24.97964642404184],[121.54519495335141,24.979650064749475],[121.54519618753712,24.97965524783022],[121.54520154101623,24.979658827791816],[121.54520794469954,24.979659550104813],[121.54521578764107,24.979657593007282],[121.54521895356021,24.979653845569192],[121.54541135373617,24.97971698109847],[121.54542189256075,24.979704633525444]]]}},{"type":"Feature","properties":{"ID":"2906","MDATE":"5201311","code":"0F_29065","record":29065},"geometry":{"type":"Polygon","coordinates":[[[121.5521182502153,24.979455232814402],[121.55168077423455,24.979170036470716],[121.55134801742005,24.979592438804833],[121.55175774604304,24.97986706938152],[121.55175010569651,24.979877362729262],[121.55180730711814,24.97991573186838],[121.55211770914545,24.979534046354264],[121.55208494948343,24.979509100125863],[121.5521182502153,24.979455232814402]]]}},{"type":"Feature","properties":{"ID":"2907","MDATE":"2201311","code":"0F_29072","record":29072},"geometry":{"type":"Polygon","coordinates":[[[121.55273466148837,24.979937588577144],[121.55274735505472,24.979721977346756],[121.55264221031686,24.979705028874445],[121.5526482855354,24.979829672003795],[121.55265811861968,24.979826896368603],[121.55266240212747,24.9799346851082],[121.55273466148837,24.979937588577144]]]}},{"type":"Feature","properties":{"ID":"2908","MDATE":"5201311","code":"0F_29085","record":29085},"geometry":{"type":"Polygon","coordinates":[[[121.55051685344435,24.979870591078985],[121.55034714371168,24.9797595765928],[121.55038996124964,24.979699324069305],[121.55032956318263,24.97966410257965],[121.55028912253732,24.97972162069563],[121.55025496134192,24.979765045175483],[121.55022232982822,24.97974368134716],[121.55018913077708,24.979785859979632],[121.55025372491559,24.979828067382176],[121.55028120327967,24.979793110751356],[121.55028562746222,24.97978634764329],[121.55030741563762,24.979800027906787],[121.55025320901076,24.979869117739682],[121.55033046952529,24.979915540520597],[121.55032513301627,24.979923845403498],[121.55044558589601,24.97999967222807],[121.55046009466919,24.97998051948346],[121.55044444474731,24.979970678816926],[121.55049292910267,24.979906905095678],[121.55048983185395,24.979904903257314],[121.55051685344435,24.979870591078985]]]}},{"type":"Feature","properties":{"ID":"2911","MDATE":"0201311","code":"0F_29110","record":29110},"geometry":{"type":"Polygon","coordinates":[[[121.54952135939712,24.98008478275127],[121.54955355044432,24.980044614950177],[121.54957716024042,24.980060335289345],[121.54960836127191,24.980021396254337],[121.54958471676474,24.98000566521425],[121.54963259432272,24.97994588897874],[121.54966346203842,24.9799664306579],[121.5497307003529,24.979882484005998],[121.5497019903694,24.97986337888701],[121.54977957833482,24.979766514406432],[121.54980054754643,24.979780469516182],[121.54983415873484,24.979738505220897],[121.54962213848395,24.979597449499202],[121.549332406739,24.979958977700775],[121.54952135939712,24.98008478275127]]]}},{"type":"Feature","properties":{"ID":"2915","MDATE":"4201311","code":"0F_29154","record":29154},"geometry":{"type":"Polygon","coordinates":[[[121.54748410356034,24.98029360814444],[121.54751123330223,24.98025778478511],[121.54748189777045,24.980236035372922],[121.54747229470497,24.980243825883722],[121.54744159308962,24.980222478724873],[121.54741084058817,24.98025661808691],[121.54744379805896,24.980279646134733],[121.547450229564,24.980271406845166],[121.54748410356034,24.98029360814444]]]}},{"type":"Feature","properties":{"ID":"2916","MDATE":"0201311","code":"0F_29160","record":29160},"geometry":{"type":"Polygon","coordinates":[[[121.55240189301838,24.980293949380176],[121.55249699952945,24.98017767746438],[121.55251537323515,24.980190790455776],[121.55255713042261,24.980141060896713],[121.55257585904128,24.98021218315363],[121.5525960381359,24.98022966991137],[121.55262738111996,24.980225411494406],[121.55260891748418,24.980056078783694],[121.55260004096982,24.980056805983445],[121.55258881607553,24.98000383052522],[121.55257630976054,24.98000308153963],[121.5525489672855,24.97983570295145],[121.55256243899962,24.979819288489995],[121.55249175942753,24.979773730840492],[121.55248001730877,24.979790191243758],[121.55224811708332,24.979640295002834],[121.55220219957195,24.979702172878],[121.5521725281761,24.97968166611573],[121.55192035842038,24.979999666035148],[121.55208025656883,24.9801021265569],[121.55216631462926,24.980156583347988],[121.55217965044294,24.98014099279486],[121.55220055322255,24.98015463633522],[121.552195111194,24.980160575387707],[121.55231930890255,24.98024182175774],[121.55232407047504,24.980236996593423],[121.55235056174054,24.980254657695067],[121.55240189301838,24.980293949380176]]]}},{"type":"Feature","properties":{"ID":"2917","MDATE":"8201311","code":"0F_29178","record":29178},"geometry":{"type":"Polygon","coordinates":[[[121.54754994422221,24.98034794151476],[121.54749435534234,24.98031605064933],[121.54746674495476,24.980355180991747],[121.54752373382568,24.98038335613574],[121.54754994422221,24.98034794151476]]]}},{"type":"Feature","properties":{"ID":"2919","MDATE":"3201311","code":"0F_29193","record":29193},"geometry":{"type":"Polygon","coordinates":[[[121.55260375186545,24.980413190568303],[121.55256476424873,24.980405917656267],[121.55255082520151,24.980465453354437],[121.55259021910346,24.980475204804243],[121.55260375186545,24.980413190568303]]]}},{"type":"Feature","properties":{"ID":"2920","MDATE":"7201311","code":"0F_29207","record":29207},"geometry":{"type":"Polygon","coordinates":[[[121.55127972440562,24.98053169046736],[121.55129737269212,24.9805093580336],[121.5513243623463,24.98052707615694],[121.55171399203078,24.980034023545265],[121.55168421296842,24.980014473170016],[121.55169924017473,24.979995454712565],[121.5514695020666,24.979844743029666],[121.55142182928691,24.97990514203108],[121.5514063436823,24.979892623098653],[121.55142625050352,24.97986702762767],[121.55137354169666,24.97983213110272],[121.55135212492338,24.979859407787206],[121.55102318190463,24.980275658821956],[121.55109264412836,24.98032126320306],[121.5510470636781,24.980378941374646],[121.55127972440562,24.98053169046736]]]}},{"type":"Feature","properties":{"ID":"2928","MDATE":"2201311","code":"0F_29282","record":29282},"geometry":{"type":"Polygon","coordinates":[[[121.55031731159895,24.980801057266188],[121.55035136924688,24.98074898505917],[121.55038771809558,24.980768722682296],[121.55040335868053,24.98074947457684],[121.55047736894139,24.98077783665942],[121.55049392873028,24.980761493125563],[121.5505096461976,24.98077113040063],[121.55059132437927,24.980694660407956],[121.55064716797159,24.98062078307892],[121.55066963574153,24.98063556040574],[121.55065414447897,24.98065830550526],[121.55069290766534,24.98067703651355],[121.55074982511319,24.980593633150473],[121.55074471979223,24.980591115108382],[121.55076008459868,24.980562881331096],[121.55076751109344,24.980539664075586],[121.55078490332386,24.980503833707008],[121.55075318639534,24.980493750946643],[121.55073704794529,24.980515731955037],[121.55069904160368,24.980498128487632],[121.55067621062597,24.98052996953786],[121.55063805827685,24.980506705020208],[121.5506515235348,24.980491215238754],[121.55079683030499,24.980316413245266],[121.55087929190712,24.9803687398903],[121.55096203518394,24.98021207922872],[121.55095994571347,24.98018101555789],[121.55101682341797,24.980047141076394],[121.55096205087781,24.980019239855558],[121.55102054721691,24.979958884017616],[121.55104917226171,24.979971983644727],[121.5511094461775,24.979898653111437],[121.55113985915557,24.97991355625695],[121.55117372537079,24.979859552540354],[121.55113955634516,24.979842397225326],[121.55111381637694,24.979881994385845],[121.55108483310204,24.97986918770659],[121.55161713675815,24.979153621473543],[121.55139526672258,24.97899244662456],[121.55140640816515,24.97897898498261],[121.55135053647128,24.978943494357633],[121.55133528925593,24.97896180217488],[121.55128249808385,24.978934565425583],[121.55126070744184,24.97895881723422],[121.55078868615817,24.97866113637545],[121.55073604879122,24.978691820093058],[121.55065116969257,24.978642626933542],[121.55069367242874,24.978586095097633],[121.55054816031947,24.978494369438653],[121.55053581039363,24.9785120543562],[121.55050074069209,24.97849093252031],[121.5504728538905,24.978529519130774],[121.5505025459071,24.978548550960607],[121.55048314451761,24.978575990708578],[121.55046661520437,24.978568373321277],[121.55045058075274,24.978591647656383],[121.55043795518672,24.97858096972953],[121.55041734719822,24.97856892192953],[121.55021475323211,24.9788217139287],[121.55026985121123,24.9788630517894],[121.55024826876665,24.97889407833757],[121.55022140077234,24.978879328026807],[121.55018302763756,24.978923507459267],[121.55038552509883,24.97905593143285],[121.55045384697928,24.97897754813609],[121.55078777755978,24.97920226935505],[121.55076620999566,24.97922838458784],[121.55095421067185,24.9793414038249],[121.55093442964946,24.97937078970455],[121.55098456718093,24.979398640375983],[121.55088242453512,24.979552133495154],[121.55085412506556,24.979542281873563],[121.55082100505193,24.97958613598339],[121.55076596915696,24.979546845700433],[121.55083069181876,24.979453807450945],[121.55083072645108,24.979436651964686],[121.5507565751891,24.979388223616127],[121.55078444839994,24.97934188179422],[121.55040987604481,24.979111402717667],[121.5503971438855,24.97912355475754],[121.55036282763845,24.97910106143572],[121.55034690297607,24.979123428923618],[121.5501544708035,24.979007742997705],[121.55017400911241,24.978978763480686],[121.5501112464508,24.978943601185204],[121.5499744482335,24.979114543165633],[121.5500034002492,24.979133758388727],[121.5499945734064,24.979148336293157],[121.55018385225979,24.979268105782307],[121.5501777344546,24.979274667495034],[121.55021638092418,24.979298230954118],[121.55022851444237,24.979285983636494],[121.55051936648672,24.979466876540812],[121.55060759517993,24.979578502632897],[121.5506331960068,24.979547909880917],[121.55065622003043,24.979525885370766],[121.55079917560886,24.979613067434013],[121.55026097503927,24.98033627145877],[121.55022753681456,24.980318631130615],[121.55036164486097,24.98012786485197],[121.55033963981,24.98011554594674],[121.55037836063828,24.980058378147405],[121.55032994913257,24.98002734749154],[121.55037912928088,24.979969009814816],[121.5502333769351,24.979878597469593],[121.55022406167461,24.979891819351728],[121.55018917569512,24.979869099686113],[121.55019480574845,24.979860874074472],[121.55017522494079,24.979847987344108],[121.5501698615171,24.979856701297845],[121.55015996759515,24.97985248466428],[121.55016841695509,24.979836761565686],[121.55014769397052,24.97982674008247],[121.55014159480051,24.97983661145771],[121.55010109182568,24.97981211771374],[121.55009908249927,24.979814432738923],[121.55008243831114,24.979806183763372],[121.55013985868784,24.979735206967096],[121.55018202850141,24.97976256821561],[121.5502063491803,24.979732959822577],[121.55024977294617,24.979723309886268],[121.5504549304466,24.979518157336535],[121.55041356358126,24.97949049165561],[121.55021543536328,24.979365194699103],[121.55018921492619,24.97936847669766],[121.55010867693747,24.979476729604723],[121.5500522553651,24.979444071762778],[121.55012511709444,24.97934696364246],[121.55010966590332,24.97933947133857],[121.55011360928513,24.97933618405715],[121.55008824353988,24.979317812387414],[121.55010449941577,24.97929796979014],[121.55005614925346,24.979270409245505],[121.54994256561564,24.97919999530363],[121.54989473112147,24.979208249423902],[121.54978072501147,24.979362816622757],[121.54979494719443,24.979373031884407],[121.54979926767074,24.979367894246675],[121.54987511201993,24.979420724387907],[121.54984862617715,24.97945324689422],[121.5497566629567,24.979392679491244],[121.54968298576243,24.979493363800472],[121.54966130246363,24.979518461826434],[121.54967248170352,24.979537564841674],[121.54972182740734,24.979584556812586],[121.54969013640053,24.979620856935387],[121.54978115988312,24.979694163906828],[121.54985190842328,24.979746339361174],[121.54988207232422,24.97971009449746],[121.54987683332041,24.979706902512575],[121.54995885250179,24.979597548238832],[121.54996718099277,24.9796023367336],[121.54991384720176,24.97967372992491],[121.55005100243413,24.979754512375646],[121.55003806748395,24.979776558220184],[121.54990776773464,24.979696517844125],[121.54956204147221,24.980158792883238],[121.54954833201342,24.980156327310116],[121.54924494379078,24.980000388424216],[121.5491972970889,24.980055537643473],[121.5490104707802,24.980286639248497],[121.54894058011418,24.980373917727775],[121.54894060037586,24.980384969055944],[121.54895950425072,24.980410729025625],[121.54898158767678,24.980445438651255],[121.5491051461222,24.98056430330938],[121.5493699351183,24.980632097298088],[121.54937668600047,24.980618623109958],[121.54965876313706,24.980689483787945],[121.54988191018779,24.980388762778993],[121.5499308404688,24.98032694038855],[121.54995497129875,24.98034153021893],[121.5498797688863,24.98044724172649],[121.54993011017238,24.980476987913175],[121.5499067062348,24.980509886358345],[121.54988876088301,24.980499280393584],[121.54986730693659,24.98052943880191],[121.54999777777321,24.980606548012464],[121.55002650703642,24.980566162676382],[121.54994750870374,24.980519474413725],[121.54997574775636,24.980479777941905],[121.54996232995738,24.980471848375824],[121.55008581985813,24.980298334685354],[121.55008018301278,24.980295002435057],[121.55008824046006,24.980284026002987],[121.55023614374765,24.98037738094537],[121.55025559674955,24.980351451456304],[121.55027212123375,24.980361274465643],[121.55002002767489,24.980695393471848],[121.55005492643991,24.980717600323775],[121.55010336330997,24.98066220325437],[121.55031731159895,24.980801057266188]]]}},{"type":"Feature","properties":{"ID":"2928","MDATE":"6201311","code":"0F_29286","record":29286},"geometry":{"type":"Polygon","coordinates":[[[121.54995969561269,24.980705456070886],[121.54982659085222,24.980678295055103],[121.54982018266544,24.98073057384557],[121.5501831809982,24.98080834108087],[121.55021078314242,24.980812784810208],[121.5502164162507,24.98079409100696],[121.54998920906151,24.980743503813887],[121.54995969561269,24.980705456070886]]]}},{"type":"Feature","properties":{"ID":"2929","MDATE":"9201311","code":"0F_29299","record":29299},"geometry":{"type":"Polygon","coordinates":[[[121.55105065974449,24.98087034385814],[121.55120125415094,24.98068920038322],[121.55117254242045,24.980666457203927],[121.55119033014384,24.980643843490274],[121.55088737446384,24.980449372309685],[121.55070163692216,24.980679710888307],[121.55069450912616,24.980680561515296],[121.55065062099416,24.980749126717004],[121.55060597373182,24.980724044454707],[121.55055770710406,24.980774243529574],[121.55057893224559,24.980786889394416],[121.55058691063567,24.980803136815016],[121.55060531643662,24.980813021445346],[121.55064866251823,24.98075218638658],[121.5506285259149,24.980783644604074],[121.5509510555651,24.9808528347225],[121.55096328615556,24.980857936448057],[121.5509887356717,24.98082891690704],[121.55105065974449,24.98087034385814]]]}},{"type":"Feature","properties":{"ID":"2930","MDATE":"5201311","code":"0F_29305","record":29305},"geometry":{"type":"Polygon","coordinates":[[[121.55182116641231,24.98088721146818],[121.5518750434292,24.98081538405273],[121.5519099797065,24.980840593099014],[121.55191980201481,24.98082671017826],[121.55195358732337,24.980846358507197],[121.5522452808718,24.98046670660906],[121.5521895405923,24.980431127354915],[121.55224233417997,24.98035165605042],[121.55187634207968,24.980115492803478],[121.55186414642723,24.980129336666106],[121.55182959077923,24.98010903301158],[121.55144609086291,24.98060816808128],[121.55147081757917,24.980623952593145],[121.5514503891097,24.980650539489282],[121.55182116641231,24.98088721146818]]]}},{"type":"Feature","properties":{"ID":"2931","MDATE":"9201311","code":"0F_29319","record":29319},"geometry":{"type":"Polygon","coordinates":[[[121.54976260343254,24.98093793447643],[121.54978146363551,24.98088686645048],[121.54980287503932,24.98089150464198],[121.5498078284263,24.98087809665636],[121.54981870726111,24.980881708398954],[121.54983196576475,24.98084259720809],[121.5498230084315,24.980839416240205],[121.54983353412591,24.98080677028928],[121.54942439785069,24.980692213715084],[121.54938895797696,24.980795615144867],[121.54941564490356,24.980800066009166],[121.54939673544594,24.980845198141054],[121.54976260343254,24.98093793447643]]]}},{"type":"Feature","properties":{"ID":"2933","MDATE":"0201311","code":"0F_29330","record":29330},"geometry":{"type":"Polygon","coordinates":[[[121.55129271812295,24.980910027992778],[121.55122725568368,24.980874117819813],[121.55119276916489,24.98092633987122],[121.55125823163446,24.980962252767238],[121.55129271812295,24.980910027992778]]]}},{"type":"Feature","properties":{"ID":"2935","MDATE":"7201311","code":"0F_29357","record":29357},"geometry":{"type":"Polygon","coordinates":[[[121.55000522828898,24.98089379914638],[121.54997843715522,24.9808875268855],[121.54994195544877,24.98101697047288],[121.549968748594,24.98102324363523],[121.55000522828898,24.98089379914638]]]}},{"type":"Feature","properties":{"ID":"2936","MDATE":"1201311","code":"0F_29361","record":29361},"geometry":{"type":"Polygon","coordinates":[[[121.54718355510855,24.980946897107813],[121.5472033791836,24.980929237369086],[121.54728571990474,24.98100152146209],[121.54741046890412,24.98088488560779],[121.54732772521561,24.980811740871513],[121.54734188572544,24.980798372258963],[121.5474266515438,24.980870290750165],[121.54748261257576,24.980823200783675],[121.54748449743656,24.980824307933716],[121.54760817317106,24.98070337302684],[121.54739952091526,24.980604555485808],[121.54727839310638,24.980527686811975],[121.54718776582064,24.980612680707225],[121.54718305494505,24.980609974209422],[121.54703229575621,24.980736528074683],[121.5470301829453,24.980734940553646],[121.54694782476642,24.98080799304654],[121.54695299244092,24.980813430706657],[121.5469178665386,24.980846433128214],[121.54718325380081,24.981073733411712],[121.54725243795019,24.981010449844476],[121.54718355510855,24.980946897107813]]]}},{"type":"Feature","properties":{"ID":"2937","MDATE":"2201311","code":"0F_29372","record":29372},"geometry":{"type":"Polygon","coordinates":[[[121.5491692005272,24.980968586744346],[121.54888656039722,24.980891465270975],[121.54884576447299,24.981015671002346],[121.54912840585912,24.981092793446653],[121.5491692005272,24.980968586744346]]]}},{"type":"Feature","properties":{"ID":"2938","MDATE":"6201311","code":"0F_29386","record":29386},"geometry":{"type":"Polygon","coordinates":[[[121.55242080400748,24.980729489961938],[121.55255509589952,24.980560172939402],[121.55246430760594,24.98050035042216],[121.5524023135062,24.98057851704608],[121.55233479502103,24.980534026475745],[121.55204015513367,24.98090551805654],[121.55210926516757,24.980951055543503],[121.55204343320035,24.98103406000354],[121.55217477403178,24.981120600306507],[121.55246294476899,24.980757256022343],[121.55242080400748,24.980729489961938]]]}},{"type":"Feature","properties":{"ID":"2941","MDATE":"7201311","code":"0F_29417","record":29417},"geometry":{"type":"Polygon","coordinates":[[[121.55012725323738,24.98122924480114],[121.55023738308803,24.980907777704115],[121.5500703273008,24.980860230295193],[121.55005061149618,24.980917780141237],[121.55002315779478,24.980909965613037],[121.54998637387654,24.981017295788476],[121.55001561474477,24.981025620135643],[121.55000635182634,24.98105265854377],[121.55009454254949,24.981077758026824],[121.55005016013453,24.981207303041753],[121.55012725323738,24.98122924480114]]]}},{"type":"Feature","properties":{"ID":"2943","MDATE":"5201311","code":"0F_29435","record":29435},"geometry":{"type":"Polygon","coordinates":[[[121.54716433719338,24.981101973557895],[121.54708370888001,24.981035032309823],[121.547073646696,24.981039362171764],[121.54688823245229,24.980873494691597],[121.54669238137654,24.98104812275719],[121.54670784241716,24.98106726625408],[121.54670992420513,24.98106451855777],[121.5468139135502,24.98115843353093],[121.54682806202456,24.981171030077807],[121.54690858957765,24.981096969604195],[121.54692256675061,24.98110980240682],[121.54684244319229,24.981183833417266],[121.54696517843836,24.98129309869488],[121.54716433719338,24.981101973557895]]]}},{"type":"Feature","properties":{"ID":"2945","MDATE":"1201311","code":"0F_29451","record":29451},"geometry":{"type":"Polygon","coordinates":[[[121.55098163558182,24.98130661984498],[121.55098384017735,24.98129899190292],[121.55104801657264,24.981301616414566],[121.55105929251079,24.98123596688914],[121.55095071069645,24.98122637709151],[121.55091514078705,24.981271794030746],[121.55092677376325,24.98127591931391],[121.55091912383438,24.98130858449269],[121.55098163558182,24.98130661984498]]]}},{"type":"Feature","properties":{"ID":"2947","MDATE":"1201311","code":"0F_29471","record":29471},"geometry":{"type":"Polygon","coordinates":[[[121.55254494827004,24.98129430290437],[121.5526205167295,24.981283451443385],[121.55262902798074,24.98133269658149],[121.55274689151504,24.981315771952556],[121.55271238381012,24.981116128924267],[121.55240235176072,24.981160649584922],[121.55243625908804,24.981356819067397],[121.55255285959652,24.98134007442285],[121.55254494827004,24.98129430290437]]]}},{"type":"Feature","properties":{"ID":"2948","MDATE":"5201311","code":"0F_29485","record":29485},"geometry":{"type":"Polygon","coordinates":[[[121.54679051960122,24.981180800981434],[121.54667337954213,24.98107548019858],[121.5465660285612,24.981166702255564],[121.54684178659521,24.98141444642567],[121.54694365365019,24.981315708482846],[121.54679051960122,24.981180800981434]]]}},{"type":"Feature","properties":{"ID":"2949","MDATE":"4201311","code":"0F_29494","record":29494},"geometry":{"type":"Polygon","coordinates":[[[121.55059901004043,24.981433478700346],[121.55074043989434,24.981249932858976],[121.55076863577938,24.98121235531602],[121.55075005828098,24.981173457468834],[121.55079569119415,24.98101924804934],[121.55082233563061,24.98102414571219],[121.55084515225644,24.980947648588895],[121.55074627640478,24.980937789814693],[121.55069553026694,24.981085934033604],[121.55043000355738,24.98101254497397],[121.55040720648581,24.981061188210987],[121.55035916678482,24.981050167170206],[121.55039816094113,24.980915148326975],[121.55028243486841,24.980895278764713],[121.55014010306454,24.981307515932876],[121.55059901004043,24.981433478700346]],[[121.55057890187683,24.981316972100327],[121.55035073934796,24.98125337217361],[121.55033328400872,24.98130202184239],[121.55028124966623,24.981286128581964],[121.55032425768694,24.981146251309884],[121.55038163781933,24.981159717888506],[121.55036819314905,24.98120593950757],[121.5505990285324,24.98126832877974],[121.55057890187683,24.981316972100327]]]}},{"type":"Feature","properties":{"ID":"2950","MDATE":"8201311","code":"0F_29508","record":29508},"geometry":{"type":"Polygon","coordinates":[[[121.54815037428834,24.98147960012564],[121.5481543123125,24.981462991827105],[121.54817878278776,24.981468604870862],[121.5481957166873,24.981415631959607],[121.54816971390251,24.981410016432644],[121.54818807498386,24.981356343098966],[121.54815781756177,24.981347942685726],[121.54816580069883,24.98132348122826],[121.54792883055337,24.98125489934381],[121.54791864775551,24.981285694028553],[121.5477979531727,24.98125391818939],[121.54767517853826,24.981222353034102],[121.54766943979915,24.981240546069557],[121.5476431657064,24.981233593470037],[121.54762716273974,24.981287255361607],[121.54765155479497,24.981294634694574],[121.54763562703748,24.981343578179928],[121.54782841910175,24.98139611292115],[121.54815037428834,24.98147960012564]]]}},{"type":"Feature","properties":{"ID":"2950","MDATE":"9201311","code":"0F_29509","record":29509},"geometry":{"type":"Polygon","coordinates":[[[121.55140208077722,24.98077982497203],[121.55142163183822,24.980755271769336],[121.55138668784444,24.98073208404533],[121.55134985520094,24.980778802209127],[121.55132468233093,24.9807622573505],[121.55129449735627,24.9807961760144],[121.55124027679923,24.98086477692013],[121.5519194758627,24.98131091628958],[121.55189939566887,24.981336309331734],[121.55209620443948,24.981465602003908],[121.55222064739809,24.981308364482487],[121.55140208077722,24.98077982497203]]]}},{"type":"Feature","properties":{"ID":"2953","MDATE":"3201311","code":"0F_29533","record":29533},"geometry":{"type":"Polygon","coordinates":[[[121.54790500643452,24.981544237427972],[121.54791576721266,24.98151221097975],[121.54794487697023,24.981518889474703],[121.54795141526898,24.98150187256921],[121.54796876518986,24.981495886248606],[121.54797522519677,24.981490500641993],[121.54797174045648,24.98148240886023],[121.54796529654847,24.98147553954789],[121.54796234361021,24.981472349919983],[121.54796396354719,24.981467082333406],[121.54796517883523,24.981463039554733],[121.54753971207809,24.981337836785308],[121.54753768675951,24.981343271976456],[121.54752591831398,24.981346120296255],[121.54751716693741,24.9813507604532],[121.54751417125044,24.981361422017027],[121.54751606477542,24.981369863633304],[121.54752317824745,24.981376288123112],[121.54752013362219,24.981390442872254],[121.54755208975696,24.981401538403993],[121.54753810397565,24.981444578431173],[121.54790500643452,24.981544237427972]]]}},{"type":"Feature","properties":{"ID":"2953","MDATE":"5201311","code":"0F_29535","record":29535},"geometry":{"type":"Polygon","coordinates":[[[121.54716120232133,24.98154810028988],[121.54719960407111,24.981508400404856],[121.54722903855914,24.981533208251665],[121.54727138855549,24.98149151937766],[121.54725645217667,24.981479286897],[121.54729239438787,24.981447416240663],[121.54731371185687,24.981462846526448],[121.54738608512443,24.981398565301397],[121.54735926452064,24.981369711377027],[121.54738829941375,24.9813471425436],[121.5473985652954,24.981355279837473],[121.54745129772681,24.981304876667387],[121.54748974207243,24.981309576270863],[121.54751494783251,24.98128368918459],[121.54751942196474,24.98128728130374],[121.54753722193142,24.981270848669965],[121.54753057403725,24.98126600059617],[121.54754013034129,24.981257922254425],[121.5475346228026,24.9812538112028],[121.54755468156426,24.98123434582076],[121.54756656241145,24.981247288286752],[121.54761043224778,24.981216267755038],[121.54760922728555,24.981212344021248],[121.54765287729087,24.98117350316741],[121.54765753904873,24.981142026407387],[121.5476574177285,24.98114057421825],[121.54808798098172,24.98117669214326],[121.54810222894737,24.981025542181737],[121.54808069544919,24.98084022670994],[121.54765516649923,24.980801288789614],[121.54764936220941,24.980833324985262],[121.54758645128236,24.980826290401605],[121.54753983753308,24.980840875267443],[121.54694085756124,24.981412165970028],[121.54694968530691,24.98142099832967],[121.54689022601137,24.981484163893665],[121.54689037795738,24.981492777128924],[121.54716120232133,24.98154810028988]]]}},{"type":"Feature","properties":{"ID":"2954","MDATE":"1201311","code":"0F_29541","record":29541},"geometry":{"type":"Polygon","coordinates":[[[121.5516489963318,24.981546120217487],[121.55159131099927,24.981166445997914],[121.55146468822107,24.981181988330448],[121.55153769916934,24.981561201389955],[121.5516489963318,24.981546120217487]]]}},{"type":"Feature","properties":{"ID":"2954","MDATE":"4201311","code":"0F_29544","record":29544},"geometry":{"type":"Polygon","coordinates":[[[121.54741749889818,24.981568851450042],[121.54742036082263,24.981559297235545],[121.54743245227495,24.98156229258451],[121.54746910711692,24.98154621407884],[121.5475071696142,24.98141860249501],[121.5474671967801,24.981408725433],[121.54747605257589,24.981379308842893],[121.54747605673391,24.9813750962758],[121.54746070025143,24.98137067744958],[121.54745889146973,24.98136191140911],[121.54745572194076,24.98135655219094],[121.54744941295625,24.9813526363824],[121.54743584210496,24.98135197032721],[121.5474272117714,24.981356656980587],[121.54742506754098,24.981360961375525],[121.54742002241883,24.981360402114387],[121.54741581759568,24.981359026325052],[121.54735283218415,24.981573637511037],[121.54738100063119,24.98158069243982],[121.54738932909197,24.98158120803664],[121.54741749889818,24.981568851450042]]]}},{"type":"Feature","properties":{"ID":"2955","MDATE":"2201311","code":"0F_29552","record":29552},"geometry":{"type":"Polygon","coordinates":[[[121.55172127193423,24.98157913941248],[121.55182130668975,24.98153863584266],[121.55184398017157,24.981566832616657],[121.55196066680345,24.981459790043274],[121.55173245224884,24.98127112051708],[121.55163254352433,24.981367447520128],[121.5517841162377,24.98150484571894],[121.55170137414922,24.981535664778992],[121.55172127193423,24.98157913941248]]]}},{"type":"Feature","properties":{"ID":"2955","MDATE":"3201311","code":"0F_29553","record":29553},"geometry":{"type":"Polygon","coordinates":[[[121.55280352703049,24.981526252423972],[121.55276753267054,24.98132954909282],[121.55238387609735,24.98138073850951],[121.55241555977918,24.981578017675595],[121.55280352703049,24.981526252423972]]]}},{"type":"Feature","properties":{"ID":"2955","MDATE":"8201311","code":"0F_29558","record":29558},"geometry":{"type":"Polygon","coordinates":[[[121.5508220238539,24.981597388656958],[121.55087077784691,24.981537577195624],[121.55095765526382,24.98159553276778],[121.55110415325565,24.981406888585806],[121.55099756288217,24.981335120678832],[121.55094246272624,24.981404471361298],[121.55087932222104,24.981363075954917],[121.5507324549377,24.981546701616303],[121.55079037070603,24.981584785005236],[121.55079520537133,24.981578330031866],[121.5508220238539,24.981597388656958]]]}},{"type":"Feature","properties":{"ID":"2958","MDATE":"1201311","code":"0F_29581","record":29581},"geometry":{"type":"Polygon","coordinates":[[[121.54886297286339,24.981681965299938],[121.54900944026713,24.9812099691486],[121.54902927296723,24.98121508273561],[121.54904702557356,24.981157856243534],[121.54884336258252,24.981105307165294],[121.54878510961393,24.981292915342248],[121.54882473237826,24.981303130090797],[121.5487187103451,24.98164477258157],[121.54886297286339,24.981681965299938]]]}},{"type":"Feature","properties":{"ID":"2961","MDATE":"5201311","code":"0F_29615","record":29615},"geometry":{"type":"Polygon","coordinates":[[[121.55089332473885,24.98177694107335],[121.55086462538853,24.981755690153392],[121.55094563529923,24.981650924506006],[121.55089052877135,24.981617127300556],[121.55076915731546,24.98176456040501],[121.5508225196815,24.98179837674418],[121.5508407870376,24.9817764320928],[121.5508789470998,24.98180222350857],[121.55089553998017,24.981787066111924],[121.5508889579491,24.981781918211368],[121.55089332473885,24.98177694107335]]]}},{"type":"Feature","properties":{"ID":"2963","MDATE":"7201311","code":"0F_29637","record":29637},"geometry":{"type":"Polygon","coordinates":[[[121.55097355127577,24.98186944500183],[121.55105130520973,24.981762639237633],[121.55100427205026,24.981733257682823],[121.55098114069989,24.98176507460893],[121.55094199417618,24.981743533725496],[121.55088643952978,24.981817641211318],[121.55097355127577,24.98186944500183]]]}},{"type":"Feature","properties":{"ID":"2965","MDATE":"2201311","code":"0F_29652","record":29652},"geometry":{"type":"Polygon","coordinates":[[[121.55090244320056,24.981871536242327],[121.55084013260795,24.98183238938396],[121.55080751681355,24.981876835675358],[121.5508716166952,24.981914963869798],[121.55090244320056,24.981871536242327]]]}},{"type":"Feature","properties":{"ID":"2968","MDATE":"7201311","code":"0F_29687","record":29687},"geometry":{"type":"Polygon","coordinates":[[[121.55096781485634,24.98196998058899],[121.5509149806714,24.98194670817045],[121.55090127903385,24.98197254604869],[121.55095411323948,24.98199582118025],[121.55096781485634,24.98196998058899]]]}},{"type":"Feature","properties":{"ID":"2969","MDATE":"5201311","code":"0F_29695","record":29695},"geometry":{"type":"Polygon","coordinates":[[[121.55187576012611,24.98200903798842],[121.55186859435399,24.981962043062545],[121.55181865140128,24.981968134345657],[121.55182565452039,24.982015308634786],[121.55187576012611,24.98200903798842]]]}},{"type":"Feature","properties":{"ID":"2970","MDATE":"2201311","code":"0F_29702","record":29702},"geometry":{"type":"Polygon","coordinates":[[[121.54835804619584,24.981987122515484],[121.54829999313728,24.981978533760305],[121.5482910867492,24.98202847886821],[121.54834914382872,24.98203707573705],[121.54835804619584,24.981987122515484]]]}},{"type":"Feature","properties":{"ID":"2970","MDATE":"4201311","code":"0F_29704","record":29704},"geometry":{"type":"Polygon","coordinates":[[[121.5517052890472,24.982019315260622],[121.55171141390971,24.982005433410954],[121.55170382139342,24.981992921391278],[121.55169316545482,24.981987349848005],[121.55169410439736,24.981979332955966],[121.55169577906128,24.98191101501589],[121.55161331695206,24.981915586262],[121.55161299955924,24.9819014809034],[121.55149485853326,24.981837356069224],[121.55145800809818,24.981886147193258],[121.5514313379412,24.98187418609321],[121.55141148831952,24.98187554971001],[121.5514038252701,24.981889453493327],[121.55140226971963,24.9819033653611],[121.55140987344792,24.981917291168603],[121.55150745388559,24.98197726430691],[121.5515288390459,24.981971728485053],[121.55153191280705,24.981961991945287],[121.5515665536149,24.98197239864935],[121.55156500542198,24.981983510852],[121.55157260734916,24.981993246678236],[121.55159088727446,24.981998830622043],[121.55160764824576,24.982001632286607],[121.55161231815873,24.98202334943578],[121.55162449750888,24.98202892346795],[121.55164126740762,24.98202616824982],[121.55165499768164,24.98201924333735],[121.55165804920696,24.982017857945507],[121.55168088449531,24.982029002615977],[121.55169460559591,24.98202624423968],[121.5517052890472,24.982019315260622]]]}},{"type":"Feature","properties":{"ID":"2972","MDATE":"0201311","code":"0F_29720","record":29720},"geometry":{"type":"Polygon","coordinates":[[[121.54796050371321,24.982070569681955],[121.54803940255057,24.982024438775554],[121.54812485404001,24.98203056141907],[121.5481535034361,24.982007276116086],[121.54817035068636,24.981952387748393],[121.54774043768327,24.981851829035442],[121.54771605652708,24.98193763770869],[121.5478896039281,24.98197963681113],[121.547882045994,24.98205880749195],[121.5479303994336,24.982058760522044],[121.54795189278995,24.982002198413525],[121.54798908792617,24.982017772415347],[121.54794387846049,24.982051416160047],[121.54794773523587,24.982073965211587],[121.54796050371321,24.982070569681955]]]}},{"type":"Feature","properties":{"ID":"2972","MDATE":"6201311","code":"0F_29726","record":29726},"geometry":{"type":"Polygon","coordinates":[[[121.5504841539237,24.982054617021753],[121.55042997823382,24.982042394467697],[121.55041976104394,24.98207914081806],[121.55047268131234,24.9820919277629],[121.5504841539237,24.982054617021753]]]}},{"type":"Feature","properties":{"ID":"2975","MDATE":"3201311","code":"0F_29753","record":29753},"geometry":{"type":"Polygon","coordinates":[[[121.55191290235096,24.982133529886934],[121.55188023312486,24.982043012517252],[121.55177815518718,24.982073652285038],[121.55181073303321,24.98216412758377],[121.55191290235096,24.982133529886934]]]}},{"type":"Feature","properties":{"ID":"2975","MDATE":"8201311","code":"0F_29758","record":29758},"geometry":{"type":"Polygon","coordinates":[[[121.55073945509803,24.982140740088955],[121.55067034258734,24.982132774571564],[121.5506654203484,24.982168100186446],[121.55073454289193,24.982176090044828],[121.55073945509803,24.982140740088955]]]}},{"type":"Feature","properties":{"ID":"3006","MDATE":"6201311","code":"0F_30066","record":30066},"geometry":{"type":"Polygon","coordinates":[[[121.55305211848801,24.982993493989145],[121.55280335833089,24.981552364355505],[121.55242205545046,24.981607092314757],[121.55266949423194,24.98304895972251],[121.55305211848801,24.982993493989145]]]}},{"type":"Feature","properties":{"ID":"3008","MDATE":"5201311","code":"0F_30085","record":30085},"geometry":{"type":"Polygon","coordinates":[[[121.54812387511403,24.98313301829119],[121.5481591688927,24.98302375390402],[121.54824348476907,24.983045047094834],[121.54829807865569,24.982889711226274],[121.5483466097393,24.982902194581996],[121.5483386308289,24.982930531828664],[121.5483991232588,24.982944102359543],[121.54840993423528,24.98291715134172],[121.54846504314015,24.98293316483343],[121.54871406812809,24.98214533481359],[121.54862628736817,24.98212367726476],[121.54863758667295,24.982084234839814],[121.54838280929681,24.98201897576855],[121.54837166245457,24.98206087869737],[121.54836826129632,24.982060039862034],[121.54820839109017,24.982568560379367],[121.54818768862704,24.982563244045043],[121.54816886670056,24.982619806281956],[121.54818999102999,24.982623086113232],[121.54814066860821,24.982790499411042],[121.54812183741475,24.982784338365725],[121.54805577541505,24.982952935442245],[121.54809461731125,24.982963860156875],[121.54804914207608,24.983110298527734],[121.54812387511403,24.98313301829119]]]}},{"type":"Feature","properties":{"ID":"3009","MDATE":"9201311","code":"0F_30099","record":30099},"geometry":{"type":"Polygon","coordinates":[[[121.55226878026549,24.98310119446537],[121.55220109996358,24.982673776916766],[121.55216941506526,24.98267858001521],[121.5521585826725,24.98261057477938],[121.55207866763936,24.98211102850771],[121.55219888466608,24.982093041088095],[121.55229403719161,24.982646546389066],[121.55225480653455,24.98265178375516],[121.55226070993317,24.98268952674335],[121.55230444233014,24.98268980695614],[121.55236489037596,24.983087498908976],[121.55257730619462,24.98305723033522],[121.55251034619508,24.982683368138844],[121.55252668322295,24.982679706191156],[121.55251607302344,24.982618919995318],[121.55253087271629,24.982617022439857],[121.55251825438528,24.982539504544647],[121.5525066000246,24.982541946566517],[121.55249464996567,24.98248299896163],[121.5524755856888,24.98248524005563],[121.55233685555434,24.98162537167029],[121.55201964059563,24.981674040454696],[121.55202837185331,24.981727135331543],[121.55187314661016,24.98175042999339],[121.5519008859929,24.981906063340382],[121.55185366569617,24.98191364954388],[121.55186123119697,24.981955214344225],[121.55190799325507,24.981945928926823],[121.55196696598733,24.982276790945797],[121.5518136486187,24.9822893855049],[121.55183120183277,24.98239149420041],[121.55180108797948,24.982398306488918],[121.55181144394773,24.9824610284236],[121.55193020956045,24.982441995713966],[121.55195325384753,24.9825682263005],[121.55199898374127,24.982561545696242],[121.55200780209525,24.982624610064317],[121.55193730087728,24.982635608564095],[121.55194537499695,24.982679487198652],[121.55188436241191,24.982688385764405],[121.55188597512635,24.982709534621286],[121.55158540546726,24.982773704513228],[121.55163397727516,24.983053854140653],[121.55178921210761,24.98303166743183],[121.55179672334711,24.98311150017723],[121.55190737055251,24.983101852557528],[121.55191645787714,24.983163483157668],[121.551994829829,24.983157991573243],[121.55199222253393,24.98314060303105],[121.55226878026549,24.98310119446537]]]}},{"type":"Feature","properties":{"ID":"11210","MDATE":"5201507","code":"0F_112105","record":112105},"geometry":{"type":"Polygon","coordinates":[[[121.55213511289581,24.974070759283638],[121.55213990717667,24.974050879495064],[121.5520842956869,24.974035755729197],[121.5519590115041,24.974015084974468],[121.5519542856284,24.974048100522058],[121.5520814070904,24.974067654004],[121.55208260286494,24.974062611842108],[121.55213511289581,24.974070759283638]]]}},{"type":"Feature","properties":{"ID":"11217","MDATE":"8201507","code":"0F_112178","record":112178},"geometry":{"type":"Polygon","coordinates":[[[121.54571396765952,24.97584781950527],[121.5456571668434,24.975796559640145],[121.5457124355386,24.97574960016259],[121.54572994929937,24.975767694411957],[121.5457421603394,24.975758404805667],[121.54572657704104,24.975740998656704],[121.54576564566798,24.975700312612624],[121.54575141635883,24.97568965730385],[121.5457762243324,24.9756687473987],[121.54575875930982,24.97565002371069],[121.54571415769723,24.975685694997775],[121.54569215244517,24.975661580045198],[121.54563396925928,24.97570593111108],[121.54556359578275,24.97575957257415],[121.54563394150017,24.975821049727955],[121.54563447378612,24.97582046816821],[121.54563733036895,24.975817342977837],[121.54569266410624,24.97586788055206],[121.54571396765952,24.97584781950527]]]}},{"type":"Feature","properties":{"ID":"11219","MDATE":"1201507","code":"0F_112191","record":112191},"geometry":{"type":"Polygon","coordinates":[[[121.55477770566239,24.976027814368198],[121.55477633835105,24.975985912427507],[121.55475855112701,24.975934480994862],[121.55475104886393,24.975909815039635],[121.55472433879584,24.975852892483704],[121.55469982660438,24.9758023898066],[121.55469705653196,24.975794259405994],[121.55469687075635,24.975790816747562],[121.5546349343907,24.97578637256986],[121.55463345287025,24.975804556338797],[121.55463049511012,24.97580449963984],[121.55462577581669,24.975860073959883],[121.55463108813632,24.9758612901397],[121.5546226178089,24.97598517845805],[121.55462209968836,24.975994001827623],[121.55462140076162,24.97600204041817],[121.55461306165533,24.976001501787387],[121.5546109647828,24.976029800317768],[121.55460704990071,24.976083201265006],[121.55462760122697,24.976108479506287],[121.55477743342246,24.97608003350561],[121.55477770566239,24.976027814368198]]]}},{"type":"Feature","properties":{"ID":"11220","MDATE":"4201507","code":"0F_112204","record":112204},"geometry":{"type":"Polygon","coordinates":[[[121.54745290412187,24.976436732824137],[121.54740395296058,24.976404799433926],[121.54737226466374,24.97644437810633],[121.54742244522491,24.97647658686277],[121.54745290412187,24.976436732824137]]]}},{"type":"Feature","properties":{"ID":"11222","MDATE":"3201507","code":"0F_112223","record":112223},"geometry":{"type":"Polygon","coordinates":[[[121.54739567181625,24.976691028980742],[121.54754570502328,24.97649418842761],[121.54751634525839,24.976475043722044],[121.5475102978934,24.976482978256797],[121.54745559995814,24.97644833949198],[121.54734240637413,24.97659684578912],[121.547322659691,24.976584341168977],[121.5472915827512,24.976625111105],[121.54739567181625,24.976691028980742]]]}},{"type":"Feature","properties":{"ID":"11225","MDATE":"6201507","code":"0F_112256","record":112256},"geometry":{"type":"Polygon","coordinates":[[[121.54560782195333,24.97657901538258],[121.54543879527124,24.976416187947393],[121.54476918164403,24.976999259515228],[121.54494372875298,24.97716289809794],[121.54560782195333,24.97657901538258]]]}},{"type":"Feature","properties":{"ID":"11225","MDATE":"9201507","code":"0F_112259","record":112259},"geometry":{"type":"Polygon","coordinates":[[[121.55337795598582,24.976989357620873],[121.55334044472937,24.97697554842039],[121.55331334511635,24.977013143140937],[121.55328846083249,24.977061084957484],[121.55325304589256,24.97714850099839],[121.55330253177559,24.97716448667515],[121.55337795598582,24.976989357620873]]]}},{"type":"Feature","properties":{"ID":"11227","MDATE":"6201507","code":"0F_112276","record":112276},"geometry":{"type":"Polygon","coordinates":[[[121.54979228530127,24.97745336730046],[121.5497596385275,24.97743086315093],[121.54973321007425,24.977477121817767],[121.54977038307591,24.977486184350816],[121.54979228530127,24.97745336730046]]]}},{"type":"Feature","properties":{"ID":"11228","MDATE":"9201507","code":"0F_112289","record":112289},"geometry":{"type":"Polygon","coordinates":[[[121.55315495441705,24.97774986258031],[121.5531686920471,24.977730294433794],[121.55320341922041,24.977750517704784],[121.55320399533362,24.977749554063468],[121.55321793714316,24.977663716468392],[121.55324089263937,24.97759947963479],[121.55322458837813,24.977590809031053],[121.55325547607366,24.97754376219288],[121.55324531681562,24.97753955126164],[121.55327433958286,24.977500963533263],[121.55319478928593,24.97745403886576],[121.5531787715275,24.977476246295833],[121.55316477746358,24.977470326119377],[121.55318930732622,24.97743658607379],[121.55317194446735,24.977426627461693],[121.55318628520972,24.97740638357087],[121.55319180148939,24.97740845762409],[121.5531974332163,24.977401341458172],[121.55321015605044,24.97741026551616],[121.55319923573113,24.977427255587934],[121.55327831406863,24.97747362948149],[121.5533294524104,24.977404307101157],[121.55328894099901,24.977382316858957],[121.55329772019783,24.977370048349506],[121.5533359395579,24.977391351030537],[121.55335918146281,24.977354665330775],[121.55334434965503,24.97734634859136],[121.55337967710027,24.977299207592374],[121.55321421525643,24.97720187449602],[121.55315994853241,24.977285723070075],[121.55317118553467,24.977290851783096],[121.55315858190465,24.9773066193671],[121.55314135398069,24.9772971513832],[121.55308399233544,24.97737953441113],[121.55308964554331,24.977382772595764],[121.55303084923277,24.97745486428436],[121.5530476739856,24.97746476171355],[121.5530356820347,24.977483101854762],[121.55301629927838,24.97747173781266],[121.55299303689006,24.97750075770348],[121.55298765226469,24.97749733524605],[121.55295132664283,24.97754745554891],[121.55302569165838,24.977589914394915],[121.55295618566353,24.977682734804755],[121.55300147527467,24.977707413144426],[121.55299282703217,24.97771796669798],[121.55302237021988,24.977734459851344],[121.55302086728554,24.97773659156884],[121.55316717678973,24.977832788922722],[121.55319593012196,24.977790404955773],[121.55319865449746,24.97777944545493],[121.55319096772574,24.977774188902323],[121.55315495441705,24.97774986258031]]]}},{"type":"Feature","properties":{"ID":"11231","MDATE":"9201507","code":"0F_112319","record":112319},"geometry":{"type":"Polygon","coordinates":[[[121.55040759773446,24.977833160676873],[121.55008244603601,24.977596811183624],[121.55000311895746,24.977675960818832],[121.5499370021253,24.977641878853632],[121.54989043206598,24.977557323935137],[121.549778349393,24.977481711274333],[121.54967366511244,24.977602372945572],[121.55055560671104,24.978151445047292],[121.55065864830075,24.97802497649546],[121.55039711337373,24.97786521337122],[121.55040759773446,24.977833160676873]]]}},{"type":"Feature","properties":{"ID":"11233","MDATE":"2201507","code":"0F_112332","record":112332},"geometry":{"type":"Polygon","coordinates":[[[121.5498406641351,24.97798153367668],[121.54976214046609,24.97793271919166],[121.54964260053298,24.978089068120845],[121.54977185361307,24.97816178264834],[121.54976035211462,24.9781769382849],[121.55002611143676,24.978345208631247],[121.55013743791412,24.978195065017854],[121.54982279290924,24.97800315895685],[121.5498406641351,24.97798153367668]]]}},{"type":"Feature","properties":{"ID":"11238","MDATE":"1201507","code":"0F_112381","record":112381},"geometry":{"type":"Polygon","coordinates":[[[121.55278111302877,24.97934675632052],[121.55278283495979,24.97927096735529],[121.55274332032738,24.979271143788974],[121.5527433268333,24.979266165624217],[121.55277200557943,24.979249129546712],[121.55275684423181,24.97922294539474],[121.5528419070588,24.97917101557501],[121.5528469656693,24.97915819212633],[121.55290326889465,24.97906037673584],[121.55285147926939,24.978991991784756],[121.55282634360148,24.9790077074463],[121.55280105996806,24.978966530744625],[121.5527205665295,24.979012283654935],[121.55272516684764,24.979019056681654],[121.55262428416331,24.979077224018226],[121.55262972905722,24.979088812256336],[121.55260244430487,24.97910326649115],[121.55262408809884,24.979142052525077],[121.55260378940783,24.97915432852195],[121.552662184838,24.979237435684652],[121.55271279433873,24.97931015680111],[121.55272808308862,24.97930030448866],[121.55272177167627,24.979379748842135],[121.55276472944769,24.979379833189977],[121.55278111302877,24.97934675632052]]]}},{"type":"Feature","properties":{"ID":"11243","MDATE":"5201507","code":"0F_112435","record":112435},"geometry":{"type":"Polygon","coordinates":[[[121.54664182861454,24.980998846470644],[121.54663746628813,24.980991852995775],[121.54671954880067,24.980924494859426],[121.5464979274765,24.98070137661473],[121.54645416474204,24.9806610674214],[121.54644273937774,24.98065119548476],[121.5464315883931,24.98064110135001],[121.54641839543791,24.980657145894085],[121.546390227272,24.980691402865094],[121.54639109864615,24.980691567592864],[121.54641111940457,24.98069534557273],[121.54642696314232,24.980706510389695],[121.54638280323536,24.980767226254528],[121.54635944363874,24.980748887216897],[121.54629584786262,24.98082189400231],[121.5463115577987,24.980832813755327],[121.54635140164291,24.98081912803399],[121.54635841060225,24.980803455570886],[121.54636934973612,24.9808149209669],[121.54630645168304,24.98086624761433],[121.54639275948784,24.98095081134256],[121.54640123423209,24.980944756646235],[121.54643767848056,24.980979282160472],[121.54642967368983,24.98098521596265],[121.54644779483087,24.981002936816836],[121.54645527483343,24.980998389863085],[121.54654010192394,24.98108315304037],[121.54656831063764,24.981059643950935],[121.54664182861454,24.980998846470644]]]}},{"type":"Feature","properties":{"ID":"11243","MDATE":"7201507","code":"0F_112437","record":112437},"geometry":{"type":"Polygon","coordinates":[[[121.54607312274416,24.98108524594314],[121.54612885385522,24.98100991173202],[121.54613504920087,24.981010532725463],[121.54617619768358,24.980961828244077],[121.54617162304407,24.980957894283872],[121.54625861657196,24.980858623606263],[121.54637856530451,24.98072174514827],[121.5463714672417,24.98071632177149],[121.54635474575265,24.9807035459282],[121.54637580236376,24.980670906720817],[121.54637903990775,24.980667225788753],[121.54638899823537,24.98067460410939],[121.54653416358364,24.98050223891118],[121.54657733949607,24.980456723762163],[121.54661550105048,24.98041649495086],[121.54668661988806,24.980324113913014],[121.54668391295111,24.980322338072632],[121.54667614676971,24.98031724217697],[121.5466733253716,24.98031601386474],[121.5467076824208,24.980271983680975],[121.5467184425206,24.980278796581075],[121.54673618432646,24.98029003113872],[121.54667960212062,24.980342038957012],[121.5466915590264,24.980356096198864],[121.54667700729233,24.98037104521668],[121.54666288997319,24.980361891889444],[121.54664563962866,24.98038278684254],[121.54665410417454,24.98039260914178],[121.54662197361796,24.980421583860412],[121.5466373642141,24.980433988986054],[121.54661822553771,24.980457703146865],[121.54662790817288,24.980462313518128],[121.54663251972049,24.980464512111315],[121.54656876763124,24.98053098317727],[121.54649887429855,24.980594065899663],[121.54647936326575,24.980612420470745],[121.54646933003502,24.98062196215883],[121.54647438516746,24.980626144427987],[121.54662221586892,24.980751812431805],[121.54665441157064,24.9807227670543],[121.54666620048343,24.980731968651195],[121.54667080582252,24.980736348476036],[121.54664310722357,24.980762306865554],[121.54668209475156,24.980796308379784],[121.54675547046186,24.9808650902389],[121.54676420019841,24.980873272941142],[121.54678514103242,24.98085884847157],[121.54694566687598,24.980717031144934],[121.54692200653524,24.980695651704337],[121.54695932365802,24.980661592159713],[121.54698291085447,24.980684127471147],[121.54711095489021,24.980571006173033],[121.54719994960318,24.98049021281762],[121.5471996017763,24.98048658927805],[121.54676611997905,24.98021867530193],[121.54668571915751,24.98016898224216],[121.54668406297439,24.980171208352463],[121.54668265515595,24.98017023666956],[121.546369501657,24.97997354106478],[121.54632538367623,24.980030687015567],[121.54589356255913,24.979756732610326],[121.54590623434395,24.979748519267694],[121.54597070021646,24.979788248072666],[121.5462297777955,24.979909957898634],[121.54624305459096,24.979885536708714],[121.54599259525267,24.979730563449777],[121.54598194372521,24.979739146772708],[121.54577992844365,24.979616452810905],[121.5457047617644,24.979572292364967],[121.5456657951821,24.97955143825755],[121.54565294106555,24.9795634540188],[121.54565097201343,24.979565486255158],[121.54563659404471,24.9795803162674],[121.5455049372293,24.97971612655627],[121.545009284356,24.980227409607114],[121.54508457874913,24.980281510205206],[121.54522348850988,24.980400423494675],[121.54524600928737,24.980383112663727],[121.54545604022854,24.980552780273996],[121.5454642187941,24.9805458311568],[121.54550874390833,24.98057968374014],[121.54560282095072,24.980651209253494],[121.5455856536697,24.980670967047633],[121.54565606740674,24.980722138407298],[121.54590461664924,24.980902764755292],[121.54593953916526,24.980926240954172],[121.54606506902138,24.981097160177217],[121.54607312274416,24.98108524594314]],[[121.54565548489698,24.980589757586074],[121.54550829093019,24.980476884211683],[121.54531301594773,24.980327139363485],[121.5455067525768,24.980127988561783],[121.54556991237848,24.98006306221745],[121.54560214253385,24.980082739370385],[121.5455806482901,24.98010240024664],[121.54563740144333,24.980148686630518],[121.54565346375364,24.980131033652885],[121.54571890071692,24.980059110994514],[121.54566675005987,24.98002264038171],[121.5456530410585,24.9800350962391],[121.54564982886743,24.980038013277987],[121.54561148064651,24.9800127610685],[121.54565276076252,24.979971478319833],[121.54579600923411,24.979828215090144],[121.54653243147753,24.980287059293893],[121.54602325176818,24.980871773086406],[121.54565548489698,24.980589757586074]]]}},{"type":"Feature","properties":{"ID":"11246","MDATE":"2201507","code":"0F_112462","record":112462},"geometry":{"type":"Polygon","coordinates":[[[121.55028464693204,24.98183844134081],[121.55026372555494,24.981826872280617],[121.55023013642128,24.981871216414532],[121.55025197647186,24.981882222337983],[121.55028464693204,24.98183844134081]]]}},{"type":"Feature","properties":{"ID":"11251","MDATE":"6201507","code":"0F_112516","record":112516},"geometry":{"type":"Polygon","coordinates":[[[121.54928969237795,24.983168671979687],[121.54936148585747,24.98297729228872],[121.54938916314345,24.98298294114828],[121.54940195659174,24.98292890361709],[121.5494193107074,24.98293209425906],[121.54943766696904,24.98286468532678],[121.54939505539353,24.98285673069646],[121.5494156480125,24.982792842633422],[121.54945859526762,24.982803010633045],[121.54950331246583,24.98267052318886],[121.54964103733761,24.98223067831817],[121.54964810155371,24.982228870987715],[121.54966816989514,24.982165413661043],[121.54961789361957,24.98215224290586],[121.54964303789174,24.982071505866365],[121.54965050045443,24.98207308444028],[121.54968876881796,24.981943011395643],[121.54973085490086,24.981954485266716],[121.54984222248652,24.981603112557117],[121.54979427313548,24.981590391899182],[121.5498314755489,24.98146213109357],[121.54985831466756,24.98146936831455],[121.54987998844166,24.98140213034536],[121.54989679911573,24.98140678279871],[121.5499426497576,24.9812618646335],[121.54989315002678,24.981249507245803],[121.5499302176197,24.98112171186167],[121.54983318655945,24.981090338729324],[121.5498405297753,24.98107062747043],[121.5498185208081,24.981064146129878],[121.54938884109447,24.98095391306778],[121.54938146340328,24.980970556655407],[121.54923095421847,24.980929505342093],[121.54914331047704,24.981217111676767],[121.54942531004446,24.981294095975937],[121.5493669865516,24.98147187744657],[121.54910956787009,24.981406720529463],[121.54901837030782,24.98169917898958],[121.54908745915488,24.981713276406673],[121.54907069908715,24.98177365459162],[121.54910679436946,24.98178220031533],[121.54907318748374,24.98190372349899],[121.5489320741401,24.981868023478842],[121.54883775608312,24.982163689298662],[121.54879170257792,24.982159715061517],[121.54867842358992,24.982537195429856],[121.54871057579383,24.982548412766803],[121.54870129729993,24.982584319535956],[121.54865711400316,24.982570570777156],[121.54857856286897,24.982814606643604],[121.54859275317395,24.98281778104839],[121.54855709972782,24.982966273415045],[121.54857591632354,24.98298455569747],[121.5492191966709,24.98315089365148],[121.54928969237795,24.983168671979687]]]}},{"type":"Feature","properties":{"ID":"13912","MDATE":"7201710","code":"0F_139127","record":139127},"geometry":{"type":"Polygon","coordinates":[[[121.55170941798505,24.97394197113705],[121.5517096319077,24.973889039864627],[121.55176019919001,24.973883311984853],[121.55173346585738,24.973789178344695],[121.55175889110275,24.973781976284112],[121.55172885277179,24.97369275267616],[121.55150791851142,24.97388083800708],[121.5515136903196,24.97389007143875],[121.55148276969416,24.973888291791255],[121.55148884945962,24.973931993719244],[121.55151586802356,24.973937171577305],[121.5516871711831,24.973942756820076],[121.55170941798505,24.97394197113705]]]}},{"type":"Feature","properties":{"ID":"13915","MDATE":"8201710","code":"0F_139158","record":139158},"geometry":{"type":"Polygon","coordinates":[[[121.5473764416631,24.97391544733119],[121.54718133948933,24.973768191030512],[121.54716872900394,24.973781156696113],[121.54715067687317,24.973766281333845],[121.54690772871577,24.974041404878147],[121.546928703201,24.974058643955928],[121.54692033294843,24.974069634915065],[121.547124793675,24.974211655133356],[121.54737620291483,24.973920142870124],[121.5473764416631,24.97391544733119]]]}},{"type":"Feature","properties":{"ID":"13918","MDATE":"6201710","code":"0F_139186","record":139186},"geometry":{"type":"Polygon","coordinates":[[[121.55279016353612,24.974388539182744],[121.55280176658633,24.974273343372047],[121.55281424205425,24.974267753769453],[121.5527849917066,24.974223026513553],[121.55274094487216,24.97424971657695],[121.55275285553411,24.974272037918524],[121.5527502219029,24.974284681739338],[121.55267346561392,24.974279192990085],[121.55270349947479,24.97434813818878],[121.5526944800925,24.974364258080065],[121.55269142896817,24.974404092745125],[121.5527010821223,24.974405483385222],[121.552733090272,24.974431429012032],[121.55274432886014,24.974398797353597],[121.55279016353612,24.974388539182744]]]}},{"type":"Feature","properties":{"ID":"13939","MDATE":"2201710","code":"0F_139392","record":139392},"geometry":{"type":"Polygon","coordinates":[[[121.54678233908231,24.97598046324643],[121.546703853741,24.975935285323224],[121.5466901058225,24.97595540545202],[121.54677153675415,24.97600371438208],[121.54678233908231,24.97598046324643]]]}},{"type":"Feature","properties":{"ID":"13939","MDATE":"7201710","code":"0F_139397","record":139397},"geometry":{"type":"Polygon","coordinates":[[[121.54568296158824,24.976034709284033],[121.54572172510323,24.976000057911794],[121.54572919704802,24.97600700752781],[121.54577121819821,24.97596944164409],[121.54573097945874,24.975932050731135],[121.54565020570833,24.976004272441628],[121.54568296158824,24.976034709284033]]]}},{"type":"Feature","properties":{"ID":"13940","MDATE":"1201710","code":"0F_139401","record":139401},"geometry":{"type":"Polygon","coordinates":[[[121.54836664712107,24.97590425309977],[121.54832852445111,24.975865119890788],[121.54831455541321,24.975870802192112],[121.54815890387773,24.975994806672656],[121.54815021940709,24.976006418188653],[121.54818813315421,24.97604758265201],[121.54836664712107,24.97590425309977]]]}},{"type":"Feature","properties":{"ID":"13942","MDATE":"0201710","code":"0F_139420","record":139420},"geometry":{"type":"Polygon","coordinates":[[[121.54835732512224,24.976188438023737],[121.54853060384363,24.97606083840835],[121.54848209528522,24.976004521305],[121.54847269821555,24.976013114630067],[121.54846330148078,24.976017086421894],[121.54846855868676,24.976023314574622],[121.54839600592116,24.97607888838925],[121.54838917387008,24.9760726570033],[121.54828804065245,24.976156056137675],[121.5483224193811,24.976193382149244],[121.54835732512224,24.976188438023737]]]}},{"type":"Feature","properties":{"ID":"13950","MDATE":"5201710","code":"0F_139505","record":139505},"geometry":{"type":"Polygon","coordinates":[[[121.55353650231766,24.9767819743369],[121.55350025515692,24.976758239404614],[121.55336736938331,24.976945574133943],[121.55341265344188,24.976969274621528],[121.55353650231766,24.9767819743369]]]}},{"type":"Feature","properties":{"ID":"13952","MDATE":"8201710","code":"0F_139528","record":139528},"geometry":{"type":"Polygon","coordinates":[[[121.54594910996565,24.977186555001413],[121.54597806394526,24.977146688718847],[121.54599959540478,24.977159641093284],[121.54674561288256,24.97612745154624],[121.54673269499496,24.97611706236619],[121.54674407787412,24.97609855161283],[121.5464033961044,24.97589020486918],[121.5463545495096,24.975861434220757],[121.54637760999599,24.9758283425636],[121.54622641462132,24.97573044006295],[121.5462009887713,24.97576642307271],[121.54612929499925,24.975859999539544],[121.5459782151306,24.97584017580049],[121.54595555126234,24.976058783603953],[121.54580514059309,24.976260561494872],[121.54582759839992,24.97627406302937],[121.54577583469967,24.97634461030999],[121.54589549684546,24.976415037751526],[121.54585488815879,24.97647489361898],[121.54587884672628,24.976492252809656],[121.54572544986353,24.976701158485216],[121.54569994809229,24.97668266646858],[121.54563863804054,24.976765805083975],[121.54555499353312,24.97687922568395],[121.54558428864662,24.976893407313984],[121.54554153103821,24.97694622536441],[121.54563968778827,24.977004103120187],[121.54594910996565,24.977186555001413]]]}},{"type":"Feature","properties":{"ID":"13953","MDATE":"8201710","code":"0F_139538","record":139538},"geometry":{"type":"Polygon","coordinates":[[[121.54839592022003,24.977038046468778],[121.54819470352798,24.976915157764598],[121.54817801178784,24.976936778511476],[121.54815700474455,24.976923299986645],[121.5480714960255,24.97702655766886],[121.54809128711712,24.97703944030476],[121.54801713823606,24.977132912031145],[121.54816736776769,24.977234106079678],[121.54815643955371,24.977250809626387],[121.54819280311392,24.977279554282205],[121.54819119847338,24.977284459786585],[121.54820115918034,24.977289281199123],[121.54835453003012,24.97709453384764],[121.54839592022003,24.977038046468778]]]}},{"type":"Feature","properties":{"ID":"13957","MDATE":"4201710","code":"0F_139574","record":139574},"geometry":{"type":"Polygon","coordinates":[[[121.552160127135,24.977682807791044],[121.55223612502309,24.977545276863076],[121.55221421495432,24.977535315134457],[121.55227568758863,24.97743357972014],[121.55229303194713,24.977442292616587],[121.55247761673895,24.97710824865031],[121.55254311531253,24.976996547326262],[121.55242178329381,24.976936194302773],[121.55243058129467,24.97692302114894],[121.55237072850112,24.976895286420334],[121.55235701191596,24.976906700159194],[121.55181262101591,24.976630415784715],[121.55168822187548,24.976844389588027],[121.551708094804,24.976859336182123],[121.55168777612819,24.976894192528484],[121.55169961036849,24.976901785643175],[121.55168678624973,24.976959034833296],[121.55170718635686,24.97701961786594],[121.5518204004134,24.9771560414561],[121.55192712232203,24.977212031611327],[121.55199547529106,24.977123289460156],[121.55206333250291,24.977157560873827],[121.55205394097389,24.977171582147104],[121.55212428860631,24.97720904028073],[121.55213348785728,24.977192991985056],[121.55214901673024,24.97720083589428],[121.55206991310703,24.977334872648004],[121.55210785167064,24.97735055844754],[121.55208248275366,24.977392332903758],[121.55216420236275,24.977430512652074],[121.55214764760233,24.977461389023468],[121.55213244737077,24.977453286593356],[121.55208578248276,24.97753465094025],[121.5520994354289,24.977542713968894],[121.55209088542038,24.97755865512885],[121.5520644009603,24.977549492173193],[121.55205004433343,24.977577772908848],[121.55204624397528,24.977587124846593],[121.55203926774145,24.977583715475703],[121.552034134067,24.977596369448165],[121.55202770045284,24.97759625786801],[121.55202336791497,24.97760732171594],[121.55203443179762,24.97761072406429],[121.55203206680345,24.977614781067732],[121.552160127135,24.977682807791044]]]}},{"type":"Feature","properties":{"ID":"13959","MDATE":"1201710","code":"0F_139591","record":139591},"geometry":{"type":"Polygon","coordinates":[[[121.55254007704056,24.97772689373342],[121.55254939049296,24.977722904840554],[121.55255953923634,24.97773297515098],[121.5525963581394,24.977700572732644],[121.55258111181352,24.97769014395687],[121.55257272646614,24.977684370842596],[121.55258389944504,24.977669818391643],[121.55263404040711,24.977710278172516],[121.55306511632205,24.977304644371948],[121.55305874012484,24.977296537261466],[121.55310938710045,24.97721808837996],[121.55305826765218,24.97717941365002],[121.55306509322241,24.977172371601622],[121.55300327782497,24.977118187319032],[121.55300836349258,24.9771125547126],[121.55300673708487,24.97710522083517],[121.55296447808506,24.977070016113476],[121.55297056961288,24.977064503460518],[121.55292253436102,24.977025334224585],[121.55290876388088,24.9770149036138],[121.55286606325956,24.976993027911103],[121.55284596105969,24.977033043215947],[121.55283176238103,24.977105756561837],[121.55282989846485,24.977112668236288],[121.5528319962319,24.977216289584874],[121.55282246650425,24.977213309537913],[121.55280510339311,24.977248552303106],[121.55282041410193,24.977257880282195],[121.55276850197974,24.977320324079894],[121.5527628545129,24.977313487226564],[121.55269857692018,24.977395820839185],[121.55250466884861,24.977577959788746],[121.55249350762483,24.977596257984757],[121.55248464777247,24.97762488401449],[121.55248345893762,24.9776972105141],[121.55251050697107,24.97773855317547],[121.55254007704056,24.97772689373342]]]}},{"type":"Feature","properties":{"ID":"13959","MDATE":"8201710","code":"0F_139598","record":139598},"geometry":{"type":"Polygon","coordinates":[[[121.55238745923725,24.977756930480627],[121.55240701100327,24.977721358243972],[121.55242923191035,24.977731493034526],[121.5524582984358,24.977678888138257],[121.5524363278064,24.977667127350188],[121.55245553454318,24.97763081788106],[121.55238454422523,24.977598795456476],[121.55231451864609,24.97772380298367],[121.55238745923725,24.977756930480627]]]}},{"type":"Feature","properties":{"ID":"13962","MDATE":"0201710","code":"0F_139620","record":139620},"geometry":{"type":"Polygon","coordinates":[[[121.54926154357209,24.97785167631479],[121.54929036622032,24.977812109623738],[121.54930430019968,24.97782238016922],[121.5493470090193,24.97776846431643],[121.54935676810487,24.977775821509216],[121.5493935044365,24.977726618716677],[121.54939222326121,24.977724721202527],[121.54939664741059,24.977718402306387],[121.54937350118826,24.977707717947187],[121.54939381037235,24.977679253000026],[121.54937785992266,24.977669903552382],[121.54938094439379,24.977665915259117],[121.54922129463867,24.977565319651127],[121.54921916085995,24.977573962981626],[121.54919230656874,24.97756064700579],[121.54919132949432,24.97754267096886],[121.54914478628851,24.977543356264036],[121.54914582730439,24.977562128351938],[121.54913523364101,24.97756244818242],[121.54913709933204,24.97763519587196],[121.54906899971147,24.97763840002705],[121.54907005017422,24.977649474646256],[121.54902729793511,24.977651829688774],[121.54902843850604,24.977665580834362],[121.54898797396883,24.977671223625666],[121.5489753218204,24.97767550447564],[121.54898646542874,24.977686631276658],[121.54918976538649,24.97785491936969],[121.54920163780874,24.97784276789258],[121.54921269181793,24.977858251107506],[121.54926154357209,24.97785167631479]]]}},{"type":"Feature","properties":{"ID":"13964","MDATE":"4201710","code":"0F_139644","record":139644},"geometry":{"type":"Polygon","coordinates":[[[121.55073154777254,24.977970505358932],[121.55095006111513,24.977707013158653],[121.5509781180412,24.977726337138602],[121.55098733163076,24.977714360571877],[121.55099102617719,24.97770480501454],[121.55099067104938,24.97769978575308],[121.55072202403584,24.977514676676993],[121.55066353433695,24.97758499317888],[121.55068280158794,24.97759826832148],[121.5505040788543,24.977813776332788],[121.55073154777254,24.977970505358932]]]}},{"type":"Feature","properties":{"ID":"13965","MDATE":"8201710","code":"0F_139658","record":139658},"geometry":{"type":"Polygon","coordinates":[[[121.55298001323037,24.978081555816466],[121.55298046937007,24.978074573530396],[121.5529832238621,24.97807456872158],[121.55297424164488,24.977989028413923],[121.55303911564405,24.97797679542799],[121.55303901179818,24.977991248132316],[121.553103298815,24.977987527265057],[121.55311196009198,24.977985656965306],[121.55311155405403,24.97794508219795],[121.5530991074494,24.97794368480791],[121.55309931867887,24.97794840034749],[121.55303838922285,24.977951195997505],[121.55309922764056,24.977936886138224],[121.55309435327692,24.97788759409567],[121.55305486813722,24.977833277273113],[121.55302533300002,24.977814156894947],[121.55300837460462,24.97780095835309],[121.55297333768534,24.977848233608924],[121.55295366660853,24.97791783720212],[121.55296437742379,24.977962832737827],[121.55296520049505,24.977971038108368],[121.55294874682,24.977973943969044],[121.55294851352745,24.97799090789227],[121.55292580763658,24.9779917424205],[121.55291957252095,24.977997938135406],[121.55290522547762,24.977980630190086],[121.55287518181487,24.97800646300488],[121.55284832912167,24.97801624539935],[121.55277313449537,24.977976807670824],[121.55268333830654,24.97792759690135],[121.55264291920052,24.977907883051568],[121.55263377308587,24.977903427267478],[121.55264795833624,24.977876272928636],[121.55260518928468,24.97785754283076],[121.55261448522077,24.977837194926206],[121.552585438213,24.977825790845024],[121.55258554914487,24.977815134465796],[121.55254187271385,24.97781147124336],[121.55244793428372,24.977804830047635],[121.5523952513803,24.97779958955634],[121.55238193489456,24.9778247824368],[121.55247338501808,24.97786223255912],[121.55246816787552,24.977873264490214],[121.55250340360058,24.977888273164524],[121.55253578670201,24.97782489345213],[121.55257765225684,24.97782960073255],[121.55253413993715,24.977904021677944],[121.55265921050231,24.977955379478793],[121.55266389117365,24.977944654684393],[121.55275320869453,24.977990253259062],[121.55284380412549,24.978036768813787],[121.55287771333363,24.97802795513474],[121.55288811244576,24.97802132325249],[121.55289049521122,24.978035895830203],[121.5528839792954,24.978036212528842],[121.55288747504875,24.978068910474175],[121.55289479361451,24.978067121910353],[121.55289661629101,24.978071160674727],[121.55291974405931,24.978078960946654],[121.55291787656962,24.978085517827047],[121.55298001323037,24.978081555816466]]]}},{"type":"Feature","properties":{"ID":"13966","MDATE":"5201710","code":"0F_139665","record":139665},"geometry":{"type":"Polygon","coordinates":[[[121.54752593625584,24.978088812126526],[121.5474865154994,24.978061971760194],[121.54747914978815,24.97807395215664],[121.5474512920817,24.978054779355986],[121.54742290387897,24.978099338496612],[121.54745075524646,24.97811707584341],[121.54744655554819,24.978123781167366],[121.54748334238353,24.9781463067216],[121.54752593625584,24.978088812126526]]]}},{"type":"Feature","properties":{"ID":"13973","MDATE":"8201710","code":"0F_139738","record":139738},"geometry":{"type":"Polygon","coordinates":[[[121.55142810310421,24.978739258702316],[121.551543058246,24.978672949906155],[121.55155232784364,24.978697344950394],[121.55161178896152,24.978666781030704],[121.55163262913214,24.97864686892892],[121.5516018634685,24.978632558530443],[121.55160610642842,24.978618934633527],[121.55134354701262,24.97845698135728],[121.55135425719536,24.97843409408307],[121.5514268927328,24.97847608433932],[121.55144142482422,24.978462464788535],[121.55146878456101,24.978436822759544],[121.55152007245024,24.97838875549572],[121.55154202325572,24.978405396225373],[121.55150867295899,24.978458804966692],[121.55150626740065,24.97846265717213],[121.55159800595304,24.97852167509459],[121.55161123116585,24.978507515967436],[121.55167136065967,24.978443131770657],[121.55169972619908,24.97848053250534],[121.5517276380736,24.978523926921465],[121.55173970519567,24.978535068146414],[121.55174487051282,24.978527945636944],[121.5517743830363,24.978548442247018],[121.55181292688773,24.978512499998285],[121.55182781562655,24.978490458500346],[121.55187800273616,24.978391879785303],[121.55190493902299,24.978403487735076],[121.55232859701677,24.978597285522312],[121.55230393337798,24.978633114142337],[121.55236880708294,24.97866536240997],[121.55239638755688,24.978610409391955],[121.55243742919585,24.97862664153298],[121.55248644105963,24.978532925045474],[121.55252963399057,24.978549153696132],[121.55254959061593,24.97851284233884],[121.5525517331332,24.978508426831187],[121.5526063679168,24.978531499714553],[121.55267455806968,24.978415323019398],[121.55275032308062,24.97844779794509],[121.55276839902943,24.978412224820982],[121.55278670510151,24.978421999413353],[121.55277464982889,24.97844371269784],[121.55287451190598,24.97849097658089],[121.55282884918643,24.978578928003248],[121.55282697728178,24.97858383274082],[121.55292305166024,24.97861995090744],[121.55295143328802,24.978626031662657],[121.55300286038243,24.978466618779226],[121.55300147171056,24.978445540415237],[121.55291842693205,24.978403151706683],[121.55293355168847,24.97837101571396],[121.55297365661274,24.97838908751769],[121.55297579812223,24.978384672007813],[121.55300607943597,24.978398960446384],[121.55301799255778,24.978373815155575],[121.55298677171243,24.97836050976534],[121.55302816144194,24.978286781813452],[121.55301241610113,24.978280190109764],[121.55303210587347,24.97824449269347],[121.55301353389315,24.978235944242858],[121.55304648168547,24.978175957828437],[121.5530375860293,24.978171258281712],[121.553048905336,24.978151326261084],[121.5529354911102,24.978101250862693],[121.55292751932859,24.97811468821205],[121.55279882323072,24.97805642399236],[121.55281496684071,24.97802709741178],[121.55275236844106,24.977998390772175],[121.55274752426341,24.97799711230061],[121.55273265926877,24.97802686567687],[121.55261021912321,24.977969695766216],[121.55261879955658,24.977956808700167],[121.55252442852967,24.97791228057233],[121.55251303008157,24.977927807996288],[121.55249451957609,24.97791925564011],[121.55250129181641,24.97791023393397],[121.55246972680958,24.97789722944443],[121.55247428077904,24.977888517508266],[121.55239169089253,24.97785028338483],[121.55238056757965,24.977868873944928],[121.55231890836052,24.977839064004115],[121.55232667143584,24.977821459146575],[121.55237636892127,24.97782333780259],[121.55237524691121,24.97780139534597],[121.55224596543147,24.977783649502655],[121.55215304730923,24.977758364744187],[121.55214167788502,24.977755748086903],[121.55201729628953,24.97798888620651],[121.55208534680345,24.97801997354497],[121.55199637488008,24.9781758778847],[121.55198172364125,24.97816963140724],[121.5520298014021,24.978105190611178],[121.5520204431251,24.978096688239905],[121.55207098537211,24.978024521906715],[121.55197128790303,24.977966035729775],[121.55212645873804,24.977764740597884],[121.55201710012288,24.97770019623094],[121.55197818745539,24.977747323113498],[121.55194071449851,24.977721678370987],[121.55194804163976,24.977712258295885],[121.5518925801436,24.97768048234445],[121.5518656978273,24.97771207225674],[121.55181158326381,24.977676709802964],[121.55172452225553,24.977802464502933],[121.55166914673315,24.977763747279973],[121.55168641893704,24.977728464354204],[121.55161430282615,24.97768115017602],[121.55142858415167,24.97772007127496],[121.55141002760757,24.977727406756287],[121.55139898962798,24.97773894320672],[121.55141982226993,24.977796567037466],[121.55191704166826,24.97814320904475],[121.55189115388933,24.978174397132953],[121.55185073733617,24.978149689568838],[121.55182998318185,24.97817576492486],[121.5516903149605,24.978085021764215],[121.55149678057339,24.97795415983651],[121.55148900270251,24.977965578593412],[121.55137052208474,24.9781164331129],[121.55135597557873,24.978108117828032],[121.55138474658631,24.978066434725154],[121.55148361534707,24.977963318019217],[121.55132440293406,24.977837941609568],[121.55132795426736,24.977831374904294],[121.55125547072504,24.977781826532677],[121.55124366452286,24.977797237101417],[121.551228505358,24.97778567302016],[121.55121460597026,24.97779789806284],[121.5511589634353,24.977759238513524],[121.55114386023138,24.977774715442884],[121.55108605192234,24.97772968095064],[121.5510447641731,24.977769115336933],[121.55103175932359,24.97775822218545],[121.55088397926782,24.977922921097235],[121.5508981950209,24.97793393527479],[121.55082149373392,24.978020372208267],[121.55097457473354,24.978135484217123],[121.55099767990508,24.978127764516525],[121.55101593479911,24.97814344124462],[121.5509901999934,24.978171662853867],[121.55105243572908,24.978176139926447],[121.55109144443112,24.978135126814916],[121.55109801269707,24.978124758017678],[121.55111894793892,24.978136674507567],[121.55112680183035,24.978130532463606],[121.55114215245415,24.97814037507343],[121.55118415857632,24.9780994248785],[121.55123466181591,24.978135441923893],[121.5512235810802,24.97814183425882],[121.5511950808741,24.978146233529074],[121.55111351424809,24.97817542011603],[121.55108246182351,24.97821304440975],[121.5510836976524,24.97822566846528],[121.55108294008349,24.978226369146874],[121.55107014224275,24.97823819376344],[121.55106529844313,24.978237221291206],[121.55106612818668,24.97821756927583],[121.55106596139959,24.978217482319433],[121.55105765973167,24.97821737490024],[121.55105730526545,24.978212950594397],[121.55105593469085,24.978195864404316],[121.55099879921238,24.978182326738008],[121.55098503093542,24.97817906432266],[121.55097429578132,24.978190114808235],[121.55094508783839,24.978177475945802],[121.55094300516524,24.97818244192929],[121.55074070438134,24.978060196338774],[121.55073448482541,24.978067912252808],[121.55064582704684,24.97817790811966],[121.55064430078151,24.97819173411086],[121.55063580873896,24.978191803421506],[121.55063118961182,24.978200817988093],[121.55063407460477,24.978230834171285],[121.55067412075782,24.978257602767233],[121.55067131074561,24.978263611483072],[121.55075475076895,24.978311323015514],[121.55080805320125,24.978346034310423],[121.55080673612682,24.978354556372224],[121.55087692476627,24.97840118108867],[121.55088450522916,24.97839479721031],[121.55092721761032,24.978413716701006],[121.55091643284253,24.978430764790318],[121.55096360557366,24.978457523198507],[121.55142810310421,24.978739258702316]]]}},{"type":"Feature","properties":{"ID":"13976","MDATE":"1201710","code":"0F_139761","record":139761},"geometry":{"type":"Polygon","coordinates":[[[121.54488197864826,24.978765187421175],[121.5449805258885,24.978628562195524],[121.54501056134099,24.97864415333135],[121.54513217312976,24.97846356213938],[121.5451144737325,24.97845533453508],[121.54518955542467,24.978355292790173],[121.54510130717233,24.978297558160957],[121.54514273711331,24.97824044587141],[121.54522994119881,24.978294539617508],[121.54530881741786,24.978199257146027],[121.54532035748319,24.978208032734667],[121.54545115355708,24.97802754703336],[121.54543428406214,24.978014119782454],[121.54549705850023,24.97792821958504],[121.54550738929538,24.977914082424064],[121.54549696842794,24.977907768350185],[121.5454195165988,24.9778608444482],[121.54545920991369,24.9778064234144],[121.54549662058912,24.977828790091756],[121.54554560475346,24.977858076915297],[121.54564284616806,24.9777210528691],[121.54568714149637,24.977658633092815],[121.54564242649064,24.977625788013597],[121.54560996468507,24.97760194519198],[121.54562492422784,24.97757663583334],[121.54549517215553,24.97750013847823],[121.5454309615258,24.977462282755592],[121.54543418201892,24.977405934134733],[121.54548070415683,24.977418684931802],[121.54548014182207,24.977365440512855],[121.54547147714676,24.97731460378942],[121.54544780574295,24.97727161154102],[121.54540696793192,24.977226686008922],[121.54535757408031,24.977197417787],[121.54530605754002,24.977181842254833],[121.54524383394562,24.977179970970123],[121.54518807365042,24.977193736309243],[121.54515805946224,24.977207466992073],[121.5451259115687,24.97722902299026],[121.54508305589005,24.97726232773163],[121.54498887309391,24.97739739826919],[121.54502538122576,24.977418861037588],[121.5447105279422,24.977850636737525],[121.54465431424384,24.977815818132736],[121.54464692561848,24.97781137616851],[121.54464228927615,24.97780440528769],[121.5446373052519,24.97779044786152],[121.54463721165654,24.977773673835845],[121.54466370960095,24.977738312960803],[121.54458795909626,24.977688880443043],[121.54449644604378,24.97761302487319],[121.544567991518,24.97754773810455],[121.54442922233049,24.977447973278192],[121.54444650677227,24.97742000314715],[121.54445446483714,24.977394476689415],[121.54445040708953,24.977358029371928],[121.54444102620118,24.977326449625096],[121.54441274693778,24.977297049664468],[121.54437943034344,24.97727624576715],[121.54435265260182,24.977269363830917],[121.54430987793928,24.97726857923613],[121.54425901458319,24.977288847185434],[121.54384740118472,24.977644411833296],[121.54410369436303,24.9778758596624],[121.5441945748822,24.97779496681716],[121.54423450192613,24.97782860366521],[121.54426125811509,24.97780396830476],[121.54427436792099,24.977815676957103],[121.54433893998677,24.97775675353609],[121.54436415967642,24.977777793743854],[121.54448731180639,24.97766817168591],[121.54455165437857,24.977726236234524],[121.54459442749823,24.97774757613489],[121.54459049635155,24.977759065315126],[121.54458786725776,24.977782846127894],[121.5445882678867,24.977799619032368],[121.54459329381635,24.97782085302422],[121.54460196232114,24.97783479699536],[121.54462600117785,24.97785510386774],[121.54458459996427,24.97791373965644],[121.5446141359234,24.977929539446347],[121.54456178970716,24.97800612712127],[121.54464612390596,24.97805467964639],[121.54463576218676,24.978067871557545],[121.54467648123332,24.97809146966043],[121.54463705905805,24.9781458567926],[121.54471135508395,24.978189936364195],[121.5446448648869,24.97828273708636],[121.54468484844338,24.978350544375612],[121.54463623611586,24.97841743480454],[121.54470621746623,24.97845918641775],[121.54470654051576,24.978486687794557],[121.54472071921161,24.978506062845415],[121.54474094121024,24.978515852262174],[121.54453199390963,24.97881202665429],[121.54478170111801,24.978959053072188],[121.54490987336646,24.97877687629317],[121.54488197864826,24.978765187421175]]]}},{"type":"Feature","properties":{"ID":"13977","MDATE":"9201710","code":"0F_139779","record":139779},"geometry":{"type":"Polygon","coordinates":[[[121.54966249476135,24.97907741695517],[121.54968986617462,24.979042240536927],[121.54970872116905,24.979053430005923],[121.54971864827732,24.97903992512],[121.54974592598708,24.979058396330945],[121.5497667889436,24.979031261852775],[121.54977244502741,24.97903425729398],[121.54990843739381,24.978866038662723],[121.5502499182647,24.97844939250191],[121.55022624464281,24.97843040158659],[121.55030932045322,24.97832883453931],[121.550299876672,24.978256481421607],[121.55020074895906,24.978189210228653],[121.55006642277655,24.978326889643338],[121.5500427110657,24.978357966458844],[121.549968642368,24.978447250659542],[121.54996405578358,24.978443085737478],[121.54990237420985,24.97849964213079],[121.54989779037425,24.978496765518937],[121.54984689204775,24.97855888768218],[121.54980210796711,24.978616337743542],[121.54978991159682,24.97861040519785],[121.54967297780746,24.978752871813377],[121.54966392471891,24.97874660354616],[121.54995144003554,24.9783616646591],[121.54983351360936,24.978287580438096],[121.54983939134941,24.978278934113778],[121.54977506678561,24.978240564300563],[121.54978478020509,24.97822824830799],[121.54953814606894,24.978078394888367],[121.5494329673762,24.978216153089445],[121.54933367871438,24.978164068221577],[121.54938118548073,24.978100991819097],[121.54933438566165,24.978067092034795],[121.5492868722819,24.97813158316432],[121.54901723048465,24.977965933124477],[121.54908397607804,24.977885374138076],[121.54890195231322,24.977741165129498],[121.5487557263756,24.977905403927224],[121.54868888373119,24.977867743499555],[121.54863441529471,24.977837053271724],[121.54859614815794,24.97788464908384],[121.54861456916038,24.97789161510245],[121.54834993942715,24.978187909715263],[121.54843609671738,24.978254483279066],[121.54845364700323,24.978233683617766],[121.54847346679924,24.978248745496888],[121.54848099350087,24.97824272035634],[121.54850749596152,24.978266483368884],[121.54848747954202,24.978287317396166],[121.5485809053193,24.978359529297602],[121.54859593562445,24.97834181661031],[121.54863544244711,24.978369006654134],[121.54885262107291,24.978139979380238],[121.54889315433017,24.97817215635729],[121.54890130960315,24.9781772254266],[121.54886647206074,24.978206396579466],[121.54883075001052,24.978254568098464],[121.5488416208318,24.978327284413012],[121.54894454940573,24.97839567645157],[121.54897233649424,24.97837851347718],[121.54906996986337,24.97844238827761],[121.54905935590082,24.97846495724622],[121.54909320115578,24.97848452296513],[121.5490639597321,24.978521501876607],[121.54905196890996,24.978516346741966],[121.54900574916925,24.978567295245266],[121.54903499475982,24.978592470892607],[121.54893225329096,24.978720093744343],[121.5488523479571,24.9786713199901],[121.54895574300153,24.978550806287537],[121.54874647853433,24.978381627124783],[121.54850568307532,24.978645277646088],[121.54844500060175,24.978602183839172],[121.54839319129952,24.978650449696186],[121.54845813747248,24.978694363835018],[121.54846887313685,24.978683143796275],[121.54869045198339,24.978845293773052],[121.5487487199964,24.97877798433586],[121.54884331417351,24.978835465878632],[121.54883161348288,24.978855331281395],[121.54888527846967,24.978890563759897],[121.54887535782564,24.97890442788963],[121.54893150022558,24.97894551141861],[121.54911927857792,24.978694535344847],[121.5491394007291,24.978706939924695],[121.54917189194951,24.97865812389674],[121.54911517161256,24.978625184206866],[121.54914949188982,24.97857874668797],[121.54918395330088,24.97860234029696],[121.54917101462986,24.978619088342892],[121.54955856234571,24.978856452768493],[121.54953904954452,24.978886521814996],[121.54943102681817,24.978821175240864],[121.54941363885712,24.978836348049388],[121.54920487227763,24.978707997696496],[121.54921452689992,24.978692899469895],[121.54918751693359,24.9786735694935],[121.5491634967494,24.978707517369685],[121.54932230469446,24.978805352581446],[121.54941617625767,24.97886465560076],[121.54952290446707,24.978932460822037],[121.54952036622589,24.978940803203216],[121.54951188257576,24.9789365253472],[121.54950357158114,24.978951069721788],[121.54951581544354,24.97895252142576],[121.54951857053385,24.978950860909013],[121.54953163672249,24.978959729845155],[121.54952044158927,24.978978325877783],[121.54966249476135,24.97907741695517]]]}},{"type":"Feature","properties":{"ID":"13995","MDATE":"1201710","code":"0F_139951","record":139951},"geometry":{"type":"Polygon","coordinates":[[[121.54822118611757,24.9805767258191],[121.5483226562887,24.980563470889226],[121.54833817466013,24.98056107004258],[121.54837563539262,24.98055551431297],[121.54834307692327,24.980331396590707],[121.54831564143225,24.980230550723483],[121.54836574117071,24.98026043014711],[121.54833803432581,24.980292026980695],[121.54835214106654,24.980368559351103],[121.54841259981315,24.980412608277675],[121.54840791965385,24.980420197449913],[121.54845815927541,24.980453012291626],[121.54849147782828,24.980409910015148],[121.54856011262892,24.98045003220695],[121.54872214487625,24.980242597804978],[121.54876594280498,24.980263895543594],[121.54922344604914,24.979705546630747],[121.54964314113839,24.979194016989027],[121.54962607971554,24.97918055481901],[121.54963978793161,24.979162678080232],[121.5495588893408,24.9791015758772],[121.54949702104045,24.979050305541474],[121.54950596003361,24.979033534305223],[121.5494426629324,24.978984812457128],[121.54948531473696,24.97893292902374],[121.54916511272606,24.97870874737083],[121.54893745430127,24.978959876796527],[121.54919889673641,24.979193375102238],[121.54921302041221,24.979182732059563],[121.54927489505617,24.979237676961972],[121.54923325234421,24.97928843892511],[121.54925161081053,24.979296659106122],[121.54920304571735,24.979344553052666],[121.54919319408754,24.979336231983662],[121.54915740934207,24.97935779773974],[121.54912166056906,24.97939373442324],[121.54900171695765,24.97952386466389],[121.54899661592859,24.979528776742704],[121.54901278290906,24.9795422359616],[121.5490145353926,24.979544316819034],[121.54900406791923,24.97955548986395],[121.54898204933785,24.97954118279688],[121.54896461404368,24.97956425900317],[121.54895431096635,24.979557104218607],[121.54893129969112,24.979583192912433],[121.54894334796194,24.979588996066887],[121.54886916065867,24.979680021700737],[121.54888706911554,24.979690841896353],[121.5488459487647,24.97974019343011],[121.54882736695247,24.979729190632927],[121.54877390842131,24.979795171485524],[121.54875027103719,24.979778108626544],[121.54874699356266,24.97978706312059],[121.54874518162542,24.97980218930105],[121.54871544248253,24.979834454554634],[121.54844583451542,24.980043261046717],[121.54831140405241,24.980138816467754],[121.54831448161694,24.98018626722121],[121.5481633874946,24.98024258957074],[121.54810352919183,24.98029030624241],[121.54811122657046,24.980297300040995],[121.54796085174603,24.980439009037756],[121.54794854363806,24.980432021359842],[121.54787797191385,24.98050637078257],[121.54784237762577,24.980557012608532],[121.54791513011952,24.980572357441844],[121.547937947629,24.98057447006111],[121.54793773225043,24.980566982875114],[121.54801193995733,24.98057676726401],[121.5480931660476,24.980582234692328],[121.54822118611757,24.9805767258191]]]}},{"type":"Feature","properties":{"ID":"14009","MDATE":"6201710","code":"0F_140096","record":140096},"geometry":{"type":"Polygon","coordinates":[[[121.54739117608709,24.98176533471835],[121.54769812266487,24.981629986069933],[121.54770477467022,24.98161649787478],[121.54770161073371,24.98160524052776],[121.54767868711775,24.98160381440732],[121.54766504796731,24.981576064969154],[121.54766365572607,24.981574589465968],[121.54764218493598,24.981582737806004],[121.54763522501176,24.981571170302924],[121.54757476922475,24.98159685296493],[121.54756007219751,24.98159395929414],[121.54751056489152,24.98161481674086],[121.54750859862392,24.981625320138132],[121.54740653383615,24.981669420604813],[121.54736931659298,24.981661578274295],[121.54736341058636,24.981650906995284],[121.54733693276432,24.981644041762305],[121.54730275939067,24.98163867278606],[121.54729284908022,24.981647119860767],[121.54717156476673,24.98162314964912],[121.54716439992606,24.98160980612923],[121.54710822422481,24.981599445900777],[121.54709642580092,24.981609192734503],[121.54697328168008,24.98158371787315],[121.54696612829534,24.98157296268241],[121.54690747446942,24.98156239751017],[121.54689921516119,24.981573054013662],[121.54684213563898,24.981562352126183],[121.54680289001347,24.98163439217832],[121.54680032575357,24.98165013049949],[121.54684836941563,24.981659820114377],[121.54684500567781,24.981672385255443],[121.54709166239974,24.981722625019327],[121.54710493920538,24.98172084644977],[121.54713298036705,24.981720833725497],[121.54732818827051,24.981764987492625],[121.54733349540031,24.981754902465084],[121.54739117608709,24.98176533471835]]]}},{"type":"Feature","properties":{"ID":"14010","MDATE":"3201710","code":"0F_140103","record":140103},"geometry":{"type":"Polygon","coordinates":[[[121.55065536556857,24.981723914658517],[121.55060802284427,24.981706642720493],[121.55056533829779,24.981803841743044],[121.55061268104988,24.981821112791074],[121.55065536556857,24.981723914658517]]]}}]}