{
  "type": "FeatureCollection",
  "name": "CWA_active_typhoon_track",
  "generated": "2026-08-05T13:41:11.674Z",
  "source": "CWA W-C0034-005",
  "typhoon": {
    "year": "2026",
    "name": "白海豚",
    "intlName": "DOLPHIN",
    "cwaTdNo": "14",
    "cwaTyNo": "13",
    "latestAnalysisTime": "2026-08-05T14:00:00+08:00"
  },
  "features": [
    {
      "type": "Feature",
      "properties": {
        "kind": "analysis-track",
        "name": "白海豚",
        "intlName": "DOLPHIN",
        "label": "DOLPHIN 白海豚 分析路徑"
      },
      "geometry": {
        "type": "LineString",
        "coordinates": [
          [
            179.8,
            12.9
          ],
          [
            178.4,
            12.9
          ],
          [
            177,
            13.3
          ],
          [
            175.1,
            13.6
          ],
          [
            173.5,
            13.5
          ],
          [
            172.7,
            13
          ],
          [
            171.6,
            13.2
          ],
          [
            170.7,
            13.5
          ],
          [
            169.9,
            13.7
          ],
          [
            169.1,
            14.1
          ],
          [
            168.2,
            14.7
          ],
          [
            167.6,
            15.2
          ],
          [
            166.7,
            15.8
          ],
          [
            165.7,
            16.4
          ],
          [
            164.9,
            16.7
          ],
          [
            163.8,
            17.4
          ],
          [
            163,
            17.8
          ],
          [
            161.9,
            18.2
          ],
          [
            160.9,
            18.6
          ],
          [
            160.1,
            19.1
          ],
          [
            159.1,
            19.8
          ],
          [
            158.3,
            20.1
          ],
          [
            157.5,
            20.8
          ],
          [
            156.2,
            21.5
          ],
          [
            155,
            22.1
          ],
          [
            153.4,
            22.7
          ],
          [
            152.2,
            23.2
          ],
          [
            150.8,
            23.5
          ],
          [
            149.5,
            23.9
          ],
          [
            148.4,
            24.3
          ],
          [
            147.2,
            24.9
          ],
          [
            145.6,
            25
          ],
          [
            144.1,
            25.1
          ],
          [
            143.1,
            25.1
          ],
          [
            141.9,
            25.3
          ],
          [
            140.6,
            25.2
          ],
          [
            139.3,
            25.3
          ],
          [
            138.2,
            25.5
          ],
          [
            137.2,
            25.7
          ]
        ]
      }
    },
    {
      "type": "Feature",
      "properties": {
        "kind": "forecast-track",
        "name": "白海豚",
        "intlName": "DOLPHIN",
        "label": "DOLPHIN 白海豚 預報路徑",
        "initialTime": "2026-08-05T14:00:00+08:00"
      },
      "geometry": {
        "type": "LineString",
        "coordinates": [
          [
            137.2,
            25.7
          ],
          [
            135.9,
            25.8
          ],
          [
            134.6,
            26
          ],
          [
            133.4,
            26.2
          ],
          [
            132.3,
            26.4
          ],
          [
            129.9,
            26.8
          ],
          [
            127.8,
            27.1
          ],
          [
            125.2,
            27.4
          ],
          [
            123.3,
            27.8
          ],
          [
            120.3,
            28.9
          ]
        ]
      }
    },
    {
      "type": "Feature",
      "properties": {
        "kind": "analysis-center",
        "name": "白海豚",
        "intlName": "DOLPHIN",
        "frameIndex": 0,
        "datetime": "2026-07-27T02:00:00+08:00",
        "maxWindSpeed_ms": "15",
        "pressure_hpa": "1004",
        "label": "DOLPHIN 白海豚 分析位置"
      },
      "geometry": {
        "type": "Point",
        "coordinates": [
          179.8,
          12.9
        ]
      }
    },
    {
      "type": "Feature",
      "properties": {
        "kind": "analysis-center",
        "name": "白海豚",
        "intlName": "DOLPHIN",
        "frameIndex": 1,
        "datetime": "2026-07-27T08:00:00+08:00",
        "maxWindSpeed_ms": "15",
        "pressure_hpa": "1004",
        "label": "DOLPHIN 白海豚 分析位置"
      },
      "geometry": {
        "type": "Point",
        "coordinates": [
          178.4,
          12.9
        ]
      }
    },
    {
      "type": "Feature",
      "properties": {
        "kind": "analysis-center",
        "name": "白海豚",
        "intlName": "DOLPHIN",
        "frameIndex": 2,
        "datetime": "2026-07-27T14:00:00+08:00",
        "maxWindSpeed_ms": "18",
        "pressure_hpa": "998",
        "label": "DOLPHIN 白海豚 分析位置"
      },
      "geometry": {
        "type": "Point",
        "coordinates": [
          177,
          13.3
        ]
      }
    },
    {
      "type": "Feature",
      "properties": {
        "kind": "analysis-15ms-circle",
        "name": "白海豚",
        "intlName": "DOLPHIN",
        "datetime": "2026-07-27T14:00:00+08:00",
        "radius_km": "80",
        "circle15ms_km": "80",
        "label": "DOLPHIN 白海豚 7級風暴風圈"
      },
      "geometry": {
        "type": "Polygon",
        "coordinates": [
          [
            [
              177,
              14.019457
            ],
            [
              177.064627,
              14.016711
            ],
            [
              177.128759,
              14.008494
            ],
            [
              177.191901,
              13.994869
            ],
            [
              177.25357,
              13.975941
            ],
            [
              177.313292,
              13.951855
            ],
            [
              177.37061,
              13.922797
            ],
            [
              177.425085,
              13.888988
            ],
            [
              177.476301,
              13.850688
            ],
            [
              177.523866,
              13.808191
            ],
            [
              177.56742,
              13.761823
            ],
            [
              177.60663,
              13.711939
            ],
            [
              177.641199,
              13.65892
            ],
            [
              177.670867,
              13.603171
            ],
            [
              177.69541,
              13.545119
            ],
            [
              177.714645,
              13.485208
            ],
            [
              177.728429,
              13.423893
            ],
            [
              177.736661,
              13.361643
            ],
            [
              177.739284,
              13.298932
            ],
            [
              177.73628,
              13.236237
            ],
            [
              177.727678,
              13.174036
            ],
            [
              177.713548,
              13.1128
            ],
            [
              177.693999,
              13.052995
            ],
            [
              177.669186,
              12.995075
            ],
            [
              177.639298,
              12.939479
            ],
            [
              177.604567,
              12.886628
            ],
            [
              177.565259,
              12.836923
            ],
            [
              177.521672,
              12.790741
            ],
            [
              177.47414,
              12.74843
            ],
            [
              177.423023,
              12.71031
            ],
            [
              177.368709,
              12.67667
            ],
            [
              177.311611,
              12.647763
            ],
            [
              177.252159,
              12.623809
            ],
            [
              177.190803,
              12.604988
            ],
            [
              177.128008,
              12.591441
            ],
            [
              177.064246,
              12.583273
            ],
            [
              177,
              12.580543
            ],
            [
              176.935754,
              12.583273
            ],
            [
              176.871992,
              12.591441
            ],
            [
              176.809197,
              12.604988
            ],
            [
              176.747841,
              12.623809
            ],
            [
              176.688389,
              12.647763
            ],
            [
              176.631291,
              12.67667
            ],
            [
              176.576977,
              12.71031
            ],
            [
              176.52586,
              12.74843
            ],
            [
              176.478328,
              12.790741
            ],
            [
              176.434741,
              12.836923
            ],
            [
              176.395433,
              12.886628
            ],
            [
              176.360702,
              12.939479
            ],
            [
              176.330814,
              12.995075
            ],
            [
              176.306001,
              13.052995
            ],
            [
              176.286452,
              13.1128
            ],
            [
              176.272322,
              13.174036
            ],
            [
              176.26372,
              13.236237
            ],
            [
              176.260716,
              13.298932
            ],
            [
              176.263339,
              13.361643
            ],
            [
              176.271571,
              13.423893
            ],
            [
              176.285355,
              13.485208
            ],
            [
              176.30459,
              13.545119
            ],
            [
              176.329133,
              13.603171
            ],
            [
              176.358801,
              13.65892
            ],
            [
              176.39337,
              13.711939
            ],
            [
              176.43258,
              13.761823
            ],
            [
              176.476134,
              13.808191
            ],
            [
              176.523699,
              13.850688
            ],
            [
              176.574915,
              13.888988
            ],
            [
              176.62939,
              13.922797
            ],
            [
              176.686708,
              13.951855
            ],
            [
              176.74643,
              13.975941
            ],
            [
              176.808099,
              13.994869
            ],
            [
              176.871241,
              14.008494
            ],
            [
              176.935373,
              14.016711
            ],
            [
              177,
              14.019457
            ]
          ]
        ]
      }
    },
    {
      "type": "Feature",
      "properties": {
        "kind": "analysis-center",
        "name": "白海豚",
        "intlName": "DOLPHIN",
        "frameIndex": 3,
        "datetime": "2026-07-27T20:00:00+08:00",
        "maxWindSpeed_ms": "18",
        "pressure_hpa": "998",
        "label": "DOLPHIN 白海豚 分析位置"
      },
      "geometry": {
        "type": "Point",
        "coordinates": [
          175.1,
          13.6
        ]
      }
    },
    {
      "type": "Feature",
      "properties": {
        "kind": "analysis-15ms-circle",
        "name": "白海豚",
        "intlName": "DOLPHIN",
        "datetime": "2026-07-27T20:00:00+08:00",
        "radius_km": "80",
        "circle15ms_km": "80",
        "label": "DOLPHIN 白海豚 7級風暴風圈"
      },
      "geometry": {
        "type": "Polygon",
        "coordinates": [
          [
            [
              175.1,
              14.319457
            ],
            [
              175.164713,
              14.316711
            ],
            [
              175.228929,
              14.308493
            ],
            [
              175.292154,
              14.294868
            ],
            [
              175.353904,
              14.275938
            ],
            [
              175.413704,
              14.251851
            ],
            [
              175.471097,
              14.22279
            ],
            [
              175.525642,
              14.188979
            ],
            [
              175.576923,
              14.150678
            ],
            [
              175.624549,
              14.108179
            ],
            [
              175.668156,
              14.061809
            ],
            [
              175.707414,
              14.011922
            ],
            [
              175.742025,
              13.958901
            ],
            [
              175.771727,
              13.90315
            ],
            [
              175.796298,
              13.845097
            ],
            [
              175.815553,
              13.785184
            ],
            [
              175.82935,
              13.723869
            ],
            [
              175.837589,
              13.661618
            ],
            [
              175.84021,
              13.598907
            ],
            [
              175.837198,
              13.536213
            ],
            [
              175.828581,
              13.474011
            ],
            [
              175.814429,
              13.412777
            ],
            [
              175.794852,
              13.352973
            ],
            [
              175.770004,
              13.295054
            ],
            [
              175.740077,
              13.23946
            ],
            [
              175.705301,
              13.186612
            ],
            [
              175.665942,
              13.136909
            ],
            [
              175.6223,
              13.090728
            ],
            [
              175.574709,
              13.048419
            ],
            [
              175.523529,
              13.010302
            ],
            [
              175.469149,
              12.976663
            ],
            [
              175.411982,
              12.947759
            ],
            [
              175.352458,
              12.923806
            ],
            [
              175.29103,
              12.904986
            ],
            [
              175.22816,
              12.891441
            ],
            [
              175.164322,
              12.883272
            ],
            [
              175.1,
              12.880543
            ],
            [
              175.035678,
              12.883272
            ],
            [
              174.97184,
              12.891441
            ],
            [
              174.90897,
              12.904986
            ],
            [
              174.847542,
              12.923806
            ],
            [
              174.788018,
              12.947759
            ],
            [
              174.730851,
              12.976663
            ],
            [
              174.676471,
              13.010302
            ],
            [
              174.625291,
              13.048419
            ],
            [
              174.5777,
              13.090728
            ],
            [
              174.534058,
              13.136909
            ],
            [
              174.494699,
              13.186612
            ],
            [
              174.459923,
              13.23946
            ],
            [
              174.429996,
              13.295054
            ],
            [
              174.405148,
              13.352973
            ],
            [
              174.385571,
              13.412777
            ],
            [
              174.371419,
              13.474011
            ],
            [
              174.362802,
              13.536213
            ],
            [
              174.35979,
              13.598907
            ],
            [
              174.362411,
              13.661618
            ],
            [
              174.37065,
              13.723869
            ],
            [
              174.384447,
              13.785184
            ],
            [
              174.403702,
              13.845097
            ],
            [
              174.428273,
              13.90315
            ],
            [
              174.457975,
              13.958901
            ],
            [
              174.492586,
              14.011922
            ],
            [
              174.531844,
              14.061809
            ],
            [
              174.575451,
              14.108179
            ],
            [
              174.623077,
              14.150678
            ],
            [
              174.674358,
              14.188979
            ],
            [
              174.728903,
              14.22279
            ],
            [
              174.786296,
              14.251851
            ],
            [
              174.846096,
              14.275938
            ],
            [
              174.907846,
              14.294868
            ],
            [
              174.971071,
              14.308493
            ],
            [
              175.035287,
              14.316711
            ],
            [
              175.1,
              14.319457
            ]
          ]
        ]
      }
    },
    {
      "type": "Feature",
      "properties": {
        "kind": "analysis-center",
        "name": "白海豚",
        "intlName": "DOLPHIN",
        "frameIndex": 4,
        "datetime": "2026-07-28T02:00:00+08:00",
        "maxWindSpeed_ms": "25",
        "pressure_hpa": "985",
        "label": "DOLPHIN 白海豚 分析位置"
      },
      "geometry": {
        "type": "Point",
        "coordinates": [
          173.5,
          13.5
        ]
      }
    },
    {
      "type": "Feature",
      "properties": {
        "kind": "analysis-15ms-circle",
        "name": "白海豚",
        "intlName": "DOLPHIN",
        "datetime": "2026-07-28T02:00:00+08:00",
        "radius_km": "100",
        "circle15ms_km": "100",
        "label": "DOLPHIN 白海豚 7級風暴風圈"
      },
      "geometry": {
        "type": "Polygon",
        "coordinates": [
          [
            [
              173.5,
              14.399322
            ],
            [
              173.580919,
              14.395886
            ],
            [
              173.661214,
              14.385607
            ],
            [
              173.740268,
              14.368562
            ],
            [
              173.817473,
              14.344883
            ],
            [
              173.892235,
              14.314752
            ],
            [
              173.96398,
              14.278402
            ],
            [
              174.032158,
              14.236112
            ],
            [
              174.096248,
              14.188206
            ],
            [
              174.155759,
              14.135054
            ],
            [
              174.210239,
              14.077062
            ],
            [
              174.259273,
              14.014676
            ],
            [
              174.302492,
              13.948374
            ],
            [
              174.339568,
              13.878663
            ],
            [
              174.370225,
              13.806077
            ],
            [
              174.394235,
              13.73117
            ],
            [
              174.411419,
              13.654515
            ],
            [
              174.421655,
              13.576696
            ],
            [
              174.424872,
              13.498306
            ],
            [
              174.42105,
              13.419941
            ],
            [
              174.410228,
              13.342198
            ],
            [
              174.392492,
              13.265668
            ],
            [
              174.367985,
              13.190931
            ],
            [
              174.336899,
              13.118553
            ],
            [
              174.299473,
              13.049085
            ],
            [
              174.255998,
              12.98305
            ],
            [
              174.206806,
              12.920949
            ],
            [
              174.152273,
              12.863252
            ],
            [
              174.092815,
              12.810393
            ],
            [
              174.028883,
              12.762773
            ],
            [
              173.960962,
              12.72075
            ],
            [
              173.889565,
              12.684642
            ],
            [
              173.815233,
              12.654721
            ],
            [
              173.738526,
              12.631211
            ],
            [
              173.660022,
              12.614291
            ],
            [
              173.580313,
              12.604088
            ],
            [
              173.5,
              12.600678
            ],
            [
              173.419687,
              12.604088
            ],
            [
              173.339978,
              12.614291
            ],
            [
              173.261474,
              12.631211
            ],
            [
              173.184767,
              12.654721
            ],
            [
              173.110435,
              12.684642
            ],
            [
              173.039038,
              12.72075
            ],
            [
              172.971117,
              12.762773
            ],
            [
              172.907185,
              12.810393
            ],
            [
              172.847727,
              12.863252
            ],
            [
              172.793194,
              12.920949
            ],
            [
              172.744002,
              12.98305
            ],
            [
              172.700527,
              13.049085
            ],
            [
              172.663101,
              13.118553
            ],
            [
              172.632015,
              13.190931
            ],
            [
              172.607508,
              13.265668
            ],
            [
              172.589772,
              13.342198
            ],
            [
              172.57895,
              13.419941
            ],
            [
              172.575128,
              13.498306
            ],
            [
              172.578345,
              13.576696
            ],
            [
              172.588581,
              13.654515
            ],
            [
              172.605765,
              13.73117
            ],
            [
              172.629775,
              13.806077
            ],
            [
              172.660432,
              13.878663
            ],
            [
              172.697508,
              13.948374
            ],
            [
              172.740727,
              14.014676
            ],
            [
              172.789761,
              14.077062
            ],
            [
              172.844241,
              14.135054
            ],
            [
              172.903752,
              14.188206
            ],
            [
              172.967842,
              14.236112
            ],
            [
              173.03602,
              14.278402
            ],
            [
              173.107765,
              14.314752
            ],
            [
              173.182527,
              14.344883
            ],
            [
              173.259732,
              14.368562
            ],
            [
              173.338786,
              14.385607
            ],
            [
              173.419081,
              14.395886
            ],
            [
              173.5,
              14.399322
            ]
          ]
        ]
      }
    },
    {
      "type": "Feature",
      "properties": {
        "kind": "analysis-center",
        "name": "白海豚",
        "intlName": "DOLPHIN",
        "frameIndex": 5,
        "datetime": "2026-07-28T08:00:00+08:00",
        "maxWindSpeed_ms": "28",
        "pressure_hpa": "980",
        "label": "DOLPHIN 白海豚 分析位置"
      },
      "geometry": {
        "type": "Point",
        "coordinates": [
          172.7,
          13
        ]
      }
    },
    {
      "type": "Feature",
      "properties": {
        "kind": "analysis-15ms-circle",
        "name": "白海豚",
        "intlName": "DOLPHIN",
        "datetime": "2026-07-28T08:00:00+08:00",
        "radius_km": "120",
        "circle15ms_km": "120",
        "label": "DOLPHIN 白海豚 7級風暴風圈"
      },
      "geometry": {
        "type": "Polygon",
        "coordinates": [
          [
            [
              172.7,
              14.079186
            ],
            [
              172.796963,
              14.075061
            ],
            [
              172.893177,
              14.062718
            ],
            [
              172.987902,
              14.042252
            ],
            [
              173.080406,
              14.01382
            ],
            [
              173.169978,
              13.977643
            ],
            [
              173.255928,
              13.934
            ],
            [
              173.337598,
              13.883225
            ],
            [
              173.414361,
              13.825711
            ],
            [
              173.485632,
              13.7619
            ],
            [
              173.550867,
              13.692282
            ],
            [
              173.609571,
              13.617393
            ],
            [
              173.6613,
              13.537805
            ],
            [
              173.705666,
              13.454131
            ],
            [
              173.742337,
              13.367009
            ],
            [
              173.771041,
              13.277107
            ],
            [
              173.791568,
              13.185111
            ],
            [
              173.803771,
              13.091722
            ],
            [
              173.807566,
              12.997654
            ],
            [
              173.802934,
              12.903621
            ],
            [
              173.789921,
              12.810338
            ],
            [
              173.768633,
              12.718515
            ],
            [
              173.739241,
              12.628847
            ],
            [
              173.701977,
              12.542015
            ],
            [
              173.657129,
              12.458675
            ],
            [
              173.605045,
              12.379458
            ],
            [
              173.546123,
              12.304964
            ],
            [
              173.480815,
              12.235753
            ],
            [
              173.409618,
              12.172349
            ],
            [
              173.333072,
              12.115231
            ],
            [
              173.251757,
              12.064827
            ],
            [
              173.166288,
              12.021518
            ],
            [
              173.07731,
              11.985631
            ],
            [
              172.985493,
              11.957434
            ],
            [
              172.89153,
              11.937141
            ],
            [
              172.796126,
              11.924903
            ],
            [
              172.7,
              11.920814
            ],
            [
              172.603874,
              11.924903
            ],
            [
              172.50847,
              11.937141
            ],
            [
              172.414507,
              11.957434
            ],
            [
              172.32269,
              11.985631
            ],
            [
              172.233712,
              12.021518
            ],
            [
              172.148243,
              12.064827
            ],
            [
              172.066928,
              12.115231
            ],
            [
              171.990382,
              12.172349
            ],
            [
              171.919185,
              12.235753
            ],
            [
              171.853877,
              12.304964
            ],
            [
              171.794955,
              12.379458
            ],
            [
              171.742871,
              12.458675
            ],
            [
              171.698023,
              12.542015
            ],
            [
              171.660759,
              12.628847
            ],
            [
              171.631367,
              12.718515
            ],
            [
              171.610079,
              12.810338
            ],
            [
              171.597066,
              12.903621
            ],
            [
              171.592434,
              12.997654
            ],
            [
              171.596229,
              13.091722
            ],
            [
              171.608432,
              13.185111
            ],
            [
              171.628959,
              13.277107
            ],
            [
              171.657663,
              13.367009
            ],
            [
              171.694334,
              13.454131
            ],
            [
              171.7387,
              13.537805
            ],
            [
              171.790429,
              13.617393
            ],
            [
              171.849133,
              13.692282
            ],
            [
              171.914368,
              13.7619
            ],
            [
              171.985639,
              13.825711
            ],
            [
              172.062402,
              13.883225
            ],
            [
              172.144072,
              13.934
            ],
            [
              172.230022,
              13.977643
            ],
            [
              172.319594,
              14.01382
            ],
            [
              172.412098,
              14.042252
            ],
            [
              172.506823,
              14.062718
            ],
            [
              172.603037,
              14.075061
            ],
            [
              172.7,
              14.079186
            ]
          ]
        ]
      }
    },
    {
      "type": "Feature",
      "properties": {
        "kind": "analysis-center",
        "name": "白海豚",
        "intlName": "DOLPHIN",
        "frameIndex": 6,
        "datetime": "2026-07-28T14:00:00+08:00",
        "maxWindSpeed_ms": "35",
        "pressure_hpa": "965",
        "label": "DOLPHIN 白海豚 分析位置"
      },
      "geometry": {
        "type": "Point",
        "coordinates": [
          171.6,
          13.2
        ]
      }
    },
    {
      "type": "Feature",
      "properties": {
        "kind": "analysis-15ms-circle",
        "name": "白海豚",
        "intlName": "DOLPHIN",
        "datetime": "2026-07-28T14:00:00+08:00",
        "radius_km": "120",
        "circle15ms_km": "120",
        "label": "DOLPHIN 白海豚 7級風暴風圈"
      },
      "geometry": {
        "type": "Polygon",
        "coordinates": [
          [
            [
              171.6,
              14.279186
            ],
            [
              171.697048,
              14.275061
            ],
            [
              171.793348,
              14.262717
            ],
            [
              171.888155,
              14.242249
            ],
            [
              171.98074,
              14.213816
            ],
            [
              172.070389,
              14.177637
            ],
            [
              172.156414,
              14.13399
            ],
            [
              172.238153,
              14.083213
            ],
            [
              172.31498,
              14.025696
            ],
            [
              172.386309,
              13.961881
            ],
            [
              172.451596,
              13.89226
            ],
            [
              172.510346,
              13.817367
            ],
            [
              172.562115,
              13.737777
            ],
            [
              172.606513,
              13.6541
            ],
            [
              172.643208,
              13.566976
            ],
            [
              172.67193,
              13.477072
            ],
            [
              172.692468,
              13.385074
            ],
            [
              172.704674,
              13.291685
            ],
            [
              172.708466,
              13.197616
            ],
            [
              172.703824,
              13.103584
            ],
            [
              172.690793,
              13.010302
            ],
            [
              172.669482,
              12.91848
            ],
            [
              172.640061,
              12.828814
            ],
            [
              172.602762,
              12.741984
            ],
            [
              172.557874,
              12.658647
            ],
            [
              172.505744,
              12.579433
            ],
            [
              172.446773,
              12.504942
            ],
            [
              172.381412,
              12.435735
            ],
            [
              172.310157,
              12.372334
            ],
            [
              172.23355,
              12.315218
            ],
            [
              172.152172,
              12.264818
            ],
            [
              172.066637,
              12.221512
            ],
            [
              171.977592,
              12.185626
            ],
            [
              171.885706,
              12.157432
            ],
            [
              171.791672,
              12.13714
            ],
            [
              171.696198,
              12.124903
            ],
            [
              171.6,
              12.120814
            ],
            [
              171.503802,
              12.124903
            ],
            [
              171.408328,
              12.13714
            ],
            [
              171.314294,
              12.157432
            ],
            [
              171.222408,
              12.185626
            ],
            [
              171.133363,
              12.221512
            ],
            [
              171.047828,
              12.264818
            ],
            [
              170.96645,
              12.315218
            ],
            [
              170.889843,
              12.372334
            ],
            [
              170.818588,
              12.435735
            ],
            [
              170.753227,
              12.504942
            ],
            [
              170.694256,
              12.579433
            ],
            [
              170.642126,
              12.658647
            ],
            [
              170.597238,
              12.741984
            ],
            [
              170.559939,
              12.828814
            ],
            [
              170.530518,
              12.91848
            ],
            [
              170.509207,
              13.010302
            ],
            [
              170.496176,
              13.103584
            ],
            [
              170.491534,
              13.197616
            ],
            [
              170.495326,
              13.291685
            ],
            [
              170.507532,
              13.385074
            ],
            [
              170.52807,
              13.477072
            ],
            [
              170.556792,
              13.566976
            ],
            [
              170.593487,
              13.6541
            ],
            [
              170.637885,
              13.737777
            ],
            [
              170.689654,
              13.817367
            ],
            [
              170.748404,
              13.89226
            ],
            [
              170.813691,
              13.961881
            ],
            [
              170.88502,
              14.025696
            ],
            [
              170.961847,
              14.083213
            ],
            [
              171.043586,
              14.13399
            ],
            [
              171.129611,
              14.177637
            ],
            [
              171.21926,
              14.213816
            ],
            [
              171.311845,
              14.242249
            ],
            [
              171.406652,
              14.262717
            ],
            [
              171.502952,
              14.275061
            ],
            [
              171.6,
              14.279186
            ]
          ]
        ]
      }
    },
    {
      "type": "Feature",
      "properties": {
        "kind": "analysis-25ms-circle",
        "name": "白海豚",
        "intlName": "DOLPHIN",
        "datetime": "2026-07-28T14:00:00+08:00",
        "radius_km": "40",
        "circle25ms_km": "40",
        "label": "DOLPHIN 白海豚 10級風暴風圈"
      },
      "geometry": {
        "type": "Polygon",
        "coordinates": [
          [
            [
              171.6,
              13.559729
            ],
            [
              171.632251,
              13.558358
            ],
            [
              171.664255,
              13.554255
            ],
            [
              171.695769,
              13.547453
            ],
            [
              171.72655,
              13.538003
            ],
            [
              171.756364,
              13.525977
            ],
            [
              171.784983,
              13.511467
            ],
            [
              171.812189,
              13.494585
            ],
            [
              171.837774,
              13.475458
            ],
            [
              171.861544,
              13.454233
            ],
            [
              171.883316,
              13.431073
            ],
            [
              171.902926,
              13.406153
            ],
            [
              171.920225,
              13.379665
            ],
            [
              171.935082,
              13.351809
            ],
            [
              171.947383,
              13.3228
            ],
            [
              171.957037,
              13.292857
            ],
            [
              171.963971,
              13.262209
            ],
            [
              171.968132,
              13.231089
            ],
            [
              171.969491,
              13.199735
            ],
            [
              171.968038,
              13.168385
            ],
            [
              171.963784,
              13.137277
            ],
            [
              171.956765,
              13.106649
            ],
            [
              171.947033,
              13.076733
            ],
            [
              171.934665,
              13.047756
            ],
            [
              171.919754,
              13.019938
            ],
            [
              171.902415,
              12.993491
            ],
            [
              171.88278,
              12.968616
            ],
            [
              171.860999,
              12.945502
            ],
            [
              171.837238,
              12.924323
            ],
            [
              171.811678,
              12.905241
            ],
            [
              171.784512,
              12.8884
            ],
            [
              171.755947,
              12.873928
            ],
            [
              171.7262,
              12.861935
            ],
            [
              171.695497,
              12.852511
            ],
            [
              171.664069,
              12.845729
            ],
            [
              171.632157,
              12.841638
            ],
            [
              171.6,
              12.840271
            ],
            [
              171.567843,
              12.841638
            ],
            [
              171.535931,
              12.845729
            ],
            [
              171.504503,
              12.852511
            ],
            [
              171.4738,
              12.861935
            ],
            [
              171.444053,
              12.873928
            ],
            [
              171.415488,
              12.8884
            ],
            [
              171.388322,
              12.905241
            ],
            [
              171.362762,
              12.924323
            ],
            [
              171.339001,
              12.945502
            ],
            [
              171.31722,
              12.968616
            ],
            [
              171.297585,
              12.993491
            ],
            [
              171.280246,
              13.019938
            ],
            [
              171.265335,
              13.047756
            ],
            [
              171.252967,
              13.076733
            ],
            [
              171.243235,
              13.106649
            ],
            [
              171.236216,
              13.137277
            ],
            [
              171.231962,
              13.168385
            ],
            [
              171.230509,
              13.199735
            ],
            [
              171.231868,
              13.231089
            ],
            [
              171.236029,
              13.262209
            ],
            [
              171.242963,
              13.292857
            ],
            [
              171.252617,
              13.3228
            ],
            [
              171.264918,
              13.351809
            ],
            [
              171.279775,
              13.379665
            ],
            [
              171.297074,
              13.406153
            ],
            [
              171.316684,
              13.431073
            ],
            [
              171.338456,
              13.454233
            ],
            [
              171.362226,
              13.475458
            ],
            [
              171.387811,
              13.494585
            ],
            [
              171.415017,
              13.511467
            ],
            [
              171.443636,
              13.525977
            ],
            [
              171.47345,
              13.538003
            ],
            [
              171.504231,
              13.547453
            ],
            [
              171.535745,
              13.554255
            ],
            [
              171.567749,
              13.558358
            ],
            [
              171.6,
              13.559729
            ]
          ]
        ]
      }
    },
    {
      "type": "Feature",
      "properties": {
        "kind": "analysis-center",
        "name": "白海豚",
        "intlName": "DOLPHIN",
        "frameIndex": 7,
        "datetime": "2026-07-28T20:00:00+08:00",
        "maxWindSpeed_ms": "40",
        "pressure_hpa": "950",
        "label": "DOLPHIN 白海豚 分析位置"
      },
      "geometry": {
        "type": "Point",
        "coordinates": [
          170.7,
          13.5
        ]
      }
    },
    {
      "type": "Feature",
      "properties": {
        "kind": "analysis-15ms-circle",
        "name": "白海豚",
        "intlName": "DOLPHIN",
        "datetime": "2026-07-28T20:00:00+08:00",
        "radius_km": "150",
        "circle15ms_km": "150",
        "label": "DOLPHIN 白海豚 7級風暴風圈"
      },
      "geometry": {
        "type": "Polygon",
        "coordinates": [
          [
            [
              170.7,
              14.848982
            ],
            [
              170.82162,
              14.843819
            ],
            [
              170.942297,
              14.828369
            ],
            [
              171.061097,
              14.802752
            ],
            [
              171.177101,
              14.767167
            ],
            [
              171.289412,
              14.721888
            ],
            [
              171.397164,
              14.667268
            ],
            [
              171.499529,
              14.603728
            ],
            [
              171.59572,
              14.531759
            ],
            [
              171.685001,
              14.451916
            ],
            [
              171.766694,
              14.364816
            ],
            [
              171.840178,
              14.27113
            ],
            [
              171.9049,
              14.171577
            ],
            [
              171.960374,
              14.066922
            ],
            [
              172.006189,
              13.957968
            ],
            [
              172.042009,
              13.84555
            ],
            [
              172.067573,
              13.730526
            ],
            [
              172.082703,
              13.613776
            ],
            [
              172.087299,
              13.496188
            ],
            [
              172.081342,
              13.378658
            ],
            [
              172.064892,
              13.262079
            ],
            [
              172.038088,
              13.147336
            ],
            [
              172.00115,
              13.035298
            ],
            [
              171.954368,
              12.926814
            ],
            [
              171.898109,
              12.822704
            ],
            [
              171.83281,
              12.723753
            ],
            [
              171.758971,
              12.630708
            ],
            [
              171.677159,
              12.54427
            ],
            [
              171.587996,
              12.46509
            ],
            [
              171.492158,
              12.393763
            ],
            [
              171.390372,
              12.330825
            ],
            [
              171.283403,
              12.276749
            ],
            [
              171.172058,
              12.231941
            ],
            [
              171.057175,
              12.196737
            ],
            [
              170.939614,
              12.171401
            ],
            [
              170.820257,
              12.156123
            ],
            [
              170.7,
              12.151018
            ],
            [
              170.579743,
              12.156123
            ],
            [
              170.460386,
              12.171401
            ],
            [
              170.342825,
              12.196737
            ],
            [
              170.227942,
              12.231941
            ],
            [
              170.116597,
              12.276749
            ],
            [
              170.009628,
              12.330825
            ],
            [
              169.907842,
              12.393763
            ],
            [
              169.812004,
              12.46509
            ],
            [
              169.722841,
              12.54427
            ],
            [
              169.641029,
              12.630708
            ],
            [
              169.56719,
              12.723753
            ],
            [
              169.501891,
              12.822704
            ],
            [
              169.445632,
              12.926814
            ],
            [
              169.39885,
              13.035298
            ],
            [
              169.361912,
              13.147336
            ],
            [
              169.335108,
              13.262079
            ],
            [
              169.318658,
              13.378658
            ],
            [
              169.312701,
              13.496188
            ],
            [
              169.317297,
              13.613776
            ],
            [
              169.332427,
              13.730526
            ],
            [
              169.357991,
              13.84555
            ],
            [
              169.393811,
              13.957968
            ],
            [
              169.439626,
              14.066922
            ],
            [
              169.4951,
              14.171577
            ],
            [
              169.559822,
              14.27113
            ],
            [
              169.633306,
              14.364816
            ],
            [
              169.714999,
              14.451916
            ],
            [
              169.80428,
              14.531759
            ],
            [
              169.900471,
              14.603728
            ],
            [
              170.002836,
              14.667268
            ],
            [
              170.110588,
              14.721888
            ],
            [
              170.222899,
              14.767167
            ],
            [
              170.338903,
              14.802752
            ],
            [
              170.457703,
              14.828369
            ],
            [
              170.57838,
              14.843819
            ],
            [
              170.7,
              14.848982
            ]
          ]
        ]
      }
    },
    {
      "type": "Feature",
      "properties": {
        "kind": "analysis-25ms-circle",
        "name": "白海豚",
        "intlName": "DOLPHIN",
        "datetime": "2026-07-28T20:00:00+08:00",
        "radius_km": "50",
        "circle25ms_km": "50",
        "label": "DOLPHIN 白海豚 10級風暴風圈"
      },
      "geometry": {
        "type": "Polygon",
        "coordinates": [
          [
            [
              170.7,
              13.949661
            ],
            [
              170.740381,
              13.947946
            ],
            [
              170.780452,
              13.942817
            ],
            [
              170.819908,
              13.93431
            ],
            [
              170.858446,
              13.922493
            ],
            [
              170.895772,
              13.907455
            ],
            [
              170.9316,
              13.889311
            ],
            [
              170.965657,
              13.8682
            ],
            [
              170.997683,
              13.844283
            ],
            [
              171.027432,
              13.817744
            ],
            [
              171.05468,
              13.788786
            ],
            [
              171.079219,
              13.757629
            ],
            [
              171.100862,
              13.724511
            ],
            [
              171.119446,
              13.689685
            ],
            [
              171.13483,
              13.653417
            ],
            [
              171.146899,
              13.615984
            ],
            [
              171.155561,
              13.577671
            ],
            [
              171.160753,
              13.53877
            ],
            [
              171.162437,
              13.499576
            ],
            [
              171.160602,
              13.46039
            ],
            [
              171.155263,
              13.421507
            ],
            [
              171.146463,
              13.383225
            ],
            [
              171.13427,
              13.345835
            ],
            [
              171.118779,
              13.309619
            ],
            [
              171.100108,
              13.274854
            ],
            [
              171.0784,
              13.241803
            ],
            [
              171.053822,
              13.210717
            ],
            [
              171.026561,
              13.181832
            ],
            [
              170.996824,
              13.155367
            ],
            [
              170.964838,
              13.131522
            ],
            [
              170.930846,
              13.110478
            ],
            [
              170.895105,
              13.092394
            ],
            [
              170.857886,
              13.077408
            ],
            [
              170.819473,
              13.065633
            ],
            [
              170.780154,
              13.057158
            ],
            [
              170.740229,
              13.052047
            ],
            [
              170.7,
              13.050339
            ],
            [
              170.659771,
              13.052047
            ],
            [
              170.619846,
              13.057158
            ],
            [
              170.580527,
              13.065633
            ],
            [
              170.542114,
              13.077408
            ],
            [
              170.504895,
              13.092394
            ],
            [
              170.469154,
              13.110478
            ],
            [
              170.435162,
              13.131522
            ],
            [
              170.403176,
              13.155367
            ],
            [
              170.373439,
              13.181832
            ],
            [
              170.346178,
              13.210717
            ],
            [
              170.3216,
              13.241803
            ],
            [
              170.299892,
              13.274854
            ],
            [
              170.281221,
              13.309619
            ],
            [
              170.26573,
              13.345835
            ],
            [
              170.253537,
              13.383225
            ],
            [
              170.244737,
              13.421507
            ],
            [
              170.239398,
              13.46039
            ],
            [
              170.237563,
              13.499576
            ],
            [
              170.239247,
              13.53877
            ],
            [
              170.244439,
              13.577671
            ],
            [
              170.253101,
              13.615984
            ],
            [
              170.26517,
              13.653417
            ],
            [
              170.280554,
              13.689685
            ],
            [
              170.299138,
              13.724511
            ],
            [
              170.320781,
              13.757629
            ],
            [
              170.34532,
              13.788786
            ],
            [
              170.372568,
              13.817744
            ],
            [
              170.402317,
              13.844283
            ],
            [
              170.434343,
              13.8682
            ],
            [
              170.4684,
              13.889311
            ],
            [
              170.504228,
              13.907455
            ],
            [
              170.541554,
              13.922493
            ],
            [
              170.580092,
              13.93431
            ],
            [
              170.619548,
              13.942817
            ],
            [
              170.659619,
              13.947946
            ],
            [
              170.7,
              13.949661
            ]
          ]
        ]
      }
    },
    {
      "type": "Feature",
      "properties": {
        "kind": "analysis-center",
        "name": "白海豚",
        "intlName": "DOLPHIN",
        "frameIndex": 8,
        "datetime": "2026-07-29T02:00:00+08:00",
        "maxWindSpeed_ms": "48",
        "pressure_hpa": "935",
        "label": "DOLPHIN 白海豚 分析位置"
      },
      "geometry": {
        "type": "Point",
        "coordinates": [
          169.9,
          13.7
        ]
      }
    },
    {
      "type": "Feature",
      "properties": {
        "kind": "analysis-15ms-circle",
        "name": "白海豚",
        "intlName": "DOLPHIN",
        "datetime": "2026-07-29T02:00:00+08:00",
        "radius_km": "200",
        "circle15ms_km": "200",
        "label": "DOLPHIN 白海豚 7級風暴風圈"
      },
      "geometry": {
        "type": "Polygon",
        "coordinates": [
          [
            [
              169.9,
              15.498643
            ],
            [
              170.062646,
              15.491744
            ],
            [
              170.224022,
              15.4711
            ],
            [
              170.382872,
              15.436872
            ],
            [
              170.537958,
              15.389328
            ],
            [
              170.688075,
              15.328838
            ],
            [
              170.832059,
              15.255874
            ],
            [
              170.968798,
              15.171003
            ],
            [
              171.097241,
              15.074886
            ],
            [
              171.216403,
              14.968268
            ],
            [
              171.325376,
              14.851975
            ],
            [
              171.423338,
              14.726907
            ],
            [
              171.509551,
              14.594029
            ],
            [
              171.583375,
              14.454365
            ],
            [
              171.644268,
              14.30899
            ],
            [
              171.691787,
              14.159018
            ],
            [
              171.725598,
              14.005598
            ],
            [
              171.745469,
              13.849903
            ],
            [
              171.751279,
              13.693119
            ],
            [
              171.74301,
              13.536439
            ],
            [
              171.720754,
              13.381053
            ],
            [
              171.684706,
              13.22814
            ],
            [
              171.635163,
              13.078856
            ],
            [
              171.572525,
              12.934328
            ],
            [
              171.497283,
              12.795647
            ],
            [
              171.410025,
              12.663856
            ],
            [
              171.311423,
              12.539946
            ],
            [
              171.202233,
              12.424848
            ],
            [
              171.083285,
              12.319425
            ],
            [
              170.955481,
              12.224466
            ],
            [
              170.819784,
              12.140683
            ],
            [
              170.677216,
              12.068702
            ],
            [
              170.528846,
              12.009061
            ],
            [
              170.375784,
              11.962205
            ],
            [
              170.219174,
              11.928485
            ],
            [
              170.060184,
              11.908151
            ],
            [
              169.9,
              11.901357
            ],
            [
              169.739816,
              11.908151
            ],
            [
              169.580826,
              11.928485
            ],
            [
              169.424216,
              11.962205
            ],
            [
              169.271154,
              12.009061
            ],
            [
              169.122784,
              12.068702
            ],
            [
              168.980216,
              12.140683
            ],
            [
              168.844519,
              12.224466
            ],
            [
              168.716715,
              12.319425
            ],
            [
              168.597767,
              12.424848
            ],
            [
              168.488577,
              12.539946
            ],
            [
              168.389975,
              12.663856
            ],
            [
              168.302717,
              12.795647
            ],
            [
              168.227475,
              12.934328
            ],
            [
              168.164837,
              13.078856
            ],
            [
              168.115294,
              13.22814
            ],
            [
              168.079246,
              13.381053
            ],
            [
              168.05699,
              13.536439
            ],
            [
              168.048721,
              13.693119
            ],
            [
              168.054531,
              13.849903
            ],
            [
              168.074402,
              14.005598
            ],
            [
              168.108213,
              14.159018
            ],
            [
              168.155732,
              14.30899
            ],
            [
              168.216625,
              14.454365
            ],
            [
              168.290449,
              14.594029
            ],
            [
              168.376662,
              14.726907
            ],
            [
              168.474624,
              14.851975
            ],
            [
              168.583597,
              14.968268
            ],
            [
              168.702759,
              15.074886
            ],
            [
              168.831202,
              15.171003
            ],
            [
              168.967941,
              15.255874
            ],
            [
              169.111925,
              15.328838
            ],
            [
              169.262042,
              15.389328
            ],
            [
              169.417128,
              15.436872
            ],
            [
              169.575978,
              15.4711
            ],
            [
              169.737354,
              15.491744
            ],
            [
              169.9,
              15.498643
            ]
          ]
        ]
      }
    },
    {
      "type": "Feature",
      "properties": {
        "kind": "analysis-25ms-circle",
        "name": "白海豚",
        "intlName": "DOLPHIN",
        "datetime": "2026-07-29T02:00:00+08:00",
        "radius_km": "110",
        "circle25ms_km": "110",
        "label": "DOLPHIN 白海豚 10級風暴風圈"
      },
      "geometry": {
        "type": "Polygon",
        "coordinates": [
          [
            [
              169.9,
              14.689254
            ],
            [
              169.989126,
              14.685473
            ],
            [
              170.077566,
              14.67416
            ],
            [
              170.164636,
              14.655403
            ],
            [
              170.249666,
              14.629345
            ],
            [
              170.332002,
              14.596187
            ],
            [
              170.411011,
              14.556186
            ],
            [
              170.486087,
              14.509649
            ],
            [
              170.556655,
              14.456934
            ],
            [
              170.622175,
              14.398447
            ],
            [
              170.682149,
              14.334636
            ],
            [
              170.736122,
              14.265993
            ],
            [
              170.783685,
              14.193044
            ],
            [
              170.82448,
              14.116347
            ],
            [
              170.858202,
              14.036489
            ],
            [
              170.884602,
              13.954081
            ],
            [
              170.903485,
              13.869753
            ],
            [
              170.914715,
              13.784148
            ],
            [
              170.918217,
              13.697918
            ],
            [
              170.913971,
              13.61172
            ],
            [
              170.902019,
              13.526209
            ],
            [
              170.882459,
              13.442034
            ],
            [
              170.855448,
              13.359834
            ],
            [
              170.821197,
              13.280233
            ],
            [
              170.779973,
              13.203833
            ],
            [
              170.732095,
              13.131213
            ],
            [
              170.677929,
              13.06292
            ],
            [
              170.61789,
              12.999471
            ],
            [
              170.552434,
              12.941346
            ],
            [
              170.48206,
              12.888981
            ],
            [
              170.4073,
              12.842773
            ],
            [
              170.328719,
              12.803069
            ],
            [
              170.246911,
              12.770168
            ],
            [
              170.162493,
              12.744319
            ],
            [
              170.0761,
              12.725714
            ],
            [
              169.988382,
              12.714495
            ],
            [
              169.9,
              12.710746
            ],
            [
              169.811618,
              12.714495
            ],
            [
              169.7239,
              12.725714
            ],
            [
              169.637507,
              12.744319
            ],
            [
              169.553089,
              12.770168
            ],
            [
              169.471281,
              12.803069
            ],
            [
              169.3927,
              12.842773
            ],
            [
              169.31794,
              12.888981
            ],
            [
              169.247566,
              12.941346
            ],
            [
              169.18211,
              12.999471
            ],
            [
              169.122071,
              13.06292
            ],
            [
              169.067905,
              13.131213
            ],
            [
              169.020027,
              13.203833
            ],
            [
              168.978803,
              13.280233
            ],
            [
              168.944552,
              13.359834
            ],
            [
              168.917541,
              13.442034
            ],
            [
              168.897981,
              13.526209
            ],
            [
              168.886029,
              13.61172
            ],
            [
              168.881783,
              13.697918
            ],
            [
              168.885285,
              13.784148
            ],
            [
              168.896515,
              13.869753
            ],
            [
              168.915398,
              13.954081
            ],
            [
              168.941798,
              14.036489
            ],
            [
              168.97552,
              14.116347
            ],
            [
              169.016315,
              14.193044
            ],
            [
              169.063878,
              14.265993
            ],
            [
              169.117851,
              14.334636
            ],
            [
              169.177825,
              14.398447
            ],
            [
              169.243345,
              14.456934
            ],
            [
              169.313913,
              14.509649
            ],
            [
              169.388989,
              14.556186
            ],
            [
              169.467998,
              14.596187
            ],
            [
              169.550334,
              14.629345
            ],
            [
              169.635364,
              14.655403
            ],
            [
              169.722434,
              14.67416
            ],
            [
              169.810874,
              14.685473
            ],
            [
              169.9,
              14.689254
            ]
          ]
        ]
      }
    },
    {
      "type": "Feature",
      "properties": {
        "kind": "analysis-center",
        "name": "白海豚",
        "intlName": "DOLPHIN",
        "frameIndex": 9,
        "datetime": "2026-07-29T08:00:00+08:00",
        "maxWindSpeed_ms": "48",
        "pressure_hpa": "930",
        "label": "DOLPHIN 白海豚 分析位置"
      },
      "geometry": {
        "type": "Point",
        "coordinates": [
          169.1,
          14.1
        ]
      }
    },
    {
      "type": "Feature",
      "properties": {
        "kind": "analysis-15ms-circle",
        "name": "白海豚",
        "intlName": "DOLPHIN",
        "datetime": "2026-07-29T08:00:00+08:00",
        "radius_km": "200",
        "circle15ms_km": "200",
        "label": "DOLPHIN 白海豚 7級風暴風圈"
      },
      "geometry": {
        "type": "Polygon",
        "coordinates": [
          [
            [
              169.1,
              15.898643
            ],
            [
              169.262965,
              15.891742
            ],
            [
              169.424658,
              15.871093
            ],
            [
              169.583817,
              15.836858
            ],
            [
              169.739202,
              15.789303
            ],
            [
              169.889605,
              15.7288
            ],
            [
              170.03386,
              15.655821
            ],
            [
              170.170851,
              15.570934
            ],
            [
              170.299525,
              15.474798
            ],
            [
              170.418896,
              15.368162
            ],
            [
              170.528055,
              15.251851
            ],
            [
              170.626175,
              15.126765
            ],
            [
              170.712521,
              14.993871
            ],
            [
              170.786451,
              14.854192
            ],
            [
              170.847421,
              14.708804
            ],
            [
              170.894992,
              14.558822
            ],
            [
              170.928826,
              14.405395
            ],
            [
              170.948696,
              14.249695
            ],
            [
              170.954478,
              14.092909
            ],
            [
              170.946157,
              13.936231
            ],
            [
              170.923827,
              13.780851
            ],
            [
              170.887683,
              13.627946
            ],
            [
              170.838024,
              13.478672
            ],
            [
              170.775251,
              13.334157
            ],
            [
              170.699859,
              13.195491
            ],
            [
              170.612434,
              13.063717
            ],
            [
              170.513653,
              12.939825
            ],
            [
              170.404271,
              12.824745
            ],
            [
              170.285121,
              12.71934
            ],
            [
              170.157105,
              12.624398
            ],
            [
              170.02119,
              12.540632
            ],
            [
              169.878397,
              12.468665
            ],
            [
              169.729797,
              12.409037
            ],
            [
              169.5765,
              12.362191
            ],
            [
              169.419653,
              12.328479
            ],
            [
              169.260424,
              12.30815
            ],
            [
              169.1,
              12.301357
            ],
            [
              168.939576,
              12.30815
            ],
            [
              168.780347,
              12.328479
            ],
            [
              168.6235,
              12.362191
            ],
            [
              168.470203,
              12.409037
            ],
            [
              168.321603,
              12.468665
            ],
            [
              168.17881,
              12.540632
            ],
            [
              168.042895,
              12.624398
            ],
            [
              167.914879,
              12.71934
            ],
            [
              167.795729,
              12.824745
            ],
            [
              167.686347,
              12.939825
            ],
            [
              167.587566,
              13.063717
            ],
            [
              167.500141,
              13.195491
            ],
            [
              167.424749,
              13.334157
            ],
            [
              167.361976,
              13.478672
            ],
            [
              167.312317,
              13.627946
            ],
            [
              167.276173,
              13.780851
            ],
            [
              167.253843,
              13.936231
            ],
            [
              167.245522,
              14.092909
            ],
            [
              167.251304,
              14.249695
            ],
            [
              167.271174,
              14.405395
            ],
            [
              167.305008,
              14.558822
            ],
            [
              167.352579,
              14.708804
            ],
            [
              167.413549,
              14.854192
            ],
            [
              167.487479,
              14.993871
            ],
            [
              167.573825,
              15.126765
            ],
            [
              167.671945,
              15.251851
            ],
            [
              167.781104,
              15.368162
            ],
            [
              167.900475,
              15.474798
            ],
            [
              168.029149,
              15.570934
            ],
            [
              168.16614,
              15.655821
            ],
            [
              168.310395,
              15.7288
            ],
            [
              168.460798,
              15.789303
            ],
            [
              168.616183,
              15.836858
            ],
            [
              168.775342,
              15.871093
            ],
            [
              168.937035,
              15.891742
            ],
            [
              169.1,
              15.898643
            ]
          ]
        ]
      }
    },
    {
      "type": "Feature",
      "properties": {
        "kind": "analysis-25ms-circle",
        "name": "白海豚",
        "intlName": "DOLPHIN",
        "datetime": "2026-07-29T08:00:00+08:00",
        "radius_km": "100",
        "circle25ms_km": "100",
        "label": "DOLPHIN 白海豚 10級風暴風圈"
      },
      "geometry": {
        "type": "Polygon",
        "coordinates": [
          [
            [
              169.1,
              14.999322
            ],
            [
              169.181141,
              14.995886
            ],
            [
              169.261657,
              14.985604
            ],
            [
              169.340928,
              14.968556
            ],
            [
              169.418343,
              14.944874
            ],
            [
              169.493308,
              14.914738
            ],
            [
              169.565246,
              14.878383
            ],
            [
              169.633605,
              14.836086
            ],
            [
              169.697863,
              14.788174
            ],
            [
              169.757529,
              14.735014
            ],
            [
              169.812148,
              14.677016
            ],
            [
              169.861305,
              14.614623
            ],
            [
              169.904628,
              14.548315
            ],
            [
              169.941792,
              14.478598
            ],
            [
              169.972518,
              14.406007
            ],
            [
              169.996578,
              14.331097
            ],
            [
              170.013794,
              14.254439
            ],
            [
              170.024043,
              14.176618
            ],
            [
              170.027253,
              14.098227
            ],
            [
              170.023408,
              14.019863
            ],
            [
              170.012544,
              13.942122
            ],
            [
              169.99475,
              13.865595
            ],
            [
              169.970169,
              13.790862
            ],
            [
              169.938992,
              13.718489
            ],
            [
              169.901463,
              13.649026
            ],
            [
              169.857869,
              13.582998
            ],
            [
              169.808547,
              13.520903
            ],
            [
              169.753873,
              13.463213
            ],
            [
              169.694263,
              13.410361
            ],
            [
              169.630169,
              13.362747
            ],
            [
              169.562079,
              13.320731
            ],
            [
              169.490507,
              13.284628
            ],
            [
              169.415993,
              13.254712
            ],
            [
              169.3391,
              13.231206
            ],
            [
              169.260407,
              13.214289
            ],
            [
              169.180506,
              13.204087
            ],
            [
              169.1,
              13.200678
            ],
            [
              169.019494,
              13.204087
            ],
            [
              168.939593,
              13.214289
            ],
            [
              168.8609,
              13.231206
            ],
            [
              168.784007,
              13.254712
            ],
            [
              168.709493,
              13.284628
            ],
            [
              168.637921,
              13.320731
            ],
            [
              168.569831,
              13.362747
            ],
            [
              168.505737,
              13.410361
            ],
            [
              168.446127,
              13.463213
            ],
            [
              168.391453,
              13.520903
            ],
            [
              168.342131,
              13.582998
            ],
            [
              168.298537,
              13.649026
            ],
            [
              168.261008,
              13.718489
            ],
            [
              168.229831,
              13.790862
            ],
            [
              168.20525,
              13.865595
            ],
            [
              168.187456,
              13.942122
            ],
            [
              168.176592,
              14.019863
            ],
            [
              168.172747,
              14.098227
            ],
            [
              168.175957,
              14.176618
            ],
            [
              168.186206,
              14.254439
            ],
            [
              168.203422,
              14.331097
            ],
            [
              168.227482,
              14.406007
            ],
            [
              168.258208,
              14.478598
            ],
            [
              168.295372,
              14.548315
            ],
            [
              168.338695,
              14.614623
            ],
            [
              168.387852,
              14.677016
            ],
            [
              168.442471,
              14.735014
            ],
            [
              168.502137,
              14.788174
            ],
            [
              168.566395,
              14.836086
            ],
            [
              168.634754,
              14.878383
            ],
            [
              168.706692,
              14.914738
            ],
            [
              168.781657,
              14.944874
            ],
            [
              168.859072,
              14.968556
            ],
            [
              168.938343,
              14.985604
            ],
            [
              169.018859,
              14.995886
            ],
            [
              169.1,
              14.999322
            ]
          ]
        ]
      }
    },
    {
      "type": "Feature",
      "properties": {
        "kind": "analysis-center",
        "name": "白海豚",
        "intlName": "DOLPHIN",
        "frameIndex": 10,
        "datetime": "2026-07-29T14:00:00+08:00",
        "maxWindSpeed_ms": "48",
        "pressure_hpa": "930",
        "label": "DOLPHIN 白海豚 分析位置"
      },
      "geometry": {
        "type": "Point",
        "coordinates": [
          168.2,
          14.7
        ]
      }
    },
    {
      "type": "Feature",
      "properties": {
        "kind": "analysis-15ms-circle",
        "name": "白海豚",
        "intlName": "DOLPHIN",
        "datetime": "2026-07-29T14:00:00+08:00",
        "radius_km": "200",
        "circle15ms_km": "200",
        "label": "DOLPHIN 白海豚 7級風暴風圈"
      },
      "geometry": {
        "type": "Polygon",
        "coordinates": [
          [
            [
              168.2,
              16.498643
            ],
            [
              168.363461,
              16.49174
            ],
            [
              168.525645,
              16.471084
            ],
            [
              168.685285,
              16.436836
            ],
            [
              168.841135,
              16.389266
            ],
            [
              168.991984,
              16.328743
            ],
            [
              169.13666,
              16.255741
            ],
            [
              169.274044,
              16.170828
            ],
            [
              169.403079,
              16.074666
            ],
            [
              169.522776,
              15.968002
            ],
            [
              169.632222,
              15.851664
            ],
            [
              169.730591,
              15.726552
            ],
            [
              169.817145,
              15.593633
            ],
            [
              169.89124,
              15.453932
            ],
            [
              169.952334,
              15.308525
            ],
            [
              169.999985,
              15.158527
            ],
            [
              170.033859,
              15.005089
            ],
            [
              170.053726,
              14.849382
            ],
            [
              170.059467,
              14.692594
            ],
            [
              170.051068,
              14.535919
            ],
            [
              170.028623,
              14.380546
            ],
            [
              169.99233,
              14.227653
            ],
            [
              169.942493,
              14.078395
            ],
            [
              169.879511,
              13.9339
            ],
            [
              169.803884,
              13.795257
            ],
            [
              169.716201,
              13.663507
            ],
            [
              169.61714,
              13.539642
            ],
            [
              169.507459,
              13.424589
            ],
            [
              169.387994,
              13.319211
            ],
            [
              169.259649,
              13.224296
            ],
            [
              169.123392,
              13.140554
            ],
            [
              168.980247,
              13.06861
            ],
            [
              168.831286,
              13.009001
            ],
            [
              168.677623,
              12.962171
            ],
            [
              168.520404,
              12.928469
            ],
            [
              168.3608,
              12.908148
            ],
            [
              168.2,
              12.901357
            ],
            [
              168.0392,
              12.908148
            ],
            [
              167.879596,
              12.928469
            ],
            [
              167.722377,
              12.962171
            ],
            [
              167.568714,
              13.009001
            ],
            [
              167.419753,
              13.06861
            ],
            [
              167.276608,
              13.140554
            ],
            [
              167.140351,
              13.224296
            ],
            [
              167.012006,
              13.319211
            ],
            [
              166.892541,
              13.424589
            ],
            [
              166.78286,
              13.539642
            ],
            [
              166.683799,
              13.663507
            ],
            [
              166.596116,
              13.795257
            ],
            [
              166.520489,
              13.9339
            ],
            [
              166.457507,
              14.078395
            ],
            [
              166.40767,
              14.227653
            ],
            [
              166.371377,
              14.380546
            ],
            [
              166.348932,
              14.535919
            ],
            [
              166.340533,
              14.692594
            ],
            [
              166.346274,
              14.849382
            ],
            [
              166.366141,
              15.005089
            ],
            [
              166.400015,
              15.158527
            ],
            [
              166.447666,
              15.308525
            ],
            [
              166.50876,
              15.453932
            ],
            [
              166.582855,
              15.593633
            ],
            [
              166.669409,
              15.726552
            ],
            [
              166.767778,
              15.851664
            ],
            [
              166.877224,
              15.968002
            ],
            [
              166.996921,
              16.074666
            ],
            [
              167.125956,
              16.170828
            ],
            [
              167.26334,
              16.255741
            ],
            [
              167.408016,
              16.328743
            ],
            [
              167.558865,
              16.389266
            ],
            [
              167.714715,
              16.436836
            ],
            [
              167.874355,
              16.471084
            ],
            [
              168.036539,
              16.49174
            ],
            [
              168.2,
              16.498643
            ]
          ]
        ]
      }
    },
    {
      "type": "Feature",
      "properties": {
        "kind": "analysis-25ms-circle",
        "name": "白海豚",
        "intlName": "DOLPHIN",
        "datetime": "2026-07-29T14:00:00+08:00",
        "radius_km": "100",
        "circle25ms_km": "100",
        "label": "DOLPHIN 白海豚 10級風暴風圈"
      },
      "geometry": {
        "type": "Polygon",
        "coordinates": [
          [
            [
              168.2,
              15.599322
            ],
            [
              168.281374,
              15.595885
            ],
            [
              168.362121,
              15.585602
            ],
            [
              168.441618,
              15.568551
            ],
            [
              168.519253,
              15.544864
            ],
            [
              168.594429,
              15.514724
            ],
            [
              168.666569,
              15.478363
            ],
            [
              168.735119,
              15.43606
            ],
            [
              168.799553,
              15.388141
            ],
            [
              168.859381,
              15.334975
            ],
            [
              168.914145,
              15.276969
            ],
            [
              168.963431,
              15.21457
            ],
            [
              169.006865,
              15.148255
            ],
            [
              169.044121,
              15.078533
            ],
            [
              169.07492,
              15.005938
            ],
            [
              169.099032,
              14.931023
            ],
            [
              169.116282,
              14.854362
            ],
            [
              169.126544,
              14.77654
            ],
            [
              169.129749,
              14.698148
            ],
            [
              169.12588,
              14.619785
            ],
            [
              169.114973,
              14.542046
            ],
            [
              169.097118,
              14.465522
            ],
            [
              169.072459,
              14.390792
            ],
            [
              169.041188,
              14.318425
            ],
            [
              169.00355,
              14.248967
            ],
            [
              168.959833,
              14.182945
            ],
            [
              168.910375,
              14.120857
            ],
            [
              168.855552,
              14.063173
            ],
            [
              168.795783,
              14.010329
            ],
            [
              168.731521,
              13.962722
            ],
            [
              168.663253,
              13.920711
            ],
            [
              168.591496,
              13.884614
            ],
            [
              168.516792,
              13.854702
            ],
            [
              168.439703,
              13.831201
            ],
            [
              168.360811,
              13.814287
            ],
            [
              168.280709,
              13.804087
            ],
            [
              168.2,
              13.800678
            ],
            [
              168.119291,
              13.804087
            ],
            [
              168.039189,
              13.814287
            ],
            [
              167.960297,
              13.831201
            ],
            [
              167.883208,
              13.854702
            ],
            [
              167.808504,
              13.884614
            ],
            [
              167.736747,
              13.920711
            ],
            [
              167.668479,
              13.962722
            ],
            [
              167.604217,
              14.010329
            ],
            [
              167.544448,
              14.063173
            ],
            [
              167.489625,
              14.120857
            ],
            [
              167.440167,
              14.182945
            ],
            [
              167.39645,
              14.248967
            ],
            [
              167.358812,
              14.318425
            ],
            [
              167.327541,
              14.390792
            ],
            [
              167.302882,
              14.465522
            ],
            [
              167.285027,
              14.542046
            ],
            [
              167.27412,
              14.619785
            ],
            [
              167.270251,
              14.698148
            ],
            [
              167.273456,
              14.77654
            ],
            [
              167.283718,
              14.854362
            ],
            [
              167.300968,
              14.931023
            ],
            [
              167.32508,
              15.005938
            ],
            [
              167.355879,
              15.078533
            ],
            [
              167.393135,
              15.148255
            ],
            [
              167.436569,
              15.21457
            ],
            [
              167.485855,
              15.276969
            ],
            [
              167.540619,
              15.334975
            ],
            [
              167.600447,
              15.388141
            ],
            [
              167.664881,
              15.43606
            ],
            [
              167.733431,
              15.478363
            ],
            [
              167.805571,
              15.514724
            ],
            [
              167.880747,
              15.544864
            ],
            [
              167.958382,
              15.568551
            ],
            [
              168.037879,
              15.585602
            ],
            [
              168.118626,
              15.595885
            ],
            [
              168.2,
              15.599322
            ]
          ]
        ]
      }
    },
    {
      "type": "Feature",
      "properties": {
        "kind": "analysis-center",
        "name": "白海豚",
        "intlName": "DOLPHIN",
        "frameIndex": 11,
        "datetime": "2026-07-29T20:00:00+08:00",
        "maxWindSpeed_ms": "55",
        "pressure_hpa": "910",
        "label": "DOLPHIN 白海豚 分析位置"
      },
      "geometry": {
        "type": "Point",
        "coordinates": [
          167.6,
          15.2
        ]
      }
    },
    {
      "type": "Feature",
      "properties": {
        "kind": "analysis-15ms-circle",
        "name": "白海豚",
        "intlName": "DOLPHIN",
        "datetime": "2026-07-29T20:00:00+08:00",
        "radius_km": "200",
        "circle15ms_km": "200",
        "label": "DOLPHIN 白海豚 7級風暴風圈"
      },
      "geometry": {
        "type": "Polygon",
        "coordinates": [
          [
            [
              167.6,
              16.998643
            ],
            [
              167.763891,
              16.991738
            ],
            [
              167.9265,
              16.971076
            ],
            [
              168.086556,
              16.936818
            ],
            [
              168.24281,
              16.889234
            ],
            [
              168.394044,
              16.828695
            ],
            [
              168.539085,
              16.755674
            ],
            [
              168.67681,
              16.67074
            ],
            [
              168.806158,
              16.574556
            ],
            [
              168.926137,
              16.467869
            ],
            [
              169.035834,
              16.351507
            ],
            [
              169.13442,
              16.226373
            ],
            [
              169.221154,
              16.093433
            ],
            [
              169.295394,
              15.953713
            ],
            [
              169.356596,
              15.80829
            ],
            [
              169.404319,
              15.65828
            ],
            [
              169.438228,
              15.504832
            ],
            [
              169.458095,
              15.349119
            ],
            [
              169.463802,
              15.19233
            ],
            [
              169.455336,
              15.035658
            ],
            [
              169.432793,
              14.880291
            ],
            [
              169.396373,
              14.727408
            ],
            [
              169.34638,
              14.578164
            ],
            [
              169.283219,
              14.433685
            ],
            [
              169.207389,
              14.29506
            ],
            [
              169.119482,
              14.163332
            ],
            [
              169.020178,
              14.039488
            ],
            [
              168.910238,
              13.924458
            ],
            [
              168.790498,
              13.819103
            ],
            [
              168.661866,
              13.72421
            ],
            [
              168.525312,
              13.640489
            ],
            [
              168.38186,
              13.568563
            ],
            [
              168.232585,
              13.50897
            ],
            [
              168.078602,
              13.462153
            ],
            [
              167.921059,
              13.428461
            ],
            [
              167.761128,
              13.408146
            ],
            [
              167.6,
              13.401357
            ],
            [
              167.438872,
              13.408146
            ],
            [
              167.278941,
              13.428461
            ],
            [
              167.121398,
              13.462153
            ],
            [
              166.967415,
              13.50897
            ],
            [
              166.81814,
              13.568563
            ],
            [
              166.674688,
              13.640489
            ],
            [
              166.538134,
              13.72421
            ],
            [
              166.409502,
              13.819103
            ],
            [
              166.289762,
              13.924458
            ],
            [
              166.179822,
              14.039488
            ],
            [
              166.080518,
              14.163332
            ],
            [
              165.992611,
              14.29506
            ],
            [
              165.916781,
              14.433685
            ],
            [
              165.85362,
              14.578164
            ],
            [
              165.803627,
              14.727408
            ],
            [
              165.767207,
              14.880291
            ],
            [
              165.744664,
              15.035658
            ],
            [
              165.736198,
              15.19233
            ],
            [
              165.741905,
              15.349119
            ],
            [
              165.761772,
              15.504832
            ],
            [
              165.795681,
              15.65828
            ],
            [
              165.843404,
              15.80829
            ],
            [
              165.904606,
              15.953713
            ],
            [
              165.978846,
              16.093433
            ],
            [
              166.06558,
              16.226373
            ],
            [
              166.164166,
              16.351507
            ],
            [
              166.273863,
              16.467869
            ],
            [
              166.393842,
              16.574556
            ],
            [
              166.52319,
              16.67074
            ],
            [
              166.660915,
              16.755674
            ],
            [
              166.805956,
              16.828695
            ],
            [
              166.95719,
              16.889234
            ],
            [
              167.113444,
              16.936818
            ],
            [
              167.2735,
              16.971076
            ],
            [
              167.436109,
              16.991738
            ],
            [
              167.6,
              16.998643
            ]
          ]
        ]
      }
    },
    {
      "type": "Feature",
      "properties": {
        "kind": "analysis-25ms-circle",
        "name": "白海豚",
        "intlName": "DOLPHIN",
        "datetime": "2026-07-29T20:00:00+08:00",
        "radius_km": "100",
        "circle25ms_km": "100",
        "label": "DOLPHIN 白海豚 10級風暴風圈"
      },
      "geometry": {
        "type": "Polygon",
        "coordinates": [
          [
            [
              167.6,
              16.099322
            ],
            [
              167.681576,
              16.095885
            ],
            [
              167.762522,
              16.0856
            ],
            [
              167.842216,
              16.068547
            ],
            [
              167.920042,
              16.044857
            ],
            [
              167.995402,
              16.014712
            ],
            [
              168.067717,
              15.978346
            ],
            [
              168.136432,
              15.936038
            ],
            [
              168.20102,
              15.888114
            ],
            [
              168.260988,
              15.834942
            ],
            [
              168.315879,
              15.77693
            ],
            [
              168.365276,
              15.714526
            ],
            [
              168.408807,
              15.648206
            ],
            [
              168.446143,
              15.578479
            ],
            [
              168.477004,
              15.505879
            ],
            [
              168.501163,
              15.430962
            ],
            [
              168.518442,
              15.354298
            ],
            [
              168.528717,
              15.276474
            ],
            [
              168.531918,
              15.198082
            ],
            [
              168.528027,
              15.11972
            ],
            [
              168.517083,
              15.041982
            ],
            [
              168.499177,
              14.96546
            ],
            [
              168.47445,
              14.890734
            ],
            [
              168.443098,
              14.818371
            ],
            [
              168.405365,
              14.748918
            ],
            [
              168.361542,
              14.682901
            ],
            [
              168.311965,
              14.620819
            ],
            [
              168.257013,
              14.563141
            ],
            [
              168.197106,
              14.510302
            ],
            [
              168.132697,
              14.4627
            ],
            [
              168.064275,
              14.420695
            ],
            [
              167.992358,
              14.384603
            ],
            [
              167.917487,
              14.354695
            ],
            [
              167.840228,
              14.331196
            ],
            [
              167.761163,
              14.314285
            ],
            [
              167.680885,
              14.304086
            ],
            [
              167.6,
              14.300678
            ],
            [
              167.519115,
              14.304086
            ],
            [
              167.438837,
              14.314285
            ],
            [
              167.359772,
              14.331196
            ],
            [
              167.282513,
              14.354695
            ],
            [
              167.207642,
              14.384603
            ],
            [
              167.135725,
              14.420695
            ],
            [
              167.067303,
              14.4627
            ],
            [
              167.002894,
              14.510302
            ],
            [
              166.942987,
              14.563141
            ],
            [
              166.888035,
              14.620819
            ],
            [
              166.838458,
              14.682901
            ],
            [
              166.794635,
              14.748918
            ],
            [
              166.756902,
              14.818371
            ],
            [
              166.72555,
              14.890734
            ],
            [
              166.700823,
              14.96546
            ],
            [
              166.682917,
              15.041982
            ],
            [
              166.671973,
              15.11972
            ],
            [
              166.668082,
              15.198082
            ],
            [
              166.671283,
              15.276474
            ],
            [
              166.681558,
              15.354298
            ],
            [
              166.698837,
              15.430962
            ],
            [
              166.722996,
              15.505879
            ],
            [
              166.753857,
              15.578479
            ],
            [
              166.791193,
              15.648206
            ],
            [
              166.834724,
              15.714526
            ],
            [
              166.884121,
              15.77693
            ],
            [
              166.939012,
              15.834942
            ],
            [
              166.99898,
              15.888114
            ],
            [
              167.063568,
              15.936038
            ],
            [
              167.132283,
              15.978346
            ],
            [
              167.204598,
              16.014712
            ],
            [
              167.279958,
              16.044857
            ],
            [
              167.357784,
              16.068547
            ],
            [
              167.437478,
              16.0856
            ],
            [
              167.518424,
              16.095885
            ],
            [
              167.6,
              16.099322
            ]
          ]
        ]
      }
    },
    {
      "type": "Feature",
      "properties": {
        "kind": "analysis-center",
        "name": "白海豚",
        "intlName": "DOLPHIN",
        "frameIndex": 12,
        "datetime": "2026-07-30T02:00:00+08:00",
        "maxWindSpeed_ms": "60",
        "pressure_hpa": "895",
        "label": "DOLPHIN 白海豚 分析位置"
      },
      "geometry": {
        "type": "Point",
        "coordinates": [
          166.7,
          15.8
        ]
      }
    },
    {
      "type": "Feature",
      "properties": {
        "kind": "analysis-15ms-circle",
        "name": "白海豚",
        "intlName": "DOLPHIN",
        "datetime": "2026-07-30T02:00:00+08:00",
        "radius_km": "200",
        "circle15ms_km": "200",
        "label": "DOLPHIN 白海豚 7級風暴風圈"
      },
      "geometry": {
        "type": "Polygon",
        "coordinates": [
          [
            [
              166.7,
              17.598643
            ],
            [
              166.864426,
              17.591735
            ],
            [
              167.027565,
              17.571066
            ],
            [
              167.188139,
              17.536797
            ],
            [
              167.344895,
              17.489196
            ],
            [
              167.496611,
              17.428637
            ],
            [
              167.642107,
              17.355593
            ],
            [
              167.780256,
              17.270634
            ],
            [
              167.909995,
              17.174423
            ],
            [
              168.030328,
              17.067708
            ],
            [
              168.140338,
              16.951318
            ],
            [
              168.239194,
              16.826157
            ],
            [
              168.326156,
              16.693192
            ],
            [
              168.400577,
              16.55345
            ],
            [
              168.461915,
              16.408007
            ],
            [
              168.509729,
              16.257981
            ],
            [
              168.543684,
              16.104522
            ],
            [
              168.563553,
              15.948803
            ],
            [
              168.569219,
              15.792012
            ],
            [
              168.560671,
              15.635342
            ],
            [
              168.538007,
              15.479983
            ],
            [
              168.501429,
              15.327112
            ],
            [
              168.451245,
              15.177884
            ],
            [
              168.38786,
              15.033425
            ],
            [
              168.311777,
              14.894824
            ],
            [
              168.223591,
              14.76312
            ],
            [
              168.123984,
              14.639303
            ],
            [
              168.01372,
              14.524301
            ],
            [
              167.893638,
              14.418973
            ],
            [
              167.764647,
              14.324107
            ],
            [
              167.62772,
              14.24041
            ],
            [
              167.483884,
              14.168507
            ],
            [
              167.334215,
              14.108933
            ],
            [
              167.179831,
              14.062132
            ],
            [
              167.021881,
              14.028452
            ],
            [
              166.861541,
              14.008143
            ],
            [
              166.7,
              14.001357
            ],
            [
              166.538459,
              14.008143
            ],
            [
              166.378119,
              14.028452
            ],
            [
              166.220169,
              14.062132
            ],
            [
              166.065785,
              14.108933
            ],
            [
              165.916116,
              14.168507
            ],
            [
              165.77228,
              14.24041
            ],
            [
              165.635353,
              14.324107
            ],
            [
              165.506362,
              14.418973
            ],
            [
              165.38628,
              14.524301
            ],
            [
              165.276016,
              14.639303
            ],
            [
              165.176409,
              14.76312
            ],
            [
              165.088223,
              14.894824
            ],
            [
              165.01214,
              15.033425
            ],
            [
              164.948755,
              15.177884
            ],
            [
              164.898571,
              15.327112
            ],
            [
              164.861993,
              15.479983
            ],
            [
              164.839329,
              15.635342
            ],
            [
              164.830781,
              15.792012
            ],
            [
              164.836447,
              15.948803
            ],
            [
              164.856316,
              16.104522
            ],
            [
              164.890271,
              16.257981
            ],
            [
              164.938085,
              16.408007
            ],
            [
              164.999423,
              16.55345
            ],
            [
              165.073844,
              16.693192
            ],
            [
              165.160806,
              16.826157
            ],
            [
              165.259662,
              16.951318
            ],
            [
              165.369672,
              17.067708
            ],
            [
              165.490005,
              17.174423
            ],
            [
              165.619744,
              17.270634
            ],
            [
              165.757893,
              17.355593
            ],
            [
              165.903389,
              17.428637
            ],
            [
              166.055105,
              17.489196
            ],
            [
              166.211861,
              17.536797
            ],
            [
              166.372435,
              17.571066
            ],
            [
              166.535574,
              17.591735
            ],
            [
              166.7,
              17.598643
            ]
          ]
        ]
      }
    },
    {
      "type": "Feature",
      "properties": {
        "kind": "analysis-25ms-circle",
        "name": "白海豚",
        "intlName": "DOLPHIN",
        "datetime": "2026-07-30T02:00:00+08:00",
        "radius_km": "100",
        "circle25ms_km": "100",
        "label": "DOLPHIN 白海豚 10級風暴風圈"
      },
      "geometry": {
        "type": "Polygon",
        "coordinates": [
          [
            [
              166.7,
              16.699322
            ],
            [
              166.781827,
              16.695884
            ],
            [
              166.863024,
              16.685597
            ],
            [
              166.942962,
              16.668541
            ],
            [
              167.021027,
              16.644847
            ],
            [
              167.096616,
              16.614698
            ],
            [
              167.16915,
              16.578326
            ],
            [
              167.23807,
              16.536012
            ],
            [
              167.30285,
              16.488081
            ],
            [
              167.362993,
              16.434902
            ],
            [
              167.418043,
              16.376883
            ],
            [
              167.46758,
              16.314472
            ],
            [
              167.511231,
              16.248146
            ],
            [
              167.548667,
              16.178413
            ],
            [
              167.579608,
              16.105809
            ],
            [
              167.603825,
              16.030887
            ],
            [
              167.621142,
              15.954221
            ],
            [
              167.631432,
              15.876395
            ],
            [
              167.634628,
              15.798003
            ],
            [
              167.630712,
              15.719641
            ],
            [
              167.619722,
              15.641905
            ],
            [
              167.60175,
              15.565386
            ],
            [
              167.57694,
              15.490664
            ],
            [
              167.545487,
              15.418306
            ],
            [
              167.507636,
              15.348858
            ],
            [
              167.463679,
              15.282848
            ],
            [
              167.413954,
              15.220772
            ],
            [
              167.358842,
              15.163101
            ],
            [
              167.298761,
              15.110269
            ],
            [
              167.234169,
              15.062674
            ],
            [
              167.165554,
              15.020675
            ],
            [
              167.093436,
              14.984588
            ],
            [
              167.018358,
              14.954685
            ],
            [
              166.940886,
              14.931191
            ],
            [
              166.861603,
              14.914282
            ],
            [
              166.781106,
              14.904086
            ],
            [
              166.7,
              14.900678
            ],
            [
              166.618894,
              14.904086
            ],
            [
              166.538397,
              14.914282
            ],
            [
              166.459114,
              14.931191
            ],
            [
              166.381642,
              14.954685
            ],
            [
              166.306564,
              14.984588
            ],
            [
              166.234446,
              15.020675
            ],
            [
              166.165831,
              15.062674
            ],
            [
              166.101239,
              15.110269
            ],
            [
              166.041158,
              15.163101
            ],
            [
              165.986046,
              15.220772
            ],
            [
              165.936321,
              15.282848
            ],
            [
              165.892364,
              15.348858
            ],
            [
              165.854513,
              15.418306
            ],
            [
              165.82306,
              15.490664
            ],
            [
              165.79825,
              15.565386
            ],
            [
              165.780278,
              15.641905
            ],
            [
              165.769288,
              15.719641
            ],
            [
              165.765372,
              15.798003
            ],
            [
              165.768568,
              15.876395
            ],
            [
              165.778858,
              15.954221
            ],
            [
              165.796175,
              16.030887
            ],
            [
              165.820392,
              16.105809
            ],
            [
              165.851333,
              16.178413
            ],
            [
              165.888769,
              16.248146
            ],
            [
              165.93242,
              16.314472
            ],
            [
              165.981957,
              16.376883
            ],
            [
              166.037007,
              16.434902
            ],
            [
              166.09715,
              16.488081
            ],
            [
              166.16193,
              16.536012
            ],
            [
              166.23085,
              16.578326
            ],
            [
              166.303384,
              16.614698
            ],
            [
              166.378973,
              16.644847
            ],
            [
              166.457038,
              16.668541
            ],
            [
              166.536976,
              16.685597
            ],
            [
              166.618173,
              16.695884
            ],
            [
              166.7,
              16.699322
            ]
          ]
        ]
      }
    },
    {
      "type": "Feature",
      "properties": {
        "kind": "analysis-center",
        "name": "白海豚",
        "intlName": "DOLPHIN",
        "frameIndex": 13,
        "datetime": "2026-07-30T08:00:00+08:00",
        "maxWindSpeed_ms": "60",
        "pressure_hpa": "895",
        "label": "DOLPHIN 白海豚 分析位置"
      },
      "geometry": {
        "type": "Point",
        "coordinates": [
          165.7,
          16.4
        ]
      }
    },
    {
      "type": "Feature",
      "properties": {
        "kind": "analysis-15ms-circle",
        "name": "白海豚",
        "intlName": "DOLPHIN",
        "datetime": "2026-07-30T08:00:00+08:00",
        "radius_km": "220",
        "circle15ms_km": "220",
        "label": "DOLPHIN 白海豚 7級風暴風圈"
      },
      "geometry": {
        "type": "Polygon",
        "coordinates": [
          [
            [
              165.7,
              18.378508
            ],
            [
              165.881663,
              18.370899
            ],
            [
              166.061897,
              18.348131
            ],
            [
              166.239286,
              18.310385
            ],
            [
              166.41244,
              18.257957
            ],
            [
              166.580003,
              18.19126
            ],
            [
              166.740669,
              18.110815
            ],
            [
              166.893192,
              18.017255
            ],
            [
              167.036393,
              17.911312
            ],
            [
              167.169173,
              17.793812
            ],
            [
              167.290522,
              17.665672
            ],
            [
              167.399522,
              17.527887
            ],
            [
              167.49536,
              17.381527
            ],
            [
              167.577327,
              17.227723
            ],
            [
              167.644829,
              17.067662
            ],
            [
              167.697385,
              16.902576
            ],
            [
              167.734632,
              16.733731
            ],
            [
              167.756328,
              16.562419
            ],
            [
              167.762348,
              16.389947
            ],
            [
              167.75269,
              16.217628
            ],
            [
              167.727466,
              16.046769
            ],
            [
              167.686909,
              15.878664
            ],
            [
              167.63136,
              15.714582
            ],
            [
              167.561274,
              15.55576
            ],
            [
              167.47721,
              15.403391
            ],
            [
              167.379826,
              15.258618
            ],
            [
              167.269878,
              15.122525
            ],
            [
              167.148208,
              14.99613
            ],
            [
              167.015744,
              14.880376
            ],
            [
              166.873487,
              14.776126
            ],
            [
              166.722507,
              14.684154
            ],
            [
              166.563936,
              14.605146
            ],
            [
              166.398957,
              14.539689
            ],
            [
              166.228797,
              14.488267
            ],
            [
              166.054721,
              14.451262
            ],
            [
              165.87802,
              14.428949
            ],
            [
              165.7,
              14.421492
            ],
            [
              165.52198,
              14.428949
            ],
            [
              165.345279,
              14.451262
            ],
            [
              165.171203,
              14.488267
            ],
            [
              165.001043,
              14.539689
            ],
            [
              164.836064,
              14.605146
            ],
            [
              164.677493,
              14.684154
            ],
            [
              164.526513,
              14.776126
            ],
            [
              164.384256,
              14.880376
            ],
            [
              164.251792,
              14.99613
            ],
            [
              164.130122,
              15.122525
            ],
            [
              164.020174,
              15.258618
            ],
            [
              163.92279,
              15.403391
            ],
            [
              163.838726,
              15.55576
            ],
            [
              163.76864,
              15.714582
            ],
            [
              163.713091,
              15.878664
            ],
            [
              163.672534,
              16.046769
            ],
            [
              163.64731,
              16.217628
            ],
            [
              163.637652,
              16.389947
            ],
            [
              163.643672,
              16.562419
            ],
            [
              163.665368,
              16.733731
            ],
            [
              163.702615,
              16.902576
            ],
            [
              163.755171,
              17.067662
            ],
            [
              163.822673,
              17.227723
            ],
            [
              163.90464,
              17.381527
            ],
            [
              164.000478,
              17.527887
            ],
            [
              164.109478,
              17.665672
            ],
            [
              164.230827,
              17.793812
            ],
            [
              164.363607,
              17.911312
            ],
            [
              164.506808,
              18.017255
            ],
            [
              164.659331,
              18.110815
            ],
            [
              164.819997,
              18.19126
            ],
            [
              164.98756,
              18.257957
            ],
            [
              165.160714,
              18.310385
            ],
            [
              165.338103,
              18.348131
            ],
            [
              165.518337,
              18.370899
            ],
            [
              165.7,
              18.378508
            ]
          ]
        ]
      }
    },
    {
      "type": "Feature",
      "properties": {
        "kind": "analysis-25ms-circle",
        "name": "白海豚",
        "intlName": "DOLPHIN",
        "datetime": "2026-07-30T08:00:00+08:00",
        "radius_km": "100",
        "circle25ms_km": "100",
        "label": "DOLPHIN 白海豚 10級風暴風圈"
      },
      "geometry": {
        "type": "Polygon",
        "coordinates": [
          [
            [
              165.7,
              17.299322
            ],
            [
              165.78209,
              17.295883
            ],
            [
              165.863546,
              17.285595
            ],
            [
              165.94374,
              17.268536
            ],
            [
              166.022052,
              17.244838
            ],
            [
              166.097881,
              17.214684
            ],
            [
              166.170643,
              17.178306
            ],
            [
              166.239778,
              17.135985
            ],
            [
              166.304757,
              17.088047
            ],
            [
              166.365084,
              17.034861
            ],
            [
              166.420299,
              16.976836
            ],
            [
              166.469982,
              16.914418
            ],
            [
              166.513759,
              16.848085
            ],
            [
              166.5513,
              16.778347
            ],
            [
              166.582324,
              16.705738
            ],
            [
              166.606603,
              16.630812
            ],
            [
              166.623958,
              16.554143
            ],
            [
              166.634266,
              16.476316
            ],
            [
              166.637457,
              16.397923
            ],
            [
              166.633514,
              16.319562
            ],
            [
              166.622477,
              16.241828
            ],
            [
              166.604438,
              16.165312
            ],
            [
              166.579541,
              16.090594
            ],
            [
              166.547982,
              16.01824
            ],
            [
              166.510008,
              15.948799
            ],
            [
              166.465913,
              15.882794
            ],
            [
              166.416034,
              15.820726
            ],
            [
              166.360753,
              15.763061
            ],
            [
              166.300492,
              15.710236
            ],
            [
              166.235708,
              15.662648
            ],
            [
              166.166892,
              15.620655
            ],
            [
              166.094563,
              15.584574
            ],
            [
              166.019268,
              15.554676
            ],
            [
              165.941574,
              15.531186
            ],
            [
              165.862064,
              15.51428
            ],
            [
              165.781338,
              15.504085
            ],
            [
              165.7,
              15.500678
            ],
            [
              165.618662,
              15.504085
            ],
            [
              165.537936,
              15.51428
            ],
            [
              165.458426,
              15.531186
            ],
            [
              165.380732,
              15.554676
            ],
            [
              165.305437,
              15.584574
            ],
            [
              165.233108,
              15.620655
            ],
            [
              165.164292,
              15.662648
            ],
            [
              165.099508,
              15.710236
            ],
            [
              165.039247,
              15.763061
            ],
            [
              164.983966,
              15.820726
            ],
            [
              164.934087,
              15.882794
            ],
            [
              164.889992,
              15.948799
            ],
            [
              164.852018,
              16.01824
            ],
            [
              164.820459,
              16.090594
            ],
            [
              164.795562,
              16.165312
            ],
            [
              164.777523,
              16.241828
            ],
            [
              164.766486,
              16.319562
            ],
            [
              164.762543,
              16.397923
            ],
            [
              164.765734,
              16.476316
            ],
            [
              164.776042,
              16.554143
            ],
            [
              164.793397,
              16.630812
            ],
            [
              164.817676,
              16.705738
            ],
            [
              164.8487,
              16.778347
            ],
            [
              164.886241,
              16.848085
            ],
            [
              164.930018,
              16.914418
            ],
            [
              164.979701,
              16.976836
            ],
            [
              165.034916,
              17.034861
            ],
            [
              165.095243,
              17.088047
            ],
            [
              165.160222,
              17.135985
            ],
            [
              165.229357,
              17.178306
            ],
            [
              165.302119,
              17.214684
            ],
            [
              165.377948,
              17.244838
            ],
            [
              165.45626,
              17.268536
            ],
            [
              165.536454,
              17.285595
            ],
            [
              165.61791,
              17.295883
            ],
            [
              165.7,
              17.299322
            ]
          ]
        ]
      }
    },
    {
      "type": "Feature",
      "properties": {
        "kind": "analysis-center",
        "name": "白海豚",
        "intlName": "DOLPHIN",
        "frameIndex": 14,
        "datetime": "2026-07-30T14:00:00+08:00",
        "maxWindSpeed_ms": "60",
        "pressure_hpa": "895",
        "label": "DOLPHIN 白海豚 分析位置"
      },
      "geometry": {
        "type": "Point",
        "coordinates": [
          164.9,
          16.7
        ]
      }
    },
    {
      "type": "Feature",
      "properties": {
        "kind": "analysis-15ms-circle",
        "name": "白海豚",
        "intlName": "DOLPHIN",
        "datetime": "2026-07-30T14:00:00+08:00",
        "radius_km": "220",
        "circle15ms_km": "220",
        "label": "DOLPHIN 白海豚 7級風暴風圈"
      },
      "geometry": {
        "type": "Polygon",
        "coordinates": [
          [
            [
              164.9,
              18.678508
            ],
            [
              165.081981,
              18.670897
            ],
            [
              165.262531,
              18.648125
            ],
            [
              165.44023,
              18.610372
            ],
            [
              165.613682,
              18.557934
            ],
            [
              165.781532,
              18.491224
            ],
            [
              165.942469,
              18.410766
            ],
            [
              166.095244,
              18.31719
            ],
            [
              166.238676,
              18.21123
            ],
            [
              166.371666,
              18.093713
            ],
            [
              166.4932,
              17.965556
            ],
            [
              166.60236,
              17.827755
            ],
            [
              166.698331,
              17.681379
            ],
            [
              166.780405,
              17.527561
            ],
            [
              166.847987,
              17.367489
            ],
            [
              166.900595,
              17.202393
            ],
            [
              166.937867,
              17.033542
            ],
            [
              166.959562,
              16.862226
            ],
            [
              166.965557,
              16.689753
            ],
            [
              166.955848,
              16.517435
            ],
            [
              166.930552,
              16.346581
            ],
            [
              166.889899,
              16.178484
            ],
            [
              166.834236,
              16.014412
            ],
            [
              166.764016,
              15.855601
            ],
            [
              166.679801,
              15.703246
            ],
            [
              166.582252,
              15.558489
            ],
            [
              166.472124,
              15.422412
            ],
            [
              166.350262,
              15.296034
            ],
            [
              166.217595,
              15.180297
            ],
            [
              166.075126,
              15.076063
            ],
            [
              165.923926,
              14.984107
            ],
            [
              165.765128,
              14.905112
            ],
            [
              165.599917,
              14.839666
            ],
            [
              165.429521,
              14.788254
            ],
            [
              165.255206,
              14.751256
            ],
            [
              165.078262,
              14.728947
            ],
            [
              164.9,
              14.721492
            ],
            [
              164.721738,
              14.728947
            ],
            [
              164.544794,
              14.751256
            ],
            [
              164.370479,
              14.788254
            ],
            [
              164.200083,
              14.839666
            ],
            [
              164.034872,
              14.905112
            ],
            [
              163.876074,
              14.984107
            ],
            [
              163.724874,
              15.076063
            ],
            [
              163.582405,
              15.180297
            ],
            [
              163.449738,
              15.296034
            ],
            [
              163.327876,
              15.422412
            ],
            [
              163.217748,
              15.558489
            ],
            [
              163.120199,
              15.703246
            ],
            [
              163.035984,
              15.855601
            ],
            [
              162.965764,
              16.014412
            ],
            [
              162.910101,
              16.178484
            ],
            [
              162.869448,
              16.346581
            ],
            [
              162.844152,
              16.517435
            ],
            [
              162.834443,
              16.689753
            ],
            [
              162.840438,
              16.862226
            ],
            [
              162.862133,
              17.033542
            ],
            [
              162.899405,
              17.202393
            ],
            [
              162.952013,
              17.367489
            ],
            [
              163.019595,
              17.527561
            ],
            [
              163.101669,
              17.681379
            ],
            [
              163.19764,
              17.827755
            ],
            [
              163.3068,
              17.965556
            ],
            [
              163.428334,
              18.093713
            ],
            [
              163.561324,
              18.21123
            ],
            [
              163.704756,
              18.31719
            ],
            [
              163.857531,
              18.410766
            ],
            [
              164.018468,
              18.491224
            ],
            [
              164.186318,
              18.557934
            ],
            [
              164.35977,
              18.610372
            ],
            [
              164.537469,
              18.648125
            ],
            [
              164.718019,
              18.670897
            ],
            [
              164.9,
              18.678508
            ]
          ]
        ]
      }
    },
    {
      "type": "Feature",
      "properties": {
        "kind": "analysis-25ms-circle",
        "name": "白海豚",
        "intlName": "DOLPHIN",
        "datetime": "2026-07-30T14:00:00+08:00",
        "radius_km": "100",
        "circle25ms_km": "100",
        "label": "DOLPHIN 白海豚 10級風暴風圈"
      },
      "geometry": {
        "type": "Polygon",
        "coordinates": [
          [
            [
              164.9,
              17.599322
            ],
            [
              164.982225,
              17.595883
            ],
            [
              165.063815,
              17.585594
            ],
            [
              165.14414,
              17.568533
            ],
            [
              165.222581,
              17.544833
            ],
            [
              165.298533,
              17.514676
            ],
            [
              165.371412,
              17.478296
            ],
            [
              165.440658,
              17.435972
            ],
            [
              165.50574,
              17.38803
            ],
            [
              165.566162,
              17.334841
            ],
            [
              165.621462,
              17.276812
            ],
            [
              165.671221,
              17.214391
            ],
            [
              165.715062,
              17.148055
            ],
            [
              165.752657,
              17.078314
            ],
            [
              165.783725,
              17.005702
            ],
            [
              165.808035,
              16.930775
            ],
            [
              165.825411,
              16.854104
            ],
            [
              165.835728,
              16.776276
            ],
            [
              165.838916,
              16.697883
            ],
            [
              165.83496,
              16.619522
            ],
            [
              165.823899,
              16.541789
            ],
            [
              165.805825,
              16.465274
            ],
            [
              165.780883,
              16.390558
            ],
            [
              165.749271,
              16.318207
            ],
            [
              165.711233,
              16.248769
            ],
            [
              165.667066,
              16.182767
            ],
            [
              165.617107,
              16.120702
            ],
            [
              165.56174,
              16.063041
            ],
            [
              165.501386,
              16.01022
            ],
            [
              165.436503,
              15.962635
            ],
            [
              165.367583,
              15.920645
            ],
            [
              165.295146,
              15.884567
            ],
            [
              165.219739,
              15.854672
            ],
            [
              165.141929,
              15.831183
            ],
            [
              165.062302,
              15.814279
            ],
            [
              164.981457,
              15.804085
            ],
            [
              164.9,
              15.800678
            ],
            [
              164.818543,
              15.804085
            ],
            [
              164.737698,
              15.814279
            ],
            [
              164.658071,
              15.831183
            ],
            [
              164.580261,
              15.854672
            ],
            [
              164.504854,
              15.884567
            ],
            [
              164.432417,
              15.920645
            ],
            [
              164.363497,
              15.962635
            ],
            [
              164.298614,
              16.01022
            ],
            [
              164.23826,
              16.063041
            ],
            [
              164.182893,
              16.120702
            ],
            [
              164.132934,
              16.182767
            ],
            [
              164.088767,
              16.248769
            ],
            [
              164.050729,
              16.318207
            ],
            [
              164.019117,
              16.390558
            ],
            [
              163.994175,
              16.465274
            ],
            [
              163.976101,
              16.541789
            ],
            [
              163.96504,
              16.619522
            ],
            [
              163.961084,
              16.697883
            ],
            [
              163.964272,
              16.776276
            ],
            [
              163.974589,
              16.854104
            ],
            [
              163.991965,
              16.930775
            ],
            [
              164.016275,
              17.005702
            ],
            [
              164.047343,
              17.078314
            ],
            [
              164.084938,
              17.148055
            ],
            [
              164.128779,
              17.214391
            ],
            [
              164.178538,
              17.276812
            ],
            [
              164.233838,
              17.334841
            ],
            [
              164.29426,
              17.38803
            ],
            [
              164.359342,
              17.435972
            ],
            [
              164.428588,
              17.478296
            ],
            [
              164.501467,
              17.514676
            ],
            [
              164.577419,
              17.544833
            ],
            [
              164.65586,
              17.568533
            ],
            [
              164.736185,
              17.585594
            ],
            [
              164.817775,
              17.595883
            ],
            [
              164.9,
              17.599322
            ]
          ]
        ]
      }
    },
    {
      "type": "Feature",
      "properties": {
        "kind": "analysis-center",
        "name": "白海豚",
        "intlName": "DOLPHIN",
        "frameIndex": 15,
        "datetime": "2026-07-30T20:00:00+08:00",
        "maxWindSpeed_ms": "60",
        "pressure_hpa": "895",
        "label": "DOLPHIN 白海豚 分析位置"
      },
      "geometry": {
        "type": "Point",
        "coordinates": [
          163.8,
          17.4
        ]
      }
    },
    {
      "type": "Feature",
      "properties": {
        "kind": "analysis-15ms-circle",
        "name": "白海豚",
        "intlName": "DOLPHIN",
        "datetime": "2026-07-30T20:00:00+08:00",
        "radius_km": "220",
        "circle15ms_km": "220",
        "label": "DOLPHIN 白海豚 7級風暴風圈"
      },
      "geometry": {
        "type": "Polygon",
        "coordinates": [
          [
            [
              163.8,
              19.378508
            ],
            [
              163.98275,
              19.370893
            ],
            [
              164.164059,
              19.348111
            ],
            [
              164.342502,
              19.310341
            ],
            [
              164.516675,
              19.25788
            ],
            [
              164.685214,
              19.191141
            ],
            [
              164.846804,
              19.110649
            ],
            [
              165.000187,
              19.017037
            ],
            [
              165.144179,
              18.911038
            ],
            [
              165.277674,
              18.793481
            ],
            [
              165.399655,
              18.665284
            ],
            [
              165.509202,
              18.527445
            ],
            [
              165.605496,
              18.381033
            ],
            [
              165.687829,
              18.227183
            ],
            [
              165.755603,
              18.067083
            ],
            [
              165.808339,
              17.901965
            ],
            [
              165.845675,
              17.733097
            ],
            [
              165.86737,
              17.561772
            ],
            [
              165.873304,
              17.389296
            ],
            [
              165.863476,
              17.216983
            ],
            [
              165.838005,
              17.04614
            ],
            [
              165.797125,
              16.87806
            ],
            [
              165.741186,
              16.714011
            ],
            [
              165.670646,
              16.55523
            ],
            [
              165.586068,
              16.402907
            ],
            [
              165.488119,
              16.258186
            ],
            [
              165.377557,
              16.122148
            ],
            [
              165.255232,
              15.995809
            ],
            [
              165.122075,
              15.880111
            ],
            [
              164.979094,
              15.775915
            ],
            [
              164.827362,
              15.683994
            ],
            [
              164.668015,
              15.605032
            ],
            [
              164.502242,
              15.539614
            ],
            [
              164.331274,
              15.488224
            ],
            [
              164.156379,
              15.451242
            ],
            [
              163.97885,
              15.428944
            ],
            [
              163.8,
              15.421492
            ],
            [
              163.62115,
              15.428944
            ],
            [
              163.443621,
              15.451242
            ],
            [
              163.268726,
              15.488224
            ],
            [
              163.097758,
              15.539614
            ],
            [
              162.931985,
              15.605032
            ],
            [
              162.772638,
              15.683994
            ],
            [
              162.620906,
              15.775915
            ],
            [
              162.477925,
              15.880111
            ],
            [
              162.344768,
              15.995809
            ],
            [
              162.222443,
              16.122148
            ],
            [
              162.111881,
              16.258186
            ],
            [
              162.013932,
              16.402907
            ],
            [
              161.929354,
              16.55523
            ],
            [
              161.858814,
              16.714011
            ],
            [
              161.802875,
              16.87806
            ],
            [
              161.761995,
              17.04614
            ],
            [
              161.736524,
              17.216983
            ],
            [
              161.726696,
              17.389296
            ],
            [
              161.73263,
              17.561772
            ],
            [
              161.754325,
              17.733097
            ],
            [
              161.791661,
              17.901965
            ],
            [
              161.844397,
              18.067083
            ],
            [
              161.912171,
              18.227183
            ],
            [
              161.994504,
              18.381033
            ],
            [
              162.090798,
              18.527445
            ],
            [
              162.200345,
              18.665284
            ],
            [
              162.322326,
              18.793481
            ],
            [
              162.455821,
              18.911038
            ],
            [
              162.599813,
              19.017037
            ],
            [
              162.753196,
              19.110649
            ],
            [
              162.914786,
              19.191141
            ],
            [
              163.083325,
              19.25788
            ],
            [
              163.257498,
              19.310341
            ],
            [
              163.435941,
              19.348111
            ],
            [
              163.61725,
              19.370893
            ],
            [
              163.8,
              19.378508
            ]
          ]
        ]
      }
    },
    {
      "type": "Feature",
      "properties": {
        "kind": "analysis-25ms-circle",
        "name": "白海豚",
        "intlName": "DOLPHIN",
        "datetime": "2026-07-30T20:00:00+08:00",
        "radius_km": "100",
        "circle25ms_km": "100",
        "label": "DOLPHIN 白海豚 10級風暴風圈"
      },
      "geometry": {
        "type": "Polygon",
        "coordinates": [
          [
            [
              163.8,
              18.299322
            ],
            [
              163.882551,
              18.295882
            ],
            [
              163.964464,
              18.285591
            ],
            [
              164.045107,
              18.268527
            ],
            [
              164.123856,
              18.244822
            ],
            [
              164.200106,
              18.214659
            ],
            [
              164.273268,
              18.178272
            ],
            [
              164.342781,
              18.13594
            ],
            [
              164.408112,
              18.087991
            ],
            [
              164.468762,
              18.034794
            ],
            [
              164.524268,
              17.976757
            ],
            [
              164.574209,
              17.914327
            ],
            [
              164.618208,
              17.847984
            ],
            [
              164.655934,
              17.778236
            ],
            [
              164.687106,
              17.705619
            ],
            [
              164.711493,
              17.630686
            ],
            [
              164.728918,
              17.554012
            ],
            [
              164.739257,
              17.476182
            ],
            [
              164.74244,
              17.397788
            ],
            [
              164.738452,
              17.319428
            ],
            [
              164.727333,
              17.241697
            ],
            [
              164.709175,
              17.165186
            ],
            [
              164.684126,
              17.090475
            ],
            [
              164.652383,
              17.01813
            ],
            [
              164.614193,
              16.948698
            ],
            [
              164.569853,
              16.882704
            ],
            [
              164.519702,
              16.820647
            ],
            [
              164.464126,
              16.762994
            ],
            [
              164.403547,
              16.710181
            ],
            [
              164.338425,
              16.662604
            ],
            [
              164.269253,
              16.620622
            ],
            [
              164.196554,
              16.58455
            ],
            [
              164.120876,
              16.554661
            ],
            [
              164.042788,
              16.531177
            ],
            [
              163.962878,
              16.514276
            ],
            [
              163.881746,
              16.504084
            ],
            [
              163.8,
              16.500678
            ],
            [
              163.718254,
              16.504084
            ],
            [
              163.637122,
              16.514276
            ],
            [
              163.557212,
              16.531177
            ],
            [
              163.479124,
              16.554661
            ],
            [
              163.403446,
              16.58455
            ],
            [
              163.330747,
              16.620622
            ],
            [
              163.261575,
              16.662604
            ],
            [
              163.196453,
              16.710181
            ],
            [
              163.135874,
              16.762994
            ],
            [
              163.080298,
              16.820647
            ],
            [
              163.030147,
              16.882704
            ],
            [
              162.985807,
              16.948698
            ],
            [
              162.947617,
              17.01813
            ],
            [
              162.915874,
              17.090475
            ],
            [
              162.890825,
              17.165186
            ],
            [
              162.872667,
              17.241697
            ],
            [
              162.861548,
              17.319428
            ],
            [
              162.85756,
              17.397788
            ],
            [
              162.860743,
              17.476182
            ],
            [
              162.871082,
              17.554012
            ],
            [
              162.888507,
              17.630686
            ],
            [
              162.912894,
              17.705619
            ],
            [
              162.944066,
              17.778236
            ],
            [
              162.981792,
              17.847984
            ],
            [
              163.025791,
              17.914327
            ],
            [
              163.075732,
              17.976757
            ],
            [
              163.131238,
              18.034794
            ],
            [
              163.191888,
              18.087991
            ],
            [
              163.257219,
              18.13594
            ],
            [
              163.326732,
              18.178272
            ],
            [
              163.399894,
              18.214659
            ],
            [
              163.476144,
              18.244822
            ],
            [
              163.554893,
              18.268527
            ],
            [
              163.635536,
              18.285591
            ],
            [
              163.717449,
              18.295882
            ],
            [
              163.8,
              18.299322
            ]
          ]
        ]
      }
    },
    {
      "type": "Feature",
      "properties": {
        "kind": "analysis-center",
        "name": "白海豚",
        "intlName": "DOLPHIN",
        "frameIndex": 16,
        "datetime": "2026-07-31T02:00:00+08:00",
        "maxWindSpeed_ms": "60",
        "pressure_hpa": "895",
        "label": "DOLPHIN 白海豚 分析位置"
      },
      "geometry": {
        "type": "Point",
        "coordinates": [
          163,
          17.8
        ]
      }
    },
    {
      "type": "Feature",
      "properties": {
        "kind": "analysis-15ms-circle",
        "name": "白海豚",
        "intlName": "DOLPHIN",
        "datetime": "2026-07-31T02:00:00+08:00",
        "radius_km": "220",
        "circle15ms_km": "220",
        "label": "DOLPHIN 白海豚 7級風暴風圈"
      },
      "geometry": {
        "type": "Polygon",
        "coordinates": [
          [
            [
              163,
              19.778508
            ],
            [
              163.183204,
              19.770891
            ],
            [
              163.364963,
              19.748103
            ],
            [
              163.543845,
              19.710323
            ],
            [
              163.718445,
              19.657848
            ],
            [
              163.887392,
              19.591093
            ],
            [
              164.049367,
              19.510583
            ],
            [
              164.203111,
              19.416949
            ],
            [
              164.347434,
              19.310928
            ],
            [
              164.481229,
              19.193348
            ],
            [
              164.603475,
              19.065128
            ],
            [
              164.713252,
              18.927266
            ],
            [
              164.809738,
              18.780834
            ],
            [
              164.892225,
              18.626965
            ],
            [
              164.960114,
              18.466849
            ],
            [
              165.012927,
              18.301719
            ],
            [
              165.050301,
              18.132842
            ],
            [
              165.071998,
              17.961511
            ],
            [
              165.077897,
              17.789034
            ],
            [
              165.067999,
              17.616723
            ],
            [
              165.042425,
              17.445887
            ],
            [
              165.001412,
              17.277816
            ],
            [
              164.945311,
              17.113781
            ],
            [
              164.874581,
              16.955016
            ],
            [
              164.78979,
              16.802712
            ],
            [
              164.691604,
              16.658012
            ],
            [
              164.580785,
              16.521996
            ],
            [
              164.458186,
              16.39568
            ],
            [
              164.324738,
              16.280005
            ],
            [
              164.181452,
              16.17583
            ],
            [
              164.029404,
              16.08393
            ],
            [
              163.869732,
              16.004986
            ],
            [
              163.703625,
              15.939584
            ],
            [
              163.532317,
              15.888206
            ],
            [
              163.357076,
              15.851235
            ],
            [
              163.179199,
              15.828942
            ],
            [
              163,
              15.821492
            ],
            [
              162.820801,
              15.828942
            ],
            [
              162.642924,
              15.851235
            ],
            [
              162.467683,
              15.888206
            ],
            [
              162.296375,
              15.939584
            ],
            [
              162.130268,
              16.004986
            ],
            [
              161.970596,
              16.08393
            ],
            [
              161.818548,
              16.17583
            ],
            [
              161.675262,
              16.280005
            ],
            [
              161.541814,
              16.39568
            ],
            [
              161.419215,
              16.521996
            ],
            [
              161.308396,
              16.658012
            ],
            [
              161.21021,
              16.802712
            ],
            [
              161.125419,
              16.955016
            ],
            [
              161.054689,
              17.113781
            ],
            [
              160.998588,
              17.277816
            ],
            [
              160.957575,
              17.445887
            ],
            [
              160.932001,
              17.616723
            ],
            [
              160.922103,
              17.789034
            ],
            [
              160.928002,
              17.961511
            ],
            [
              160.949699,
              18.132842
            ],
            [
              160.987073,
              18.301719
            ],
            [
              161.039886,
              18.466849
            ],
            [
              161.107775,
              18.626965
            ],
            [
              161.190262,
              18.780834
            ],
            [
              161.286748,
              18.927266
            ],
            [
              161.396525,
              19.065128
            ],
            [
              161.518771,
              19.193348
            ],
            [
              161.652566,
              19.310928
            ],
            [
              161.796889,
              19.416949
            ],
            [
              161.950633,
              19.510583
            ],
            [
              162.112608,
              19.591093
            ],
            [
              162.281555,
              19.657848
            ],
            [
              162.456155,
              19.710323
            ],
            [
              162.635037,
              19.748103
            ],
            [
              162.816796,
              19.770891
            ],
            [
              163,
              19.778508
            ]
          ]
        ]
      }
    },
    {
      "type": "Feature",
      "properties": {
        "kind": "analysis-25ms-circle",
        "name": "白海豚",
        "intlName": "DOLPHIN",
        "datetime": "2026-07-31T02:00:00+08:00",
        "radius_km": "100",
        "circle25ms_km": "100",
        "label": "DOLPHIN 白海豚 10級風暴風圈"
      },
      "geometry": {
        "type": "Polygon",
        "coordinates": [
          [
            [
              163,
              18.699322
            ],
            [
              163.082744,
              18.695882
            ],
            [
              163.164848,
              18.685589
            ],
            [
              163.245679,
              18.668523
            ],
            [
              163.324611,
              18.644815
            ],
            [
              163.401037,
              18.61465
            ],
            [
              163.474367,
              18.578258
            ],
            [
              163.544039,
              18.535923
            ],
            [
              163.609517,
              18.487969
            ],
            [
              163.670302,
              18.434766
            ],
            [
              163.72593,
              18.376725
            ],
            [
              163.775979,
              18.31429
            ],
            [
              163.820071,
              18.247943
            ],
            [
              163.857875,
              18.178192
            ],
            [
              163.889109,
              18.105571
            ],
            [
              163.913542,
              18.030636
            ],
            [
              163.930997,
              17.95396
            ],
            [
              163.941349,
              17.876128
            ],
            [
              163.944529,
              17.797734
            ],
            [
              163.940523,
              17.719374
            ],
            [
              163.929369,
              17.641645
            ],
            [
              163.911162,
              17.565136
            ],
            [
              163.886049,
              17.490428
            ],
            [
              163.854229,
              17.418086
            ],
            [
              163.815949,
              17.348658
            ],
            [
              163.771506,
              17.282668
            ],
            [
              163.721242,
              17.220616
            ],
            [
              163.665542,
              17.162968
            ],
            [
              163.604829,
              17.110159
            ],
            [
              163.539565,
              17.062586
            ],
            [
              163.470244,
              17.020609
            ],
            [
              163.39739,
              16.984541
            ],
            [
              163.321551,
              16.954654
            ],
            [
              163.243298,
              16.931173
            ],
            [
              163.16322,
              16.914274
            ],
            [
              163.081917,
              16.904084
            ],
            [
              163,
              16.900678
            ],
            [
              162.918083,
              16.904084
            ],
            [
              162.83678,
              16.914274
            ],
            [
              162.756702,
              16.931173
            ],
            [
              162.678449,
              16.954654
            ],
            [
              162.60261,
              16.984541
            ],
            [
              162.529756,
              17.020609
            ],
            [
              162.460435,
              17.062586
            ],
            [
              162.395171,
              17.110159
            ],
            [
              162.334458,
              17.162968
            ],
            [
              162.278758,
              17.220616
            ],
            [
              162.228494,
              17.282668
            ],
            [
              162.184051,
              17.348658
            ],
            [
              162.145771,
              17.418086
            ],
            [
              162.113951,
              17.490428
            ],
            [
              162.088838,
              17.565136
            ],
            [
              162.070631,
              17.641645
            ],
            [
              162.059477,
              17.719374
            ],
            [
              162.055471,
              17.797734
            ],
            [
              162.058651,
              17.876128
            ],
            [
              162.069003,
              17.95396
            ],
            [
              162.086458,
              18.030636
            ],
            [
              162.110891,
              18.105571
            ],
            [
              162.142125,
              18.178192
            ],
            [
              162.179929,
              18.247943
            ],
            [
              162.224021,
              18.31429
            ],
            [
              162.27407,
              18.376725
            ],
            [
              162.329698,
              18.434766
            ],
            [
              162.390483,
              18.487969
            ],
            [
              162.455961,
              18.535923
            ],
            [
              162.525633,
              18.578258
            ],
            [
              162.598963,
              18.61465
            ],
            [
              162.675389,
              18.644815
            ],
            [
              162.754321,
              18.668523
            ],
            [
              162.835152,
              18.685589
            ],
            [
              162.917256,
              18.695882
            ],
            [
              163,
              18.699322
            ]
          ]
        ]
      }
    },
    {
      "type": "Feature",
      "properties": {
        "kind": "analysis-center",
        "name": "白海豚",
        "intlName": "DOLPHIN",
        "frameIndex": 17,
        "datetime": "2026-07-31T08:00:00+08:00",
        "maxWindSpeed_ms": "60",
        "pressure_hpa": "895",
        "label": "DOLPHIN 白海豚 分析位置"
      },
      "geometry": {
        "type": "Point",
        "coordinates": [
          161.9,
          18.2
        ]
      }
    },
    {
      "type": "Feature",
      "properties": {
        "kind": "analysis-15ms-circle",
        "name": "白海豚",
        "intlName": "DOLPHIN",
        "datetime": "2026-07-31T08:00:00+08:00",
        "radius_km": "250",
        "circle15ms_km": "250",
        "label": "DOLPHIN 白海豚 7級風暴風圈"
      },
      "geometry": {
        "type": "Polygon",
        "coordinates": [
          [
            [
              161.9,
              20.448304
            ],
            [
              162.109065,
              20.439632
            ],
            [
              162.316472,
              20.413687
            ],
            [
              162.520577,
              20.370673
            ],
            [
              162.719765,
              20.310932
            ],
            [
              162.912467,
              20.234939
            ],
            [
              163.097171,
              20.143294
            ],
            [
              163.272436,
              20.036722
            ],
            [
              163.436902,
              19.916063
            ],
            [
              163.589307,
              19.782265
            ],
            [
              163.728488,
              19.636379
            ],
            [
              163.853398,
              19.479546
            ],
            [
              163.963109,
              19.312986
            ],
            [
              164.056817,
              19.137995
            ],
            [
              164.133852,
              18.955928
            ],
            [
              164.193677,
              18.768189
            ],
            [
              164.235891,
              18.576221
            ],
            [
              164.260231,
              18.381496
            ],
            [
              164.266574,
              18.185499
            ],
            [
              164.254932,
              17.989723
            ],
            [
              164.225454,
              17.795651
            ],
            [
              164.178418,
              17.60475
            ],
            [
              164.114234,
              17.418459
            ],
            [
              164.033435,
              17.238177
            ],
            [
              163.936671,
              17.065255
            ],
            [
              163.824707,
              16.900985
            ],
            [
              163.698415,
              16.746592
            ],
            [
              163.558765,
              16.603224
            ],
            [
              163.40682,
              16.471945
            ],
            [
              163.243726,
              16.353728
            ],
            [
              163.070709,
              16.249448
            ],
            [
              162.889056,
              16.159875
            ],
            [
              162.700119,
              16.085671
            ],
            [
              162.505293,
              16.027382
            ],
            [
              162.306017,
              15.985438
            ],
            [
              162.103757,
              15.960147
            ],
            [
              161.9,
              15.951696
            ],
            [
              161.696243,
              15.960147
            ],
            [
              161.493983,
              15.985438
            ],
            [
              161.294707,
              16.027382
            ],
            [
              161.099881,
              16.085671
            ],
            [
              160.910944,
              16.159875
            ],
            [
              160.729291,
              16.249448
            ],
            [
              160.556274,
              16.353728
            ],
            [
              160.39318,
              16.471945
            ],
            [
              160.241235,
              16.603224
            ],
            [
              160.101585,
              16.746592
            ],
            [
              159.975293,
              16.900985
            ],
            [
              159.863329,
              17.065255
            ],
            [
              159.766565,
              17.238177
            ],
            [
              159.685766,
              17.418459
            ],
            [
              159.621582,
              17.60475
            ],
            [
              159.574546,
              17.795651
            ],
            [
              159.545068,
              17.989723
            ],
            [
              159.533426,
              18.185499
            ],
            [
              159.539769,
              18.381496
            ],
            [
              159.564109,
              18.576221
            ],
            [
              159.606323,
              18.768189
            ],
            [
              159.666148,
              18.955928
            ],
            [
              159.743183,
              19.137995
            ],
            [
              159.836891,
              19.312986
            ],
            [
              159.946602,
              19.479546
            ],
            [
              160.071512,
              19.636379
            ],
            [
              160.210693,
              19.782265
            ],
            [
              160.363098,
              19.916063
            ],
            [
              160.527564,
              20.036722
            ],
            [
              160.702829,
              20.143294
            ],
            [
              160.887533,
              20.234939
            ],
            [
              161.080235,
              20.310932
            ],
            [
              161.279423,
              20.370673
            ],
            [
              161.483528,
              20.413687
            ],
            [
              161.690935,
              20.439632
            ],
            [
              161.9,
              20.448304
            ]
          ]
        ]
      }
    },
    {
      "type": "Feature",
      "properties": {
        "kind": "analysis-25ms-circle",
        "name": "白海豚",
        "intlName": "DOLPHIN",
        "datetime": "2026-07-31T08:00:00+08:00",
        "radius_km": "120",
        "circle25ms_km": "120",
        "label": "DOLPHIN 白海豚 10級風暴風圈"
      },
      "geometry": {
        "type": "Polygon",
        "coordinates": [
          [
            [
              161.9,
              19.279186
            ],
            [
              161.999637,
              19.275053
            ],
            [
              162.098501,
              19.262687
            ],
            [
              162.195825,
              19.242184
            ],
            [
              162.290856,
              19.213703
            ],
            [
              162.382858,
              19.177464
            ],
            [
              162.471121,
              19.133749
            ],
            [
              162.554965,
              19.082895
            ],
            [
              162.633746,
              19.025297
            ],
            [
              162.706862,
              18.961399
            ],
            [
              162.773755,
              18.891694
            ],
            [
              162.833917,
              18.816721
            ],
            [
              162.886896,
              18.737055
            ],
            [
              162.932295,
              18.65331
            ],
            [
              162.969777,
              18.566127
            ],
            [
              162.999067,
              18.476176
            ],
            [
              163.019954,
              18.384144
            ],
            [
              163.032293,
              18.290734
            ],
            [
              163.036004,
              18.196659
            ],
            [
              163.031072,
              18.102634
            ],
            [
              163.017548,
              18.009375
            ],
            [
              162.99555,
              17.917589
            ],
            [
              162.965255,
              17.827972
            ],
            [
              162.926906,
              17.741201
            ],
            [
              162.880804,
              17.657932
            ],
            [
              162.827307,
              17.578795
            ],
            [
              162.766826,
              17.504383
            ],
            [
              162.699826,
              17.435259
            ],
            [
              162.626818,
              17.371942
            ],
            [
              162.548353,
              17.314906
            ],
            [
              162.465027,
              17.26458
            ],
            [
              162.377468,
              17.221342
            ],
            [
              162.286333,
              17.185515
            ],
            [
              162.192307,
              17.157368
            ],
            [
              162.096094,
              17.137111
            ],
            [
              161.998415,
              17.124896
            ],
            [
              161.9,
              17.120814
            ],
            [
              161.801585,
              17.124896
            ],
            [
              161.703906,
              17.137111
            ],
            [
              161.607693,
              17.157368
            ],
            [
              161.513667,
              17.185515
            ],
            [
              161.422532,
              17.221342
            ],
            [
              161.334973,
              17.26458
            ],
            [
              161.251647,
              17.314906
            ],
            [
              161.173182,
              17.371942
            ],
            [
              161.100174,
              17.435259
            ],
            [
              161.033174,
              17.504383
            ],
            [
              160.972693,
              17.578795
            ],
            [
              160.919196,
              17.657932
            ],
            [
              160.873094,
              17.741201
            ],
            [
              160.834745,
              17.827972
            ],
            [
              160.80445,
              17.917589
            ],
            [
              160.782452,
              18.009375
            ],
            [
              160.768928,
              18.102634
            ],
            [
              160.763996,
              18.196659
            ],
            [
              160.767707,
              18.290734
            ],
            [
              160.780046,
              18.384144
            ],
            [
              160.800933,
              18.476176
            ],
            [
              160.830223,
              18.566127
            ],
            [
              160.867705,
              18.65331
            ],
            [
              160.913104,
              18.737055
            ],
            [
              160.966083,
              18.816721
            ],
            [
              161.026245,
              18.891694
            ],
            [
              161.093138,
              18.961399
            ],
            [
              161.166254,
              19.025297
            ],
            [
              161.245035,
              19.082895
            ],
            [
              161.328879,
              19.133749
            ],
            [
              161.417142,
              19.177464
            ],
            [
              161.509144,
              19.213703
            ],
            [
              161.604175,
              19.242184
            ],
            [
              161.701499,
              19.262687
            ],
            [
              161.800363,
              19.275053
            ],
            [
              161.9,
              19.279186
            ]
          ]
        ]
      }
    },
    {
      "type": "Feature",
      "properties": {
        "kind": "analysis-center",
        "name": "白海豚",
        "intlName": "DOLPHIN",
        "frameIndex": 18,
        "datetime": "2026-07-31T14:00:00+08:00",
        "maxWindSpeed_ms": "60",
        "pressure_hpa": "895",
        "label": "DOLPHIN 白海豚 分析位置"
      },
      "geometry": {
        "type": "Point",
        "coordinates": [
          160.9,
          18.6
        ]
      }
    },
    {
      "type": "Feature",
      "properties": {
        "kind": "analysis-15ms-circle",
        "name": "白海豚",
        "intlName": "DOLPHIN",
        "datetime": "2026-07-31T14:00:00+08:00",
        "radius_km": "250",
        "circle15ms_km": "250",
        "label": "DOLPHIN 白海豚 7級風暴風圈"
      },
      "geometry": {
        "type": "Polygon",
        "coordinates": [
          [
            [
              160.9,
              20.848304
            ],
            [
              161.109616,
              20.83963
            ],
            [
              161.317567,
              20.813676
            ],
            [
              161.522205,
              20.770649
            ],
            [
              161.721909,
              20.710891
            ],
            [
              161.915104,
              20.634876
            ],
            [
              162.100274,
              20.543206
            ],
            [
              162.275972,
              20.436607
            ],
            [
              162.440837,
              20.315918
            ],
            [
              162.5936,
              20.182091
            ],
            [
              162.733098,
              20.036175
            ],
            [
              162.858281,
              19.879312
            ],
            [
              162.968218,
              19.712726
            ],
            [
              163.062107,
              19.537711
            ],
            [
              163.139275,
              19.355623
            ],
            [
              163.199186,
              19.167867
            ],
            [
              163.24144,
              18.975888
            ],
            [
              163.265775,
              18.781156
            ],
            [
              163.27207,
              18.585157
            ],
            [
              163.260339,
              18.389384
            ],
            [
              163.230732,
              18.19532
            ],
            [
              163.183531,
              18.004433
            ],
            [
              163.119148,
              17.81816
            ],
            [
              163.038117,
              17.637899
            ],
            [
              162.941094,
              17.465002
            ],
            [
              162.828845,
              17.300759
            ],
            [
              162.702244,
              17.146395
            ],
            [
              162.562265,
              17.003056
            ],
            [
              162.409973,
              16.871806
            ],
            [
              162.246517,
              16.753618
            ],
            [
              162.073124,
              16.649365
            ],
            [
              161.891085,
              16.559816
            ],
            [
              161.701752,
              16.485632
            ],
            [
              161.506524,
              16.42736
            ],
            [
              161.306841,
              16.385428
            ],
            [
              161.10417,
              16.360144
            ],
            [
              160.9,
              16.351696
            ],
            [
              160.69583,
              16.360144
            ],
            [
              160.493159,
              16.385428
            ],
            [
              160.293476,
              16.42736
            ],
            [
              160.098248,
              16.485632
            ],
            [
              159.908915,
              16.559816
            ],
            [
              159.726876,
              16.649365
            ],
            [
              159.553483,
              16.753618
            ],
            [
              159.390027,
              16.871806
            ],
            [
              159.237735,
              17.003056
            ],
            [
              159.097756,
              17.146395
            ],
            [
              158.971155,
              17.300759
            ],
            [
              158.858906,
              17.465002
            ],
            [
              158.761883,
              17.637899
            ],
            [
              158.680852,
              17.81816
            ],
            [
              158.616469,
              18.004433
            ],
            [
              158.569268,
              18.19532
            ],
            [
              158.539661,
              18.389384
            ],
            [
              158.52793,
              18.585157
            ],
            [
              158.534225,
              18.781156
            ],
            [
              158.55856,
              18.975888
            ],
            [
              158.600814,
              19.167867
            ],
            [
              158.660725,
              19.355623
            ],
            [
              158.737893,
              19.537711
            ],
            [
              158.831782,
              19.712726
            ],
            [
              158.941719,
              19.879312
            ],
            [
              159.066902,
              20.036175
            ],
            [
              159.2064,
              20.182091
            ],
            [
              159.359163,
              20.315918
            ],
            [
              159.524028,
              20.436607
            ],
            [
              159.699726,
              20.543206
            ],
            [
              159.884896,
              20.634876
            ],
            [
              160.078091,
              20.710891
            ],
            [
              160.277795,
              20.770649
            ],
            [
              160.482433,
              20.813676
            ],
            [
              160.690384,
              20.83963
            ],
            [
              160.9,
              20.848304
            ]
          ]
        ]
      }
    },
    {
      "type": "Feature",
      "properties": {
        "kind": "analysis-25ms-circle",
        "name": "白海豚",
        "intlName": "DOLPHIN",
        "datetime": "2026-07-31T14:00:00+08:00",
        "radius_km": "120",
        "circle25ms_km": "120",
        "label": "DOLPHIN 白海豚 10級風暴風圈"
      },
      "geometry": {
        "type": "Polygon",
        "coordinates": [
          [
            [
              160.9,
              19.679186
            ],
            [
              160.999883,
              19.675053
            ],
            [
              161.098991,
              19.662685
            ],
            [
              161.196555,
              19.642179
            ],
            [
              161.291819,
              19.613693
            ],
            [
              161.384045,
              19.57745
            ],
            [
              161.472522,
              19.533729
            ],
            [
              161.556567,
              19.482869
            ],
            [
              161.635535,
              19.425264
            ],
            [
              161.708822,
              19.361359
            ],
            [
              161.775868,
              19.291648
            ],
            [
              161.836167,
              19.216667
            ],
            [
              161.889263,
              19.136996
            ],
            [
              161.934759,
              19.053244
            ],
            [
              161.972317,
              18.966057
            ],
            [
              162.001663,
              18.876102
            ],
            [
              162.022586,
              18.784067
            ],
            [
              162.03494,
              18.690656
            ],
            [
              162.038645,
              18.59658
            ],
            [
              162.033687,
              18.502556
            ],
            [
              162.020118,
              18.409299
            ],
            [
              161.998055,
              18.317516
            ],
            [
              161.967678,
              18.227902
            ],
            [
              161.92923,
              18.141136
            ],
            [
              161.883012,
              18.057874
            ],
            [
              161.829385,
              17.978742
            ],
            [
              161.76876,
              17.904338
            ],
            [
              161.701603,
              17.83522
            ],
            [
              161.628426,
              17.771909
            ],
            [
              161.549783,
              17.71488
            ],
            [
              161.46627,
              17.664561
            ],
            [
              161.378515,
              17.621328
            ],
            [
              161.287178,
              17.585506
            ],
            [
              161.192945,
              17.557363
            ],
            [
              161.096522,
              17.537109
            ],
            [
              160.99863,
              17.524895
            ],
            [
              160.9,
              17.520814
            ],
            [
              160.80137,
              17.524895
            ],
            [
              160.703478,
              17.537109
            ],
            [
              160.607055,
              17.557363
            ],
            [
              160.512822,
              17.585506
            ],
            [
              160.421485,
              17.621328
            ],
            [
              160.33373,
              17.664561
            ],
            [
              160.250217,
              17.71488
            ],
            [
              160.171574,
              17.771909
            ],
            [
              160.098397,
              17.83522
            ],
            [
              160.03124,
              17.904338
            ],
            [
              159.970615,
              17.978742
            ],
            [
              159.916988,
              18.057874
            ],
            [
              159.87077,
              18.141136
            ],
            [
              159.832322,
              18.227902
            ],
            [
              159.801945,
              18.317516
            ],
            [
              159.779882,
              18.409299
            ],
            [
              159.766313,
              18.502556
            ],
            [
              159.761355,
              18.59658
            ],
            [
              159.76506,
              18.690656
            ],
            [
              159.777414,
              18.784067
            ],
            [
              159.798337,
              18.876102
            ],
            [
              159.827683,
              18.966057
            ],
            [
              159.865241,
              19.053244
            ],
            [
              159.910737,
              19.136996
            ],
            [
              159.963833,
              19.216667
            ],
            [
              160.024132,
              19.291648
            ],
            [
              160.091178,
              19.361359
            ],
            [
              160.164465,
              19.425264
            ],
            [
              160.243433,
              19.482869
            ],
            [
              160.327478,
              19.533729
            ],
            [
              160.415955,
              19.57745
            ],
            [
              160.508181,
              19.613693
            ],
            [
              160.603445,
              19.642179
            ],
            [
              160.701009,
              19.662685
            ],
            [
              160.800117,
              19.675053
            ],
            [
              160.9,
              19.679186
            ]
          ]
        ]
      }
    },
    {
      "type": "Feature",
      "properties": {
        "kind": "analysis-center",
        "name": "白海豚",
        "intlName": "DOLPHIN",
        "frameIndex": 19,
        "datetime": "2026-07-31T20:00:00+08:00",
        "maxWindSpeed_ms": "55",
        "pressure_hpa": "910",
        "label": "DOLPHIN 白海豚 分析位置"
      },
      "geometry": {
        "type": "Point",
        "coordinates": [
          160.1,
          19.1
        ]
      }
    },
    {
      "type": "Feature",
      "properties": {
        "kind": "analysis-15ms-circle",
        "name": "白海豚",
        "intlName": "DOLPHIN",
        "datetime": "2026-07-31T20:00:00+08:00",
        "radius_km": "300",
        "circle15ms_km": "300",
        "label": "DOLPHIN 白海豚 7級風暴風圈"
      },
      "geometry": {
        "type": "Polygon",
        "coordinates": [
          [
            [
              160.1,
              21.797965
            ],
            [
              160.35314,
              21.787521
            ],
            [
              160.604248,
              21.756272
            ],
            [
              160.851312,
              21.70447
            ],
            [
              161.092358,
              21.632531
            ],
            [
              161.325468,
              21.541033
            ],
            [
              161.548797,
              21.430706
            ],
            [
              161.760592,
              21.302433
            ],
            [
              161.959204,
              21.157235
            ],
            [
              162.143103,
              20.996263
            ],
            [
              162.310888,
              20.820792
            ],
            [
              162.461302,
              20.632202
            ],
            [
              162.593236,
              20.431973
            ],
            [
              162.705737,
              20.221669
            ],
            [
              162.798015,
              20.002926
            ],
            [
              162.869444,
              19.777437
            ],
            [
              162.919565,
              19.54694
            ],
            [
              162.948089,
              19.313202
            ],
            [
              162.954891,
              19.078009
            ],
            [
              162.940012,
              18.84315
            ],
            [
              162.903657,
              18.610403
            ],
            [
              162.846185,
              18.381522
            ],
            [
              162.76811,
              18.158228
            ],
            [
              162.670092,
              17.942192
            ],
            [
              162.552931,
              17.735025
            ],
            [
              162.417559,
              17.538267
            ],
            [
              162.265034,
              17.353378
            ],
            [
              162.09653,
              17.181724
            ],
            [
              161.913328,
              17.024572
            ],
            [
              161.716808,
              16.883078
            ],
            [
              161.508436,
              16.758282
            ],
            [
              161.28976,
              16.651099
            ],
            [
              161.06239,
              16.562315
            ],
            [
              160.827998,
              16.492578
            ],
            [
              160.588298,
              16.442399
            ],
            [
              160.345041,
              16.412145
            ],
            [
              160.1,
              16.402035
            ],
            [
              159.854959,
              16.412145
            ],
            [
              159.611702,
              16.442399
            ],
            [
              159.372002,
              16.492578
            ],
            [
              159.13761,
              16.562315
            ],
            [
              158.91024,
              16.651099
            ],
            [
              158.691564,
              16.758282
            ],
            [
              158.483192,
              16.883078
            ],
            [
              158.286672,
              17.024572
            ],
            [
              158.10347,
              17.181724
            ],
            [
              157.934966,
              17.353378
            ],
            [
              157.782441,
              17.538267
            ],
            [
              157.647069,
              17.735025
            ],
            [
              157.529908,
              17.942192
            ],
            [
              157.43189,
              18.158228
            ],
            [
              157.353815,
              18.381522
            ],
            [
              157.296343,
              18.610403
            ],
            [
              157.259988,
              18.84315
            ],
            [
              157.245109,
              19.078009
            ],
            [
              157.251911,
              19.313202
            ],
            [
              157.280435,
              19.54694
            ],
            [
              157.330556,
              19.777437
            ],
            [
              157.401985,
              20.002926
            ],
            [
              157.494263,
              20.221669
            ],
            [
              157.606764,
              20.431973
            ],
            [
              157.738698,
              20.632202
            ],
            [
              157.889112,
              20.820792
            ],
            [
              158.056897,
              20.996263
            ],
            [
              158.240796,
              21.157235
            ],
            [
              158.439408,
              21.302433
            ],
            [
              158.651203,
              21.430706
            ],
            [
              158.874532,
              21.541033
            ],
            [
              159.107642,
              21.632531
            ],
            [
              159.348688,
              21.70447
            ],
            [
              159.595752,
              21.756272
            ],
            [
              159.84686,
              21.787521
            ],
            [
              160.1,
              21.797965
            ]
          ]
        ]
      }
    },
    {
      "type": "Feature",
      "properties": {
        "kind": "analysis-25ms-circle",
        "name": "白海豚",
        "intlName": "DOLPHIN",
        "datetime": "2026-07-31T20:00:00+08:00",
        "radius_km": "160",
        "circle25ms_km": "160",
        "label": "DOLPHIN 白海豚 10級風暴風圈"
      },
      "geometry": {
        "type": "Polygon",
        "coordinates": [
          [
            [
              160.1,
              20.538915
            ],
            [
              160.233904,
              20.53339
            ],
            [
              160.36676,
              20.516859
            ],
            [
              160.497532,
              20.489452
            ],
            [
              160.625197,
              20.451383
            ],
            [
              160.748761,
              20.402948
            ],
            [
              160.867266,
              20.344527
            ],
            [
              160.979793,
              20.276575
            ],
            [
              161.085476,
              20.199622
            ],
            [
              161.183504,
              20.114265
            ],
            [
              161.27313,
              20.021167
            ],
            [
              161.353676,
              19.92105
            ],
            [
              161.424537,
              19.814687
            ],
            [
              161.485187,
              19.702901
            ],
            [
              161.535182,
              19.586551
            ],
            [
              161.57416,
              19.466531
            ],
            [
              161.60185,
              19.343763
            ],
            [
              161.618064,
              19.219183
            ],
            [
              161.622705,
              19.093744
            ],
            [
              161.615765,
              18.968399
            ],
            [
              161.597322,
              18.844102
            ],
            [
              161.567541,
              18.721794
            ],
            [
              161.526671,
              18.6024
            ],
            [
              161.475045,
              18.48682
            ],
            [
              161.41307,
              18.375927
            ],
            [
              161.341233,
              18.270553
            ],
            [
              161.260089,
              18.171489
            ],
            [
              161.17026,
              18.079477
            ],
            [
              161.072433,
              17.995207
            ],
            [
              160.967347,
              17.919307
            ],
            [
              160.855794,
              17.852343
            ],
            [
              160.738613,
              17.794816
            ],
            [
              160.616681,
              17.747153
            ],
            [
              160.490907,
              17.709709
            ],
            [
              160.362229,
              17.682763
            ],
            [
              160.231603,
              17.666515
            ],
            [
              160.1,
              17.661085
            ],
            [
              159.968397,
              17.666515
            ],
            [
              159.837771,
              17.682763
            ],
            [
              159.709093,
              17.709709
            ],
            [
              159.583319,
              17.747153
            ],
            [
              159.461387,
              17.794816
            ],
            [
              159.344206,
              17.852343
            ],
            [
              159.232653,
              17.919307
            ],
            [
              159.127567,
              17.995207
            ],
            [
              159.02974,
              18.079477
            ],
            [
              158.939911,
              18.171489
            ],
            [
              158.858767,
              18.270553
            ],
            [
              158.78693,
              18.375927
            ],
            [
              158.724955,
              18.48682
            ],
            [
              158.673329,
              18.6024
            ],
            [
              158.632459,
              18.721794
            ],
            [
              158.602678,
              18.844102
            ],
            [
              158.584235,
              18.968399
            ],
            [
              158.577295,
              19.093744
            ],
            [
              158.581936,
              19.219183
            ],
            [
              158.59815,
              19.343763
            ],
            [
              158.62584,
              19.466531
            ],
            [
              158.664818,
              19.586551
            ],
            [
              158.714813,
              19.702901
            ],
            [
              158.775463,
              19.814687
            ],
            [
              158.846324,
              19.92105
            ],
            [
              158.92687,
              20.021167
            ],
            [
              159.016496,
              20.114265
            ],
            [
              159.114524,
              20.199622
            ],
            [
              159.220207,
              20.276575
            ],
            [
              159.332734,
              20.344527
            ],
            [
              159.451239,
              20.402948
            ],
            [
              159.574803,
              20.451383
            ],
            [
              159.702468,
              20.489452
            ],
            [
              159.83324,
              20.516859
            ],
            [
              159.966096,
              20.53339
            ],
            [
              160.1,
              20.538915
            ]
          ]
        ]
      }
    },
    {
      "type": "Feature",
      "properties": {
        "kind": "analysis-center",
        "name": "白海豚",
        "intlName": "DOLPHIN",
        "frameIndex": 20,
        "datetime": "2026-08-01T02:00:00+08:00",
        "maxWindSpeed_ms": "55",
        "pressure_hpa": "910",
        "label": "DOLPHIN 白海豚 分析位置"
      },
      "geometry": {
        "type": "Point",
        "coordinates": [
          159.1,
          19.8
        ]
      }
    },
    {
      "type": "Feature",
      "properties": {
        "kind": "analysis-15ms-circle",
        "name": "白海豚",
        "intlName": "DOLPHIN",
        "datetime": "2026-08-01T02:00:00+08:00",
        "radius_km": "300",
        "circle15ms_km": "300",
        "label": "DOLPHIN 白海豚 7級風暴風圈"
      },
      "geometry": {
        "type": "Polygon",
        "coordinates": [
          [
            [
              159.1,
              22.497965
            ],
            [
              159.354401,
              22.487514
            ],
            [
              159.606756,
              22.456245
            ],
            [
              159.85504,
              22.40441
            ],
            [
              160.097264,
              22.332426
            ],
            [
              160.331498,
              22.240872
            ],
            [
              160.555887,
              22.130482
            ],
            [
              160.768665,
              22.002138
            ],
            [
              160.968175,
              21.856865
            ],
            [
              161.152879,
              21.695816
            ],
            [
              161.321371,
              21.520268
            ],
            [
              161.472389,
              21.331604
            ],
            [
              161.604819,
              21.131307
            ],
            [
              161.717709,
              20.920942
            ],
            [
              161.810266,
              20.702147
            ],
            [
              161.881867,
              20.476616
            ],
            [
              161.932055,
              20.246088
            ],
            [
              161.960544,
              20.012333
            ],
            [
              161.967214,
              19.777137
            ],
            [
              161.952111,
              19.542287
            ],
            [
              161.915445,
              19.309561
            ],
            [
              161.857581,
              19.080715
            ],
            [
              161.779041,
              18.857466
            ],
            [
              161.680489,
              18.641485
            ],
            [
              161.562734,
              18.434381
            ],
            [
              161.426713,
              18.237692
            ],
            [
              161.273492,
              18.052876
            ],
            [
              161.104249,
              17.881297
            ],
            [
              160.920272,
              17.72422
            ],
            [
              160.722946,
              17.582798
            ],
            [
              160.513742,
              17.45807
            ],
            [
              160.294212,
              17.350948
            ],
            [
              160.065972,
              17.262215
            ],
            [
              159.830695,
              17.192521
            ],
            [
              159.590102,
              17.142374
            ],
            [
              159.345945,
              17.112138
            ],
            [
              159.1,
              17.102035
            ],
            [
              158.854055,
              17.112138
            ],
            [
              158.609898,
              17.142374
            ],
            [
              158.369305,
              17.192521
            ],
            [
              158.134028,
              17.262215
            ],
            [
              157.905788,
              17.350948
            ],
            [
              157.686258,
              17.45807
            ],
            [
              157.477054,
              17.582798
            ],
            [
              157.279728,
              17.72422
            ],
            [
              157.095751,
              17.881297
            ],
            [
              156.926508,
              18.052876
            ],
            [
              156.773287,
              18.237692
            ],
            [
              156.637266,
              18.434381
            ],
            [
              156.519511,
              18.641485
            ],
            [
              156.420959,
              18.857466
            ],
            [
              156.342419,
              19.080715
            ],
            [
              156.284555,
              19.309561
            ],
            [
              156.247889,
              19.542287
            ],
            [
              156.232786,
              19.777137
            ],
            [
              156.239456,
              20.012333
            ],
            [
              156.267945,
              20.246088
            ],
            [
              156.318133,
              20.476616
            ],
            [
              156.389734,
              20.702147
            ],
            [
              156.482291,
              20.920942
            ],
            [
              156.595181,
              21.131307
            ],
            [
              156.727611,
              21.331604
            ],
            [
              156.878629,
              21.520268
            ],
            [
              157.047121,
              21.695816
            ],
            [
              157.231825,
              21.856865
            ],
            [
              157.431335,
              22.002138
            ],
            [
              157.644113,
              22.130482
            ],
            [
              157.868502,
              22.240872
            ],
            [
              158.102736,
              22.332426
            ],
            [
              158.34496,
              22.40441
            ],
            [
              158.593244,
              22.456245
            ],
            [
              158.845599,
              22.487514
            ],
            [
              159.1,
              22.497965
            ]
          ]
        ]
      }
    },
    {
      "type": "Feature",
      "properties": {
        "kind": "analysis-25ms-circle",
        "name": "白海豚",
        "intlName": "DOLPHIN",
        "datetime": "2026-08-01T02:00:00+08:00",
        "radius_km": "160",
        "circle25ms_km": "160",
        "label": "DOLPHIN 白海豚 10級風暴風圈"
      },
      "geometry": {
        "type": "Polygon",
        "coordinates": [
          [
            [
              159.1,
              21.238915
            ],
            [
              159.234529,
              21.233388
            ],
            [
              159.368006,
              21.216852
            ],
            [
              159.499385,
              21.189435
            ],
            [
              159.62764,
              21.151353
            ],
            [
              159.751772,
              21.102903
            ],
            [
              159.870815,
              21.044464
            ],
            [
              159.983848,
              20.976492
            ],
            [
              160.09,
              20.899518
            ],
            [
              160.188455,
              20.814139
            ],
            [
              160.278464,
              20.721019
            ],
            [
              160.359346,
              20.620881
            ],
            [
              160.430493,
              20.514499
            ],
            [
              160.491378,
              20.402695
            ],
            [
              160.541555,
              20.28633
            ],
            [
              160.580664,
              20.166299
            ],
            [
              160.608431,
              20.043521
            ],
            [
              160.62467,
              19.918936
            ],
            [
              160.629286,
              19.793495
            ],
            [
              160.62227,
              19.668153
            ],
            [
              160.603703,
              19.543862
            ],
            [
              160.573752,
              19.421563
            ],
            [
              160.532669,
              19.302182
            ],
            [
              160.480787,
              19.186618
            ],
            [
              160.418519,
              19.075742
            ],
            [
              160.346352,
              18.970388
            ],
            [
              160.264846,
              18.871345
            ],
            [
              160.174626,
              18.779355
            ],
            [
              160.07638,
              18.695106
            ],
            [
              159.970852,
              18.619226
            ],
            [
              159.858837,
              18.552282
            ],
            [
              159.741175,
              18.494772
            ],
            [
              159.618748,
              18.447124
            ],
            [
              159.492468,
              18.409693
            ],
            [
              159.363274,
              18.382756
            ],
            [
              159.232127,
              18.366513
            ],
            [
              159.1,
              18.361085
            ],
            [
              158.967873,
              18.366513
            ],
            [
              158.836726,
              18.382756
            ],
            [
              158.707532,
              18.409693
            ],
            [
              158.581252,
              18.447124
            ],
            [
              158.458825,
              18.494772
            ],
            [
              158.341163,
              18.552282
            ],
            [
              158.229148,
              18.619226
            ],
            [
              158.12362,
              18.695106
            ],
            [
              158.025374,
              18.779355
            ],
            [
              157.935154,
              18.871345
            ],
            [
              157.853648,
              18.970388
            ],
            [
              157.781481,
              19.075742
            ],
            [
              157.719213,
              19.186618
            ],
            [
              157.667331,
              19.302182
            ],
            [
              157.626248,
              19.421563
            ],
            [
              157.596297,
              19.543862
            ],
            [
              157.57773,
              19.668153
            ],
            [
              157.570714,
              19.793495
            ],
            [
              157.57533,
              19.918936
            ],
            [
              157.591569,
              20.043521
            ],
            [
              157.619336,
              20.166299
            ],
            [
              157.658445,
              20.28633
            ],
            [
              157.708622,
              20.402695
            ],
            [
              157.769507,
              20.514499
            ],
            [
              157.840654,
              20.620881
            ],
            [
              157.921536,
              20.721019
            ],
            [
              158.011545,
              20.814139
            ],
            [
              158.11,
              20.899518
            ],
            [
              158.216152,
              20.976492
            ],
            [
              158.329185,
              21.044464
            ],
            [
              158.448228,
              21.102903
            ],
            [
              158.57236,
              21.151353
            ],
            [
              158.700615,
              21.189435
            ],
            [
              158.831994,
              21.216852
            ],
            [
              158.965471,
              21.233388
            ],
            [
              159.1,
              21.238915
            ]
          ]
        ]
      }
    },
    {
      "type": "Feature",
      "properties": {
        "kind": "analysis-center",
        "name": "白海豚",
        "intlName": "DOLPHIN",
        "frameIndex": 21,
        "datetime": "2026-08-01T08:00:00+08:00",
        "maxWindSpeed_ms": "53",
        "pressure_hpa": "915",
        "label": "DOLPHIN 白海豚 分析位置"
      },
      "geometry": {
        "type": "Point",
        "coordinates": [
          158.3,
          20.1
        ]
      }
    },
    {
      "type": "Feature",
      "properties": {
        "kind": "analysis-15ms-circle",
        "name": "白海豚",
        "intlName": "DOLPHIN",
        "datetime": "2026-08-01T08:00:00+08:00",
        "radius_km": "300",
        "circle15ms_km": "300",
        "label": "DOLPHIN 白海豚 7級風暴風圈"
      },
      "geometry": {
        "type": "Polygon",
        "coordinates": [
          [
            [
              158.3,
              22.797965
            ],
            [
              158.554957,
              22.787511
            ],
            [
              158.807862,
              22.756233
            ],
            [
              159.056683,
              22.704384
            ],
            [
              159.299427,
              22.63238
            ],
            [
              159.534157,
              22.540802
            ],
            [
              159.759013,
              22.430384
            ],
            [
              159.972225,
              22.30201
            ],
            [
              160.172132,
              22.156705
            ],
            [
              160.357192,
              21.995623
            ],
            [
              160.525997,
              21.820042
            ],
            [
              160.677281,
              21.631347
            ],
            [
              160.809931,
              21.43102
            ],
            [
              160.922993,
              21.220628
            ],
            [
              161.015675,
              21.00181
            ],
            [
              161.087353,
              20.776262
            ],
            [
              161.137572,
              20.545721
            ],
            [
              161.166047,
              20.311959
            ],
            [
              161.172659,
              20.07676
            ],
            [
              161.157459,
              19.841914
            ],
            [
              161.120656,
              19.609198
            ],
            [
              161.062621,
              19.380367
            ],
            [
              160.983875,
              19.157138
            ],
            [
              160.885089,
              18.94118
            ],
            [
              160.767072,
              18.734103
            ],
            [
              160.630765,
              18.537445
            ],
            [
              160.477236,
              18.35266
            ],
            [
              160.307667,
              18.181114
            ],
            [
              160.123348,
              18.024068
            ],
            [
              159.925665,
              17.882678
            ],
            [
              159.716093,
              17.757978
            ],
            [
              159.496185,
              17.650882
            ],
            [
              159.267559,
              17.562173
            ],
            [
              159.031891,
              17.492497
            ],
            [
              158.790901,
              17.442363
            ],
            [
              158.546345,
              17.412135
            ],
            [
              158.3,
              17.402035
            ],
            [
              158.053655,
              17.412135
            ],
            [
              157.809099,
              17.442363
            ],
            [
              157.568109,
              17.492497
            ],
            [
              157.332441,
              17.562173
            ],
            [
              157.103815,
              17.650882
            ],
            [
              156.883907,
              17.757978
            ],
            [
              156.674335,
              17.882678
            ],
            [
              156.476652,
              18.024068
            ],
            [
              156.292333,
              18.181114
            ],
            [
              156.122764,
              18.35266
            ],
            [
              155.969235,
              18.537445
            ],
            [
              155.832928,
              18.734103
            ],
            [
              155.714911,
              18.94118
            ],
            [
              155.616125,
              19.157138
            ],
            [
              155.537379,
              19.380367
            ],
            [
              155.479344,
              19.609198
            ],
            [
              155.442541,
              19.841914
            ],
            [
              155.427341,
              20.07676
            ],
            [
              155.433953,
              20.311959
            ],
            [
              155.462428,
              20.545721
            ],
            [
              155.512647,
              20.776262
            ],
            [
              155.584325,
              21.00181
            ],
            [
              155.677007,
              21.220628
            ],
            [
              155.790069,
              21.43102
            ],
            [
              155.922719,
              21.631347
            ],
            [
              156.074003,
              21.820042
            ],
            [
              156.242808,
              21.995623
            ],
            [
              156.427868,
              22.156705
            ],
            [
              156.627775,
              22.30201
            ],
            [
              156.840987,
              22.430384
            ],
            [
              157.065843,
              22.540802
            ],
            [
              157.300573,
              22.63238
            ],
            [
              157.543317,
              22.704384
            ],
            [
              157.792138,
              22.756233
            ],
            [
              158.045043,
              22.787511
            ],
            [
              158.3,
              22.797965
            ]
          ]
        ]
      }
    },
    {
      "type": "Feature",
      "properties": {
        "kind": "analysis-25ms-circle",
        "name": "白海豚",
        "intlName": "DOLPHIN",
        "datetime": "2026-08-01T08:00:00+08:00",
        "radius_km": "160",
        "circle25ms_km": "160",
        "label": "DOLPHIN 白海豚 10級風暴風圈"
      },
      "geometry": {
        "type": "Polygon",
        "coordinates": [
          [
            [
              158.3,
              21.538915
            ],
            [
              158.434806,
              21.533387
            ],
            [
              158.568555,
              21.516848
            ],
            [
              158.700202,
              21.489428
            ],
            [
              158.828718,
              21.45134
            ],
            [
              158.9531,
              21.402884
            ],
            [
              159.072382,
              21.344437
            ],
            [
              159.185638,
              21.276457
            ],
            [
              159.291997,
              21.199473
            ],
            [
              159.390641,
              21.114085
            ],
            [
              159.480819,
              21.020956
            ],
            [
              159.561849,
              20.920809
            ],
            [
              159.633123,
              20.814418
            ],
            [
              159.694112,
              20.702607
            ],
            [
              159.74437,
              20.586235
            ],
            [
              159.783537,
              20.466198
            ],
            [
              159.811338,
              20.343417
            ],
            [
              159.827589,
              20.21883
            ],
            [
              159.832193,
              20.093388
            ],
            [
              159.825144,
              19.968047
            ],
            [
              159.806523,
              19.843758
            ],
            [
              159.776498,
              19.721464
            ],
            [
              159.73532,
              19.602088
            ],
            [
              159.683326,
              19.486531
            ],
            [
              159.620929,
              19.375663
            ],
            [
              159.548617,
              19.270317
            ],
            [
              159.466951,
              19.171283
            ],
            [
              159.376558,
              19.079302
            ],
            [
              159.278126,
              18.995062
            ],
            [
              159.172403,
              18.919191
            ],
            [
              159.060183,
              18.852256
            ],
            [
              158.942309,
              18.794753
            ],
            [
              158.819663,
              18.747112
            ],
            [
              158.693158,
              18.709686
            ],
            [
              158.563737,
              18.682753
            ],
            [
              158.432359,
              18.666512
            ],
            [
              158.3,
              18.661085
            ],
            [
              158.167641,
              18.666512
            ],
            [
              158.036263,
              18.682753
            ],
            [
              157.906842,
              18.709686
            ],
            [
              157.780337,
              18.747112
            ],
            [
              157.657691,
              18.794753
            ],
            [
              157.539817,
              18.852256
            ],
            [
              157.427597,
              18.919191
            ],
            [
              157.321874,
              18.995062
            ],
            [
              157.223442,
              19.079302
            ],
            [
              157.133049,
              19.171283
            ],
            [
              157.051383,
              19.270317
            ],
            [
              156.979071,
              19.375663
            ],
            [
              156.916674,
              19.486531
            ],
            [
              156.86468,
              19.602088
            ],
            [
              156.823502,
              19.721464
            ],
            [
              156.793477,
              19.843758
            ],
            [
              156.774856,
              19.968047
            ],
            [
              156.767807,
              20.093388
            ],
            [
              156.772411,
              20.21883
            ],
            [
              156.788662,
              20.343417
            ],
            [
              156.816463,
              20.466198
            ],
            [
              156.85563,
              20.586235
            ],
            [
              156.905888,
              20.702607
            ],
            [
              156.966877,
              20.814418
            ],
            [
              157.038151,
              20.920809
            ],
            [
              157.119181,
              21.020956
            ],
            [
              157.209359,
              21.114085
            ],
            [
              157.308003,
              21.199473
            ],
            [
              157.414362,
              21.276457
            ],
            [
              157.527618,
              21.344437
            ],
            [
              157.6469,
              21.402884
            ],
            [
              157.771282,
              21.45134
            ],
            [
              157.899798,
              21.489428
            ],
            [
              158.031445,
              21.516848
            ],
            [
              158.165194,
              21.533387
            ],
            [
              158.3,
              21.538915
            ]
          ]
        ]
      }
    },
    {
      "type": "Feature",
      "properties": {
        "kind": "analysis-center",
        "name": "白海豚",
        "intlName": "DOLPHIN",
        "frameIndex": 22,
        "datetime": "2026-08-01T14:00:00+08:00",
        "maxWindSpeed_ms": "51",
        "pressure_hpa": "925",
        "label": "DOLPHIN 白海豚 分析位置"
      },
      "geometry": {
        "type": "Point",
        "coordinates": [
          157.5,
          20.8
        ]
      }
    },
    {
      "type": "Feature",
      "properties": {
        "kind": "analysis-15ms-circle",
        "name": "白海豚",
        "intlName": "DOLPHIN",
        "datetime": "2026-08-01T14:00:00+08:00",
        "radius_km": "300",
        "circle15ms_km": "300",
        "label": "DOLPHIN 白海豚 7級風暴風圈"
      },
      "geometry": {
        "type": "Polygon",
        "coordinates": [
          [
            [
              157.5,
              23.497965
            ],
            [
              157.756292,
              23.487504
            ],
            [
              158.010516,
              23.456205
            ],
            [
              158.260628,
              23.404322
            ],
            [
              158.504619,
              23.332273
            ],
            [
              158.74054,
              23.240639
            ],
            [
              158.966517,
              23.130156
            ],
            [
              159.180772,
              23.001711
            ],
            [
              159.381632,
              22.856329
            ],
            [
              159.567547,
              22.69517
            ],
            [
              159.737103,
              22.519511
            ],
            [
              159.88903,
              22.330741
            ],
            [
              160.02221,
              22.130345
            ],
            [
              160.135688,
              21.919891
            ],
            [
              160.228671,
              21.701021
            ],
            [
              160.300537,
              21.47543
            ],
            [
              160.350833,
              21.244859
            ],
            [
              160.379276,
              21.011079
            ],
            [
              160.385754,
              20.775877
            ],
            [
              160.370321,
              20.54104
            ],
            [
              160.333193,
              20.308347
            ],
            [
              160.274747,
              20.07955
            ],
            [
              160.195512,
              19.856367
            ],
            [
              160.096164,
              19.640465
            ],
            [
              159.977518,
              19.433452
            ],
            [
              159.840526,
              19.236863
            ],
            [
              159.686258,
              19.052153
            ],
            [
              159.515905,
              18.880682
            ],
            [
              159.330761,
              18.723712
            ],
            [
              159.13222,
              18.582395
            ],
            [
              158.921762,
              18.457763
            ],
            [
              158.700943,
              18.350729
            ],
            [
              158.471387,
              18.262073
            ],
            [
              158.234775,
              18.19244
            ],
            [
              157.99283,
              18.142337
            ],
            [
              157.747311,
              18.112129
            ],
            [
              157.5,
              18.102035
            ],
            [
              157.252689,
              18.112129
            ],
            [
              157.00717,
              18.142337
            ],
            [
              156.765225,
              18.19244
            ],
            [
              156.528613,
              18.262073
            ],
            [
              156.299057,
              18.350729
            ],
            [
              156.078238,
              18.457763
            ],
            [
              155.86778,
              18.582395
            ],
            [
              155.669239,
              18.723712
            ],
            [
              155.484095,
              18.880682
            ],
            [
              155.313742,
              19.052153
            ],
            [
              155.159474,
              19.236863
            ],
            [
              155.022482,
              19.433452
            ],
            [
              154.903836,
              19.640465
            ],
            [
              154.804488,
              19.856367
            ],
            [
              154.725253,
              20.07955
            ],
            [
              154.666807,
              20.308347
            ],
            [
              154.629679,
              20.54104
            ],
            [
              154.614246,
              20.775877
            ],
            [
              154.620724,
              21.011079
            ],
            [
              154.649167,
              21.244859
            ],
            [
              154.699463,
              21.47543
            ],
            [
              154.771329,
              21.701021
            ],
            [
              154.864312,
              21.919891
            ],
            [
              154.97779,
              22.130345
            ],
            [
              155.11097,
              22.330741
            ],
            [
              155.262897,
              22.519511
            ],
            [
              155.432453,
              22.69517
            ],
            [
              155.618368,
              22.856329
            ],
            [
              155.819228,
              23.001711
            ],
            [
              156.033483,
              23.130156
            ],
            [
              156.25946,
              23.240639
            ],
            [
              156.495381,
              23.332273
            ],
            [
              156.739372,
              23.404322
            ],
            [
              156.989484,
              23.456205
            ],
            [
              157.243708,
              23.487504
            ],
            [
              157.5,
              23.497965
            ]
          ]
        ]
      }
    },
    {
      "type": "Feature",
      "properties": {
        "kind": "analysis-25ms-circle",
        "name": "白海豚",
        "intlName": "DOLPHIN",
        "datetime": "2026-08-01T14:00:00+08:00",
        "radius_km": "160",
        "circle25ms_km": "160",
        "label": "DOLPHIN 白海豚 10級風暴風圈"
      },
      "geometry": {
        "type": "Polygon",
        "coordinates": [
          [
            [
              157.5,
              22.238915
            ],
            [
              157.635469,
              22.233385
            ],
            [
              157.769875,
              22.216841
            ],
            [
              157.902167,
              22.189411
            ],
            [
              158.031308,
              22.15131
            ],
            [
              158.156292,
              22.102838
            ],
            [
              158.276145,
              22.044373
            ],
            [
              158.389938,
              21.976373
            ],
            [
              158.496794,
              21.899367
            ],
            [
              158.595892,
              21.813957
            ],
            [
              158.686477,
              21.720806
            ],
            [
              158.767864,
              21.620638
            ],
            [
              158.839443,
              21.514228
            ],
            [
              158.900683,
              21.402399
            ],
            [
              158.951137,
              21.286012
            ],
            [
              158.990443,
              21.165963
            ],
            [
              159.018328,
              21.043172
            ],
            [
              159.034608,
              20.91858
            ],
            [
              159.039186,
              20.793137
            ],
            [
              159.032059,
              20.667798
            ],
            [
              159.013307,
              20.543515
            ],
            [
              158.983103,
              20.42123
            ],
            [
              158.9417,
              20.301867
            ],
            [
              158.889436,
              20.186326
            ],
            [
              158.826727,
              20.075476
            ],
            [
              158.754066,
              19.97015
            ],
            [
              158.672016,
              19.871137
            ],
            [
              158.581207,
              19.779178
            ],
            [
              158.482331,
              19.69496
            ],
            [
              158.376137,
              19.61911
            ],
            [
              158.263424,
              19.552194
            ],
            [
              158.145039,
              19.494709
            ],
            [
              158.021866,
              19.447083
            ],
            [
              157.894821,
              19.409669
            ],
            [
              157.764851,
              19.382745
            ],
            [
              157.632918,
              19.36651
            ],
            [
              157.5,
              19.361085
            ],
            [
              157.367082,
              19.36651
            ],
            [
              157.235149,
              19.382745
            ],
            [
              157.105179,
              19.409669
            ],
            [
              156.978134,
              19.447083
            ],
            [
              156.854961,
              19.494709
            ],
            [
              156.736576,
              19.552194
            ],
            [
              156.623863,
              19.61911
            ],
            [
              156.517669,
              19.69496
            ],
            [
              156.418793,
              19.779178
            ],
            [
              156.327984,
              19.871137
            ],
            [
              156.245934,
              19.97015
            ],
            [
              156.173273,
              20.075476
            ],
            [
              156.110564,
              20.186326
            ],
            [
              156.0583,
              20.301867
            ],
            [
              156.016897,
              20.42123
            ],
            [
              155.986693,
              20.543515
            ],
            [
              155.967941,
              20.667798
            ],
            [
              155.960814,
              20.793137
            ],
            [
              155.965392,
              20.91858
            ],
            [
              155.981672,
              21.043172
            ],
            [
              156.009557,
              21.165963
            ],
            [
              156.048863,
              21.286012
            ],
            [
              156.099317,
              21.402399
            ],
            [
              156.160557,
              21.514228
            ],
            [
              156.232136,
              21.620638
            ],
            [
              156.313523,
              21.720806
            ],
            [
              156.404108,
              21.813957
            ],
            [
              156.503206,
              21.899367
            ],
            [
              156.610062,
              21.976373
            ],
            [
              156.723855,
              22.044373
            ],
            [
              156.843708,
              22.102838
            ],
            [
              156.968692,
              22.15131
            ],
            [
              157.097833,
              22.189411
            ],
            [
              157.230125,
              22.216841
            ],
            [
              157.364531,
              22.233385
            ],
            [
              157.5,
              22.238915
            ]
          ]
        ]
      }
    },
    {
      "type": "Feature",
      "properties": {
        "kind": "analysis-center",
        "name": "白海豚",
        "intlName": "DOLPHIN",
        "frameIndex": 23,
        "datetime": "2026-08-01T20:00:00+08:00",
        "maxWindSpeed_ms": "51",
        "pressure_hpa": "925",
        "label": "DOLPHIN 白海豚 分析位置"
      },
      "geometry": {
        "type": "Point",
        "coordinates": [
          156.2,
          21.5
        ]
      }
    },
    {
      "type": "Feature",
      "properties": {
        "kind": "analysis-15ms-circle",
        "name": "白海豚",
        "intlName": "DOLPHIN",
        "datetime": "2026-08-01T20:00:00+08:00",
        "radius_km": "300",
        "circle15ms_km": "300",
        "label": "DOLPHIN 白海豚 7級風暴風圈"
      },
      "geometry": {
        "type": "Polygon",
        "coordinates": [
          [
            [
              156.2,
              24.197965
            ],
            [
              156.457679,
              24.187497
            ],
            [
              156.713276,
              24.156177
            ],
            [
              156.964729,
              24.10426
            ],
            [
              157.210016,
              24.032165
            ],
            [
              157.447175,
              23.940474
            ],
            [
              157.67432,
              23.829926
            ],
            [
              157.88966,
              23.701408
            ],
            [
              158.091512,
              23.55595
            ],
            [
              158.278318,
              23.394712
            ],
            [
              158.448658,
              23.218975
            ],
            [
              158.601255,
              23.03013
            ],
            [
              158.73499,
              22.829663
            ],
            [
              158.848903,
              22.619147
            ],
            [
              158.942203,
              22.400223
            ],
            [
              159.014267,
              22.174589
            ],
            [
              159.064646,
              21.943989
            ],
            [
              159.093061,
              21.710191
            ],
            [
              159.099403,
              21.474985
            ],
            [
              159.083731,
              21.240158
            ],
            [
              159.046269,
              21.007487
            ],
            [
              158.987398,
              20.778725
            ],
            [
              158.907655,
              20.555589
            ],
            [
              158.807724,
              20.339743
            ],
            [
              158.688426,
              20.132794
            ],
            [
              158.55072,
              19.936277
            ],
            [
              158.395683,
              19.751641
            ],
            [
              158.224513,
              19.580247
            ],
            [
              158.03851,
              19.423354
            ],
            [
              157.839074,
              19.282109
            ],
            [
              157.627689,
              19.157547
            ],
            [
              157.405919,
              19.050575
            ],
            [
              157.175392,
              18.961972
            ],
            [
              156.937792,
              18.892382
            ],
            [
              156.694848,
              18.842311
            ],
            [
              156.448322,
              18.812122
            ],
            [
              156.2,
              18.802035
            ],
            [
              155.951678,
              18.812122
            ],
            [
              155.705152,
              18.842311
            ],
            [
              155.462208,
              18.892382
            ],
            [
              155.224608,
              18.961972
            ],
            [
              154.994081,
              19.050575
            ],
            [
              154.772311,
              19.157547
            ],
            [
              154.560926,
              19.282109
            ],
            [
              154.36149,
              19.423354
            ],
            [
              154.175487,
              19.580247
            ],
            [
              154.004317,
              19.751641
            ],
            [
              153.84928,
              19.936277
            ],
            [
              153.711574,
              20.132794
            ],
            [
              153.592276,
              20.339743
            ],
            [
              153.492345,
              20.555589
            ],
            [
              153.412602,
              20.778725
            ],
            [
              153.353731,
              21.007487
            ],
            [
              153.316269,
              21.240158
            ],
            [
              153.300597,
              21.474985
            ],
            [
              153.306939,
              21.710191
            ],
            [
              153.335354,
              21.943989
            ],
            [
              153.385733,
              22.174589
            ],
            [
              153.457797,
              22.400223
            ],
            [
              153.551097,
              22.619147
            ],
            [
              153.66501,
              22.829663
            ],
            [
              153.798745,
              23.03013
            ],
            [
              153.951342,
              23.218975
            ],
            [
              154.121682,
              23.394712
            ],
            [
              154.308488,
              23.55595
            ],
            [
              154.51034,
              23.701408
            ],
            [
              154.72568,
              23.829926
            ],
            [
              154.952825,
              23.940474
            ],
            [
              155.189984,
              24.032165
            ],
            [
              155.435271,
              24.10426
            ],
            [
              155.686724,
              24.156177
            ],
            [
              155.942321,
              24.187497
            ],
            [
              156.2,
              24.197965
            ]
          ]
        ]
      }
    },
    {
      "type": "Feature",
      "properties": {
        "kind": "analysis-25ms-circle",
        "name": "白海豚",
        "intlName": "DOLPHIN",
        "datetime": "2026-08-01T20:00:00+08:00",
        "radius_km": "160",
        "circle25ms_km": "160",
        "label": "DOLPHIN 白海豚 10級風暴風圈"
      },
      "geometry": {
        "type": "Polygon",
        "coordinates": [
          [
            [
              156.2,
              22.938915
            ],
            [
              156.336159,
              22.933383
            ],
            [
              156.471249,
              22.916833
            ],
            [
              156.604211,
              22.889393
            ],
            [
              156.734004,
              22.85128
            ],
            [
              156.859614,
              22.802792
            ],
            [
              156.980062,
              22.744309
            ],
            [
              157.094415,
              22.676288
            ],
            [
              157.201789,
              22.599261
            ],
            [
              157.30136,
              22.513828
            ],
            [
              157.392369,
              22.420656
            ],
            [
              157.474128,
              22.320466
            ],
            [
              157.546025,
              22.214036
            ],
            [
              157.607527,
              22.102188
            ],
            [
              157.658185,
              21.985786
            ],
            [
              157.697638,
              21.865725
            ],
            [
              157.725612,
              21.742925
            ],
            [
              157.741922,
              21.618328
            ],
            [
              157.746475,
              21.492883
            ],
            [
              157.739266,
              21.367547
            ],
            [
              157.720381,
              21.24327
            ],
            [
              157.689991,
              21.120995
            ],
            [
              157.648353,
              21.001644
            ],
            [
              157.595809,
              20.886119
            ],
            [
              157.532777,
              20.775287
            ],
            [
              157.459752,
              20.669981
            ],
            [
              157.377302,
              20.57099
            ],
            [
              157.286059,
              20.479053
            ],
            [
              157.186719,
              20.394856
            ],
            [
              157.080035,
              20.319028
            ],
            [
              156.966808,
              20.252131
            ],
            [
              156.84789,
              20.194665
            ],
            [
              156.724166,
              20.147054
            ],
            [
              156.596558,
              20.109653
            ],
            [
              156.466014,
              20.082738
            ],
            [
              156.333501,
              20.066509
            ],
            [
              156.2,
              20.061085
            ],
            [
              156.066499,
              20.066509
            ],
            [
              155.933986,
              20.082738
            ],
            [
              155.803442,
              20.109653
            ],
            [
              155.675834,
              20.147054
            ],
            [
              155.55211,
              20.194665
            ],
            [
              155.433192,
              20.252131
            ],
            [
              155.319965,
              20.319028
            ],
            [
              155.213281,
              20.394856
            ],
            [
              155.113941,
              20.479053
            ],
            [
              155.022698,
              20.57099
            ],
            [
              154.940248,
              20.669981
            ],
            [
              154.867223,
              20.775287
            ],
            [
              154.804191,
              20.886119
            ],
            [
              154.751647,
              21.001644
            ],
            [
              154.710009,
              21.120995
            ],
            [
              154.679619,
              21.24327
            ],
            [
              154.660734,
              21.367547
            ],
            [
              154.653525,
              21.492883
            ],
            [
              154.658078,
              21.618328
            ],
            [
              154.674388,
              21.742925
            ],
            [
              154.702362,
              21.865725
            ],
            [
              154.741815,
              21.985786
            ],
            [
              154.792473,
              22.102188
            ],
            [
              154.853975,
              22.214036
            ],
            [
              154.925872,
              22.320466
            ],
            [
              155.007631,
              22.420656
            ],
            [
              155.09864,
              22.513828
            ],
            [
              155.198211,
              22.599261
            ],
            [
              155.305585,
              22.676288
            ],
            [
              155.419938,
              22.744309
            ],
            [
              155.540386,
              22.802792
            ],
            [
              155.665996,
              22.85128
            ],
            [
              155.795789,
              22.889393
            ],
            [
              155.928751,
              22.916833
            ],
            [
              156.063841,
              22.933383
            ],
            [
              156.2,
              22.938915
            ]
          ]
        ]
      }
    },
    {
      "type": "Feature",
      "properties": {
        "kind": "analysis-center",
        "name": "白海豚",
        "intlName": "DOLPHIN",
        "frameIndex": 24,
        "datetime": "2026-08-02T02:00:00+08:00",
        "maxWindSpeed_ms": "51",
        "pressure_hpa": "925",
        "label": "DOLPHIN 白海豚 分析位置"
      },
      "geometry": {
        "type": "Point",
        "coordinates": [
          155,
          22.1
        ]
      }
    },
    {
      "type": "Feature",
      "properties": {
        "kind": "analysis-15ms-circle",
        "name": "白海豚",
        "intlName": "DOLPHIN",
        "datetime": "2026-08-02T02:00:00+08:00",
        "radius_km": "300",
        "circle15ms_km": "300",
        "label": "DOLPHIN 白海豚 7級風暴風圈"
      },
      "geometry": {
        "type": "Polygon",
        "coordinates": [
          [
            [
              155,
              24.797965
            ],
            [
              155.258911,
              24.787491
            ],
            [
              155.515726,
              24.756153
            ],
            [
              155.768371,
              24.704207
            ],
            [
              156.01481,
              24.632072
            ],
            [
              156.25307,
              24.540331
            ],
            [
              156.481252,
              24.429726
            ],
            [
              156.697555,
              24.301146
            ],
            [
              156.90029,
              24.155621
            ],
            [
              157.08789,
              23.994315
            ],
            [
              157.258927,
              23.818511
            ],
            [
              157.412122,
              23.629601
            ],
            [
              157.546351,
              23.429074
            ],
            [
              157.660653,
              23.218503
            ],
            [
              157.754237,
              22.999533
            ],
            [
              157.826481,
              22.773863
            ],
            [
              157.876937,
              22.543236
            ],
            [
              157.905329,
              22.309424
            ],
            [
              157.911552,
              22.074214
            ],
            [
              157.895671,
              21.839395
            ],
            [
              157.857913,
              21.606744
            ],
            [
              157.798667,
              21.378013
            ],
            [
              157.718475,
              21.154916
            ],
            [
              157.618026,
              20.939119
            ],
            [
              157.49815,
              20.732226
            ],
            [
              157.359809,
              20.53577
            ],
            [
              157.204089,
              20.351199
            ],
            [
              157.032192,
              20.179871
            ],
            [
              156.845424,
              20.023043
            ],
            [
              156.64519,
              19.881863
            ],
            [
              156.43298,
              19.75736
            ],
            [
              156.210362,
              19.650441
            ],
            [
              155.978968,
              19.561884
            ],
            [
              155.740486,
              19.492332
            ],
            [
              155.49665,
              19.442288
            ],
            [
              155.249225,
              19.412117
            ],
            [
              155,
              19.402035
            ],
            [
              154.750775,
              19.412117
            ],
            [
              154.50335,
              19.442288
            ],
            [
              154.259514,
              19.492332
            ],
            [
              154.021032,
              19.561884
            ],
            [
              153.789638,
              19.650441
            ],
            [
              153.56702,
              19.75736
            ],
            [
              153.35481,
              19.881863
            ],
            [
              153.154576,
              20.023043
            ],
            [
              152.967808,
              20.179871
            ],
            [
              152.795911,
              20.351199
            ],
            [
              152.640191,
              20.53577
            ],
            [
              152.50185,
              20.732226
            ],
            [
              152.381974,
              20.939119
            ],
            [
              152.281525,
              21.154916
            ],
            [
              152.201333,
              21.378013
            ],
            [
              152.142087,
              21.606744
            ],
            [
              152.104329,
              21.839395
            ],
            [
              152.088448,
              22.074214
            ],
            [
              152.094671,
              22.309424
            ],
            [
              152.123063,
              22.543236
            ],
            [
              152.173519,
              22.773863
            ],
            [
              152.245763,
              22.999533
            ],
            [
              152.339347,
              23.218503
            ],
            [
              152.453649,
              23.429074
            ],
            [
              152.587878,
              23.629601
            ],
            [
              152.741073,
              23.818511
            ],
            [
              152.91211,
              23.994315
            ],
            [
              153.09971,
              24.155621
            ],
            [
              153.302445,
              24.301146
            ],
            [
              153.518748,
              24.429726
            ],
            [
              153.74693,
              24.540331
            ],
            [
              153.98519,
              24.632072
            ],
            [
              154.231629,
              24.704207
            ],
            [
              154.484274,
              24.756153
            ],
            [
              154.741089,
              24.787491
            ],
            [
              155,
              24.797965
            ]
          ]
        ]
      }
    },
    {
      "type": "Feature",
      "properties": {
        "kind": "analysis-25ms-circle",
        "name": "白海豚",
        "intlName": "DOLPHIN",
        "datetime": "2026-08-02T02:00:00+08:00",
        "radius_km": "160",
        "circle25ms_km": "160",
        "label": "DOLPHIN 白海豚 10級風暴風圈"
      },
      "geometry": {
        "type": "Polygon",
        "coordinates": [
          [
            [
              155,
              23.538915
            ],
            [
              155.136772,
              23.533382
            ],
            [
              155.27247,
              23.516826
            ],
            [
              155.406028,
              23.489378
            ],
            [
              155.5364,
              23.451254
            ],
            [
              155.662567,
              23.402752
            ],
            [
              155.783545,
              23.344253
            ],
            [
              155.898394,
              23.276214
            ],
            [
              156.006229,
              23.199169
            ],
            [
              156.106222,
              23.113717
            ],
            [
              156.197609,
              23.020525
            ],
            [
              156.2797,
              22.920317
            ],
            [
              156.35188,
              22.81387
            ],
            [
              156.413615,
              22.702007
            ],
            [
              156.464456,
              22.585591
            ],
            [
              156.50404,
              22.465519
            ],
            [
              156.532094,
              22.342712
            ],
            [
              156.548432,
              22.21811
            ],
            [
              156.552963,
              22.092664
            ],
            [
              156.545683,
              21.967329
            ],
            [
              156.526679,
              21.843058
            ],
            [
              156.496124,
              21.720791
            ],
            [
              156.454279,
              21.601452
            ],
            [
              156.401485,
              21.48594
            ],
            [
              156.338166,
              21.375125
            ],
            [
              156.264818,
              21.269836
            ],
            [
              156.182012,
              21.170863
            ],
            [
              156.090383,
              21.078944
            ],
            [
              155.99063,
              20.994767
            ],
            [
              155.883509,
              20.918957
            ],
            [
              155.769825,
              20.852078
            ],
            [
              155.65043,
              20.794626
            ],
            [
              155.526216,
              20.747029
            ],
            [
              155.398106,
              20.709638
            ],
            [
              155.267051,
              20.682731
            ],
            [
              155.134021,
              20.666507
            ],
            [
              155,
              20.661085
            ],
            [
              154.865979,
              20.666507
            ],
            [
              154.732949,
              20.682731
            ],
            [
              154.601894,
              20.709638
            ],
            [
              154.473784,
              20.747029
            ],
            [
              154.34957,
              20.794626
            ],
            [
              154.230175,
              20.852078
            ],
            [
              154.116491,
              20.918957
            ],
            [
              154.00937,
              20.994767
            ],
            [
              153.909617,
              21.078944
            ],
            [
              153.817988,
              21.170863
            ],
            [
              153.735182,
              21.269836
            ],
            [
              153.661834,
              21.375125
            ],
            [
              153.598515,
              21.48594
            ],
            [
              153.545721,
              21.601452
            ],
            [
              153.503876,
              21.720791
            ],
            [
              153.473321,
              21.843058
            ],
            [
              153.454317,
              21.967329
            ],
            [
              153.447037,
              22.092664
            ],
            [
              153.451568,
              22.21811
            ],
            [
              153.467906,
              22.342712
            ],
            [
              153.49596,
              22.465519
            ],
            [
              153.535544,
              22.585591
            ],
            [
              153.586385,
              22.702007
            ],
            [
              153.64812,
              22.81387
            ],
            [
              153.7203,
              22.920317
            ],
            [
              153.802391,
              23.020525
            ],
            [
              153.893778,
              23.113717
            ],
            [
              153.993771,
              23.199169
            ],
            [
              154.101606,
              23.276214
            ],
            [
              154.216455,
              23.344253
            ],
            [
              154.337433,
              23.402752
            ],
            [
              154.4636,
              23.451254
            ],
            [
              154.593972,
              23.489378
            ],
            [
              154.72753,
              23.516826
            ],
            [
              154.863228,
              23.533382
            ],
            [
              155,
              23.538915
            ]
          ]
        ]
      }
    },
    {
      "type": "Feature",
      "properties": {
        "kind": "analysis-center",
        "name": "白海豚",
        "intlName": "DOLPHIN",
        "frameIndex": 25,
        "datetime": "2026-08-02T08:00:00+08:00",
        "maxWindSpeed_ms": "51",
        "pressure_hpa": "925",
        "label": "DOLPHIN 白海豚 分析位置"
      },
      "geometry": {
        "type": "Point",
        "coordinates": [
          153.4,
          22.7
        ]
      }
    },
    {
      "type": "Feature",
      "properties": {
        "kind": "analysis-15ms-circle",
        "name": "白海豚",
        "intlName": "DOLPHIN",
        "datetime": "2026-08-02T08:00:00+08:00",
        "radius_km": "320",
        "circle15ms_km": "320",
        "label": "DOLPHIN 白海豚 7級風暴風圈"
      },
      "geometry": {
        "type": "Polygon",
        "coordinates": [
          [
            [
              153.4,
              25.577829
            ],
            [
              153.677929,
              25.566634
            ],
            [
              153.953594,
              25.53314
            ],
            [
              154.224754,
              25.477621
            ],
            [
              154.489214,
              25.400529
            ],
            [
              154.744842,
              25.302491
            ],
            [
              154.989595,
              25.184304
            ],
            [
              155.221533,
              25.046923
            ],
            [
              155.43884,
              24.891455
            ],
            [
              155.639835,
              24.71915
            ],
            [
              155.822989,
              24.531383
            ],
            [
              155.986934,
              24.329649
            ],
            [
              156.130475,
              24.115542
            ],
            [
              156.252592,
              23.890747
            ],
            [
              156.352447,
              23.657023
            ],
            [
              156.429389,
              23.416189
            ],
            [
              156.482953,
              23.170106
            ],
            [
              156.512859,
              22.920666
            ],
            [
              156.519011,
              22.669777
            ],
            [
              156.501492,
              22.419346
            ],
            [
              156.460563,
              22.171267
            ],
            [
              156.396653,
              21.927405
            ],
            [
              156.310354,
              21.689586
            ],
            [
              156.202417,
              21.459582
            ],
            [
              156.073739,
              21.239096
            ],
            [
              155.925355,
              21.029759
            ],
            [
              155.758434,
              20.83311
            ],
            [
              155.574265,
              20.65059
            ],
            [
              155.374247,
              20.483534
            ],
            [
              155.159882,
              20.333159
            ],
            [
              154.932762,
              20.200557
            ],
            [
              154.694558,
              20.086691
            ],
            [
              154.447011,
              19.992385
            ],
            [
              154.191921,
              19.918321
            ],
            [
              153.931131,
              19.865033
            ],
            [
              153.666523,
              19.832906
            ],
            [
              153.4,
              19.822171
            ],
            [
              153.133477,
              19.832906
            ],
            [
              152.868869,
              19.865033
            ],
            [
              152.608079,
              19.918321
            ],
            [
              152.352989,
              19.992385
            ],
            [
              152.105442,
              20.086691
            ],
            [
              151.867238,
              20.200557
            ],
            [
              151.640118,
              20.333159
            ],
            [
              151.425753,
              20.483534
            ],
            [
              151.225735,
              20.65059
            ],
            [
              151.041566,
              20.83311
            ],
            [
              150.874645,
              21.029759
            ],
            [
              150.726261,
              21.239096
            ],
            [
              150.597583,
              21.459582
            ],
            [
              150.489646,
              21.689586
            ],
            [
              150.403347,
              21.927405
            ],
            [
              150.339437,
              22.171267
            ],
            [
              150.298508,
              22.419346
            ],
            [
              150.280989,
              22.669777
            ],
            [
              150.287141,
              22.920666
            ],
            [
              150.317047,
              23.170106
            ],
            [
              150.370611,
              23.416189
            ],
            [
              150.447553,
              23.657023
            ],
            [
              150.547408,
              23.890747
            ],
            [
              150.669525,
              24.115542
            ],
            [
              150.813066,
              24.329649
            ],
            [
              150.977011,
              24.531383
            ],
            [
              151.160165,
              24.71915
            ],
            [
              151.36116,
              24.891455
            ],
            [
              151.578467,
              25.046923
            ],
            [
              151.810405,
              25.184304
            ],
            [
              152.055158,
              25.302491
            ],
            [
              152.310786,
              25.400529
            ],
            [
              152.575246,
              25.477621
            ],
            [
              152.846406,
              25.53314
            ],
            [
              153.122071,
              25.566634
            ],
            [
              153.4,
              25.577829
            ]
          ]
        ]
      }
    },
    {
      "type": "Feature",
      "properties": {
        "kind": "analysis-25ms-circle",
        "name": "白海豚",
        "intlName": "DOLPHIN",
        "datetime": "2026-08-02T08:00:00+08:00",
        "radius_km": "180",
        "circle25ms_km": "180",
        "label": "DOLPHIN 白海豚 10級風暴風圈"
      },
      "geometry": {
        "type": "Polygon",
        "coordinates": [
          [
            [
              153.4,
              24.318779
            ],
            [
              153.554796,
              24.312544
            ],
            [
              153.708369,
              24.293888
            ],
            [
              153.859508,
              24.262958
            ],
            [
              154.007024,
              24.219999
            ],
            [
              154.149757,
              24.165349
            ],
            [
              154.286591,
              24.09944
            ],
            [
              154.416461,
              24.022789
            ],
            [
              154.538361,
              23.935999
            ],
            [
              154.651354,
              23.839749
            ],
            [
              154.75458,
              23.734792
            ],
            [
              154.847257,
              23.621947
            ],
            [
              154.928696,
              23.502091
            ],
            [
              154.998295,
              23.376154
            ],
            [
              155.055554,
              23.245109
            ],
            [
              155.100067,
              23.109967
            ],
            [
              155.131532,
              22.971766
            ],
            [
              155.149749,
              22.831565
            ],
            [
              155.15462,
              22.690435
            ],
            [
              155.146149,
              22.54945
            ],
            [
              155.124442,
              22.409681
            ],
            [
              155.089701,
              22.272184
            ],
            [
              155.042227,
              22.137997
            ],
            [
              154.982413,
              22.008131
            ],
            [
              154.910738,
              21.883559
            ],
            [
              154.827771,
              21.765213
            ],
            [
              154.734156,
              21.653978
            ],
            [
              154.630614,
              21.550682
            ],
            [
              154.517933,
              21.456094
            ],
            [
              154.396967,
              21.370914
            ],
            [
              154.268624,
              21.295775
            ],
            [
              154.133863,
              21.231232
            ],
            [
              153.993686,
              21.177762
            ],
            [
              153.849133,
              21.13576
            ],
            [
              153.701272,
              21.105535
            ],
            [
              153.551192,
              21.087311
            ],
            [
              153.4,
              21.081221
            ],
            [
              153.248808,
              21.087311
            ],
            [
              153.098728,
              21.105535
            ],
            [
              152.950867,
              21.13576
            ],
            [
              152.806314,
              21.177762
            ],
            [
              152.666137,
              21.231232
            ],
            [
              152.531376,
              21.295775
            ],
            [
              152.403033,
              21.370914
            ],
            [
              152.282067,
              21.456094
            ],
            [
              152.169386,
              21.550682
            ],
            [
              152.065844,
              21.653978
            ],
            [
              151.972229,
              21.765213
            ],
            [
              151.889262,
              21.883559
            ],
            [
              151.817587,
              22.008131
            ],
            [
              151.757773,
              22.137997
            ],
            [
              151.710299,
              22.272184
            ],
            [
              151.675558,
              22.409681
            ],
            [
              151.653851,
              22.54945
            ],
            [
              151.64538,
              22.690435
            ],
            [
              151.650251,
              22.831565
            ],
            [
              151.668468,
              22.971766
            ],
            [
              151.699933,
              23.109967
            ],
            [
              151.744446,
              23.245109
            ],
            [
              151.801705,
              23.376154
            ],
            [
              151.871304,
              23.502091
            ],
            [
              151.952743,
              23.621947
            ],
            [
              152.04542,
              23.734792
            ],
            [
              152.148646,
              23.839749
            ],
            [
              152.261639,
              23.935999
            ],
            [
              152.383539,
              24.022789
            ],
            [
              152.513409,
              24.09944
            ],
            [
              152.650243,
              24.165349
            ],
            [
              152.792976,
              24.219999
            ],
            [
              152.940492,
              24.262958
            ],
            [
              153.091631,
              24.293888
            ],
            [
              153.245204,
              24.312544
            ],
            [
              153.4,
              24.318779
            ]
          ]
        ]
      }
    },
    {
      "type": "Feature",
      "properties": {
        "kind": "analysis-center",
        "name": "白海豚",
        "intlName": "DOLPHIN",
        "frameIndex": 26,
        "datetime": "2026-08-02T14:00:00+08:00",
        "maxWindSpeed_ms": "48",
        "pressure_hpa": "930",
        "label": "DOLPHIN 白海豚 分析位置"
      },
      "geometry": {
        "type": "Point",
        "coordinates": [
          152.2,
          23.2
        ]
      }
    },
    {
      "type": "Feature",
      "properties": {
        "kind": "analysis-15ms-circle",
        "name": "白海豚",
        "intlName": "DOLPHIN",
        "datetime": "2026-08-02T14:00:00+08:00",
        "radius_km": "320",
        "circle15ms_km": "320",
        "label": "DOLPHIN 白海豚 7級風暴風圈"
      },
      "geometry": {
        "type": "Polygon",
        "coordinates": [
          [
            [
              152.2,
              26.077829
            ],
            [
              152.479104,
              26.066628
            ],
            [
              152.755932,
              26.033117
            ],
            [
              153.028229,
              25.977569
            ],
            [
              153.293788,
              25.900438
            ],
            [
              153.550464,
              25.802353
            ],
            [
              153.796205,
              25.68411
            ],
            [
              154.029061,
              25.546669
            ],
            [
              154.247205,
              25.391137
            ],
            [
              154.448953,
              25.218766
            ],
            [
              154.632767,
              25.030934
            ],
            [
              154.797278,
              24.829137
            ],
            [
              154.941284,
              24.614972
            ],
            [
              155.063765,
              24.390125
            ],
            [
              155.163885,
              24.156357
            ],
            [
              155.240992,
              23.915487
            ],
            [
              155.294623,
              23.669379
            ],
            [
              155.324501,
              23.419926
            ],
            [
              155.330535,
              23.169034
            ],
            [
              155.312812,
              22.918611
            ],
            [
              155.271597,
              22.670551
            ],
            [
              155.207327,
              22.426719
            ],
            [
              155.120598,
              22.188939
            ],
            [
              155.012167,
              21.958982
            ],
            [
              154.882937,
              21.73855
            ],
            [
              154.73395,
              21.529272
            ],
            [
              154.56638,
              21.332685
            ],
            [
              154.381521,
              21.150229
            ],
            [
              154.180778,
              20.983236
            ],
            [
              153.965658,
              20.832922
            ],
            [
              153.737757,
              20.700378
            ],
            [
              153.498752,
              20.586563
            ],
            [
              153.250386,
              20.492302
            ],
            [
              152.994463,
              20.418273
            ],
            [
              152.732832,
              20.365011
            ],
            [
              152.467375,
              20.3329
            ],
            [
              152.2,
              20.322171
            ],
            [
              151.932625,
              20.3329
            ],
            [
              151.667168,
              20.365011
            ],
            [
              151.405537,
              20.418273
            ],
            [
              151.149614,
              20.492302
            ],
            [
              150.901248,
              20.586563
            ],
            [
              150.662243,
              20.700378
            ],
            [
              150.434342,
              20.832922
            ],
            [
              150.219222,
              20.983236
            ],
            [
              150.018479,
              21.150229
            ],
            [
              149.83362,
              21.332685
            ],
            [
              149.66605,
              21.529272
            ],
            [
              149.517063,
              21.73855
            ],
            [
              149.387833,
              21.958982
            ],
            [
              149.279402,
              22.188939
            ],
            [
              149.192673,
              22.426719
            ],
            [
              149.128403,
              22.670551
            ],
            [
              149.087188,
              22.918611
            ],
            [
              149.069465,
              23.169034
            ],
            [
              149.075499,
              23.419926
            ],
            [
              149.105377,
              23.669379
            ],
            [
              149.159008,
              23.915487
            ],
            [
              149.236115,
              24.156357
            ],
            [
              149.336235,
              24.390125
            ],
            [
              149.458716,
              24.614972
            ],
            [
              149.602722,
              24.829137
            ],
            [
              149.767233,
              25.030934
            ],
            [
              149.951047,
              25.218766
            ],
            [
              150.152795,
              25.391137
            ],
            [
              150.370939,
              25.546669
            ],
            [
              150.603795,
              25.68411
            ],
            [
              150.849536,
              25.802353
            ],
            [
              151.106212,
              25.900438
            ],
            [
              151.371771,
              25.977569
            ],
            [
              151.644068,
              26.033117
            ],
            [
              151.920896,
              26.066628
            ],
            [
              152.2,
              26.077829
            ]
          ]
        ]
      }
    },
    {
      "type": "Feature",
      "properties": {
        "kind": "analysis-25ms-circle",
        "name": "白海豚",
        "intlName": "DOLPHIN",
        "datetime": "2026-08-02T14:00:00+08:00",
        "radius_km": "180",
        "circle25ms_km": "180",
        "label": "DOLPHIN 白海豚 10級風暴風圈"
      },
      "geometry": {
        "type": "Polygon",
        "coordinates": [
          [
            [
              152.2,
              24.818779
            ],
            [
              152.355414,
              24.812542
            ],
            [
              152.5096,
              24.79388
            ],
            [
              152.661341,
              24.762942
            ],
            [
              152.809439,
              24.719971
            ],
            [
              152.952733,
              24.665306
            ],
            [
              153.090099,
              24.59938
            ],
            [
              153.220468,
              24.52271
            ],
            [
              153.342831,
              24.4359
            ],
            [
              153.456246,
              24.339629
            ],
            [
              153.559849,
              24.234652
            ],
            [
              153.652857,
              24.121787
            ],
            [
              153.734577,
              24.001913
            ],
            [
              153.804407,
              23.875959
            ],
            [
              153.861845,
              23.7449
            ],
            [
              153.906486,
              23.609746
            ],
            [
              153.938026,
              23.471537
            ],
            [
              153.956267,
              23.331331
            ],
            [
              153.961111,
              23.1902
            ],
            [
              153.952565,
              23.049217
            ],
            [
              153.930735,
              22.909453
            ],
            [
              153.895826,
              22.771966
            ],
            [
              153.84814,
              22.637791
            ],
            [
              153.788074,
              22.50794
            ],
            [
              153.71611,
              22.383384
            ],
            [
              153.632817,
              22.265057
            ],
            [
              153.538845,
              22.153842
            ],
            [
              153.434916,
              22.050567
            ],
            [
              153.321823,
              21.955998
            ],
            [
              153.200421,
              21.870838
            ],
            [
              153.071622,
              21.795717
            ],
            [
              152.936388,
              21.731191
            ],
            [
              152.795723,
              21.677735
            ],
            [
              152.650671,
              21.635744
            ],
            [
              152.502301,
              21.605528
            ],
            [
              152.351708,
              21.587309
            ],
            [
              152.2,
              21.581221
            ],
            [
              152.048292,
              21.587309
            ],
            [
              151.897699,
              21.605528
            ],
            [
              151.749329,
              21.635744
            ],
            [
              151.604277,
              21.677735
            ],
            [
              151.463612,
              21.731191
            ],
            [
              151.328378,
              21.795717
            ],
            [
              151.199579,
              21.870838
            ],
            [
              151.078177,
              21.955998
            ],
            [
              150.965084,
              22.050567
            ],
            [
              150.861155,
              22.153842
            ],
            [
              150.767183,
              22.265057
            ],
            [
              150.68389,
              22.383384
            ],
            [
              150.611926,
              22.50794
            ],
            [
              150.55186,
              22.637791
            ],
            [
              150.504174,
              22.771966
            ],
            [
              150.469265,
              22.909453
            ],
            [
              150.447435,
              23.049217
            ],
            [
              150.438889,
              23.1902
            ],
            [
              150.443733,
              23.331331
            ],
            [
              150.461974,
              23.471537
            ],
            [
              150.493514,
              23.609746
            ],
            [
              150.538155,
              23.7449
            ],
            [
              150.595593,
              23.875959
            ],
            [
              150.665423,
              24.001913
            ],
            [
              150.747143,
              24.121787
            ],
            [
              150.840151,
              24.234652
            ],
            [
              150.943754,
              24.339629
            ],
            [
              151.057169,
              24.4359
            ],
            [
              151.179532,
              24.52271
            ],
            [
              151.309901,
              24.59938
            ],
            [
              151.447267,
              24.665306
            ],
            [
              151.590561,
              24.719971
            ],
            [
              151.738659,
              24.762942
            ],
            [
              151.8904,
              24.79388
            ],
            [
              152.044586,
              24.812542
            ],
            [
              152.2,
              24.818779
            ]
          ]
        ]
      }
    },
    {
      "type": "Feature",
      "properties": {
        "kind": "analysis-center",
        "name": "白海豚",
        "intlName": "DOLPHIN",
        "frameIndex": 27,
        "datetime": "2026-08-02T20:00:00+08:00",
        "maxWindSpeed_ms": "45",
        "pressure_hpa": "940",
        "label": "DOLPHIN 白海豚 分析位置"
      },
      "geometry": {
        "type": "Point",
        "coordinates": [
          150.8,
          23.5
        ]
      }
    },
    {
      "type": "Feature",
      "properties": {
        "kind": "analysis-15ms-circle",
        "name": "白海豚",
        "intlName": "DOLPHIN",
        "datetime": "2026-08-02T20:00:00+08:00",
        "radius_km": "320",
        "circle15ms_km": "320",
        "label": "DOLPHIN 白海豚 7級風暴風圈"
      },
      "geometry": {
        "type": "Polygon",
        "coordinates": [
          [
            [
              150.8,
              26.377829
            ],
            [
              151.079825,
              26.366625
            ],
            [
              151.357365,
              26.333102
            ],
            [
              151.630359,
              26.277537
            ],
            [
              151.896591,
              26.200383
            ],
            [
              152.15391,
              26.102269
            ],
            [
              152.400256,
              25.983994
            ],
            [
              152.633674,
              25.846516
            ],
            [
              152.852333,
              25.690945
            ],
            [
              153.054542,
              25.518535
            ],
            [
              153.238762,
              25.330663
            ],
            [
              153.403619,
              25.128828
            ],
            [
              153.547911,
              24.914628
            ],
            [
              153.670617,
              24.68975
            ],
            [
              153.770899,
              24.455955
            ],
            [
              153.848108,
              24.215064
            ],
            [
              153.901781,
              23.968941
            ],
            [
              153.931643,
              23.719479
            ],
            [
              153.937605,
              23.468585
            ],
            [
              153.919757,
              23.218168
            ],
            [
              153.878369,
              22.970119
            ],
            [
              153.813878,
              22.726305
            ],
            [
              153.726886,
              22.488549
            ],
            [
              153.618153,
              22.258619
            ],
            [
              153.488585,
              22.038221
            ],
            [
              153.339228,
              21.828978
            ],
            [
              153.17126,
              21.632429
            ],
            [
              152.985978,
              21.450011
            ],
            [
              152.784791,
              21.283057
            ],
            [
              152.569207,
              21.132779
            ],
            [
              152.340827,
              21.000269
            ],
            [
              152.101328,
              20.886486
            ],
            [
              151.85246,
              20.792251
            ],
            [
              151.596026,
              20.718244
            ],
            [
              151.333877,
              20.664998
            ],
            [
              151.067899,
              20.632897
            ],
            [
              150.8,
              20.622171
            ],
            [
              150.532101,
              20.632897
            ],
            [
              150.266123,
              20.664998
            ],
            [
              150.003974,
              20.718244
            ],
            [
              149.74754,
              20.792251
            ],
            [
              149.498672,
              20.886486
            ],
            [
              149.259173,
              21.000269
            ],
            [
              149.030793,
              21.132779
            ],
            [
              148.815209,
              21.283057
            ],
            [
              148.614022,
              21.450011
            ],
            [
              148.42874,
              21.632429
            ],
            [
              148.260772,
              21.828978
            ],
            [
              148.111415,
              22.038221
            ],
            [
              147.981847,
              22.258619
            ],
            [
              147.873114,
              22.488549
            ],
            [
              147.786122,
              22.726305
            ],
            [
              147.721631,
              22.970119
            ],
            [
              147.680243,
              23.218168
            ],
            [
              147.662395,
              23.468585
            ],
            [
              147.668357,
              23.719479
            ],
            [
              147.698219,
              23.968941
            ],
            [
              147.751892,
              24.215064
            ],
            [
              147.829101,
              24.455955
            ],
            [
              147.929383,
              24.68975
            ],
            [
              148.052089,
              24.914628
            ],
            [
              148.196381,
              25.128828
            ],
            [
              148.361238,
              25.330663
            ],
            [
              148.545458,
              25.518535
            ],
            [
              148.747667,
              25.690945
            ],
            [
              148.966326,
              25.846516
            ],
            [
              149.199744,
              25.983994
            ],
            [
              149.44609,
              26.102269
            ],
            [
              149.703409,
              26.200383
            ],
            [
              149.969641,
              26.277537
            ],
            [
              150.242635,
              26.333102
            ],
            [
              150.520175,
              26.366625
            ],
            [
              150.8,
              26.377829
            ]
          ]
        ]
      }
    },
    {
      "type": "Feature",
      "properties": {
        "kind": "analysis-25ms-circle",
        "name": "白海豚",
        "intlName": "DOLPHIN",
        "datetime": "2026-08-02T20:00:00+08:00",
        "radius_km": "180",
        "circle25ms_km": "180",
        "label": "DOLPHIN 白海豚 10級風暴風圈"
      },
      "geometry": {
        "type": "Polygon",
        "coordinates": [
          [
            [
              150.8,
              25.118779
            ],
            [
              150.955794,
              25.112541
            ],
            [
              151.110355,
              25.093876
            ],
            [
              151.262464,
              25.062932
            ],
            [
              151.41092,
              25.019954
            ],
            [
              151.554557,
              24.96528
            ],
            [
              151.69225,
              24.899344
            ],
            [
              151.822926,
              24.822662
            ],
            [
              151.945572,
              24.73584
            ],
            [
              152.059246,
              24.639557
            ],
            [
              152.16308,
              24.534568
            ],
            [
              152.256291,
              24.421691
            ],
            [
              152.338183,
              24.301805
            ],
            [
              152.408156,
              24.175841
            ],
            [
              152.465704,
              24.044773
            ],
            [
              152.510423,
              23.909613
            ],
            [
              152.54201,
              23.771399
            ],
            [
              152.560266,
              23.63119
            ],
            [
              152.565094,
              23.490058
            ],
            [
              152.556502,
              23.349077
            ],
            [
              152.534596,
              23.209316
            ],
            [
              152.499584,
              23.071834
            ],
            [
              152.451769,
              22.937667
            ],
            [
              152.391548,
              22.807824
            ],
            [
              152.319407,
              22.683279
            ],
            [
              152.235915,
              22.564963
            ],
            [
              152.141724,
              22.45376
            ],
            [
              152.037558,
              22.350497
            ],
            [
              151.924212,
              22.255941
            ],
            [
              151.802542,
              22.170792
            ],
            [
              151.673463,
              22.095682
            ],
            [
              151.537938,
              22.031166
            ],
            [
              151.396974,
              21.977719
            ],
            [
              151.251615,
              21.935735
            ],
            [
              151.102934,
              21.905524
            ],
            [
              150.952025,
              21.887308
            ],
            [
              150.8,
              21.881221
            ],
            [
              150.647975,
              21.887308
            ],
            [
              150.497066,
              21.905524
            ],
            [
              150.348385,
              21.935735
            ],
            [
              150.203026,
              21.977719
            ],
            [
              150.062062,
              22.031166
            ],
            [
              149.926537,
              22.095682
            ],
            [
              149.797458,
              22.170792
            ],
            [
              149.675788,
              22.255941
            ],
            [
              149.562442,
              22.350497
            ],
            [
              149.458276,
              22.45376
            ],
            [
              149.364085,
              22.564963
            ],
            [
              149.280593,
              22.683279
            ],
            [
              149.208452,
              22.807824
            ],
            [
              149.148231,
              22.937667
            ],
            [
              149.100416,
              23.071834
            ],
            [
              149.065404,
              23.209316
            ],
            [
              149.043498,
              23.349077
            ],
            [
              149.034906,
              23.490058
            ],
            [
              149.039734,
              23.63119
            ],
            [
              149.05799,
              23.771399
            ],
            [
              149.089577,
              23.909613
            ],
            [
              149.134296,
              24.044773
            ],
            [
              149.191844,
              24.175841
            ],
            [
              149.261817,
              24.301805
            ],
            [
              149.343709,
              24.421691
            ],
            [
              149.43692,
              24.534568
            ],
            [
              149.540754,
              24.639557
            ],
            [
              149.654428,
              24.73584
            ],
            [
              149.777074,
              24.822662
            ],
            [
              149.90775,
              24.899344
            ],
            [
              150.045443,
              24.96528
            ],
            [
              150.18908,
              25.019954
            ],
            [
              150.337536,
              25.062932
            ],
            [
              150.489645,
              25.093876
            ],
            [
              150.644206,
              25.112541
            ],
            [
              150.8,
              25.118779
            ]
          ]
        ]
      }
    },
    {
      "type": "Feature",
      "properties": {
        "kind": "analysis-center",
        "name": "白海豚",
        "intlName": "DOLPHIN",
        "frameIndex": 28,
        "datetime": "2026-08-03T02:00:00+08:00",
        "maxWindSpeed_ms": "45",
        "pressure_hpa": "940",
        "label": "DOLPHIN 白海豚 分析位置"
      },
      "geometry": {
        "type": "Point",
        "coordinates": [
          149.5,
          23.9
        ]
      }
    },
    {
      "type": "Feature",
      "properties": {
        "kind": "analysis-15ms-circle",
        "name": "白海豚",
        "intlName": "DOLPHIN",
        "datetime": "2026-08-03T02:00:00+08:00",
        "radius_km": "320",
        "circle15ms_km": "320",
        "label": "DOLPHIN 白海豚 7級風暴風圈"
      },
      "geometry": {
        "type": "Polygon",
        "coordinates": [
          [
            [
              149.5,
              26.777829
            ],
            [
              149.780803,
              26.76662
            ],
            [
              150.059311,
              26.733083
            ],
            [
              150.333252,
              26.677495
            ],
            [
              150.600397,
              26.60031
            ],
            [
              150.85859,
              26.502157
            ],
            [
              151.105758,
              26.383837
            ],
            [
              151.33994,
              26.24631
            ],
            [
              151.559298,
              26.090688
            ],
            [
              151.762134,
              25.918224
            ],
            [
              151.946905,
              25.7303
            ],
            [
              152.112233,
              25.528414
            ],
            [
              152.256915,
              25.314166
            ],
            [
              152.379926,
              25.089246
            ],
            [
              152.480431,
              24.855416
            ],
            [
              152.557778,
              24.614496
            ],
            [
              152.611509,
              24.368353
            ],
            [
              152.64135,
              24.118879
            ],
            [
              152.647216,
              23.867984
            ],
            [
              152.6292,
              23.617573
            ],
            [
              152.587576,
              23.369541
            ],
            [
              152.522786,
              23.12575
            ],
            [
              152.435437,
              22.888025
            ],
            [
              152.326294,
              22.658134
            ],
            [
              152.196267,
              22.437779
            ],
            [
              152.046409,
              22.228584
            ],
            [
              151.8779,
              22.032085
            ],
            [
              151.692043,
              21.849719
            ],
            [
              151.49025,
              21.682816
            ],
            [
              151.274037,
              21.532588
            ],
            [
              151.045004,
              21.400124
            ],
            [
              150.804836,
              21.286383
            ],
            [
              150.555283,
              21.192183
            ],
            [
              150.298153,
              21.118205
            ],
            [
              150.035299,
              21.064981
            ],
            [
              149.768611,
              21.032893
            ],
            [
              149.5,
              21.022171
            ],
            [
              149.231389,
              21.032893
            ],
            [
              148.964701,
              21.064981
            ],
            [
              148.701847,
              21.118205
            ],
            [
              148.444717,
              21.192183
            ],
            [
              148.195164,
              21.286383
            ],
            [
              147.954996,
              21.400124
            ],
            [
              147.725963,
              21.532588
            ],
            [
              147.50975,
              21.682816
            ],
            [
              147.307957,
              21.849719
            ],
            [
              147.1221,
              22.032085
            ],
            [
              146.953591,
              22.228584
            ],
            [
              146.803733,
              22.437779
            ],
            [
              146.673706,
              22.658134
            ],
            [
              146.564563,
              22.888025
            ],
            [
              146.477214,
              23.12575
            ],
            [
              146.412424,
              23.369541
            ],
            [
              146.3708,
              23.617573
            ],
            [
              146.352784,
              23.867984
            ],
            [
              146.35865,
              24.118879
            ],
            [
              146.388491,
              24.368353
            ],
            [
              146.442222,
              24.614496
            ],
            [
              146.519569,
              24.855416
            ],
            [
              146.620074,
              25.089246
            ],
            [
              146.743085,
              25.314166
            ],
            [
              146.887767,
              25.528414
            ],
            [
              147.053095,
              25.7303
            ],
            [
              147.237866,
              25.918224
            ],
            [
              147.440702,
              26.090688
            ],
            [
              147.66006,
              26.24631
            ],
            [
              147.894242,
              26.383837
            ],
            [
              148.14141,
              26.502157
            ],
            [
              148.399603,
              26.60031
            ],
            [
              148.666748,
              26.677495
            ],
            [
              148.940689,
              26.733083
            ],
            [
              149.219197,
              26.76662
            ],
            [
              149.5,
              26.777829
            ]
          ]
        ]
      }
    },
    {
      "type": "Feature",
      "properties": {
        "kind": "analysis-25ms-circle",
        "name": "白海豚",
        "intlName": "DOLPHIN",
        "datetime": "2026-08-03T02:00:00+08:00",
        "radius_km": "180",
        "circle25ms_km": "180",
        "label": "DOLPHIN 白海豚 10級風暴風圈"
      },
      "geometry": {
        "type": "Polygon",
        "coordinates": [
          [
            [
              149.5,
              25.518779
            ],
            [
              149.656309,
              25.512539
            ],
            [
              149.811381,
              25.49387
            ],
            [
              149.96399,
              25.462919
            ],
            [
              150.112932,
              25.419931
            ],
            [
              150.257036,
              25.365246
            ],
            [
              150.395173,
              25.299295
            ],
            [
              150.526265,
              25.222599
            ],
            [
              150.649296,
              25.13576
            ],
            [
              150.763321,
              25.03946
            ],
            [
              150.86747,
              24.934454
            ],
            [
              150.960957,
              24.821561
            ],
            [
              151.043085,
              24.70166
            ],
            [
              151.113251,
              24.575683
            ],
            [
              151.170949,
              24.444604
            ],
            [
              151.215774,
              24.309434
            ],
            [
              151.247425,
              24.171213
            ],
            [
              151.265701,
              24.031001
            ],
            [
              151.270508,
              23.889868
            ],
            [
              151.261854,
              23.748888
            ],
            [
              151.239846,
              23.609132
            ],
            [
              151.204694,
              23.471658
            ],
            [
              151.156704,
              23.3375
            ],
            [
              151.096273,
              23.207669
            ],
            [
              151.02389,
              23.083138
            ],
            [
              150.940127,
              22.964838
            ],
            [
              150.845638,
              22.85365
            ],
            [
              150.74115,
              22.750403
            ],
            [
              150.62746,
              22.655863
            ],
            [
              150.505427,
              22.570731
            ],
            [
              150.375967,
              22.495636
            ],
            [
              150.240046,
              22.431133
            ],
            [
              150.098675,
              22.377697
            ],
            [
              149.952899,
              22.335723
            ],
            [
              149.803794,
              22.305518
            ],
            [
              149.652457,
              22.287307
            ],
            [
              149.5,
              22.281221
            ],
            [
              149.347543,
              22.287307
            ],
            [
              149.196206,
              22.305518
            ],
            [
              149.047101,
              22.335723
            ],
            [
              148.901325,
              22.377697
            ],
            [
              148.759954,
              22.431133
            ],
            [
              148.624033,
              22.495636
            ],
            [
              148.494573,
              22.570731
            ],
            [
              148.37254,
              22.655863
            ],
            [
              148.25885,
              22.750403
            ],
            [
              148.154362,
              22.85365
            ],
            [
              148.059873,
              22.964838
            ],
            [
              147.97611,
              23.083138
            ],
            [
              147.903727,
              23.207669
            ],
            [
              147.843296,
              23.3375
            ],
            [
              147.795306,
              23.471658
            ],
            [
              147.760154,
              23.609132
            ],
            [
              147.738146,
              23.748888
            ],
            [
              147.729492,
              23.889868
            ],
            [
              147.734299,
              24.031001
            ],
            [
              147.752575,
              24.171213
            ],
            [
              147.784226,
              24.309434
            ],
            [
              147.829051,
              24.444604
            ],
            [
              147.886749,
              24.575683
            ],
            [
              147.956915,
              24.70166
            ],
            [
              148.039043,
              24.821561
            ],
            [
              148.13253,
              24.934454
            ],
            [
              148.236679,
              25.03946
            ],
            [
              148.350704,
              25.13576
            ],
            [
              148.473735,
              25.222599
            ],
            [
              148.604827,
              25.299295
            ],
            [
              148.742964,
              25.365246
            ],
            [
              148.887068,
              25.419931
            ],
            [
              149.03601,
              25.462919
            ],
            [
              149.188619,
              25.49387
            ],
            [
              149.343691,
              25.512539
            ],
            [
              149.5,
              25.518779
            ]
          ]
        ]
      }
    },
    {
      "type": "Feature",
      "properties": {
        "kind": "analysis-center",
        "name": "白海豚",
        "intlName": "DOLPHIN",
        "frameIndex": 29,
        "datetime": "2026-08-03T08:00:00+08:00",
        "maxWindSpeed_ms": "43",
        "pressure_hpa": "945",
        "label": "DOLPHIN 白海豚 分析位置"
      },
      "geometry": {
        "type": "Point",
        "coordinates": [
          148.4,
          24.3
        ]
      }
    },
    {
      "type": "Feature",
      "properties": {
        "kind": "analysis-15ms-circle",
        "name": "白海豚",
        "intlName": "DOLPHIN",
        "datetime": "2026-08-03T08:00:00+08:00",
        "radius_km": "320",
        "circle15ms_km": "320",
        "label": "DOLPHIN 白海豚 7級風暴風圈"
      },
      "geometry": {
        "type": "Polygon",
        "coordinates": [
          [
            [
              148.4,
              27.177829
            ],
            [
              148.681803,
              27.166615
            ],
            [
              148.961299,
              27.133064
            ],
            [
              149.236205,
              27.077453
            ],
            [
              149.504285,
              27.000236
            ],
            [
              149.763368,
              26.902044
            ],
            [
              150.011377,
              26.78368
            ],
            [
              150.24634,
              26.646103
            ],
            [
              150.466411,
              26.490429
            ],
            [
              150.669888,
              26.317911
            ],
            [
              150.855222,
              26.129934
            ],
            [
              151.021033,
              25.927997
            ],
            [
              151.166112,
              25.713702
            ],
            [
              151.289437,
              25.488739
            ],
            [
              151.390169,
              25.254873
            ],
            [
              151.46766,
              25.013925
            ],
            [
              151.521451,
              24.767761
            ],
            [
              151.551272,
              24.518276
            ],
            [
              151.55704,
              24.267378
            ],
            [
              151.538853,
              24.016975
            ],
            [
              151.496989,
              23.768958
            ],
            [
              151.431895,
              23.525192
            ],
            [
              151.344183,
              23.287499
            ],
            [
              151.234621,
              23.057646
            ],
            [
              151.104126,
              22.837335
            ],
            [
              150.953754,
              22.628188
            ],
            [
              150.784693,
              22.43174
            ],
            [
              150.598248,
              22.249426
            ],
            [
              150.395838,
              22.082574
            ],
            [
              150.178979,
              21.932396
            ],
            [
              149.94928,
              21.799979
            ],
            [
              149.708426,
              21.686279
            ],
            [
              149.458173,
              21.592115
            ],
            [
              149.20033,
              21.518166
            ],
            [
              148.936756,
              21.464963
            ],
            [
              148.669341,
              21.432888
            ],
            [
              148.4,
              21.422171
            ],
            [
              148.130659,
              21.432888
            ],
            [
              147.863244,
              21.464963
            ],
            [
              147.59967,
              21.518166
            ],
            [
              147.341827,
              21.592115
            ],
            [
              147.091574,
              21.686279
            ],
            [
              146.85072,
              21.799979
            ],
            [
              146.621021,
              21.932396
            ],
            [
              146.404162,
              22.082574
            ],
            [
              146.201752,
              22.249426
            ],
            [
              146.015307,
              22.43174
            ],
            [
              145.846246,
              22.628188
            ],
            [
              145.695874,
              22.837335
            ],
            [
              145.565379,
              23.057646
            ],
            [
              145.455817,
              23.287499
            ],
            [
              145.368105,
              23.525192
            ],
            [
              145.303011,
              23.768958
            ],
            [
              145.261147,
              24.016975
            ],
            [
              145.24296,
              24.267378
            ],
            [
              145.248728,
              24.518276
            ],
            [
              145.278549,
              24.767761
            ],
            [
              145.33234,
              25.013925
            ],
            [
              145.409831,
              25.254873
            ],
            [
              145.510563,
              25.488739
            ],
            [
              145.633888,
              25.713702
            ],
            [
              145.778967,
              25.927997
            ],
            [
              145.944778,
              26.129934
            ],
            [
              146.130112,
              26.317911
            ],
            [
              146.333589,
              26.490429
            ],
            [
              146.55366,
              26.646103
            ],
            [
              146.788623,
              26.78368
            ],
            [
              147.036632,
              26.902044
            ],
            [
              147.295715,
              27.000236
            ],
            [
              147.563795,
              27.077453
            ],
            [
              147.838701,
              27.133064
            ],
            [
              148.118197,
              27.166615
            ],
            [
              148.4,
              27.177829
            ]
          ]
        ]
      }
    },
    {
      "type": "Feature",
      "properties": {
        "kind": "analysis-25ms-circle",
        "name": "白海豚",
        "intlName": "DOLPHIN",
        "datetime": "2026-08-03T08:00:00+08:00",
        "radius_km": "160",
        "circle25ms_km": "160",
        "label": "DOLPHIN 白海豚 10級風暴風圈"
      },
      "geometry": {
        "type": "Polygon",
        "coordinates": [
          [
            [
              148.4,
              25.738915
            ],
            [
              148.539202,
              25.733375
            ],
            [
              148.677307,
              25.716801
            ],
            [
              148.813227,
              25.689322
            ],
            [
              148.945893,
              25.651156
            ],
            [
              149.074266,
              25.602602
            ],
            [
              149.197342,
              25.544043
            ],
            [
              149.314164,
              25.475939
            ],
            [
              149.423827,
              25.398824
            ],
            [
              149.525491,
              25.3133
            ],
            [
              149.618378,
              25.220036
            ],
            [
              149.701787,
              25.119759
            ],
            [
              149.775095,
              25.013247
            ],
            [
              149.837762,
              24.901326
            ],
            [
              149.889333,
              24.78486
            ],
            [
              149.929442,
              24.664748
            ],
            [
              149.957817,
              24.541912
            ],
            [
              149.974273,
              24.417293
            ],
            [
              149.978723,
              24.291843
            ],
            [
              149.971166,
              24.166516
            ],
            [
              149.951696,
              24.042265
            ],
            [
              149.920494,
              23.920029
            ],
            [
              149.877828,
              23.800732
            ],
            [
              149.82405,
              23.685272
            ],
            [
              149.759593,
              23.574515
            ],
            [
              149.684965,
              23.469291
            ],
            [
              149.600747,
              23.370387
            ],
            [
              149.507586,
              23.27854
            ],
            [
              149.406194,
              23.194433
            ],
            [
              149.297336,
              23.118691
            ],
            [
              149.181833,
              23.051876
            ],
            [
              149.060547,
              22.994482
            ],
            [
              148.934381,
              22.946935
            ],
            [
              148.804271,
              22.909584
            ],
            [
              148.671181,
              22.882707
            ],
            [
              148.536092,
              22.866501
            ],
            [
              148.4,
              22.861085
            ],
            [
              148.263908,
              22.866501
            ],
            [
              148.128819,
              22.882707
            ],
            [
              147.995729,
              22.909584
            ],
            [
              147.865619,
              22.946935
            ],
            [
              147.739453,
              22.994482
            ],
            [
              147.618167,
              23.051876
            ],
            [
              147.502664,
              23.118691
            ],
            [
              147.393806,
              23.194433
            ],
            [
              147.292414,
              23.27854
            ],
            [
              147.199253,
              23.370387
            ],
            [
              147.115035,
              23.469291
            ],
            [
              147.040407,
              23.574515
            ],
            [
              146.97595,
              23.685272
            ],
            [
              146.922172,
              23.800732
            ],
            [
              146.879506,
              23.920029
            ],
            [
              146.848304,
              24.042265
            ],
            [
              146.828834,
              24.166516
            ],
            [
              146.821277,
              24.291843
            ],
            [
              146.825727,
              24.417293
            ],
            [
              146.842183,
              24.541912
            ],
            [
              146.870558,
              24.664748
            ],
            [
              146.910667,
              24.78486
            ],
            [
              146.962238,
              24.901326
            ],
            [
              147.024905,
              25.013247
            ],
            [
              147.098213,
              25.119759
            ],
            [
              147.181622,
              25.220036
            ],
            [
              147.274509,
              25.3133
            ],
            [
              147.376173,
              25.398824
            ],
            [
              147.485836,
              25.475939
            ],
            [
              147.602658,
              25.544043
            ],
            [
              147.725734,
              25.602602
            ],
            [
              147.854107,
              25.651156
            ],
            [
              147.986773,
              25.689322
            ],
            [
              148.122693,
              25.716801
            ],
            [
              148.260798,
              25.733375
            ],
            [
              148.4,
              25.738915
            ]
          ]
        ]
      }
    },
    {
      "type": "Feature",
      "properties": {
        "kind": "analysis-center",
        "name": "白海豚",
        "intlName": "DOLPHIN",
        "frameIndex": 30,
        "datetime": "2026-08-03T14:00:00+08:00",
        "maxWindSpeed_ms": "40",
        "pressure_hpa": "950",
        "label": "DOLPHIN 白海豚 分析位置"
      },
      "geometry": {
        "type": "Point",
        "coordinates": [
          147.2,
          24.9
        ]
      }
    },
    {
      "type": "Feature",
      "properties": {
        "kind": "analysis-15ms-circle",
        "name": "白海豚",
        "intlName": "DOLPHIN",
        "datetime": "2026-08-03T14:00:00+08:00",
        "radius_km": "320",
        "circle15ms_km": "320",
        "label": "DOLPHIN 白海豚 7級風暴風圈"
      },
      "geometry": {
        "type": "Polygon",
        "coordinates": [
          [
            [
              147.2,
              27.777829
            ],
            [
              147.483341,
              27.766608
            ],
            [
              147.764358,
              27.733035
            ],
            [
              148.040752,
              27.677388
            ],
            [
              148.310269,
              27.600124
            ],
            [
              148.570726,
              27.501874
            ],
            [
              148.820028,
              27.383441
            ],
            [
              149.056193,
              27.24579
            ],
            [
              149.277364,
              27.090037
            ],
            [
              149.481829,
              26.917438
            ],
            [
              149.668032,
              26.72938
            ],
            [
              149.834585,
              26.527366
            ],
            [
              149.980279,
              26.312999
            ],
            [
              150.104088,
              26.087972
            ],
            [
              150.205172,
              25.854052
            ],
            [
              150.282885,
              25.613061
            ],
            [
              150.33677,
              25.366867
            ],
            [
              150.366562,
              25.117365
            ],
            [
              150.372181,
              24.866463
            ],
            [
              150.353734,
              24.61607
            ],
            [
              150.311502,
              24.368078
            ],
            [
              150.245941,
              24.124348
            ],
            [
              150.157669,
              23.886703
            ],
            [
              150.047464,
              23.656909
            ],
            [
              149.916248,
              23.436664
            ],
            [
              149.765088,
              23.227589
            ],
            [
              149.595175,
              23.031218
            ],
            [
              149.407825,
              22.848982
            ],
            [
              149.204462,
              22.682209
            ],
            [
              148.986609,
              22.532106
            ],
            [
              148.755881,
              22.399758
            ],
            [
              148.51397,
              22.286121
            ],
            [
              148.262635,
              22.192013
            ],
            [
              148.003692,
              22.118108
            ],
            [
              147.739004,
              22.064937
            ],
            [
              147.470467,
              22.032882
            ],
            [
              147.2,
              22.022171
            ],
            [
              146.929533,
              22.032882
            ],
            [
              146.660996,
              22.064937
            ],
            [
              146.396308,
              22.118108
            ],
            [
              146.137365,
              22.192013
            ],
            [
              145.88603,
              22.286121
            ],
            [
              145.644119,
              22.399758
            ],
            [
              145.413391,
              22.532106
            ],
            [
              145.195538,
              22.682209
            ],
            [
              144.992175,
              22.848982
            ],
            [
              144.804825,
              23.031218
            ],
            [
              144.634912,
              23.227589
            ],
            [
              144.483752,
              23.436664
            ],
            [
              144.352536,
              23.656909
            ],
            [
              144.242331,
              23.886703
            ],
            [
              144.154059,
              24.124348
            ],
            [
              144.088498,
              24.368078
            ],
            [
              144.046266,
              24.61607
            ],
            [
              144.027819,
              24.866463
            ],
            [
              144.033438,
              25.117365
            ],
            [
              144.06323,
              25.366867
            ],
            [
              144.117115,
              25.613061
            ],
            [
              144.194828,
              25.854052
            ],
            [
              144.295912,
              26.087972
            ],
            [
              144.419721,
              26.312999
            ],
            [
              144.565415,
              26.527366
            ],
            [
              144.731968,
              26.72938
            ],
            [
              144.918171,
              26.917438
            ],
            [
              145.122636,
              27.090037
            ],
            [
              145.343807,
              27.24579
            ],
            [
              145.579972,
              27.383441
            ],
            [
              145.829274,
              27.501874
            ],
            [
              146.089731,
              27.600124
            ],
            [
              146.359248,
              27.677388
            ],
            [
              146.635642,
              27.733035
            ],
            [
              146.916659,
              27.766608
            ],
            [
              147.2,
              27.777829
            ]
          ]
        ]
      }
    },
    {
      "type": "Feature",
      "properties": {
        "kind": "analysis-25ms-circle",
        "name": "白海豚",
        "intlName": "DOLPHIN",
        "datetime": "2026-08-03T14:00:00+08:00",
        "radius_km": "160",
        "circle25ms_km": "160",
        "label": "DOLPHIN 白海豚 10級風暴風圈"
      },
      "geometry": {
        "type": "Polygon",
        "coordinates": [
          [
            [
              147.2,
              26.338915
            ],
            [
              147.339916,
              26.333373
            ],
            [
              147.478728,
              26.316794
            ],
            [
              147.615342,
              26.289307
            ],
            [
              147.748682,
              26.251128
            ],
            [
              147.877704,
              26.202561
            ],
            [
              148.001396,
              26.143985
            ],
            [
              148.118798,
              26.075862
            ],
            [
              148.229,
              25.998727
            ],
            [
              148.331155,
              25.913184
            ],
            [
              148.424484,
              25.8199
            ],
            [
              148.508282,
              25.719603
            ],
            [
              148.581923,
              25.613073
            ],
            [
              148.644864,
              25.501136
            ],
            [
              148.69665,
              25.384657
            ],
            [
              148.736916,
              25.264534
            ],
            [
              148.765386,
              25.141689
            ],
            [
              148.781879,
              25.017065
            ],
            [
              148.786306,
              24.891614
            ],
            [
              148.778669,
              24.766289
            ],
            [
              148.759063,
              24.642043
            ],
            [
              148.727672,
              24.519817
            ],
            [
              148.684766,
              24.400532
            ],
            [
              148.6307,
              24.285086
            ],
            [
              148.565909,
              24.174345
            ],
            [
              148.490905,
              24.06914
            ],
            [
              148.406271,
              23.970255
            ],
            [
              148.31266,
              23.878427
            ],
            [
              148.210784,
              23.79434
            ],
            [
              148.101416,
              23.718617
            ],
            [
              147.985376,
              23.65182
            ],
            [
              147.863531,
              23.594442
            ],
            [
              147.73679,
              23.546908
            ],
            [
              147.606091,
              23.509569
            ],
            [
              147.4724,
              23.4827
            ],
            [
              147.336703,
              23.466499
            ],
            [
              147.2,
              23.461085
            ],
            [
              147.063297,
              23.466499
            ],
            [
              146.9276,
              23.4827
            ],
            [
              146.793909,
              23.509569
            ],
            [
              146.66321,
              23.546908
            ],
            [
              146.536469,
              23.594442
            ],
            [
              146.414624,
              23.65182
            ],
            [
              146.298584,
              23.718617
            ],
            [
              146.189216,
              23.79434
            ],
            [
              146.08734,
              23.878427
            ],
            [
              145.993729,
              23.970255
            ],
            [
              145.909095,
              24.06914
            ],
            [
              145.834091,
              24.174345
            ],
            [
              145.7693,
              24.285086
            ],
            [
              145.715234,
              24.400532
            ],
            [
              145.672328,
              24.519817
            ],
            [
              145.640937,
              24.642043
            ],
            [
              145.621331,
              24.766289
            ],
            [
              145.613694,
              24.891614
            ],
            [
              145.618121,
              25.017065
            ],
            [
              145.634614,
              25.141689
            ],
            [
              145.663084,
              25.264534
            ],
            [
              145.70335,
              25.384657
            ],
            [
              145.755136,
              25.501136
            ],
            [
              145.818077,
              25.613073
            ],
            [
              145.891718,
              25.719603
            ],
            [
              145.975516,
              25.8199
            ],
            [
              146.068845,
              25.913184
            ],
            [
              146.171,
              25.998727
            ],
            [
              146.281202,
              26.075862
            ],
            [
              146.398604,
              26.143985
            ],
            [
              146.522296,
              26.202561
            ],
            [
              146.651318,
              26.251128
            ],
            [
              146.784658,
              26.289307
            ],
            [
              146.921272,
              26.316794
            ],
            [
              147.060084,
              26.333373
            ],
            [
              147.2,
              26.338915
            ]
          ]
        ]
      }
    },
    {
      "type": "Feature",
      "properties": {
        "kind": "analysis-center",
        "name": "白海豚",
        "intlName": "DOLPHIN",
        "frameIndex": 31,
        "datetime": "2026-08-03T20:00:00+08:00",
        "maxWindSpeed_ms": "40",
        "pressure_hpa": "950",
        "label": "DOLPHIN 白海豚 分析位置"
      },
      "geometry": {
        "type": "Point",
        "coordinates": [
          145.6,
          25
        ]
      }
    },
    {
      "type": "Feature",
      "properties": {
        "kind": "analysis-15ms-circle",
        "name": "白海豚",
        "intlName": "DOLPHIN",
        "datetime": "2026-08-03T20:00:00+08:00",
        "radius_km": "320",
        "circle15ms_km": "320",
        "label": "DOLPHIN 白海豚 7級風暴風圈"
      },
      "geometry": {
        "type": "Polygon",
        "coordinates": [
          [
            [
              145.6,
              27.877829
            ],
            [
              145.883602,
              27.866606
            ],
            [
              146.164877,
              27.833031
            ],
            [
              146.441524,
              27.777378
            ],
            [
              146.711285,
              27.700105
            ],
            [
              146.971974,
              27.601845
            ],
            [
              147.221496,
              27.483401
            ],
            [
              147.457865,
              27.345737
            ],
            [
              147.679223,
              27.189971
            ],
            [
              147.883855,
              27.017359
            ],
            [
              148.070206,
              26.829287
            ],
            [
              148.236886,
              26.62726
            ],
            [
              148.382684,
              26.412881
            ],
            [
              148.506575,
              26.187844
            ],
            [
              148.607719,
              25.953914
            ],
            [
              148.68547,
              25.712916
            ],
            [
              148.739371,
              25.466717
            ],
            [
              148.769158,
              25.217212
            ],
            [
              148.774753,
              24.96631
            ],
            [
              148.756261,
              24.715919
            ],
            [
              148.713967,
              24.46793
            ],
            [
              148.648327,
              24.224207
            ],
            [
              148.559961,
              23.98657
            ],
            [
              148.449646,
              23.756785
            ],
            [
              148.318308,
              23.536551
            ],
            [
              148.167014,
              23.327489
            ],
            [
              147.996957,
              23.13113
            ],
            [
              147.809453,
              22.948908
            ],
            [
              147.605928,
              22.782147
            ],
            [
              147.387906,
              22.632057
            ],
            [
              147.157004,
              22.499721
            ],
            [
              146.914912,
              22.386095
            ],
            [
              146.663393,
              22.291995
            ],
            [
              146.404264,
              22.218098
            ],
            [
              146.139387,
              22.164933
            ],
            [
              145.870659,
              22.13288
            ],
            [
              145.6,
              22.122171
            ],
            [
              145.329341,
              22.13288
            ],
            [
              145.060613,
              22.164933
            ],
            [
              144.795736,
              22.218098
            ],
            [
              144.536607,
              22.291995
            ],
            [
              144.285088,
              22.386095
            ],
            [
              144.042996,
              22.499721
            ],
            [
              143.812094,
              22.632057
            ],
            [
              143.594072,
              22.782147
            ],
            [
              143.390547,
              22.948908
            ],
            [
              143.203043,
              23.13113
            ],
            [
              143.032986,
              23.327489
            ],
            [
              142.881692,
              23.536551
            ],
            [
              142.750354,
              23.756785
            ],
            [
              142.640039,
              23.98657
            ],
            [
              142.551673,
              24.224207
            ],
            [
              142.486033,
              24.46793
            ],
            [
              142.443739,
              24.715919
            ],
            [
              142.425247,
              24.96631
            ],
            [
              142.430842,
              25.217212
            ],
            [
              142.460629,
              25.466717
            ],
            [
              142.51453,
              25.712916
            ],
            [
              142.592281,
              25.953914
            ],
            [
              142.693425,
              26.187844
            ],
            [
              142.817316,
              26.412881
            ],
            [
              142.963114,
              26.62726
            ],
            [
              143.129794,
              26.829287
            ],
            [
              143.316145,
              27.017359
            ],
            [
              143.520777,
              27.189971
            ],
            [
              143.742135,
              27.345737
            ],
            [
              143.978504,
              27.483401
            ],
            [
              144.228026,
              27.601845
            ],
            [
              144.488715,
              27.700105
            ],
            [
              144.758476,
              27.777378
            ],
            [
              145.035123,
              27.833031
            ],
            [
              145.316398,
              27.866606
            ],
            [
              145.6,
              27.877829
            ]
          ]
        ]
      }
    },
    {
      "type": "Feature",
      "properties": {
        "kind": "analysis-25ms-circle",
        "name": "白海豚",
        "intlName": "DOLPHIN",
        "datetime": "2026-08-03T20:00:00+08:00",
        "radius_km": "160",
        "circle25ms_km": "160",
        "label": "DOLPHIN 白海豚 10級風暴風圈"
      },
      "geometry": {
        "type": "Polygon",
        "coordinates": [
          [
            [
              145.6,
              26.438915
            ],
            [
              145.740037,
              26.433373
            ],
            [
              145.878969,
              26.416793
            ],
            [
              146.015701,
              26.389304
            ],
            [
              146.149156,
              26.351124
            ],
            [
              146.278287,
              26.302554
            ],
            [
              146.402085,
              26.243975
            ],
            [
              146.519585,
              26.17585
            ],
            [
              146.629878,
              26.098711
            ],
            [
              146.732116,
              26.013164
            ],
            [
              146.82552,
              25.919877
            ],
            [
              146.909384,
              25.819577
            ],
            [
              146.983082,
              25.713044
            ],
            [
              147.04607,
              25.601104
            ],
            [
              147.097893,
              25.484623
            ],
            [
              147.138185,
              25.364498
            ],
            [
              147.166672,
              25.241652
            ],
            [
              147.183171,
              25.117027
            ],
            [
              147.187594,
              24.991575
            ],
            [
              147.179944,
              24.866251
            ],
            [
              147.160315,
              24.742006
            ],
            [
              147.128892,
              24.619781
            ],
            [
              147.085945,
              24.500498
            ],
            [
              147.03183,
              24.385054
            ],
            [
              146.966982,
              24.274317
            ],
            [
              146.891914,
              24.169114
            ],
            [
              146.80721,
              24.070233
            ],
            [
              146.713522,
              23.978408
            ],
            [
              146.611564,
              23.894324
            ],
            [
              146.502109,
              23.818605
            ],
            [
              146.385977,
              23.75181
            ],
            [
              146.264039,
              23.694435
            ],
            [
              146.137199,
              23.646904
            ],
            [
              146.0064,
              23.609567
            ],
            [
              145.872607,
              23.582699
            ],
            [
              145.736807,
              23.566499
            ],
            [
              145.6,
              23.561085
            ],
            [
              145.463193,
              23.566499
            ],
            [
              145.327393,
              23.582699
            ],
            [
              145.1936,
              23.609567
            ],
            [
              145.062801,
              23.646904
            ],
            [
              144.935961,
              23.694435
            ],
            [
              144.814023,
              23.75181
            ],
            [
              144.697891,
              23.818605
            ],
            [
              144.588436,
              23.894324
            ],
            [
              144.486478,
              23.978408
            ],
            [
              144.39279,
              24.070233
            ],
            [
              144.308086,
              24.169114
            ],
            [
              144.233018,
              24.274317
            ],
            [
              144.16817,
              24.385054
            ],
            [
              144.114055,
              24.500498
            ],
            [
              144.071108,
              24.619781
            ],
            [
              144.039685,
              24.742006
            ],
            [
              144.020056,
              24.866251
            ],
            [
              144.012406,
              24.991575
            ],
            [
              144.016829,
              25.117027
            ],
            [
              144.033328,
              25.241652
            ],
            [
              144.061815,
              25.364498
            ],
            [
              144.102107,
              25.484623
            ],
            [
              144.15393,
              25.601104
            ],
            [
              144.216918,
              25.713044
            ],
            [
              144.290616,
              25.819577
            ],
            [
              144.37448,
              25.919877
            ],
            [
              144.467884,
              26.013164
            ],
            [
              144.570122,
              26.098711
            ],
            [
              144.680415,
              26.17585
            ],
            [
              144.797915,
              26.243975
            ],
            [
              144.921713,
              26.302554
            ],
            [
              145.050844,
              26.351124
            ],
            [
              145.184299,
              26.389304
            ],
            [
              145.321031,
              26.416793
            ],
            [
              145.459963,
              26.433373
            ],
            [
              145.6,
              26.438915
            ]
          ]
        ]
      }
    },
    {
      "type": "Feature",
      "properties": {
        "kind": "analysis-center",
        "name": "白海豚",
        "intlName": "DOLPHIN",
        "frameIndex": 32,
        "datetime": "2026-08-04T02:00:00+08:00",
        "maxWindSpeed_ms": "40",
        "pressure_hpa": "955",
        "label": "DOLPHIN 白海豚 分析位置"
      },
      "geometry": {
        "type": "Point",
        "coordinates": [
          144.1,
          25.1
        ]
      }
    },
    {
      "type": "Feature",
      "properties": {
        "kind": "analysis-15ms-circle",
        "name": "白海豚",
        "intlName": "DOLPHIN",
        "datetime": "2026-08-04T02:00:00+08:00",
        "radius_km": "320",
        "circle15ms_km": "320",
        "label": "DOLPHIN 白海豚 7級風暴風圈"
      },
      "geometry": {
        "type": "Polygon",
        "coordinates": [
          [
            [
              144.1,
              27.977829
            ],
            [
              144.383864,
              27.966605
            ],
            [
              144.665399,
              27.933026
            ],
            [
              144.942299,
              27.877367
            ],
            [
              145.212306,
              27.800086
            ],
            [
              145.473229,
              27.701816
            ],
            [
              145.722972,
              27.583361
            ],
            [
              145.959546,
              27.445685
            ],
            [
              146.181091,
              27.289905
            ],
            [
              146.385893,
              27.117279
            ],
            [
              146.572391,
              26.929194
            ],
            [
              146.739198,
              26.727154
            ],
            [
              146.885102,
              26.512763
            ],
            [
              147.009075,
              26.287715
            ],
            [
              147.11028,
              26.053776
            ],
            [
              147.188069,
              25.812771
            ],
            [
              147.241986,
              25.566567
            ],
            [
              147.271769,
              25.317059
            ],
            [
              147.277338,
              25.066157
            ],
            [
              147.258803,
              24.815767
            ],
            [
              147.216446,
              24.567782
            ],
            [
              147.150726,
              24.324065
            ],
            [
              147.062264,
              24.086437
            ],
            [
              146.95184,
              23.856662
            ],
            [
              146.82038,
              23.636439
            ],
            [
              146.668951,
              23.427389
            ],
            [
              146.498748,
              23.231043
            ],
            [
              146.31109,
              23.048834
            ],
            [
              146.107402,
              22.882086
            ],
            [
              145.889211,
              22.732008
            ],
            [
              145.658132,
              22.599685
            ],
            [
              145.41586,
              22.486069
            ],
            [
              145.164156,
              22.391978
            ],
            [
              144.904839,
              22.318088
            ],
            [
              144.639771,
              22.264928
            ],
            [
              144.370852,
              22.232879
            ],
            [
              144.1,
              22.222171
            ],
            [
              143.829148,
              22.232879
            ],
            [
              143.560229,
              22.264928
            ],
            [
              143.295161,
              22.318088
            ],
            [
              143.035844,
              22.391978
            ],
            [
              142.78414,
              22.486069
            ],
            [
              142.541868,
              22.599685
            ],
            [
              142.310789,
              22.732008
            ],
            [
              142.092598,
              22.882086
            ],
            [
              141.88891,
              23.048834
            ],
            [
              141.701252,
              23.231043
            ],
            [
              141.531049,
              23.427389
            ],
            [
              141.37962,
              23.636439
            ],
            [
              141.24816,
              23.856662
            ],
            [
              141.137736,
              24.086437
            ],
            [
              141.049274,
              24.324065
            ],
            [
              140.983554,
              24.567782
            ],
            [
              140.941197,
              24.815767
            ],
            [
              140.922662,
              25.066157
            ],
            [
              140.928231,
              25.317059
            ],
            [
              140.958014,
              25.566567
            ],
            [
              141.011931,
              25.812771
            ],
            [
              141.08972,
              26.053776
            ],
            [
              141.190925,
              26.287715
            ],
            [
              141.314898,
              26.512763
            ],
            [
              141.460802,
              26.727154
            ],
            [
              141.627609,
              26.929194
            ],
            [
              141.814107,
              27.117279
            ],
            [
              142.018909,
              27.289905
            ],
            [
              142.240454,
              27.445685
            ],
            [
              142.477028,
              27.583361
            ],
            [
              142.726771,
              27.701816
            ],
            [
              142.987694,
              27.800086
            ],
            [
              143.257701,
              27.877367
            ],
            [
              143.534601,
              27.933026
            ],
            [
              143.816136,
              27.966605
            ],
            [
              144.1,
              27.977829
            ]
          ]
        ]
      }
    },
    {
      "type": "Feature",
      "properties": {
        "kind": "analysis-25ms-circle",
        "name": "白海豚",
        "intlName": "DOLPHIN",
        "datetime": "2026-08-04T02:00:00+08:00",
        "radius_km": "160",
        "circle25ms_km": "160",
        "label": "DOLPHIN 白海豚 10級風暴風圈"
      },
      "geometry": {
        "type": "Polygon",
        "coordinates": [
          [
            [
              144.1,
              26.538915
            ],
            [
              144.240159,
              26.533373
            ],
            [
              144.379212,
              26.516791
            ],
            [
              144.516062,
              26.489301
            ],
            [
              144.649632,
              26.451119
            ],
            [
              144.778874,
              26.402547
            ],
            [
              144.902777,
              26.343965
            ],
            [
              145.020376,
              26.275837
            ],
            [
              145.130761,
              26.198695
            ],
            [
              145.233083,
              26.113145
            ],
            [
              145.326563,
              26.019854
            ],
            [
              145.410493,
              25.919551
            ],
            [
              145.484247,
              25.813015
            ],
            [
              145.547282,
              25.701072
            ],
            [
              145.599142,
              25.584588
            ],
            [
              145.639461,
              25.464461
            ],
            [
              145.667964,
              25.341615
            ],
            [
              145.68447,
              25.216989
            ],
            [
              145.688889,
              25.091537
            ],
            [
              145.681225,
              24.966213
            ],
            [
              145.661573,
              24.841969
            ],
            [
              145.630118,
              24.719746
            ],
            [
              145.58713,
              24.600464
            ],
            [
              145.532965,
              24.485023
            ],
            [
              145.468061,
              24.374288
            ],
            [
              145.392928,
              24.269089
            ],
            [
              145.308153,
              24.170211
            ],
            [
              145.214388,
              24.07839
            ],
            [
              145.112349,
              23.994309
            ],
            [
              145.002806,
              23.918592
            ],
            [
              144.886583,
              23.851801
            ],
            [
              144.764549,
              23.794429
            ],
            [
              144.637611,
              23.7469
            ],
            [
              144.506711,
              23.709564
            ],
            [
              144.372815,
              23.682698
            ],
            [
              144.236911,
              23.666499
            ],
            [
              144.1,
              23.661085
            ],
            [
              143.963089,
              23.666499
            ],
            [
              143.827185,
              23.682698
            ],
            [
              143.693289,
              23.709564
            ],
            [
              143.562389,
              23.7469
            ],
            [
              143.435451,
              23.794429
            ],
            [
              143.313417,
              23.851801
            ],
            [
              143.197194,
              23.918592
            ],
            [
              143.087651,
              23.994309
            ],
            [
              142.985612,
              24.07839
            ],
            [
              142.891847,
              24.170211
            ],
            [
              142.807072,
              24.269089
            ],
            [
              142.731939,
              24.374288
            ],
            [
              142.667035,
              24.485023
            ],
            [
              142.61287,
              24.600464
            ],
            [
              142.569882,
              24.719746
            ],
            [
              142.538427,
              24.841969
            ],
            [
              142.518775,
              24.966213
            ],
            [
              142.511111,
              25.091537
            ],
            [
              142.51553,
              25.216989
            ],
            [
              142.532036,
              25.341615
            ],
            [
              142.560539,
              25.464461
            ],
            [
              142.600858,
              25.584588
            ],
            [
              142.652718,
              25.701072
            ],
            [
              142.715753,
              25.813015
            ],
            [
              142.789507,
              25.919551
            ],
            [
              142.873437,
              26.019854
            ],
            [
              142.966917,
              26.113145
            ],
            [
              143.069239,
              26.198695
            ],
            [
              143.179624,
              26.275837
            ],
            [
              143.297223,
              26.343965
            ],
            [
              143.421126,
              26.402547
            ],
            [
              143.550368,
              26.451119
            ],
            [
              143.683938,
              26.489301
            ],
            [
              143.820788,
              26.516791
            ],
            [
              143.959841,
              26.533373
            ],
            [
              144.1,
              26.538915
            ]
          ]
        ]
      }
    },
    {
      "type": "Feature",
      "properties": {
        "kind": "analysis-center",
        "name": "白海豚",
        "intlName": "DOLPHIN",
        "frameIndex": 33,
        "datetime": "2026-08-04T08:00:00+08:00",
        "maxWindSpeed_ms": "43",
        "pressure_hpa": "945",
        "label": "DOLPHIN 白海豚 分析位置"
      },
      "geometry": {
        "type": "Point",
        "coordinates": [
          143.1,
          25.1
        ]
      }
    },
    {
      "type": "Feature",
      "properties": {
        "kind": "analysis-15ms-circle",
        "name": "白海豚",
        "intlName": "DOLPHIN",
        "datetime": "2026-08-04T08:00:00+08:00",
        "radius_km": "320",
        "circle15ms_km": "320",
        "label": "DOLPHIN 白海豚 7級風暴風圈"
      },
      "geometry": {
        "type": "Polygon",
        "coordinates": [
          [
            [
              143.1,
              27.977829
            ],
            [
              143.383864,
              27.966605
            ],
            [
              143.665399,
              27.933026
            ],
            [
              143.942299,
              27.877367
            ],
            [
              144.212306,
              27.800086
            ],
            [
              144.473229,
              27.701816
            ],
            [
              144.722972,
              27.583361
            ],
            [
              144.959546,
              27.445685
            ],
            [
              145.181091,
              27.289905
            ],
            [
              145.385893,
              27.117279
            ],
            [
              145.572391,
              26.929194
            ],
            [
              145.739198,
              26.727154
            ],
            [
              145.885102,
              26.512763
            ],
            [
              146.009075,
              26.287715
            ],
            [
              146.11028,
              26.053776
            ],
            [
              146.188069,
              25.812771
            ],
            [
              146.241986,
              25.566567
            ],
            [
              146.271769,
              25.317059
            ],
            [
              146.277338,
              25.066157
            ],
            [
              146.258803,
              24.815767
            ],
            [
              146.216446,
              24.567782
            ],
            [
              146.150726,
              24.324065
            ],
            [
              146.062264,
              24.086437
            ],
            [
              145.95184,
              23.856662
            ],
            [
              145.82038,
              23.636439
            ],
            [
              145.668951,
              23.427389
            ],
            [
              145.498748,
              23.231043
            ],
            [
              145.31109,
              23.048834
            ],
            [
              145.107402,
              22.882086
            ],
            [
              144.889211,
              22.732008
            ],
            [
              144.658132,
              22.599685
            ],
            [
              144.41586,
              22.486069
            ],
            [
              144.164156,
              22.391978
            ],
            [
              143.904839,
              22.318088
            ],
            [
              143.639771,
              22.264928
            ],
            [
              143.370852,
              22.232879
            ],
            [
              143.1,
              22.222171
            ],
            [
              142.829148,
              22.232879
            ],
            [
              142.560229,
              22.264928
            ],
            [
              142.295161,
              22.318088
            ],
            [
              142.035844,
              22.391978
            ],
            [
              141.78414,
              22.486069
            ],
            [
              141.541868,
              22.599685
            ],
            [
              141.310789,
              22.732008
            ],
            [
              141.092598,
              22.882086
            ],
            [
              140.88891,
              23.048834
            ],
            [
              140.701252,
              23.231043
            ],
            [
              140.531049,
              23.427389
            ],
            [
              140.37962,
              23.636439
            ],
            [
              140.24816,
              23.856662
            ],
            [
              140.137736,
              24.086437
            ],
            [
              140.049274,
              24.324065
            ],
            [
              139.983554,
              24.567782
            ],
            [
              139.941197,
              24.815767
            ],
            [
              139.922662,
              25.066157
            ],
            [
              139.928231,
              25.317059
            ],
            [
              139.958014,
              25.566567
            ],
            [
              140.011931,
              25.812771
            ],
            [
              140.08972,
              26.053776
            ],
            [
              140.190925,
              26.287715
            ],
            [
              140.314898,
              26.512763
            ],
            [
              140.460802,
              26.727154
            ],
            [
              140.627609,
              26.929194
            ],
            [
              140.814107,
              27.117279
            ],
            [
              141.018909,
              27.289905
            ],
            [
              141.240454,
              27.445685
            ],
            [
              141.477028,
              27.583361
            ],
            [
              141.726771,
              27.701816
            ],
            [
              141.987694,
              27.800086
            ],
            [
              142.257701,
              27.877367
            ],
            [
              142.534601,
              27.933026
            ],
            [
              142.816136,
              27.966605
            ],
            [
              143.1,
              27.977829
            ]
          ]
        ]
      }
    },
    {
      "type": "Feature",
      "properties": {
        "kind": "analysis-25ms-circle",
        "name": "白海豚",
        "intlName": "DOLPHIN",
        "datetime": "2026-08-04T08:00:00+08:00",
        "radius_km": "160",
        "circle25ms_km": "160",
        "label": "DOLPHIN 白海豚 10級風暴風圈"
      },
      "geometry": {
        "type": "Polygon",
        "coordinates": [
          [
            [
              143.1,
              26.538915
            ],
            [
              143.240159,
              26.533373
            ],
            [
              143.379212,
              26.516791
            ],
            [
              143.516062,
              26.489301
            ],
            [
              143.649632,
              26.451119
            ],
            [
              143.778874,
              26.402547
            ],
            [
              143.902777,
              26.343965
            ],
            [
              144.020376,
              26.275837
            ],
            [
              144.130761,
              26.198695
            ],
            [
              144.233083,
              26.113145
            ],
            [
              144.326563,
              26.019854
            ],
            [
              144.410493,
              25.919551
            ],
            [
              144.484247,
              25.813015
            ],
            [
              144.547282,
              25.701072
            ],
            [
              144.599142,
              25.584588
            ],
            [
              144.639461,
              25.464461
            ],
            [
              144.667964,
              25.341615
            ],
            [
              144.68447,
              25.216989
            ],
            [
              144.688889,
              25.091537
            ],
            [
              144.681225,
              24.966213
            ],
            [
              144.661573,
              24.841969
            ],
            [
              144.630118,
              24.719746
            ],
            [
              144.58713,
              24.600464
            ],
            [
              144.532965,
              24.485023
            ],
            [
              144.468061,
              24.374288
            ],
            [
              144.392928,
              24.269089
            ],
            [
              144.308153,
              24.170211
            ],
            [
              144.214388,
              24.07839
            ],
            [
              144.112349,
              23.994309
            ],
            [
              144.002806,
              23.918592
            ],
            [
              143.886583,
              23.851801
            ],
            [
              143.764549,
              23.794429
            ],
            [
              143.637611,
              23.7469
            ],
            [
              143.506711,
              23.709564
            ],
            [
              143.372815,
              23.682698
            ],
            [
              143.236911,
              23.666499
            ],
            [
              143.1,
              23.661085
            ],
            [
              142.963089,
              23.666499
            ],
            [
              142.827185,
              23.682698
            ],
            [
              142.693289,
              23.709564
            ],
            [
              142.562389,
              23.7469
            ],
            [
              142.435451,
              23.794429
            ],
            [
              142.313417,
              23.851801
            ],
            [
              142.197194,
              23.918592
            ],
            [
              142.087651,
              23.994309
            ],
            [
              141.985612,
              24.07839
            ],
            [
              141.891847,
              24.170211
            ],
            [
              141.807072,
              24.269089
            ],
            [
              141.731939,
              24.374288
            ],
            [
              141.667035,
              24.485023
            ],
            [
              141.61287,
              24.600464
            ],
            [
              141.569882,
              24.719746
            ],
            [
              141.538427,
              24.841969
            ],
            [
              141.518775,
              24.966213
            ],
            [
              141.511111,
              25.091537
            ],
            [
              141.51553,
              25.216989
            ],
            [
              141.532036,
              25.341615
            ],
            [
              141.560539,
              25.464461
            ],
            [
              141.600858,
              25.584588
            ],
            [
              141.652718,
              25.701072
            ],
            [
              141.715753,
              25.813015
            ],
            [
              141.789507,
              25.919551
            ],
            [
              141.873437,
              26.019854
            ],
            [
              141.966917,
              26.113145
            ],
            [
              142.069239,
              26.198695
            ],
            [
              142.179624,
              26.275837
            ],
            [
              142.297223,
              26.343965
            ],
            [
              142.421126,
              26.402547
            ],
            [
              142.550368,
              26.451119
            ],
            [
              142.683938,
              26.489301
            ],
            [
              142.820788,
              26.516791
            ],
            [
              142.959841,
              26.533373
            ],
            [
              143.1,
              26.538915
            ]
          ]
        ]
      }
    },
    {
      "type": "Feature",
      "properties": {
        "kind": "analysis-center",
        "name": "白海豚",
        "intlName": "DOLPHIN",
        "frameIndex": 34,
        "datetime": "2026-08-04T14:00:00+08:00",
        "maxWindSpeed_ms": "45",
        "pressure_hpa": "940",
        "label": "DOLPHIN 白海豚 分析位置"
      },
      "geometry": {
        "type": "Point",
        "coordinates": [
          141.9,
          25.3
        ]
      }
    },
    {
      "type": "Feature",
      "properties": {
        "kind": "analysis-15ms-circle",
        "name": "白海豚",
        "intlName": "DOLPHIN",
        "datetime": "2026-08-04T14:00:00+08:00",
        "radius_km": "320",
        "circle15ms_km": "320",
        "label": "DOLPHIN 白海豚 7級風暴風圈"
      },
      "geometry": {
        "type": "Polygon",
        "coordinates": [
          [
            [
              141.9,
              28.177829
            ],
            [
              142.184393,
              28.166603
            ],
            [
              142.466451,
              28.133016
            ],
            [
              142.743862,
              28.077345
            ],
            [
              143.014363,
              28.000048
            ],
            [
              143.275759,
              27.901759
            ],
            [
              143.525947,
              27.783281
            ],
            [
              143.762934,
              27.645579
            ],
            [
              143.984858,
              27.489773
            ],
            [
              144.189999,
              27.31712
            ],
            [
              144.376797,
              27.129008
            ],
            [
              144.54386,
              26.926942
            ],
            [
              144.689975,
              26.712527
            ],
            [
              144.814116,
              26.487457
            ],
            [
              144.915442,
              26.2535
            ],
            [
              144.993308,
              26.01248
            ],
            [
              145.047259,
              25.766265
            ],
            [
              145.077032,
              25.516752
            ],
            [
              145.082551,
              25.265849
            ],
            [
              145.063926,
              25.015463
            ],
            [
              145.021444,
              24.767486
            ],
            [
              144.955564,
              24.523782
            ],
            [
              144.86691,
              24.286169
            ],
            [
              144.756265,
              24.056414
            ],
            [
              144.624557,
              23.836213
            ],
            [
              144.472856,
              23.627187
            ],
            [
              144.302361,
              23.430867
            ],
            [
              144.114391,
              23.248685
            ],
            [
              143.910375,
              23.081963
            ],
            [
              143.691842,
              22.931911
            ],
            [
              143.460409,
              22.79961
            ],
            [
              143.217772,
              22.686016
            ],
            [
              142.965695,
              22.591944
            ],
            [
              142.705999,
              22.518068
            ],
            [
              142.440547,
              22.464919
            ],
            [
              142.17124,
              22.432877
            ],
            [
              141.9,
              22.422171
            ],
            [
              141.62876,
              22.432877
            ],
            [
              141.359453,
              22.464919
            ],
            [
              141.094001,
              22.518068
            ],
            [
              140.834305,
              22.591944
            ],
            [
              140.582228,
              22.686016
            ],
            [
              140.339591,
              22.79961
            ],
            [
              140.108158,
              22.931911
            ],
            [
              139.889625,
              23.081963
            ],
            [
              139.685609,
              23.248685
            ],
            [
              139.497639,
              23.430867
            ],
            [
              139.327144,
              23.627187
            ],
            [
              139.175443,
              23.836213
            ],
            [
              139.043735,
              24.056414
            ],
            [
              138.93309,
              24.286169
            ],
            [
              138.844436,
              24.523782
            ],
            [
              138.778556,
              24.767486
            ],
            [
              138.736074,
              25.015463
            ],
            [
              138.717449,
              25.265849
            ],
            [
              138.722968,
              25.516752
            ],
            [
              138.752741,
              25.766265
            ],
            [
              138.806692,
              26.01248
            ],
            [
              138.884558,
              26.2535
            ],
            [
              138.985884,
              26.487457
            ],
            [
              139.110025,
              26.712527
            ],
            [
              139.25614,
              26.926942
            ],
            [
              139.423203,
              27.129008
            ],
            [
              139.610001,
              27.31712
            ],
            [
              139.815142,
              27.489773
            ],
            [
              140.037066,
              27.645579
            ],
            [
              140.274053,
              27.783281
            ],
            [
              140.524241,
              27.901759
            ],
            [
              140.785637,
              28.000048
            ],
            [
              141.056138,
              28.077345
            ],
            [
              141.333549,
              28.133016
            ],
            [
              141.615607,
              28.166603
            ],
            [
              141.9,
              28.177829
            ]
          ]
        ]
      }
    },
    {
      "type": "Feature",
      "properties": {
        "kind": "analysis-25ms-circle",
        "name": "白海豚",
        "intlName": "DOLPHIN",
        "datetime": "2026-08-04T14:00:00+08:00",
        "radius_km": "150",
        "circle25ms_km": "150",
        "label": "DOLPHIN 白海豚 10級風暴風圈"
      },
      "geometry": {
        "type": "Polygon",
        "coordinates": [
          [
            [
              141.9,
              26.648982
            ],
            [
              142.031527,
              26.64379
            ],
            [
              142.162019,
              26.628256
            ],
            [
              142.290448,
              26.6025
            ],
            [
              142.415804,
              26.566727
            ],
            [
              142.537107,
              26.521218
            ],
            [
              142.653408,
              26.466331
            ],
            [
              142.763804,
              26.402495
            ],
            [
              142.86744,
              26.330212
            ],
            [
              142.963519,
              26.250047
            ],
            [
              143.051311,
              26.162625
            ],
            [
              143.13015,
              26.068627
            ],
            [
              143.199447,
              25.968783
            ],
            [
              143.258691,
              25.863866
            ],
            [
              143.307452,
              25.754688
            ],
            [
              143.345384,
              25.642089
            ],
            [
              143.372226,
              25.526933
            ],
            [
              143.387807,
              25.410105
            ],
            [
              143.392039,
              25.292494
            ],
            [
              143.384924,
              25.174997
            ],
            [
              143.366548,
              25.058507
            ],
            [
              143.337083,
              24.943904
            ],
            [
              143.29678,
              24.832055
            ],
            [
              143.245972,
              24.723802
            ],
            [
              143.185067,
              24.619957
            ],
            [
              143.114546,
              24.521298
            ],
            [
              143.034957,
              24.428564
            ],
            [
              142.946912,
              24.342445
            ],
            [
              142.851083,
              24.263583
            ],
            [
              142.748196,
              24.192564
            ],
            [
              142.639023,
              24.129915
            ],
            [
              142.524382,
              24.076099
            ],
            [
              142.405126,
              24.031516
            ],
            [
              142.282141,
              23.996493
            ],
            [
              142.156337,
              23.971291
            ],
            [
              142.028642,
              23.956095
            ],
            [
              141.9,
              23.951018
            ],
            [
              141.771358,
              23.956095
            ],
            [
              141.643663,
              23.971291
            ],
            [
              141.517859,
              23.996493
            ],
            [
              141.394874,
              24.031516
            ],
            [
              141.275618,
              24.076099
            ],
            [
              141.160977,
              24.129915
            ],
            [
              141.051804,
              24.192564
            ],
            [
              140.948917,
              24.263583
            ],
            [
              140.853088,
              24.342445
            ],
            [
              140.765043,
              24.428564
            ],
            [
              140.685454,
              24.521298
            ],
            [
              140.614933,
              24.619957
            ],
            [
              140.554028,
              24.723802
            ],
            [
              140.50322,
              24.832055
            ],
            [
              140.462917,
              24.943904
            ],
            [
              140.433452,
              25.058507
            ],
            [
              140.415076,
              25.174997
            ],
            [
              140.407961,
              25.292494
            ],
            [
              140.412193,
              25.410105
            ],
            [
              140.427774,
              25.526933
            ],
            [
              140.454616,
              25.642089
            ],
            [
              140.492548,
              25.754688
            ],
            [
              140.541309,
              25.863866
            ],
            [
              140.600553,
              25.968783
            ],
            [
              140.66985,
              26.068627
            ],
            [
              140.748689,
              26.162625
            ],
            [
              140.836481,
              26.250047
            ],
            [
              140.93256,
              26.330212
            ],
            [
              141.036196,
              26.402495
            ],
            [
              141.146592,
              26.466331
            ],
            [
              141.262893,
              26.521218
            ],
            [
              141.384196,
              26.566727
            ],
            [
              141.509552,
              26.6025
            ],
            [
              141.637981,
              26.628256
            ],
            [
              141.768473,
              26.64379
            ],
            [
              141.9,
              26.648982
            ]
          ]
        ]
      }
    },
    {
      "type": "Feature",
      "properties": {
        "kind": "analysis-center",
        "name": "白海豚",
        "intlName": "DOLPHIN",
        "frameIndex": 35,
        "datetime": "2026-08-04T20:00:00+08:00",
        "maxWindSpeed_ms": "45",
        "pressure_hpa": "940",
        "label": "DOLPHIN 白海豚 分析位置"
      },
      "geometry": {
        "type": "Point",
        "coordinates": [
          140.6,
          25.2
        ]
      }
    },
    {
      "type": "Feature",
      "properties": {
        "kind": "analysis-15ms-circle",
        "name": "白海豚",
        "intlName": "DOLPHIN",
        "datetime": "2026-08-04T20:00:00+08:00",
        "radius_km": "320",
        "circle15ms_km": "320",
        "label": "DOLPHIN 白海豚 7級風暴風圈"
      },
      "geometry": {
        "type": "Polygon",
        "coordinates": [
          [
            [
              140.6,
              28.077829
            ],
            [
              140.884128,
              28.066604
            ],
            [
              141.165924,
              28.033021
            ],
            [
              141.443079,
              27.977356
            ],
            [
              141.713332,
              27.900067
            ],
            [
              141.974491,
              27.801787
            ],
            [
              142.224456,
              27.683321
            ],
            [
              142.461236,
              27.545632
            ],
            [
              142.68297,
              27.389839
            ],
            [
              142.88794,
              27.217199
            ],
            [
              143.074588,
              27.029101
            ],
            [
              143.241523,
              26.827048
            ],
            [
              143.387532,
              26.612645
            ],
            [
              143.511589,
              26.387586
            ],
            [
              143.612854,
              26.153638
            ],
            [
              143.690681,
              25.912626
            ],
            [
              143.744616,
              25.666416
            ],
            [
              143.774393,
              25.416906
            ],
            [
              143.779938,
              25.166003
            ],
            [
              143.761357,
              24.915615
            ],
            [
              143.718938,
              24.667634
            ],
            [
              143.653138,
              24.423924
            ],
            [
              143.564581,
              24.186303
            ],
            [
              143.454046,
              23.956538
            ],
            [
              143.322463,
              23.736326
            ],
            [
              143.170898,
              23.527288
            ],
            [
              143.00055,
              23.330955
            ],
            [
              142.812736,
              23.148759
            ],
            [
              142.608885,
              22.982025
            ],
            [
              142.390523,
              22.831959
            ],
            [
              142.159267,
              22.699648
            ],
            [
              141.916813,
              22.586042
            ],
            [
              141.664924,
              22.491961
            ],
            [
              141.405417,
              22.418078
            ],
            [
              141.140158,
              22.364924
            ],
            [
              140.871045,
              22.332878
            ],
            [
              140.6,
              22.322171
            ],
            [
              140.328955,
              22.332878
            ],
            [
              140.059842,
              22.364924
            ],
            [
              139.794583,
              22.418078
            ],
            [
              139.535076,
              22.491961
            ],
            [
              139.283187,
              22.586042
            ],
            [
              139.040733,
              22.699648
            ],
            [
              138.809477,
              22.831959
            ],
            [
              138.591115,
              22.982025
            ],
            [
              138.387264,
              23.148759
            ],
            [
              138.19945,
              23.330955
            ],
            [
              138.029102,
              23.527288
            ],
            [
              137.877537,
              23.736326
            ],
            [
              137.745954,
              23.956538
            ],
            [
              137.635419,
              24.186303
            ],
            [
              137.546862,
              24.423924
            ],
            [
              137.481062,
              24.667634
            ],
            [
              137.438643,
              24.915615
            ],
            [
              137.420062,
              25.166003
            ],
            [
              137.425607,
              25.416906
            ],
            [
              137.455384,
              25.666416
            ],
            [
              137.509319,
              25.912626
            ],
            [
              137.587146,
              26.153638
            ],
            [
              137.688411,
              26.387586
            ],
            [
              137.812468,
              26.612645
            ],
            [
              137.958477,
              26.827048
            ],
            [
              138.125412,
              27.029101
            ],
            [
              138.31206,
              27.217199
            ],
            [
              138.51703,
              27.389839
            ],
            [
              138.738764,
              27.545632
            ],
            [
              138.975544,
              27.683321
            ],
            [
              139.225509,
              27.801787
            ],
            [
              139.486668,
              27.900067
            ],
            [
              139.756921,
              27.977356
            ],
            [
              140.034076,
              28.033021
            ],
            [
              140.315872,
              28.066604
            ],
            [
              140.6,
              28.077829
            ]
          ]
        ]
      }
    },
    {
      "type": "Feature",
      "properties": {
        "kind": "analysis-25ms-circle",
        "name": "白海豚",
        "intlName": "DOLPHIN",
        "datetime": "2026-08-04T20:00:00+08:00",
        "radius_km": "150",
        "circle25ms_km": "150",
        "label": "DOLPHIN 白海豚 10級風暴風圈"
      },
      "geometry": {
        "type": "Polygon",
        "coordinates": [
          [
            [
              140.6,
              26.548982
            ],
            [
              140.731413,
              26.543791
            ],
            [
              140.86179,
              26.528257
            ],
            [
              140.990107,
              26.502503
            ],
            [
              141.115355,
              26.466731
            ],
            [
              141.236554,
              26.421224
            ],
            [
              141.352755,
              26.366339
            ],
            [
              141.463057,
              26.302507
            ],
            [
              141.566606,
              26.230226
            ],
            [
              141.662607,
              26.150064
            ],
            [
              141.750326,
              26.062645
            ],
            [
              141.829102,
              25.96865
            ],
            [
              141.898345,
              25.868809
            ],
            [
              141.957544,
              25.763894
            ],
            [
              142.00627,
              25.654718
            ],
            [
              142.044176,
              25.54212
            ],
            [
              142.071003,
              25.426966
            ],
            [
              142.086577,
              25.310138
            ],
            [
              142.090812,
              25.192528
            ],
            [
              142.083709,
              25.075031
            ],
            [
              142.065355,
              24.95854
            ],
            [
              142.035919,
              24.843936
            ],
            [
              141.995655,
              24.732085
            ],
            [
              141.944893,
              24.623829
            ],
            [
              141.884042,
              24.519982
            ],
            [
              141.813582,
              24.42132
            ],
            [
              141.734059,
              24.328583
            ],
            [
              141.646088,
              24.242462
            ],
            [
              141.550337,
              24.163597
            ],
            [
              141.447532,
              24.092575
            ],
            [
              141.338447,
              24.029923
            ],
            [
              141.223896,
              23.976105
            ],
            [
              141.104734,
              23.931519
            ],
            [
              140.981845,
              23.896496
            ],
            [
              140.856138,
              23.871292
            ],
            [
              140.728543,
              23.856096
            ],
            [
              140.6,
              23.851018
            ],
            [
              140.471457,
              23.856096
            ],
            [
              140.343862,
              23.871292
            ],
            [
              140.218155,
              23.896496
            ],
            [
              140.095266,
              23.931519
            ],
            [
              139.976104,
              23.976105
            ],
            [
              139.861553,
              24.029923
            ],
            [
              139.752468,
              24.092575
            ],
            [
              139.649663,
              24.163597
            ],
            [
              139.553912,
              24.242462
            ],
            [
              139.465941,
              24.328583
            ],
            [
              139.386418,
              24.42132
            ],
            [
              139.315958,
              24.519982
            ],
            [
              139.255107,
              24.623829
            ],
            [
              139.204345,
              24.732085
            ],
            [
              139.164081,
              24.843936
            ],
            [
              139.134645,
              24.95854
            ],
            [
              139.116291,
              25.075031
            ],
            [
              139.109188,
              25.192528
            ],
            [
              139.113423,
              25.310138
            ],
            [
              139.128997,
              25.426966
            ],
            [
              139.155824,
              25.54212
            ],
            [
              139.19373,
              25.654718
            ],
            [
              139.242456,
              25.763894
            ],
            [
              139.301655,
              25.868809
            ],
            [
              139.370898,
              25.96865
            ],
            [
              139.449674,
              26.062645
            ],
            [
              139.537393,
              26.150064
            ],
            [
              139.633394,
              26.230226
            ],
            [
              139.736943,
              26.302507
            ],
            [
              139.847245,
              26.366339
            ],
            [
              139.963446,
              26.421224
            ],
            [
              140.084645,
              26.466731
            ],
            [
              140.209893,
              26.502503
            ],
            [
              140.33821,
              26.528257
            ],
            [
              140.468587,
              26.543791
            ],
            [
              140.6,
              26.548982
            ]
          ]
        ]
      }
    },
    {
      "type": "Feature",
      "properties": {
        "kind": "analysis-center",
        "name": "白海豚",
        "intlName": "DOLPHIN",
        "frameIndex": 36,
        "datetime": "2026-08-05T02:00:00+08:00",
        "maxWindSpeed_ms": "45",
        "pressure_hpa": "940",
        "label": "DOLPHIN 白海豚 分析位置"
      },
      "geometry": {
        "type": "Point",
        "coordinates": [
          139.3,
          25.3
        ]
      }
    },
    {
      "type": "Feature",
      "properties": {
        "kind": "analysis-15ms-circle",
        "name": "白海豚",
        "intlName": "DOLPHIN",
        "datetime": "2026-08-05T02:00:00+08:00",
        "radius_km": "320",
        "circle15ms_km": "320",
        "label": "DOLPHIN 白海豚 7級風暴風圈"
      },
      "geometry": {
        "type": "Polygon",
        "coordinates": [
          [
            [
              139.3,
              28.177829
            ],
            [
              139.584393,
              28.166603
            ],
            [
              139.866451,
              28.133016
            ],
            [
              140.143862,
              28.077345
            ],
            [
              140.414363,
              28.000048
            ],
            [
              140.675759,
              27.901759
            ],
            [
              140.925947,
              27.783281
            ],
            [
              141.162934,
              27.645579
            ],
            [
              141.384858,
              27.489773
            ],
            [
              141.589999,
              27.31712
            ],
            [
              141.776797,
              27.129008
            ],
            [
              141.94386,
              26.926942
            ],
            [
              142.089975,
              26.712527
            ],
            [
              142.214116,
              26.487457
            ],
            [
              142.315442,
              26.2535
            ],
            [
              142.393308,
              26.01248
            ],
            [
              142.447259,
              25.766265
            ],
            [
              142.477032,
              25.516752
            ],
            [
              142.482551,
              25.265849
            ],
            [
              142.463926,
              25.015463
            ],
            [
              142.421444,
              24.767486
            ],
            [
              142.355564,
              24.523782
            ],
            [
              142.26691,
              24.286169
            ],
            [
              142.156265,
              24.056414
            ],
            [
              142.024557,
              23.836213
            ],
            [
              141.872856,
              23.627187
            ],
            [
              141.702361,
              23.430867
            ],
            [
              141.514391,
              23.248685
            ],
            [
              141.310375,
              23.081963
            ],
            [
              141.091842,
              22.931911
            ],
            [
              140.860409,
              22.79961
            ],
            [
              140.617772,
              22.686016
            ],
            [
              140.365695,
              22.591944
            ],
            [
              140.105999,
              22.518068
            ],
            [
              139.840547,
              22.464919
            ],
            [
              139.57124,
              22.432877
            ],
            [
              139.3,
              22.422171
            ],
            [
              139.02876,
              22.432877
            ],
            [
              138.759453,
              22.464919
            ],
            [
              138.494001,
              22.518068
            ],
            [
              138.234305,
              22.591944
            ],
            [
              137.982228,
              22.686016
            ],
            [
              137.739591,
              22.79961
            ],
            [
              137.508158,
              22.931911
            ],
            [
              137.289625,
              23.081963
            ],
            [
              137.085609,
              23.248685
            ],
            [
              136.897639,
              23.430867
            ],
            [
              136.727144,
              23.627187
            ],
            [
              136.575443,
              23.836213
            ],
            [
              136.443735,
              24.056414
            ],
            [
              136.33309,
              24.286169
            ],
            [
              136.244436,
              24.523782
            ],
            [
              136.178556,
              24.767486
            ],
            [
              136.136074,
              25.015463
            ],
            [
              136.117449,
              25.265849
            ],
            [
              136.122968,
              25.516752
            ],
            [
              136.152741,
              25.766265
            ],
            [
              136.206692,
              26.01248
            ],
            [
              136.284558,
              26.2535
            ],
            [
              136.385884,
              26.487457
            ],
            [
              136.510025,
              26.712527
            ],
            [
              136.65614,
              26.926942
            ],
            [
              136.823203,
              27.129008
            ],
            [
              137.010001,
              27.31712
            ],
            [
              137.215142,
              27.489773
            ],
            [
              137.437066,
              27.645579
            ],
            [
              137.674053,
              27.783281
            ],
            [
              137.924241,
              27.901759
            ],
            [
              138.185637,
              28.000048
            ],
            [
              138.456138,
              28.077345
            ],
            [
              138.733549,
              28.133016
            ],
            [
              139.015607,
              28.166603
            ],
            [
              139.3,
              28.177829
            ]
          ]
        ]
      }
    },
    {
      "type": "Feature",
      "properties": {
        "kind": "analysis-25ms-circle",
        "name": "白海豚",
        "intlName": "DOLPHIN",
        "datetime": "2026-08-05T02:00:00+08:00",
        "radius_km": "150",
        "circle25ms_km": "150",
        "label": "DOLPHIN 白海豚 10級風暴風圈"
      },
      "geometry": {
        "type": "Polygon",
        "coordinates": [
          [
            [
              139.3,
              26.648982
            ],
            [
              139.431527,
              26.64379
            ],
            [
              139.562019,
              26.628256
            ],
            [
              139.690448,
              26.6025
            ],
            [
              139.815804,
              26.566727
            ],
            [
              139.937107,
              26.521218
            ],
            [
              140.053408,
              26.466331
            ],
            [
              140.163804,
              26.402495
            ],
            [
              140.26744,
              26.330212
            ],
            [
              140.363519,
              26.250047
            ],
            [
              140.451311,
              26.162625
            ],
            [
              140.53015,
              26.068627
            ],
            [
              140.599447,
              25.968783
            ],
            [
              140.658691,
              25.863866
            ],
            [
              140.707452,
              25.754688
            ],
            [
              140.745384,
              25.642089
            ],
            [
              140.772226,
              25.526933
            ],
            [
              140.787807,
              25.410105
            ],
            [
              140.792039,
              25.292494
            ],
            [
              140.784924,
              25.174997
            ],
            [
              140.766548,
              25.058507
            ],
            [
              140.737083,
              24.943904
            ],
            [
              140.69678,
              24.832055
            ],
            [
              140.645972,
              24.723802
            ],
            [
              140.585067,
              24.619957
            ],
            [
              140.514546,
              24.521298
            ],
            [
              140.434957,
              24.428564
            ],
            [
              140.346912,
              24.342445
            ],
            [
              140.251083,
              24.263583
            ],
            [
              140.148196,
              24.192564
            ],
            [
              140.039023,
              24.129915
            ],
            [
              139.924382,
              24.076099
            ],
            [
              139.805126,
              24.031516
            ],
            [
              139.682141,
              23.996493
            ],
            [
              139.556337,
              23.971291
            ],
            [
              139.428642,
              23.956095
            ],
            [
              139.3,
              23.951018
            ],
            [
              139.171358,
              23.956095
            ],
            [
              139.043663,
              23.971291
            ],
            [
              138.917859,
              23.996493
            ],
            [
              138.794874,
              24.031516
            ],
            [
              138.675618,
              24.076099
            ],
            [
              138.560977,
              24.129915
            ],
            [
              138.451804,
              24.192564
            ],
            [
              138.348917,
              24.263583
            ],
            [
              138.253088,
              24.342445
            ],
            [
              138.165043,
              24.428564
            ],
            [
              138.085454,
              24.521298
            ],
            [
              138.014933,
              24.619957
            ],
            [
              137.954028,
              24.723802
            ],
            [
              137.90322,
              24.832055
            ],
            [
              137.862917,
              24.943904
            ],
            [
              137.833452,
              25.058507
            ],
            [
              137.815076,
              25.174997
            ],
            [
              137.807961,
              25.292494
            ],
            [
              137.812193,
              25.410105
            ],
            [
              137.827774,
              25.526933
            ],
            [
              137.854616,
              25.642089
            ],
            [
              137.892548,
              25.754688
            ],
            [
              137.941309,
              25.863866
            ],
            [
              138.000553,
              25.968783
            ],
            [
              138.06985,
              26.068627
            ],
            [
              138.148689,
              26.162625
            ],
            [
              138.236481,
              26.250047
            ],
            [
              138.33256,
              26.330212
            ],
            [
              138.436196,
              26.402495
            ],
            [
              138.546592,
              26.466331
            ],
            [
              138.662893,
              26.521218
            ],
            [
              138.784196,
              26.566727
            ],
            [
              138.909552,
              26.6025
            ],
            [
              139.037981,
              26.628256
            ],
            [
              139.168473,
              26.64379
            ],
            [
              139.3,
              26.648982
            ]
          ]
        ]
      }
    },
    {
      "type": "Feature",
      "properties": {
        "kind": "analysis-center",
        "name": "白海豚",
        "intlName": "DOLPHIN",
        "frameIndex": 37,
        "datetime": "2026-08-05T08:00:00+08:00",
        "maxWindSpeed_ms": "45",
        "pressure_hpa": "940",
        "label": "DOLPHIN 白海豚 分析位置"
      },
      "geometry": {
        "type": "Point",
        "coordinates": [
          138.2,
          25.5
        ]
      }
    },
    {
      "type": "Feature",
      "properties": {
        "kind": "analysis-15ms-circle",
        "name": "白海豚",
        "intlName": "DOLPHIN",
        "datetime": "2026-08-05T08:00:00+08:00",
        "radius_km": "320",
        "circle15ms_km": "320",
        "label": "DOLPHIN 白海豚 7級風暴風圈"
      },
      "geometry": {
        "type": "Polygon",
        "coordinates": [
          [
            [
              138.2,
              28.377829
            ],
            [
              138.484927,
              28.3666
            ],
            [
              138.767514,
              28.333006
            ],
            [
              139.045442,
              28.277323
            ],
            [
              139.316442,
              28.20001
            ],
            [
              139.578315,
              28.101701
            ],
            [
              139.828952,
              27.9832
            ],
            [
              140.066357,
              27.845473
            ],
            [
              140.288663,
              27.68964
            ],
            [
              140.494148,
              27.51696
            ],
            [
              140.681248,
              27.328821
            ],
            [
              140.84857,
              27.126728
            ],
            [
              140.9949,
              26.912289
            ],
            [
              141.119209,
              26.687198
            ],
            [
              141.220658,
              26.453222
            ],
            [
              141.298602,
              26.212188
            ],
            [
              141.352587,
              25.965963
            ],
            [
              141.382351,
              25.716444
            ],
            [
              141.38782,
              25.46554
            ],
            [
              141.369105,
              25.215157
            ],
            [
              141.326495,
              24.967189
            ],
            [
              141.260454,
              24.723497
            ],
            [
              141.171607,
              24.485901
            ],
            [
              141.060738,
              24.256165
            ],
            [
              140.92878,
              24.035987
            ],
            [
              140.776806,
              23.826986
            ],
            [
              140.606015,
              23.630691
            ],
            [
              140.41773,
              23.448535
            ],
            [
              140.213382,
              23.28184
            ],
            [
              139.994502,
              23.131813
            ],
            [
              139.762711,
              22.999536
            ],
            [
              139.519706,
              22.885963
            ],
            [
              139.267252,
              22.791909
            ],
            [
              139.007172,
              22.718048
            ],
            [
              138.741332,
              22.66491
            ],
            [
              138.471633,
              22.632875
            ],
            [
              138.2,
              22.622171
            ],
            [
              137.928367,
              22.632875
            ],
            [
              137.658668,
              22.66491
            ],
            [
              137.392828,
              22.718048
            ],
            [
              137.132748,
              22.791909
            ],
            [
              136.880294,
              22.885963
            ],
            [
              136.637289,
              22.999536
            ],
            [
              136.405498,
              23.131813
            ],
            [
              136.186618,
              23.28184
            ],
            [
              135.98227,
              23.448535
            ],
            [
              135.793985,
              23.630691
            ],
            [
              135.623194,
              23.826986
            ],
            [
              135.47122,
              24.035987
            ],
            [
              135.339262,
              24.256165
            ],
            [
              135.228393,
              24.485901
            ],
            [
              135.139546,
              24.723497
            ],
            [
              135.073505,
              24.967189
            ],
            [
              135.030895,
              25.215157
            ],
            [
              135.01218,
              25.46554
            ],
            [
              135.017649,
              25.716444
            ],
            [
              135.047413,
              25.965963
            ],
            [
              135.101398,
              26.212188
            ],
            [
              135.179342,
              26.453222
            ],
            [
              135.280791,
              26.687198
            ],
            [
              135.4051,
              26.912289
            ],
            [
              135.55143,
              27.126728
            ],
            [
              135.718752,
              27.328821
            ],
            [
              135.905852,
              27.51696
            ],
            [
              136.111337,
              27.68964
            ],
            [
              136.333643,
              27.845473
            ],
            [
              136.571048,
              27.9832
            ],
            [
              136.821685,
              28.101701
            ],
            [
              137.083558,
              28.20001
            ],
            [
              137.354558,
              28.277323
            ],
            [
              137.632486,
              28.333006
            ],
            [
              137.915073,
              28.3666
            ],
            [
              138.2,
              28.377829
            ]
          ]
        ]
      }
    },
    {
      "type": "Feature",
      "properties": {
        "kind": "analysis-25ms-circle",
        "name": "白海豚",
        "intlName": "DOLPHIN",
        "datetime": "2026-08-05T08:00:00+08:00",
        "radius_km": "150",
        "circle25ms_km": "150",
        "label": "DOLPHIN 白海豚 10級風暴風圈"
      },
      "geometry": {
        "type": "Polygon",
        "coordinates": [
          [
            [
              138.2,
              26.848982
            ],
            [
              138.331759,
              26.84379
            ],
            [
              138.46248,
              26.828254
            ],
            [
              138.591134,
              26.802496
            ],
            [
              138.716709,
              26.766719
            ],
            [
              138.838223,
              26.721206
            ],
            [
              138.954724,
              26.666313
            ],
            [
              139.065308,
              26.602472
            ],
            [
              139.169119,
              26.530184
            ],
            [
              139.26536,
              26.450012
            ],
            [
              139.353295,
              26.362584
            ],
            [
              139.432261,
              26.268581
            ],
            [
              139.501668,
              26.168731
            ],
            [
              139.561002,
              26.06381
            ],
            [
              139.609834,
              25.954627
            ],
            [
              139.647818,
              25.842025
            ],
            [
              139.674693,
              25.726867
            ],
            [
              139.690287,
              25.610037
            ],
            [
              139.694513,
              25.492426
            ],
            [
              139.687373,
              25.37493
            ],
            [
              139.668955,
              25.258441
            ],
            [
              139.639428,
              25.143841
            ],
            [
              139.599048,
              25.031996
            ],
            [
              139.548147,
              24.923746
            ],
            [
              139.487134,
              24.819906
            ],
            [
              139.41649,
              24.721253
            ],
            [
              139.336766,
              24.628524
            ],
            [
              139.248574,
              24.542411
            ],
            [
              139.152588,
              24.463555
            ],
            [
              139.049533,
              24.392542
            ],
            [
              138.940185,
              24.329898
            ],
            [
              138.825361,
              24.276087
            ],
            [
              138.705917,
              24.231508
            ],
            [
              138.582738,
              24.196489
            ],
            [
              138.456737,
              24.171289
            ],
            [
              138.328843,
              24.156095
            ],
            [
              138.2,
              24.151018
            ],
            [
              138.071157,
              24.156095
            ],
            [
              137.943263,
              24.171289
            ],
            [
              137.817262,
              24.196489
            ],
            [
              137.694083,
              24.231508
            ],
            [
              137.574639,
              24.276087
            ],
            [
              137.459815,
              24.329898
            ],
            [
              137.350467,
              24.392542
            ],
            [
              137.247412,
              24.463555
            ],
            [
              137.151426,
              24.542411
            ],
            [
              137.063234,
              24.628524
            ],
            [
              136.98351,
              24.721253
            ],
            [
              136.912866,
              24.819906
            ],
            [
              136.851853,
              24.923746
            ],
            [
              136.800952,
              25.031996
            ],
            [
              136.760572,
              25.143841
            ],
            [
              136.731045,
              25.258441
            ],
            [
              136.712627,
              25.37493
            ],
            [
              136.705487,
              25.492426
            ],
            [
              136.709713,
              25.610037
            ],
            [
              136.725307,
              25.726867
            ],
            [
              136.752182,
              25.842025
            ],
            [
              136.790166,
              25.954627
            ],
            [
              136.838998,
              26.06381
            ],
            [
              136.898332,
              26.168731
            ],
            [
              136.967739,
              26.268581
            ],
            [
              137.046705,
              26.362584
            ],
            [
              137.13464,
              26.450012
            ],
            [
              137.230881,
              26.530184
            ],
            [
              137.334692,
              26.602472
            ],
            [
              137.445276,
              26.666313
            ],
            [
              137.561777,
              26.721206
            ],
            [
              137.683291,
              26.766719
            ],
            [
              137.808866,
              26.802496
            ],
            [
              137.93752,
              26.828254
            ],
            [
              138.068241,
              26.84379
            ],
            [
              138.2,
              26.848982
            ]
          ]
        ]
      }
    },
    {
      "type": "Feature",
      "properties": {
        "kind": "current-center",
        "name": "白海豚",
        "intlName": "DOLPHIN",
        "frameIndex": 38,
        "datetime": "2026-08-05T14:00:00+08:00",
        "maxWindSpeed_ms": "43",
        "pressure_hpa": "945",
        "label": "DOLPHIN 白海豚 目前位置"
      },
      "geometry": {
        "type": "Point",
        "coordinates": [
          137.2,
          25.7
        ]
      }
    },
    {
      "type": "Feature",
      "properties": {
        "kind": "current-15ms-circle",
        "name": "白海豚",
        "intlName": "DOLPHIN",
        "datetime": "2026-08-05T14:00:00+08:00",
        "radius_km": "320",
        "circle15ms_km": "320",
        "label": "DOLPHIN 白海豚 7級風暴風圈"
      },
      "geometry": {
        "type": "Polygon",
        "coordinates": [
          [
            [
              137.2,
              28.577829
            ],
            [
              137.485467,
              28.566598
            ],
            [
              137.768587,
              28.532996
            ],
            [
              138.047037,
              28.477302
            ],
            [
              138.318542,
              28.399972
            ],
            [
              138.580897,
              28.301643
            ],
            [
              138.831988,
              28.183119
            ],
            [
              139.069816,
              28.045367
            ],
            [
              139.292508,
              27.889507
            ],
            [
              139.49834,
              27.716799
            ],
            [
              139.685746,
              27.528633
            ],
            [
              139.85333,
              27.326514
            ],
            [
              139.999876,
              27.112051
            ],
            [
              140.124356,
              26.886938
            ],
            [
              140.22593,
              26.652944
            ],
            [
              140.303953,
              26.411895
            ],
            [
              140.357972,
              26.16566
            ],
            [
              140.387726,
              25.916135
            ],
            [
              140.393144,
              25.66523
            ],
            [
              140.374339,
              25.414851
            ],
            [
              140.331602,
              25.166891
            ],
            [
              140.265397,
              24.923211
            ],
            [
              140.176354,
              24.685631
            ],
            [
              140.06526,
              24.455915
            ],
            [
              139.93305,
              24.23576
            ],
            [
              139.780798,
              24.026783
            ],
            [
              139.609709,
              23.830515
            ],
            [
              139.421105,
              23.648385
            ],
            [
              139.216422,
              23.481716
            ],
            [
              138.997193,
              23.331714
            ],
            [
              138.765039,
              23.199462
            ],
            [
              138.521661,
              23.08591
            ],
            [
              138.268826,
              22.991874
            ],
            [
              138.008358,
              22.918029
            ],
            [
              137.742125,
              22.864901
            ],
            [
              137.472031,
              22.832873
            ],
            [
              137.2,
              22.822171
            ],
            [
              136.927969,
              22.832873
            ],
            [
              136.657875,
              22.864901
            ],
            [
              136.391642,
              22.918029
            ],
            [
              136.131174,
              22.991874
            ],
            [
              135.878339,
              23.08591
            ],
            [
              135.634961,
              23.199462
            ],
            [
              135.402807,
              23.331714
            ],
            [
              135.183578,
              23.481716
            ],
            [
              134.978895,
              23.648385
            ],
            [
              134.790291,
              23.830515
            ],
            [
              134.619202,
              24.026783
            ],
            [
              134.46695,
              24.23576
            ],
            [
              134.33474,
              24.455915
            ],
            [
              134.223646,
              24.685631
            ],
            [
              134.134603,
              24.923211
            ],
            [
              134.068398,
              25.166891
            ],
            [
              134.025661,
              25.414851
            ],
            [
              134.006856,
              25.66523
            ],
            [
              134.012274,
              25.916135
            ],
            [
              134.042028,
              26.16566
            ],
            [
              134.096047,
              26.411895
            ],
            [
              134.17407,
              26.652944
            ],
            [
              134.275644,
              26.886938
            ],
            [
              134.400124,
              27.112051
            ],
            [
              134.54667,
              27.326514
            ],
            [
              134.714254,
              27.528633
            ],
            [
              134.90166,
              27.716799
            ],
            [
              135.107492,
              27.889507
            ],
            [
              135.330184,
              28.045367
            ],
            [
              135.568012,
              28.183119
            ],
            [
              135.819103,
              28.301643
            ],
            [
              136.081458,
              28.399972
            ],
            [
              136.352963,
              28.477302
            ],
            [
              136.631413,
              28.532996
            ],
            [
              136.914533,
              28.566598
            ],
            [
              137.2,
              28.577829
            ]
          ]
        ]
      }
    },
    {
      "type": "Feature",
      "properties": {
        "kind": "current-25ms-circle",
        "name": "白海豚",
        "intlName": "DOLPHIN",
        "datetime": "2026-08-05T14:00:00+08:00",
        "radius_km": "150",
        "circle25ms_km": "150",
        "label": "DOLPHIN 白海豚 10級風暴風圈"
      },
      "geometry": {
        "type": "Polygon",
        "coordinates": [
          [
            [
              137.2,
              27.048982
            ],
            [
              137.331993,
              27.043789
            ],
            [
              137.462946,
              27.028251
            ],
            [
              137.591827,
              27.002491
            ],
            [
              137.717624,
              26.966711
            ],
            [
              137.83935,
              26.921193
            ],
            [
              137.956054,
              26.866296
            ],
            [
              138.066829,
              26.80245
            ],
            [
              138.170817,
              26.730155
            ],
            [
              138.267219,
              26.649978
            ],
            [
              138.355301,
              26.562544
            ],
            [
              138.434395,
              26.468534
            ],
            [
              138.503912,
              26.36868
            ],
            [
              138.563338,
              26.263753
            ],
            [
              138.612242,
              26.154567
            ],
            [
              138.650278,
              26.041961
            ],
            [
              138.677187,
              25.926801
            ],
            [
              138.692794,
              25.809969
            ],
            [
              138.697014,
              25.692358
            ],
            [
              138.689849,
              25.574863
            ],
            [
              138.671386,
              25.458375
            ],
            [
              138.641799,
              25.343778
            ],
            [
              138.601341,
              25.231936
            ],
            [
              138.550345,
              25.123691
            ],
            [
              138.489223,
              25.019856
            ],
            [
              138.418456,
              24.921208
            ],
            [
              138.338595,
              24.828485
            ],
            [
              138.250254,
              24.742378
            ],
            [
              138.154109,
              24.663528
            ],
            [
              138.050885,
              24.59252
            ],
            [
              137.941359,
              24.529881
            ],
            [
              137.826351,
              24.476075
            ],
            [
              137.706716,
              24.4315
            ],
            [
              137.583342,
              24.396485
            ],
            [
              137.457141,
              24.371287
            ],
            [
              137.329046,
              24.356094
            ],
            [
              137.2,
              24.351018
            ],
            [
              137.070954,
              24.356094
            ],
            [
              136.942859,
              24.371287
            ],
            [
              136.816658,
              24.396485
            ],
            [
              136.693284,
              24.4315
            ],
            [
              136.573649,
              24.476075
            ],
            [
              136.458641,
              24.529881
            ],
            [
              136.349115,
              24.59252
            ],
            [
              136.245891,
              24.663528
            ],
            [
              136.149746,
              24.742378
            ],
            [
              136.061405,
              24.828485
            ],
            [
              135.981544,
              24.921208
            ],
            [
              135.910777,
              25.019856
            ],
            [
              135.849655,
              25.123691
            ],
            [
              135.798659,
              25.231936
            ],
            [
              135.758201,
              25.343778
            ],
            [
              135.728614,
              25.458375
            ],
            [
              135.710151,
              25.574863
            ],
            [
              135.702986,
              25.692358
            ],
            [
              135.707206,
              25.809969
            ],
            [
              135.722813,
              25.926801
            ],
            [
              135.749722,
              26.041961
            ],
            [
              135.787758,
              26.154567
            ],
            [
              135.836662,
              26.263753
            ],
            [
              135.896088,
              26.36868
            ],
            [
              135.965605,
              26.468534
            ],
            [
              136.044699,
              26.562544
            ],
            [
              136.132781,
              26.649978
            ],
            [
              136.229183,
              26.730155
            ],
            [
              136.333171,
              26.80245
            ],
            [
              136.443946,
              26.866296
            ],
            [
              136.56065,
              26.921193
            ],
            [
              136.682376,
              26.966711
            ],
            [
              136.808173,
              27.002491
            ],
            [
              136.937054,
              27.028251
            ],
            [
              137.068007,
              27.043789
            ],
            [
              137.2,
              27.048982
            ]
          ]
        ]
      }
    },
    {
      "type": "Feature",
      "properties": {
        "kind": "forecast-center",
        "name": "白海豚",
        "intlName": "DOLPHIN",
        "frameIndex": 39,
        "initialTime": "2026-08-05T14:00:00+08:00",
        "forecastHour": "6",
        "maxWindSpeed_ms": "43",
        "pressure_hpa": "945",
        "radius70Probability_km": "40",
        "label": "6小時預報"
      },
      "geometry": {
        "type": "Point",
        "coordinates": [
          135.9,
          25.8
        ]
      }
    },
    {
      "type": "Feature",
      "properties": {
        "kind": "forecast-70prob-circle",
        "name": "白海豚",
        "intlName": "DOLPHIN",
        "forecastHour": "6",
        "initialTime": "2026-08-05T14:00:00+08:00",
        "radius_km": "40",
        "label": "70%機率半徑 6小時"
      },
      "geometry": {
        "type": "Polygon",
        "coordinates": [
          [
            [
              135.9,
              26.159729
            ],
            [
              135.93493,
              26.158356
            ],
            [
              135.969591,
              26.154247
            ],
            [
              136.003718,
              26.147434
            ],
            [
              136.037049,
              26.13797
            ],
            [
              136.069328,
              26.125927
            ],
            [
              136.100307,
              26.111397
            ],
            [
              136.129749,
              26.094492
            ],
            [
              136.15743,
              26.075341
            ],
            [
              136.183139,
              26.054092
            ],
            [
              136.206678,
              26.030907
            ],
            [
              136.227869,
              26.005964
            ],
            [
              136.246553,
              25.979453
            ],
            [
              136.262587,
              25.951578
            ],
            [
              136.27585,
              25.922551
            ],
            [
              136.286245,
              25.892594
            ],
            [
              136.293693,
              25.861936
            ],
            [
              136.298141,
              25.83081
            ],
            [
              136.299556,
              25.799454
            ],
            [
              136.29793,
              25.768106
            ],
            [
              136.293279,
              25.737005
            ],
            [
              136.285639,
              25.706387
            ],
            [
              136.275071,
              25.676485
            ],
            [
              136.261658,
              25.647525
            ],
            [
              136.245503,
              25.619728
            ],
            [
              136.22673,
              25.593303
            ],
            [
              136.205484,
              25.568452
            ],
            [
              136.181926,
              25.545362
            ],
            [
              136.156236,
              25.524208
            ],
            [
              136.12861,
              25.505149
            ],
            [
              136.099257,
              25.48833
            ],
            [
              136.068399,
              25.473878
            ],
            [
              136.036269,
              25.461902
            ],
            [
              136.003112,
              25.452493
            ],
            [
              135.969176,
              25.44572
            ],
            [
              135.934719,
              25.441636
            ],
            [
              135.9,
              25.440271
            ],
            [
              135.865281,
              25.441636
            ],
            [
              135.830824,
              25.44572
            ],
            [
              135.796888,
              25.452493
            ],
            [
              135.763731,
              25.461902
            ],
            [
              135.731601,
              25.473878
            ],
            [
              135.700743,
              25.48833
            ],
            [
              135.67139,
              25.505149
            ],
            [
              135.643764,
              25.524208
            ],
            [
              135.618074,
              25.545362
            ],
            [
              135.594516,
              25.568452
            ],
            [
              135.57327,
              25.593303
            ],
            [
              135.554497,
              25.619728
            ],
            [
              135.538342,
              25.647525
            ],
            [
              135.524929,
              25.676485
            ],
            [
              135.514361,
              25.706387
            ],
            [
              135.506721,
              25.737005
            ],
            [
              135.50207,
              25.768106
            ],
            [
              135.500444,
              25.799454
            ],
            [
              135.501859,
              25.83081
            ],
            [
              135.506307,
              25.861936
            ],
            [
              135.513755,
              25.892594
            ],
            [
              135.52415,
              25.922551
            ],
            [
              135.537413,
              25.951578
            ],
            [
              135.553447,
              25.979453
            ],
            [
              135.572131,
              26.005964
            ],
            [
              135.593322,
              26.030907
            ],
            [
              135.616861,
              26.054092
            ],
            [
              135.64257,
              26.075341
            ],
            [
              135.670251,
              26.094492
            ],
            [
              135.699693,
              26.111397
            ],
            [
              135.730672,
              26.125927
            ],
            [
              135.762951,
              26.13797
            ],
            [
              135.796282,
              26.147434
            ],
            [
              135.830409,
              26.154247
            ],
            [
              135.86507,
              26.158356
            ],
            [
              135.9,
              26.159729
            ]
          ]
        ]
      }
    },
    {
      "type": "Feature",
      "properties": {
        "kind": "forecast-15ms-circle",
        "name": "白海豚",
        "intlName": "DOLPHIN",
        "forecastHour": "6",
        "initialTime": "2026-08-05T14:00:00+08:00",
        "radius_km": "320",
        "circle15ms_km": "320",
        "label": "7級風暴風圈 6小時"
      },
      "geometry": {
        "type": "Polygon",
        "coordinates": [
          [
            [
              135.9,
              28.677829
            ],
            [
              136.185739,
              28.666597
            ],
            [
              136.469128,
              28.632991
            ],
            [
              136.747841,
              28.577291
            ],
            [
              137.0196,
              28.499953
            ],
            [
              137.282198,
              28.401614
            ],
            [
              137.533518,
              28.283078
            ],
            [
              137.771559,
              28.145314
            ],
            [
              137.994446,
              27.98944
            ],
            [
              138.200453,
              27.816719
            ],
            [
              138.388012,
              27.628539
            ],
            [
              138.555728,
              27.426407
            ],
            [
              138.702383,
              27.211931
            ],
            [
              138.826949,
              26.986808
            ],
            [
              138.928586,
              26.752804
            ],
            [
              139.006649,
              26.511748
            ],
            [
              139.060686,
              26.265508
            ],
            [
              139.090436,
              26.01598
            ],
            [
              139.095828,
              25.765074
            ],
            [
              139.076977,
              25.514697
            ],
            [
              139.034175,
              25.266741
            ],
            [
              138.967888,
              25.023068
            ],
            [
              138.878747,
              24.785496
            ],
            [
              138.76754,
              24.55579
            ],
            [
              138.635203,
              24.335646
            ],
            [
              138.482811,
              24.126682
            ],
            [
              138.311571,
              23.930426
            ],
            [
              138.122807,
              23.74831
            ],
            [
              137.917955,
              23.581654
            ],
            [
              137.698549,
              23.431665
            ],
            [
              137.466213,
              23.299424
            ],
            [
              137.222647,
              23.185883
            ],
            [
              136.96962,
              23.091857
            ],
            [
              136.708956,
              23.018019
            ],
            [
              136.442526,
              22.964897
            ],
            [
              136.172231,
              22.932871
            ],
            [
              135.9,
              22.922171
            ],
            [
              135.627769,
              22.932871
            ],
            [
              135.357474,
              22.964897
            ],
            [
              135.091044,
              23.018019
            ],
            [
              134.83038,
              23.091857
            ],
            [
              134.577353,
              23.185883
            ],
            [
              134.333787,
              23.299424
            ],
            [
              134.101451,
              23.431665
            ],
            [
              133.882045,
              23.581654
            ],
            [
              133.677193,
              23.74831
            ],
            [
              133.488429,
              23.930426
            ],
            [
              133.317189,
              24.126682
            ],
            [
              133.164797,
              24.335646
            ],
            [
              133.03246,
              24.55579
            ],
            [
              132.921253,
              24.785496
            ],
            [
              132.832112,
              25.023068
            ],
            [
              132.765825,
              25.266741
            ],
            [
              132.723023,
              25.514697
            ],
            [
              132.704172,
              25.765074
            ],
            [
              132.709564,
              26.01598
            ],
            [
              132.739314,
              26.265508
            ],
            [
              132.793351,
              26.511748
            ],
            [
              132.871414,
              26.752804
            ],
            [
              132.973051,
              26.986808
            ],
            [
              133.097617,
              27.211931
            ],
            [
              133.244272,
              27.426407
            ],
            [
              133.411988,
              27.628539
            ],
            [
              133.599547,
              27.816719
            ],
            [
              133.805554,
              27.98944
            ],
            [
              134.028441,
              28.145314
            ],
            [
              134.266482,
              28.283078
            ],
            [
              134.517802,
              28.401614
            ],
            [
              134.7804,
              28.499953
            ],
            [
              135.052159,
              28.577291
            ],
            [
              135.330872,
              28.632991
            ],
            [
              135.614261,
              28.666597
            ],
            [
              135.9,
              28.677829
            ]
          ]
        ]
      }
    },
    {
      "type": "Feature",
      "properties": {
        "kind": "forecast-25ms-circle",
        "name": "白海豚",
        "intlName": "DOLPHIN",
        "forecastHour": "6",
        "initialTime": "2026-08-05T14:00:00+08:00",
        "radius_km": "150",
        "circle25ms_km": "150",
        "label": "10級風暴風圈 6小時"
      },
      "geometry": {
        "type": "Polygon",
        "coordinates": [
          [
            [
              135.9,
              27.148982
            ],
            [
              136.032111,
              27.143789
            ],
            [
              136.163181,
              27.12825
            ],
            [
              136.292177,
              27.102489
            ],
            [
              136.418085,
              27.066707
            ],
            [
              136.539918,
              27.021187
            ],
            [
              136.656725,
              26.966287
            ],
            [
              136.767595,
              26.902438
            ],
            [
              136.871673,
              26.830141
            ],
            [
              136.968157,
              26.74996
            ],
            [
              137.056311,
              26.662524
            ],
            [
              137.135471,
              26.568511
            ],
            [
              137.205043,
              26.468654
            ],
            [
              137.264515,
              26.363725
            ],
            [
              137.313456,
              26.254536
            ],
            [
              137.351518,
              26.141929
            ],
            [
              137.378443,
              26.026768
            ],
            [
              137.394057,
              25.909935
            ],
            [
              137.398274,
              25.792324
            ],
            [
              137.391096,
              25.674829
            ],
            [
              137.372612,
              25.558342
            ],
            [
              137.342994,
              25.443747
            ],
            [
              137.302496,
              25.331906
            ],
            [
              137.251453,
              25.223663
            ],
            [
              137.190276,
              25.11983
            ],
            [
              137.119446,
              25.021185
            ],
            [
              137.039516,
              24.928465
            ],
            [
              136.951101,
              24.842361
            ],
            [
              136.854875,
              24.763514
            ],
            [
              136.751566,
              24.692509
            ],
            [
              136.641951,
              24.629873
            ],
            [
              136.52685,
              24.576069
            ],
            [
              136.407119,
              24.531496
            ],
            [
              136.283646,
              24.496482
            ],
            [
              136.157345,
              24.471286
            ],
            [
              136.029148,
              24.456094
            ],
            [
              135.9,
              24.451018
            ],
            [
              135.770852,
              24.456094
            ],
            [
              135.642655,
              24.471286
            ],
            [
              135.516354,
              24.496482
            ],
            [
              135.392881,
              24.531496
            ],
            [
              135.27315,
              24.576069
            ],
            [
              135.158049,
              24.629873
            ],
            [
              135.048434,
              24.692509
            ],
            [
              134.945125,
              24.763514
            ],
            [
              134.848899,
              24.842361
            ],
            [
              134.760484,
              24.928465
            ],
            [
              134.680554,
              25.021185
            ],
            [
              134.609724,
              25.11983
            ],
            [
              134.548547,
              25.223663
            ],
            [
              134.497504,
              25.331906
            ],
            [
              134.457006,
              25.443747
            ],
            [
              134.427388,
              25.558342
            ],
            [
              134.408904,
              25.674829
            ],
            [
              134.401726,
              25.792324
            ],
            [
              134.405943,
              25.909935
            ],
            [
              134.421557,
              26.026768
            ],
            [
              134.448482,
              26.141929
            ],
            [
              134.486544,
              26.254536
            ],
            [
              134.535485,
              26.363725
            ],
            [
              134.594957,
              26.468654
            ],
            [
              134.664529,
              26.568511
            ],
            [
              134.743689,
              26.662524
            ],
            [
              134.831843,
              26.74996
            ],
            [
              134.928327,
              26.830141
            ],
            [
              135.032405,
              26.902438
            ],
            [
              135.143275,
              26.966287
            ],
            [
              135.260082,
              27.021187
            ],
            [
              135.381915,
              27.066707
            ],
            [
              135.507823,
              27.102489
            ],
            [
              135.636819,
              27.12825
            ],
            [
              135.767889,
              27.143789
            ],
            [
              135.9,
              27.148982
            ]
          ]
        ]
      }
    },
    {
      "type": "Feature",
      "properties": {
        "kind": "forecast-center",
        "name": "白海豚",
        "intlName": "DOLPHIN",
        "frameIndex": 40,
        "initialTime": "2026-08-05T14:00:00+08:00",
        "forecastHour": "12",
        "maxWindSpeed_ms": "43",
        "pressure_hpa": "945",
        "radius70Probability_km": "50",
        "label": "12小時預報"
      },
      "geometry": {
        "type": "Point",
        "coordinates": [
          134.6,
          26
        ]
      }
    },
    {
      "type": "Feature",
      "properties": {
        "kind": "forecast-70prob-circle",
        "name": "白海豚",
        "intlName": "DOLPHIN",
        "forecastHour": "12",
        "initialTime": "2026-08-05T14:00:00+08:00",
        "radius_km": "50",
        "label": "70%機率半徑 12小時"
      },
      "geometry": {
        "type": "Polygon",
        "coordinates": [
          [
            [
              134.6,
              26.449661
            ],
            [
              134.643771,
              26.447943
            ],
            [
              134.687206,
              26.442803
            ],
            [
              134.729968,
              26.434281
            ],
            [
              134.771731,
              26.422441
            ],
            [
              134.812173,
              26.407376
            ],
            [
              134.850982,
              26.389201
            ],
            [
              134.887863,
              26.368055
            ],
            [
              134.922531,
              26.344102
            ],
            [
              134.954724,
              26.317525
            ],
            [
              134.984194,
              26.288528
            ],
            [
              135.01072,
              26.257334
            ],
            [
              135.034098,
              26.224182
            ],
            [
              135.054154,
              26.189325
            ],
            [
              135.070737,
              26.153031
            ],
            [
              135.083724,
              26.115576
            ],
            [
              135.093019,
              26.077247
            ],
            [
              135.098554,
              26.038336
            ],
            [
              135.100291,
              25.999139
            ],
            [
              135.098221,
              25.959956
            ],
            [
              135.092364,
              25.921084
            ],
            [
              135.082767,
              25.882818
            ],
            [
              135.069507,
              25.845449
            ],
            [
              135.052687,
              25.809261
            ],
            [
              135.03244,
              25.774527
            ],
            [
              135.00892,
              25.741511
            ],
            [
              134.982309,
              25.710462
            ],
            [
              134.952809,
              25.681614
            ],
            [
              134.920645,
              25.655187
            ],
            [
              134.886063,
              25.631378
            ],
            [
              134.849324,
              25.610369
            ],
            [
              134.810706,
              25.592316
            ],
            [
              134.7705,
              25.577357
            ],
            [
              134.729011,
              25.565604
            ],
            [
              134.686551,
              25.557145
            ],
            [
              134.643439,
              25.552044
            ],
            [
              134.6,
              25.550339
            ],
            [
              134.556561,
              25.552044
            ],
            [
              134.513449,
              25.557145
            ],
            [
              134.470989,
              25.565604
            ],
            [
              134.4295,
              25.577357
            ],
            [
              134.389294,
              25.592316
            ],
            [
              134.350676,
              25.610369
            ],
            [
              134.313937,
              25.631378
            ],
            [
              134.279355,
              25.655187
            ],
            [
              134.247191,
              25.681614
            ],
            [
              134.217691,
              25.710462
            ],
            [
              134.19108,
              25.741511
            ],
            [
              134.16756,
              25.774527
            ],
            [
              134.147313,
              25.809261
            ],
            [
              134.130493,
              25.845449
            ],
            [
              134.117233,
              25.882818
            ],
            [
              134.107636,
              25.921084
            ],
            [
              134.101779,
              25.959956
            ],
            [
              134.099709,
              25.999139
            ],
            [
              134.101446,
              26.038336
            ],
            [
              134.106981,
              26.077247
            ],
            [
              134.116276,
              26.115576
            ],
            [
              134.129263,
              26.153031
            ],
            [
              134.145846,
              26.189325
            ],
            [
              134.165902,
              26.224182
            ],
            [
              134.18928,
              26.257334
            ],
            [
              134.215806,
              26.288528
            ],
            [
              134.245276,
              26.317525
            ],
            [
              134.277469,
              26.344102
            ],
            [
              134.312137,
              26.368055
            ],
            [
              134.349018,
              26.389201
            ],
            [
              134.387827,
              26.407376
            ],
            [
              134.428269,
              26.422441
            ],
            [
              134.470032,
              26.434281
            ],
            [
              134.512794,
              26.442803
            ],
            [
              134.556229,
              26.447943
            ],
            [
              134.6,
              26.449661
            ]
          ]
        ]
      }
    },
    {
      "type": "Feature",
      "properties": {
        "kind": "forecast-15ms-circle",
        "name": "白海豚",
        "intlName": "DOLPHIN",
        "forecastHour": "12",
        "initialTime": "2026-08-05T14:00:00+08:00",
        "radius_km": "320",
        "circle15ms_km": "320",
        "label": "7級風暴風圈 12小時"
      },
      "geometry": {
        "type": "Polygon",
        "coordinates": [
          [
            [
              134.6,
              28.877829
            ],
            [
              134.886287,
              28.866594
            ],
            [
              135.170218,
              28.832981
            ],
            [
              135.449462,
              28.777269
            ],
            [
              135.721733,
              28.699915
            ],
            [
              135.98482,
              28.601556
            ],
            [
              136.236602,
              28.482997
            ],
            [
              136.475071,
              28.345207
            ],
            [
              136.698351,
              28.189306
            ],
            [
              136.90471,
              28.016557
            ],
            [
              137.09258,
              27.82835
            ],
            [
              137.260562,
              27.626192
            ],
            [
              137.407437,
              27.411692
            ],
            [
              137.532177,
              27.186546
            ],
            [
              137.633941,
              26.952525
            ],
            [
              137.712084,
              26.711454
            ],
            [
              137.766156,
              26.465203
            ],
            [
              137.795897,
              26.21567
            ],
            [
              137.801238,
              25.964763
            ],
            [
              137.782296,
              25.71439
            ],
            [
              137.739364,
              25.466442
            ],
            [
              137.672912,
              25.222781
            ],
            [
              137.583572,
              24.985225
            ],
            [
              137.472136,
              24.755539
            ],
            [
              137.339543,
              24.535418
            ],
            [
              137.18687,
              24.326478
            ],
            [
              137.015326,
              24.130249
            ],
            [
              136.826239,
              23.948159
            ],
            [
              136.621046,
              23.78153
            ],
            [
              136.401285,
              23.631566
            ],
            [
              136.16858,
              23.49935
            ],
            [
              135.924635,
              23.38583
            ],
            [
              135.67122,
              23.291822
            ],
            [
              135.410162,
              23.217999
            ],
            [
              135.143333,
              23.164888
            ],
            [
              134.872636,
              23.132869
            ],
            [
              134.6,
              23.122171
            ],
            [
              134.327364,
              23.132869
            ],
            [
              134.056667,
              23.164888
            ],
            [
              133.789838,
              23.217999
            ],
            [
              133.52878,
              23.291822
            ],
            [
              133.275365,
              23.38583
            ],
            [
              133.03142,
              23.49935
            ],
            [
              132.798715,
              23.631566
            ],
            [
              132.578954,
              23.78153
            ],
            [
              132.373761,
              23.948159
            ],
            [
              132.184674,
              24.130249
            ],
            [
              132.01313,
              24.326478
            ],
            [
              131.860457,
              24.535418
            ],
            [
              131.727864,
              24.755539
            ],
            [
              131.616428,
              24.985225
            ],
            [
              131.527088,
              25.222781
            ],
            [
              131.460636,
              25.466442
            ],
            [
              131.417704,
              25.71439
            ],
            [
              131.398762,
              25.964763
            ],
            [
              131.404103,
              26.21567
            ],
            [
              131.433844,
              26.465203
            ],
            [
              131.487916,
              26.711454
            ],
            [
              131.566059,
              26.952525
            ],
            [
              131.667823,
              27.186546
            ],
            [
              131.792563,
              27.411692
            ],
            [
              131.939438,
              27.626192
            ],
            [
              132.10742,
              27.82835
            ],
            [
              132.29529,
              28.016557
            ],
            [
              132.501649,
              28.189306
            ],
            [
              132.724929,
              28.345207
            ],
            [
              132.963398,
              28.482997
            ],
            [
              133.21518,
              28.601556
            ],
            [
              133.478267,
              28.699915
            ],
            [
              133.750538,
              28.777269
            ],
            [
              134.029782,
              28.832981
            ],
            [
              134.313713,
              28.866594
            ],
            [
              134.6,
              28.877829
            ]
          ]
        ]
      }
    },
    {
      "type": "Feature",
      "properties": {
        "kind": "forecast-25ms-circle",
        "name": "白海豚",
        "intlName": "DOLPHIN",
        "forecastHour": "12",
        "initialTime": "2026-08-05T14:00:00+08:00",
        "radius_km": "150",
        "circle25ms_km": "150",
        "label": "10級風暴風圈 12小時"
      },
      "geometry": {
        "type": "Polygon",
        "coordinates": [
          [
            [
              134.6,
              27.348982
            ],
            [
              134.732349,
              27.343789
            ],
            [
              134.863654,
              27.328248
            ],
            [
              134.992881,
              27.302484
            ],
            [
              135.119014,
              27.266699
            ],
            [
              135.241063,
              27.221175
            ],
            [
              135.358075,
              27.16627
            ],
            [
              135.46914,
              27.102415
            ],
            [
              135.573397,
              27.030112
            ],
            [
              135.670046,
              26.949926
            ],
            [
              135.758349,
              26.862483
            ],
            [
              135.837638,
              26.768465
            ],
            [
              135.907323,
              26.668602
            ],
            [
              135.966888,
              26.563668
            ],
            [
              136.015902,
              26.454475
            ],
            [
              136.054018,
              26.341865
            ],
            [
              136.080976,
              26.226701
            ],
            [
              136.096603,
              26.109867
            ],
            [
              136.100814,
              25.992255
            ],
            [
              136.093612,
              25.874761
            ],
            [
              136.075083,
              25.758276
            ],
            [
              136.045403,
              25.643683
            ],
            [
              136.004826,
              25.531846
            ],
            [
              135.953687,
              25.423607
            ],
            [
              135.892398,
              25.319779
            ],
            [
              135.821444,
              25.22114
            ],
            [
              135.741375,
              25.128425
            ],
            [
              135.652809,
              25.042327
            ],
            [
              135.556421,
              24.963486
            ],
            [
              135.45294,
              24.892487
            ],
            [
              135.343145,
              24.829856
            ],
            [
              135.227856,
              24.776057
            ],
            [
              135.107931,
              24.731488
            ],
            [
              134.984259,
              24.696478
            ],
            [
              134.857756,
              24.671284
            ],
            [
              134.729354,
              24.656094
            ],
            [
              134.6,
              24.651018
            ],
            [
              134.470646,
              24.656094
            ],
            [
              134.342244,
              24.671284
            ],
            [
              134.215741,
              24.696478
            ],
            [
              134.092069,
              24.731488
            ],
            [
              133.972144,
              24.776057
            ],
            [
              133.856855,
              24.829856
            ],
            [
              133.74706,
              24.892487
            ],
            [
              133.643579,
              24.963486
            ],
            [
              133.547191,
              25.042327
            ],
            [
              133.458625,
              25.128425
            ],
            [
              133.378556,
              25.22114
            ],
            [
              133.307602,
              25.319779
            ],
            [
              133.246313,
              25.423607
            ],
            [
              133.195174,
              25.531846
            ],
            [
              133.154597,
              25.643683
            ],
            [
              133.124917,
              25.758276
            ],
            [
              133.106388,
              25.874761
            ],
            [
              133.099186,
              25.992255
            ],
            [
              133.103397,
              26.109867
            ],
            [
              133.119024,
              26.226701
            ],
            [
              133.145982,
              26.341865
            ],
            [
              133.184098,
              26.454475
            ],
            [
              133.233112,
              26.563668
            ],
            [
              133.292677,
              26.668602
            ],
            [
              133.362362,
              26.768465
            ],
            [
              133.441651,
              26.862483
            ],
            [
              133.529954,
              26.949926
            ],
            [
              133.626603,
              27.030112
            ],
            [
              133.73086,
              27.102415
            ],
            [
              133.841925,
              27.16627
            ],
            [
              133.958937,
              27.221175
            ],
            [
              134.080986,
              27.266699
            ],
            [
              134.207119,
              27.302484
            ],
            [
              134.336346,
              27.328248
            ],
            [
              134.467651,
              27.343789
            ],
            [
              134.6,
              27.348982
            ]
          ]
        ]
      }
    },
    {
      "type": "Feature",
      "properties": {
        "kind": "forecast-center",
        "name": "白海豚",
        "intlName": "DOLPHIN",
        "frameIndex": 41,
        "initialTime": "2026-08-05T14:00:00+08:00",
        "forecastHour": "18",
        "maxWindSpeed_ms": "43",
        "pressure_hpa": "945",
        "radius70Probability_km": "80",
        "label": "18小時預報"
      },
      "geometry": {
        "type": "Point",
        "coordinates": [
          133.4,
          26.2
        ]
      }
    },
    {
      "type": "Feature",
      "properties": {
        "kind": "forecast-70prob-circle",
        "name": "白海豚",
        "intlName": "DOLPHIN",
        "forecastHour": "18",
        "initialTime": "2026-08-05T14:00:00+08:00",
        "radius_km": "80",
        "label": "70%機率半徑 18小時"
      },
      "geometry": {
        "type": "Polygon",
        "coordinates": [
          [
            [
              133.4,
              26.919457
            ],
            [
              133.470321,
              26.916702
            ],
            [
              133.540098,
              26.908459
            ],
            [
              133.608788,
              26.894791
            ],
            [
              133.675859,
              26.875805
            ],
            [
              133.740794,
              26.851647
            ],
            [
              133.803091,
              26.822505
            ],
            [
              133.86227,
              26.788605
            ],
            [
              133.917877,
              26.750207
            ],
            [
              133.969486,
              26.70761
            ],
            [
              134.016703,
              26.661142
            ],
            [
              134.05917,
              26.61116
            ],
            [
              134.096568,
              26.558049
            ],
            [
              134.128615,
              26.502219
            ],
            [
              134.155074,
              26.444096
            ],
            [
              134.175752,
              26.384128
            ],
            [
              134.190497,
              26.322771
            ],
            [
              134.199209,
              26.260496
            ],
            [
              134.201829,
              26.197777
            ],
            [
              134.198349,
              26.135092
            ],
            [
              134.188803,
              26.072917
            ],
            [
              134.173275,
              26.011725
            ],
            [
              134.15189,
              25.951978
            ],
            [
              134.12482,
              25.89413
            ],
            [
              134.092277,
              25.838617
            ],
            [
              134.054515,
              25.785857
            ],
            [
              134.011824,
              25.73625
            ],
            [
              133.964531,
              25.690167
            ],
            [
              133.912998,
              25.647956
            ],
            [
              133.857614,
              25.609933
            ],
            [
              133.7988,
              25.576383
            ],
            [
              133.736999,
              25.547559
            ],
            [
              133.672674,
              25.523675
            ],
            [
              133.60631,
              25.504911
            ],
            [
              133.538403,
              25.491407
            ],
            [
              133.469461,
              25.483264
            ],
            [
              133.4,
              25.480543
            ],
            [
              133.330539,
              25.483264
            ],
            [
              133.261597,
              25.491407
            ],
            [
              133.19369,
              25.504911
            ],
            [
              133.127326,
              25.523675
            ],
            [
              133.063001,
              25.547559
            ],
            [
              133.0012,
              25.576383
            ],
            [
              132.942386,
              25.609933
            ],
            [
              132.887002,
              25.647956
            ],
            [
              132.835469,
              25.690167
            ],
            [
              132.788176,
              25.73625
            ],
            [
              132.745485,
              25.785857
            ],
            [
              132.707723,
              25.838617
            ],
            [
              132.67518,
              25.89413
            ],
            [
              132.64811,
              25.951978
            ],
            [
              132.626725,
              26.011725
            ],
            [
              132.611197,
              26.072917
            ],
            [
              132.601651,
              26.135092
            ],
            [
              132.598171,
              26.197777
            ],
            [
              132.600791,
              26.260496
            ],
            [
              132.609503,
              26.322771
            ],
            [
              132.624248,
              26.384128
            ],
            [
              132.644926,
              26.444096
            ],
            [
              132.671385,
              26.502219
            ],
            [
              132.703432,
              26.558049
            ],
            [
              132.74083,
              26.61116
            ],
            [
              132.783297,
              26.661142
            ],
            [
              132.830514,
              26.70761
            ],
            [
              132.882123,
              26.750207
            ],
            [
              132.93773,
              26.788605
            ],
            [
              132.996909,
              26.822505
            ],
            [
              133.059206,
              26.851647
            ],
            [
              133.124141,
              26.875805
            ],
            [
              133.191212,
              26.894791
            ],
            [
              133.259902,
              26.908459
            ],
            [
              133.329679,
              26.916702
            ],
            [
              133.4,
              26.919457
            ]
          ]
        ]
      }
    },
    {
      "type": "Feature",
      "properties": {
        "kind": "forecast-15ms-circle",
        "name": "白海豚",
        "intlName": "DOLPHIN",
        "forecastHour": "18",
        "initialTime": "2026-08-05T14:00:00+08:00",
        "radius_km": "320",
        "circle15ms_km": "320",
        "label": "7級風暴風圈 18小時"
      },
      "geometry": {
        "type": "Polygon",
        "coordinates": [
          [
            [
              133.4,
              29.077829
            ],
            [
              133.686841,
              29.066592
            ],
            [
              133.97132,
              29.032972
            ],
            [
              134.251098,
              28.977247
            ],
            [
              134.523888,
              28.899876
            ],
            [
              134.787469,
              28.801497
            ],
            [
              135.039717,
              28.682915
            ],
            [
              135.278619,
              28.5451
            ],
            [
              135.502296,
              28.389172
            ],
            [
              135.709012,
              28.216395
            ],
            [
              135.897195,
              28.02816
            ],
            [
              136.065446,
              27.825976
            ],
            [
              136.212544,
              27.611451
            ],
            [
              136.337459,
              27.386284
            ],
            [
              136.439352,
              27.152244
            ],
            [
              136.517577,
              26.911158
            ],
            [
              136.571684,
              26.664898
            ],
            [
              136.601416,
              26.415358
            ],
            [
              136.606706,
              26.16445
            ],
            [
              136.587671,
              25.914081
            ],
            [
              136.544608,
              25.666141
            ],
            [
              136.477989,
              25.422493
            ],
            [
              136.388449,
              25.184954
            ],
            [
              136.276782,
              24.955287
            ],
            [
              136.14393,
              24.735189
            ],
            [
              135.990973,
              24.526274
            ],
            [
              135.819122,
              24.330071
            ],
            [
              135.629708,
              24.148008
            ],
            [
              135.424172,
              23.981405
            ],
            [
              135.204051,
              23.831467
            ],
            [
              134.970974,
              23.699274
            ],
            [
              134.726646,
              23.585776
            ],
            [
              134.472839,
              23.491787
            ],
            [
              134.211382,
              23.417979
            ],
            [
              133.944149,
              23.364879
            ],
            [
              133.673045,
              23.332867
            ],
            [
              133.4,
              23.322171
            ],
            [
              133.126955,
              23.332867
            ],
            [
              132.855851,
              23.364879
            ],
            [
              132.588618,
              23.417979
            ],
            [
              132.327161,
              23.491787
            ],
            [
              132.073354,
              23.585776
            ],
            [
              131.829026,
              23.699274
            ],
            [
              131.595949,
              23.831467
            ],
            [
              131.375828,
              23.981405
            ],
            [
              131.170292,
              24.148008
            ],
            [
              130.980878,
              24.330071
            ],
            [
              130.809027,
              24.526274
            ],
            [
              130.65607,
              24.735189
            ],
            [
              130.523218,
              24.955287
            ],
            [
              130.411551,
              25.184954
            ],
            [
              130.322011,
              25.422493
            ],
            [
              130.255392,
              25.666141
            ],
            [
              130.212329,
              25.914081
            ],
            [
              130.193294,
              26.16445
            ],
            [
              130.198584,
              26.415358
            ],
            [
              130.228316,
              26.664898
            ],
            [
              130.282423,
              26.911158
            ],
            [
              130.360648,
              27.152244
            ],
            [
              130.462541,
              27.386284
            ],
            [
              130.587456,
              27.611451
            ],
            [
              130.734554,
              27.825976
            ],
            [
              130.902805,
              28.02816
            ],
            [
              131.090988,
              28.216395
            ],
            [
              131.297704,
              28.389172
            ],
            [
              131.521381,
              28.5451
            ],
            [
              131.760283,
              28.682915
            ],
            [
              132.012531,
              28.801497
            ],
            [
              132.276112,
              28.899876
            ],
            [
              132.548902,
              28.977247
            ],
            [
              132.82868,
              29.032972
            ],
            [
              133.113159,
              29.066592
            ],
            [
              133.4,
              29.077829
            ]
          ]
        ]
      }
    },
    {
      "type": "Feature",
      "properties": {
        "kind": "forecast-25ms-circle",
        "name": "白海豚",
        "intlName": "DOLPHIN",
        "forecastHour": "18",
        "initialTime": "2026-08-05T14:00:00+08:00",
        "radius_km": "150",
        "circle25ms_km": "150",
        "label": "10級風暴風圈 18小時"
      },
      "geometry": {
        "type": "Polygon",
        "coordinates": [
          [
            [
              133.4,
              27.548982
            ],
            [
              133.532589,
              27.543788
            ],
            [
              133.664132,
              27.528246
            ],
            [
              133.793592,
              27.502479
            ],
            [
              133.919952,
              27.466691
            ],
            [
              134.04222,
              27.421162
            ],
            [
              134.15944,
              27.366252
            ],
            [
              134.270701,
              27.302392
            ],
            [
              134.37514,
              27.230083
            ],
            [
              134.471955,
              27.149891
            ],
            [
              134.560407,
              27.062442
            ],
            [
              134.639829,
              26.968418
            ],
            [
              134.709627,
              26.86855
            ],
            [
              134.769286,
              26.763611
            ],
            [
              134.818374,
              26.654414
            ],
            [
              134.856544,
              26.5418
            ],
            [
              134.883536,
              26.426634
            ],
            [
              134.899177,
              26.309799
            ],
            [
              134.903382,
              26.192187
            ],
            [
              134.896153,
              26.074693
            ],
            [
              134.877581,
              25.95821
            ],
            [
              134.847838,
              25.843619
            ],
            [
              134.80718,
              25.731786
            ],
            [
              134.755945,
              25.623551
            ],
            [
              134.694544,
              25.519729
            ],
            [
              134.623463,
              25.421094
            ],
            [
              134.543254,
              25.328386
            ],
            [
              134.454535,
              25.242294
            ],
            [
              134.357984,
              25.163458
            ],
            [
              134.254329,
              25.092465
            ],
            [
              134.144352,
              25.029839
            ],
            [
              134.028873,
              24.976045
            ],
            [
              133.908752,
              24.93148
            ],
            [
              133.78488,
              24.896473
            ],
            [
              133.658172,
              24.871282
            ],
            [
              133.529563,
              24.856093
            ],
            [
              133.4,
              24.851018
            ],
            [
              133.270437,
              24.856093
            ],
            [
              133.141828,
              24.871282
            ],
            [
              133.01512,
              24.896473
            ],
            [
              132.891248,
              24.93148
            ],
            [
              132.771127,
              24.976045
            ],
            [
              132.655648,
              25.029839
            ],
            [
              132.545671,
              25.092465
            ],
            [
              132.442016,
              25.163458
            ],
            [
              132.345465,
              25.242294
            ],
            [
              132.256746,
              25.328386
            ],
            [
              132.176537,
              25.421094
            ],
            [
              132.105456,
              25.519729
            ],
            [
              132.044055,
              25.623551
            ],
            [
              131.99282,
              25.731786
            ],
            [
              131.952162,
              25.843619
            ],
            [
              131.922419,
              25.95821
            ],
            [
              131.903847,
              26.074693
            ],
            [
              131.896618,
              26.192187
            ],
            [
              131.900823,
              26.309799
            ],
            [
              131.916464,
              26.426634
            ],
            [
              131.943456,
              26.5418
            ],
            [
              131.981626,
              26.654414
            ],
            [
              132.030714,
              26.763611
            ],
            [
              132.090373,
              26.86855
            ],
            [
              132.160171,
              26.968418
            ],
            [
              132.239593,
              27.062442
            ],
            [
              132.328045,
              27.149891
            ],
            [
              132.42486,
              27.230083
            ],
            [
              132.529299,
              27.302392
            ],
            [
              132.64056,
              27.366252
            ],
            [
              132.75778,
              27.421162
            ],
            [
              132.880048,
              27.466691
            ],
            [
              133.006408,
              27.502479
            ],
            [
              133.135868,
              27.528246
            ],
            [
              133.267411,
              27.543788
            ],
            [
              133.4,
              27.548982
            ]
          ]
        ]
      }
    },
    {
      "type": "Feature",
      "properties": {
        "kind": "forecast-center",
        "name": "白海豚",
        "intlName": "DOLPHIN",
        "frameIndex": 42,
        "initialTime": "2026-08-05T14:00:00+08:00",
        "forecastHour": "24",
        "maxWindSpeed_ms": "45",
        "pressure_hpa": "940",
        "radius70Probability_km": "90",
        "label": "24小時預報"
      },
      "geometry": {
        "type": "Point",
        "coordinates": [
          132.3,
          26.4
        ]
      }
    },
    {
      "type": "Feature",
      "properties": {
        "kind": "forecast-70prob-circle",
        "name": "白海豚",
        "intlName": "DOLPHIN",
        "forecastHour": "24",
        "initialTime": "2026-08-05T14:00:00+08:00",
        "radius_km": "90",
        "label": "70%機率半徑 24小時"
      },
      "geometry": {
        "type": "Polygon",
        "coordinates": [
          [
            [
              132.3,
              27.209389
            ],
            [
              132.379316,
              27.206288
            ],
            [
              132.458015,
              27.197006
            ],
            [
              132.535485,
              27.181617
            ],
            [
              132.611127,
              27.16024
            ],
            [
              132.684352,
              27.133041
            ],
            [
              132.754595,
              27.100232
            ],
            [
              132.821314,
              27.062067
            ],
            [
              132.883996,
              27.018841
            ],
            [
              132.942161,
              26.970889
            ],
            [
              132.995365,
              26.918582
            ],
            [
              133.043205,
              26.862324
            ],
            [
              133.085321,
              26.802549
            ],
            [
              133.121397,
              26.739715
            ],
            [
              133.151167,
              26.674307
            ],
            [
              133.174414,
              26.606826
            ],
            [
              133.190971,
              26.537789
            ],
            [
              133.200725,
              26.467723
            ],
            [
              133.203612,
              26.397162
            ],
            [
              133.199625,
              26.326645
            ],
            [
              133.188804,
              26.256707
            ],
            [
              133.171246,
              26.187878
            ],
            [
              133.147095,
              26.120681
            ],
            [
              133.116543,
              26.055622
            ],
            [
              133.079833,
              25.993194
            ],
            [
              133.037251,
              25.933867
            ],
            [
              132.989125,
              25.878087
            ],
            [
              132.935824,
              25.826273
            ],
            [
              132.877755,
              25.778814
            ],
            [
              132.815359,
              25.736066
            ],
            [
              132.749107,
              25.698349
            ],
            [
              132.679497,
              25.665945
            ],
            [
              132.607053,
              25.639096
            ],
            [
              132.532316,
              25.618003
            ],
            [
              132.455847,
              25.602823
            ],
            [
              132.378215,
              25.593669
            ],
            [
              132.3,
              25.590611
            ],
            [
              132.221785,
              25.593669
            ],
            [
              132.144153,
              25.602823
            ],
            [
              132.067684,
              25.618003
            ],
            [
              131.992947,
              25.639096
            ],
            [
              131.920503,
              25.665945
            ],
            [
              131.850893,
              25.698349
            ],
            [
              131.784641,
              25.736066
            ],
            [
              131.722245,
              25.778814
            ],
            [
              131.664176,
              25.826273
            ],
            [
              131.610875,
              25.878087
            ],
            [
              131.562749,
              25.933867
            ],
            [
              131.520167,
              25.993194
            ],
            [
              131.483457,
              26.055622
            ],
            [
              131.452905,
              26.120681
            ],
            [
              131.428754,
              26.187878
            ],
            [
              131.411196,
              26.256707
            ],
            [
              131.400375,
              26.326645
            ],
            [
              131.396388,
              26.397162
            ],
            [
              131.399275,
              26.467723
            ],
            [
              131.409029,
              26.537789
            ],
            [
              131.425586,
              26.606826
            ],
            [
              131.448833,
              26.674307
            ],
            [
              131.478603,
              26.739715
            ],
            [
              131.514679,
              26.802549
            ],
            [
              131.556795,
              26.862324
            ],
            [
              131.604635,
              26.918582
            ],
            [
              131.657839,
              26.970889
            ],
            [
              131.716004,
              27.018841
            ],
            [
              131.778686,
              27.062067
            ],
            [
              131.845405,
              27.100232
            ],
            [
              131.915648,
              27.133041
            ],
            [
              131.988873,
              27.16024
            ],
            [
              132.064515,
              27.181617
            ],
            [
              132.141985,
              27.197006
            ],
            [
              132.220684,
              27.206288
            ],
            [
              132.3,
              27.209389
            ]
          ]
        ]
      }
    },
    {
      "type": "Feature",
      "properties": {
        "kind": "forecast-15ms-circle",
        "name": "白海豚",
        "intlName": "DOLPHIN",
        "forecastHour": "24",
        "initialTime": "2026-08-05T14:00:00+08:00",
        "radius_km": "320",
        "circle15ms_km": "320",
        "label": "7級風暴風圈 24小時"
      },
      "geometry": {
        "type": "Polygon",
        "coordinates": [
          [
            [
              132.3,
              29.277829
            ],
            [
              132.5874,
              29.266589
            ],
            [
              132.872432,
              29.232962
            ],
            [
              133.152752,
              29.177225
            ],
            [
              133.426064,
              29.099838
            ],
            [
              133.690145,
              29.001438
            ],
            [
              133.942864,
              28.882833
            ],
            [
              134.182204,
              28.744992
            ],
            [
              134.406281,
              28.589037
            ],
            [
              134.613357,
              28.416232
            ],
            [
              134.801858,
              28.22797
            ],
            [
              134.97038,
              28.025759
            ],
            [
              135.117704,
              27.81121
            ],
            [
              135.242796,
              27.586021
            ],
            [
              135.344819,
              27.351962
            ],
            [
              135.423126,
              27.110862
            ],
            [
              135.47727,
              26.864591
            ],
            [
              135.506994,
              26.615046
            ],
            [
              135.512231,
              26.364136
            ],
            [
              135.493103,
              26.113771
            ],
            [
              135.449908,
              25.865839
            ],
            [
              135.383121,
              25.622204
            ],
            [
              135.293379,
              25.384682
            ],
            [
              135.181479,
              25.155035
            ],
            [
              135.048364,
              24.934959
            ],
            [
              134.89512,
              24.726069
            ],
            [
              134.72296,
              24.529892
            ],
            [
              134.533216,
              24.347856
            ],
            [
              134.327331,
              24.18128
            ],
            [
              134.106847,
              24.031368
            ],
            [
              133.873394,
              23.899199
            ],
            [
              133.628678,
              23.785723
            ],
            [
              133.374476,
              23.691752
            ],
            [
              133.112616,
              23.617959
            ],
            [
              132.844974,
              23.56487
            ],
            [
              132.573458,
              23.532865
            ],
            [
              132.3,
              23.522171
            ],
            [
              132.026542,
              23.532865
            ],
            [
              131.755026,
              23.56487
            ],
            [
              131.487384,
              23.617959
            ],
            [
              131.225524,
              23.691752
            ],
            [
              130.971322,
              23.785723
            ],
            [
              130.726606,
              23.899199
            ],
            [
              130.493153,
              24.031368
            ],
            [
              130.272669,
              24.18128
            ],
            [
              130.066784,
              24.347856
            ],
            [
              129.87704,
              24.529892
            ],
            [
              129.70488,
              24.726069
            ],
            [
              129.551636,
              24.934959
            ],
            [
              129.418521,
              25.155035
            ],
            [
              129.306621,
              25.384682
            ],
            [
              129.216879,
              25.622204
            ],
            [
              129.150092,
              25.865839
            ],
            [
              129.106897,
              26.113771
            ],
            [
              129.087769,
              26.364136
            ],
            [
              129.093006,
              26.615046
            ],
            [
              129.12273,
              26.864591
            ],
            [
              129.176874,
              27.110862
            ],
            [
              129.255181,
              27.351962
            ],
            [
              129.357204,
              27.586021
            ],
            [
              129.482296,
              27.81121
            ],
            [
              129.62962,
              28.025759
            ],
            [
              129.798142,
              28.22797
            ],
            [
              129.986643,
              28.416232
            ],
            [
              130.193719,
              28.589037
            ],
            [
              130.417796,
              28.744992
            ],
            [
              130.657136,
              28.882833
            ],
            [
              130.909855,
              29.001438
            ],
            [
              131.173936,
              29.099838
            ],
            [
              131.447248,
              29.177225
            ],
            [
              131.727568,
              29.232962
            ],
            [
              132.0126,
              29.266589
            ],
            [
              132.3,
              29.277829
            ]
          ]
        ]
      }
    },
    {
      "type": "Feature",
      "properties": {
        "kind": "forecast-25ms-circle",
        "name": "白海豚",
        "intlName": "DOLPHIN",
        "forecastHour": "24",
        "initialTime": "2026-08-05T14:00:00+08:00",
        "radius_km": "150",
        "circle25ms_km": "150",
        "label": "10級風暴風圈 24小時"
      },
      "geometry": {
        "type": "Polygon",
        "coordinates": [
          [
            [
              132.3,
              27.748982
            ],
            [
              132.432831,
              27.743788
            ],
            [
              132.564615,
              27.728244
            ],
            [
              132.694311,
              27.702475
            ],
            [
              132.820901,
              27.666682
            ],
            [
              132.943389,
              27.62115
            ],
            [
              133.06082,
              27.566235
            ],
            [
              133.172277,
              27.502369
            ],
            [
              133.2769,
              27.430054
            ],
            [
              133.373883,
              27.349856
            ],
            [
              133.462487,
              27.262401
            ],
            [
              133.542042,
              27.168371
            ],
            [
              133.611955,
              27.068497
            ],
            [
              133.671708,
              26.963554
            ],
            [
              133.720872,
              26.854353
            ],
            [
              133.759097,
              26.741735
            ],
            [
              133.786123,
              26.626567
            ],
            [
              133.801778,
              26.50973
            ],
            [
              133.805977,
              26.392118
            ],
            [
              133.798722,
              26.274625
            ],
            [
              133.780105,
              26.158143
            ],
            [
              133.750298,
              26.043555
            ],
            [
              133.70956,
              25.931725
            ],
            [
              133.658227,
              25.823495
            ],
            [
              133.596713,
              25.719677
            ],
            [
              133.525503,
              25.621049
            ],
            [
              133.445153,
              25.528346
            ],
            [
              133.35628,
              25.44226
            ],
            [
              133.259563,
              25.36343
            ],
            [
              133.155733,
              25.292442
            ],
            [
              133.045571,
              25.229822
            ],
            [
              132.929901,
              25.176033
            ],
            [
              132.809582,
              25.131472
            ],
            [
              132.685506,
              25.096469
            ],
            [
              132.558592,
              25.07128
            ],
            [
              132.429773,
              25.056093
            ],
            [
              132.3,
              25.051018
            ],
            [
              132.170227,
              25.056093
            ],
            [
              132.041408,
              25.07128
            ],
            [
              131.914494,
              25.096469
            ],
            [
              131.790418,
              25.131472
            ],
            [
              131.670099,
              25.176033
            ],
            [
              131.554429,
              25.229822
            ],
            [
              131.444267,
              25.292442
            ],
            [
              131.340437,
              25.36343
            ],
            [
              131.24372,
              25.44226
            ],
            [
              131.154847,
              25.528346
            ],
            [
              131.074497,
              25.621049
            ],
            [
              131.003287,
              25.719677
            ],
            [
              130.941773,
              25.823495
            ],
            [
              130.89044,
              25.931725
            ],
            [
              130.849702,
              26.043555
            ],
            [
              130.819895,
              26.158143
            ],
            [
              130.801278,
              26.274625
            ],
            [
              130.794023,
              26.392118
            ],
            [
              130.798222,
              26.50973
            ],
            [
              130.813877,
              26.626567
            ],
            [
              130.840903,
              26.741735
            ],
            [
              130.879128,
              26.854353
            ],
            [
              130.928292,
              26.963554
            ],
            [
              130.988045,
              27.068497
            ],
            [
              131.057958,
              27.168371
            ],
            [
              131.137513,
              27.262401
            ],
            [
              131.226117,
              27.349856
            ],
            [
              131.3231,
              27.430054
            ],
            [
              131.427723,
              27.502369
            ],
            [
              131.53918,
              27.566235
            ],
            [
              131.656611,
              27.62115
            ],
            [
              131.779099,
              27.666682
            ],
            [
              131.905689,
              27.702475
            ],
            [
              132.035385,
              27.728244
            ],
            [
              132.167169,
              27.743788
            ],
            [
              132.3,
              27.748982
            ]
          ]
        ]
      }
    },
    {
      "type": "Feature",
      "properties": {
        "kind": "forecast-center",
        "name": "白海豚",
        "intlName": "DOLPHIN",
        "frameIndex": 43,
        "initialTime": "2026-08-05T14:00:00+08:00",
        "forecastHour": "36",
        "maxWindSpeed_ms": "45",
        "pressure_hpa": "940",
        "radius70Probability_km": "110",
        "label": "36小時預報"
      },
      "geometry": {
        "type": "Point",
        "coordinates": [
          129.9,
          26.8
        ]
      }
    },
    {
      "type": "Feature",
      "properties": {
        "kind": "forecast-70prob-circle",
        "name": "白海豚",
        "intlName": "DOLPHIN",
        "forecastHour": "36",
        "initialTime": "2026-08-05T14:00:00+08:00",
        "radius_km": "110",
        "label": "70%機率半徑 36小時"
      },
      "geometry": {
        "type": "Polygon",
        "coordinates": [
          [
            [
              129.9,
              27.789254
            ],
            [
              129.997451,
              27.785456
            ],
            [
              130.09414,
              27.774092
            ],
            [
              130.189313,
              27.755251
            ],
            [
              130.282226,
              27.72908
            ],
            [
              130.372157,
              27.695784
            ],
            [
              130.458406,
              27.655621
            ],
            [
              130.540307,
              27.608906
            ],
            [
              130.617228,
              27.556002
            ],
            [
              130.688579,
              27.49732
            ],
            [
              130.753816,
              27.433316
            ],
            [
              130.812445,
              27.364484
            ],
            [
              130.864026,
              27.291359
            ],
            [
              130.908174,
              27.214503
            ],
            [
              130.944567,
              27.134509
            ],
            [
              130.97294,
              27.051992
            ],
            [
              130.993095,
              26.967584
            ],
            [
              131.004896,
              26.881931
            ],
            [
              131.008273,
              26.795686
            ],
            [
              131.003218,
              26.709507
            ],
            [
              130.98979,
              26.624049
            ],
            [
              130.968108,
              26.539958
            ],
            [
              130.938354,
              26.457872
            ],
            [
              130.90077,
              26.37841
            ],
            [
              130.855655,
              26.30217
            ],
            [
              130.803363,
              26.229726
            ],
            [
              130.744297,
              26.161621
            ],
            [
              130.678913,
              26.098365
            ],
            [
              130.607708,
              26.040432
            ],
            [
              130.531223,
              25.988255
            ],
            [
              130.450034,
              25.942221
            ],
            [
              130.364751,
              25.902675
            ],
            [
              130.276012,
              25.86991
            ],
            [
              130.184479,
              25.844171
            ],
            [
              130.090834,
              25.825648
            ],
            [
              129.995772,
              25.814479
            ],
            [
              129.9,
              25.810746
            ],
            [
              129.804228,
              25.814479
            ],
            [
              129.709166,
              25.825648
            ],
            [
              129.615521,
              25.844171
            ],
            [
              129.523988,
              25.86991
            ],
            [
              129.435249,
              25.902675
            ],
            [
              129.349966,
              25.942221
            ],
            [
              129.268777,
              25.988255
            ],
            [
              129.192292,
              26.040432
            ],
            [
              129.121087,
              26.098365
            ],
            [
              129.055703,
              26.161621
            ],
            [
              128.996637,
              26.229726
            ],
            [
              128.944345,
              26.30217
            ],
            [
              128.89923,
              26.37841
            ],
            [
              128.861646,
              26.457872
            ],
            [
              128.831892,
              26.539958
            ],
            [
              128.81021,
              26.624049
            ],
            [
              128.796782,
              26.709507
            ],
            [
              128.791727,
              26.795686
            ],
            [
              128.795104,
              26.881931
            ],
            [
              128.806905,
              26.967584
            ],
            [
              128.82706,
              27.051992
            ],
            [
              128.855433,
              27.134509
            ],
            [
              128.891826,
              27.214503
            ],
            [
              128.935974,
              27.291359
            ],
            [
              128.987555,
              27.364484
            ],
            [
              129.046184,
              27.433316
            ],
            [
              129.111421,
              27.49732
            ],
            [
              129.182772,
              27.556002
            ],
            [
              129.259693,
              27.608906
            ],
            [
              129.341594,
              27.655621
            ],
            [
              129.427843,
              27.695784
            ],
            [
              129.517774,
              27.72908
            ],
            [
              129.610687,
              27.755251
            ],
            [
              129.70586,
              27.774092
            ],
            [
              129.802549,
              27.785456
            ],
            [
              129.9,
              27.789254
            ]
          ]
        ]
      }
    },
    {
      "type": "Feature",
      "properties": {
        "kind": "forecast-15ms-circle",
        "name": "白海豚",
        "intlName": "DOLPHIN",
        "forecastHour": "36",
        "initialTime": "2026-08-05T14:00:00+08:00",
        "radius_km": "320",
        "circle15ms_km": "320",
        "label": "7級風暴風圈 36小時"
      },
      "geometry": {
        "type": "Polygon",
        "coordinates": [
          [
            [
              129.9,
              29.677829
            ],
            [
              130.188536,
              29.666584
            ],
            [
              130.474692,
              29.632942
            ],
            [
              130.75611,
              29.57718
            ],
            [
              131.030484,
              29.49976
            ],
            [
              131.295579,
              29.40132
            ],
            [
              131.549255,
              29.282668
            ],
            [
              131.789484,
              29.144775
            ],
            [
              132.014375,
              28.988766
            ],
            [
              132.222183,
              28.815905
            ],
            [
              132.411328,
              28.627587
            ],
            [
              132.580402,
              28.425323
            ],
            [
              132.728183,
              28.210724
            ],
            [
              132.853637,
              27.985491
            ],
            [
              132.955924,
              27.751395
            ],
            [
              133.0344,
              27.510266
            ],
            [
              133.088618,
              27.263974
            ],
            [
              133.118324,
              27.014417
            ],
            [
              133.123457,
              26.763506
            ],
            [
              133.10414,
              26.513147
            ],
            [
              133.060678,
              26.265233
            ],
            [
              132.993549,
              26.021623
            ],
            [
              132.903397,
              25.784134
            ],
            [
              132.791023,
              25.554528
            ],
            [
              132.657378,
              25.334497
            ],
            [
              132.503551,
              25.125658
            ],
            [
              132.330761,
              24.929534
            ],
            [
              132.140346,
              24.747551
            ],
            [
              131.933755,
              24.581029
            ],
            [
              131.712533,
              24.431169
            ],
            [
              131.478314,
              24.299048
            ],
            [
              131.232812,
              24.185615
            ],
            [
              130.977803,
              24.091681
            ],
            [
              130.715124,
              24.017918
            ],
            [
              130.446651,
              23.964852
            ],
            [
              130.174299,
              23.93286
            ],
            [
              129.9,
              23.922171
            ],
            [
              129.625701,
              23.93286
            ],
            [
              129.353349,
              23.964852
            ],
            [
              129.084876,
              24.017918
            ],
            [
              128.822197,
              24.091681
            ],
            [
              128.567188,
              24.185615
            ],
            [
              128.321686,
              24.299048
            ],
            [
              128.087467,
              24.431169
            ],
            [
              127.866245,
              24.581029
            ],
            [
              127.659654,
              24.747551
            ],
            [
              127.469239,
              24.929534
            ],
            [
              127.296449,
              25.125658
            ],
            [
              127.142622,
              25.334497
            ],
            [
              127.008977,
              25.554528
            ],
            [
              126.896603,
              25.784134
            ],
            [
              126.806451,
              26.021623
            ],
            [
              126.739322,
              26.265233
            ],
            [
              126.69586,
              26.513147
            ],
            [
              126.676543,
              26.763506
            ],
            [
              126.681676,
              27.014417
            ],
            [
              126.711382,
              27.263974
            ],
            [
              126.7656,
              27.510266
            ],
            [
              126.844076,
              27.751395
            ],
            [
              126.946363,
              27.985491
            ],
            [
              127.071817,
              28.210724
            ],
            [
              127.219598,
              28.425323
            ],
            [
              127.388672,
              28.627587
            ],
            [
              127.577817,
              28.815905
            ],
            [
              127.785625,
              28.988766
            ],
            [
              128.010516,
              29.144775
            ],
            [
              128.250745,
              29.282668
            ],
            [
              128.504421,
              29.40132
            ],
            [
              128.769516,
              29.49976
            ],
            [
              129.04389,
              29.57718
            ],
            [
              129.325308,
              29.632942
            ],
            [
              129.611464,
              29.666584
            ],
            [
              129.9,
              29.677829
            ]
          ]
        ]
      }
    },
    {
      "type": "Feature",
      "properties": {
        "kind": "forecast-25ms-circle",
        "name": "白海豚",
        "intlName": "DOLPHIN",
        "forecastHour": "36",
        "initialTime": "2026-08-05T14:00:00+08:00",
        "radius_km": "150",
        "circle25ms_km": "150",
        "label": "10級風暴風圈 36小時"
      },
      "geometry": {
        "type": "Polygon",
        "coordinates": [
          [
            [
              129.9,
              28.148982
            ],
            [
              130.033324,
              28.143786
            ],
            [
              130.165596,
              28.12824
            ],
            [
              130.295772,
              28.102465
            ],
            [
              130.422827,
              28.066666
            ],
            [
              130.545764,
              28.021124
            ],
            [
              130.663621,
              27.966199
            ],
            [
              130.775481,
              27.902322
            ],
            [
              130.880477,
              27.829996
            ],
            [
              130.977801,
              27.749785
            ],
            [
              131.066713,
              27.662318
            ],
            [
              131.146539,
              27.568277
            ],
            [
              131.216684,
              27.468392
            ],
            [
              131.276631,
              27.363439
            ],
            [
              131.325946,
              27.254229
            ],
            [
              131.364283,
              27.141605
            ],
            [
              131.391379,
              27.026432
            ],
            [
              131.407062,
              26.909592
            ],
            [
              131.411248,
              26.791979
            ],
            [
              131.403942,
              26.674487
            ],
            [
              131.385233,
              26.558009
            ],
            [
              131.355298,
              26.443427
            ],
            [
              131.314395,
              26.331604
            ],
            [
              131.262864,
              26.223383
            ],
            [
              131.201119,
              26.119575
            ],
            [
              131.12965,
              26.020957
            ],
            [
              131.049011,
              25.928266
            ],
            [
              130.959826,
              25.842191
            ],
            [
              130.862773,
              25.763374
            ],
            [
              130.758587,
              25.692398
            ],
            [
              130.64805,
              25.629788
            ],
            [
              130.53199,
              25.576009
            ],
            [
              130.411269,
              25.531457
            ],
            [
              130.286781,
              25.49646
            ],
            [
              130.159445,
              25.471276
            ],
            [
              130.030201,
              25.456092
            ],
            [
              129.9,
              25.451018
            ],
            [
              129.769799,
              25.456092
            ],
            [
              129.640555,
              25.471276
            ],
            [
              129.513219,
              25.49646
            ],
            [
              129.388731,
              25.531457
            ],
            [
              129.26801,
              25.576009
            ],
            [
              129.15195,
              25.629788
            ],
            [
              129.041413,
              25.692398
            ],
            [
              128.937227,
              25.763374
            ],
            [
              128.840174,
              25.842191
            ],
            [
              128.750989,
              25.928266
            ],
            [
              128.67035,
              26.020957
            ],
            [
              128.598881,
              26.119575
            ],
            [
              128.537136,
              26.223383
            ],
            [
              128.485605,
              26.331604
            ],
            [
              128.444702,
              26.443427
            ],
            [
              128.414767,
              26.558009
            ],
            [
              128.396058,
              26.674487
            ],
            [
              128.388752,
              26.791979
            ],
            [
              128.392938,
              26.909592
            ],
            [
              128.408621,
              27.026432
            ],
            [
              128.435717,
              27.141605
            ],
            [
              128.474054,
              27.254229
            ],
            [
              128.523369,
              27.363439
            ],
            [
              128.583316,
              27.468392
            ],
            [
              128.653461,
              27.568277
            ],
            [
              128.733287,
              27.662318
            ],
            [
              128.822199,
              27.749785
            ],
            [
              128.919523,
              27.829996
            ],
            [
              129.024519,
              27.902322
            ],
            [
              129.136379,
              27.966199
            ],
            [
              129.254236,
              28.021124
            ],
            [
              129.377173,
              28.066666
            ],
            [
              129.504228,
              28.102465
            ],
            [
              129.634404,
              28.12824
            ],
            [
              129.766676,
              28.143786
            ],
            [
              129.9,
              28.148982
            ]
          ]
        ]
      }
    },
    {
      "type": "Feature",
      "properties": {
        "kind": "forecast-center",
        "name": "白海豚",
        "intlName": "DOLPHIN",
        "frameIndex": 44,
        "initialTime": "2026-08-05T14:00:00+08:00",
        "forecastHour": "48",
        "maxWindSpeed_ms": "45",
        "pressure_hpa": "940",
        "radius70Probability_km": "140",
        "label": "48小時預報"
      },
      "geometry": {
        "type": "Point",
        "coordinates": [
          127.8,
          27.1
        ]
      }
    },
    {
      "type": "Feature",
      "properties": {
        "kind": "forecast-70prob-circle",
        "name": "白海豚",
        "intlName": "DOLPHIN",
        "forecastHour": "48",
        "initialTime": "2026-08-05T14:00:00+08:00",
        "radius_km": "140",
        "label": "70%機率半徑 48小時"
      },
      "geometry": {
        "type": "Polygon",
        "coordinates": [
          [
            [
              127.8,
              28.35905
            ],
            [
              127.924683,
              28.354204
            ],
            [
              128.048384,
              28.339704
            ],
            [
              128.170129,
              28.315663
            ],
            [
              128.288961,
              28.282272
            ],
            [
              128.40395,
              28.239793
            ],
            [
              128.514196,
              28.18856
            ],
            [
              128.618843,
              28.128975
            ],
            [
              128.71708,
              28.061506
            ],
            [
              128.808154,
              27.986679
            ],
            [
              128.891369,
              27.905079
            ],
            [
              128.966096,
              27.817341
            ],
            [
              129.031777,
              27.724148
            ],
            [
              129.087926,
              27.62622
            ],
            [
              129.134136,
              27.524315
            ],
            [
              129.170081,
              27.419218
            ],
            [
              129.195512,
              27.311736
            ],
            [
              129.210268,
              27.202693
            ],
            [
              129.214265,
              27.092922
            ],
            [
              129.207507,
              26.983257
            ],
            [
              129.190074,
              26.874534
            ],
            [
              129.162131,
              26.767573
            ],
            [
              129.123916,
              26.663183
            ],
            [
              129.075745,
              26.56215
            ],
            [
              129.018005,
              26.465233
            ],
            [
              128.951152,
              26.373158
            ],
            [
              128.875706,
              26.286612
            ],
            [
              128.792249,
              26.206241
            ],
            [
              128.701416,
              26.132643
            ],
            [
              128.603895,
              26.066366
            ],
            [
              128.500419,
              26.007899
            ],
            [
              128.391763,
              25.957677
            ],
            [
              128.278735,
              25.916071
            ],
            [
              128.162174,
              25.883388
            ],
            [
              128.042942,
              25.859869
            ],
            [
              127.92192,
              25.845688
            ],
            [
              127.8,
              25.84095
            ],
            [
              127.67808,
              25.845688
            ],
            [
              127.557058,
              25.859869
            ],
            [
              127.437826,
              25.883388
            ],
            [
              127.321265,
              25.916071
            ],
            [
              127.208237,
              25.957677
            ],
            [
              127.099581,
              26.007899
            ],
            [
              126.996105,
              26.066366
            ],
            [
              126.898584,
              26.132643
            ],
            [
              126.807751,
              26.206241
            ],
            [
              126.724294,
              26.286612
            ],
            [
              126.648848,
              26.373158
            ],
            [
              126.581995,
              26.465233
            ],
            [
              126.524255,
              26.56215
            ],
            [
              126.476084,
              26.663183
            ],
            [
              126.437869,
              26.767573
            ],
            [
              126.409926,
              26.874534
            ],
            [
              126.392493,
              26.983257
            ],
            [
              126.385735,
              27.092922
            ],
            [
              126.389732,
              27.202693
            ],
            [
              126.404488,
              27.311736
            ],
            [
              126.429919,
              27.419218
            ],
            [
              126.465864,
              27.524315
            ],
            [
              126.512074,
              27.62622
            ],
            [
              126.568223,
              27.724148
            ],
            [
              126.633904,
              27.817341
            ],
            [
              126.708631,
              27.905079
            ],
            [
              126.791846,
              27.986679
            ],
            [
              126.88292,
              28.061506
            ],
            [
              126.981157,
              28.128975
            ],
            [
              127.085804,
              28.18856
            ],
            [
              127.19605,
              28.239793
            ],
            [
              127.311039,
              28.282272
            ],
            [
              127.429871,
              28.315663
            ],
            [
              127.551616,
              28.339704
            ],
            [
              127.675317,
              28.354204
            ],
            [
              127.8,
              28.35905
            ]
          ]
        ]
      }
    },
    {
      "type": "Feature",
      "properties": {
        "kind": "forecast-15ms-circle",
        "name": "白海豚",
        "intlName": "DOLPHIN",
        "forecastHour": "48",
        "initialTime": "2026-08-05T14:00:00+08:00",
        "radius_km": "320",
        "circle15ms_km": "320",
        "label": "7級風暴風圈 48小時"
      },
      "geometry": {
        "type": "Polygon",
        "coordinates": [
          [
            [
              127.8,
              29.977829
            ],
            [
              128.089403,
              29.96658
            ],
            [
              128.376416,
              29.932926
            ],
            [
              128.658673,
              29.877147
            ],
            [
              128.933858,
              29.799702
            ],
            [
              129.199728,
              29.701231
            ],
            [
              129.454133,
              29.582543
            ],
            [
              129.695042,
              29.444612
            ],
            [
              129.920554,
              29.288561
            ],
            [
              130.128921,
              29.115658
            ],
            [
              130.318558,
              28.927298
            ],
            [
              130.488054,
              28.724994
            ],
            [
              130.636185,
              28.510358
            ],
            [
              130.761915,
              28.285092
            ],
            [
              130.864404,
              28.050967
            ],
            [
              130.943009,
              27.809816
            ],
            [
              130.997284,
              27.563508
            ],
            [
              131.026978,
              27.313942
            ],
            [
              131.032032,
              27.06303
            ],
            [
              131.012571,
              26.812677
            ],
            [
              130.968905,
              26.564775
            ],
            [
              130.901516,
              26.321184
            ],
            [
              130.81105,
              26.083721
            ],
            [
              130.698316,
              25.854145
            ],
            [
              130.564265,
              25.634149
            ],
            [
              130.409993,
              25.425347
            ],
            [
              130.236723,
              25.229263
            ],
            [
              130.045796,
              25.047322
            ],
            [
              129.838665,
              24.88084
            ],
            [
              129.616878,
              24.731018
            ],
            [
              129.382075,
              24.598934
            ],
            [
              129.135971,
              24.485533
            ],
            [
              128.880348,
              24.391628
            ],
            [
              128.617041,
              24.317888
            ],
            [
              128.347934,
              24.264838
            ],
            [
              128.074941,
              24.232857
            ],
            [
              127.8,
              24.222171
            ],
            [
              127.525059,
              24.232857
            ],
            [
              127.252066,
              24.264838
            ],
            [
              126.982959,
              24.317888
            ],
            [
              126.719652,
              24.391628
            ],
            [
              126.464029,
              24.485533
            ],
            [
              126.217925,
              24.598934
            ],
            [
              125.983122,
              24.731018
            ],
            [
              125.761335,
              24.88084
            ],
            [
              125.554204,
              25.047322
            ],
            [
              125.363277,
              25.229263
            ],
            [
              125.190007,
              25.425347
            ],
            [
              125.035735,
              25.634149
            ],
            [
              124.901684,
              25.854145
            ],
            [
              124.78895,
              26.083721
            ],
            [
              124.698484,
              26.321184
            ],
            [
              124.631095,
              26.564775
            ],
            [
              124.587429,
              26.812677
            ],
            [
              124.567968,
              27.06303
            ],
            [
              124.573022,
              27.313942
            ],
            [
              124.602716,
              27.563508
            ],
            [
              124.656991,
              27.809816
            ],
            [
              124.735596,
              28.050967
            ],
            [
              124.838085,
              28.285092
            ],
            [
              124.963815,
              28.510358
            ],
            [
              125.111946,
              28.724994
            ],
            [
              125.281442,
              28.927298
            ],
            [
              125.471079,
              29.115658
            ],
            [
              125.679446,
              29.288561
            ],
            [
              125.904958,
              29.444612
            ],
            [
              126.145867,
              29.582543
            ],
            [
              126.400272,
              29.701231
            ],
            [
              126.666142,
              29.799702
            ],
            [
              126.941327,
              29.877147
            ],
            [
              127.223584,
              29.932926
            ],
            [
              127.510597,
              29.96658
            ],
            [
              127.8,
              29.977829
            ]
          ]
        ]
      }
    },
    {
      "type": "Feature",
      "properties": {
        "kind": "forecast-25ms-circle",
        "name": "白海豚",
        "intlName": "DOLPHIN",
        "forecastHour": "48",
        "initialTime": "2026-08-05T14:00:00+08:00",
        "radius_km": "150",
        "circle25ms_km": "150",
        "label": "10級風暴風圈 48小時"
      },
      "geometry": {
        "type": "Polygon",
        "coordinates": [
          [
            [
              127.8,
              28.448982
            ],
            [
              127.9337,
              28.443786
            ],
            [
              128.066345,
              28.428237
            ],
            [
              128.196887,
              28.402458
            ],
            [
              128.324298,
              28.366653
            ],
            [
              128.447577,
              28.321105
            ],
            [
              128.56576,
              28.266173
            ],
            [
              128.677927,
              28.202287
            ],
            [
              128.783208,
              28.129952
            ],
            [
              128.880793,
              28.049732
            ],
            [
              128.969939,
              27.962256
            ],
            [
              129.049973,
              27.868205
            ],
            [
              129.120295,
              27.768313
            ],
            [
              129.18039,
              27.663352
            ],
            [
              129.229822,
              27.554136
            ],
            [
              129.268243,
              27.441507
            ],
            [
              129.295393,
              27.32633
            ],
            [
              129.311098,
              27.209488
            ],
            [
              129.315275,
              27.091874
            ],
            [
              129.307929,
              26.974384
            ],
            [
              129.28915,
              26.857908
            ],
            [
              129.259117,
              26.74333
            ],
            [
              129.218089,
              26.631512
            ],
            [
              129.166407,
              26.523298
            ],
            [
              129.104486,
              26.419497
            ],
            [
              129.032817,
              26.320888
            ],
            [
              128.951959,
              26.228205
            ],
            [
              128.862534,
              26.14214
            ],
            [
              128.765225,
              26.063331
            ],
            [
              128.660767,
              25.992364
            ],
            [
              128.549944,
              25.929763
            ],
            [
              128.433586,
              25.875991
            ],
            [
              128.312558,
              25.831445
            ],
            [
              128.187754,
              25.796453
            ],
            [
              128.060098,
              25.771273
            ],
            [
              127.930529,
              25.756091
            ],
            [
              127.8,
              25.751018
            ],
            [
              127.669471,
              25.756091
            ],
            [
              127.539902,
              25.771273
            ],
            [
              127.412246,
              25.796453
            ],
            [
              127.287442,
              25.831445
            ],
            [
              127.166414,
              25.875991
            ],
            [
              127.050056,
              25.929763
            ],
            [
              126.939233,
              25.992364
            ],
            [
              126.834775,
              26.063331
            ],
            [
              126.737466,
              26.14214
            ],
            [
              126.648041,
              26.228205
            ],
            [
              126.567183,
              26.320888
            ],
            [
              126.495514,
              26.419497
            ],
            [
              126.433593,
              26.523298
            ],
            [
              126.381911,
              26.631512
            ],
            [
              126.340883,
              26.74333
            ],
            [
              126.31085,
              26.857908
            ],
            [
              126.292071,
              26.974384
            ],
            [
              126.284725,
              27.091874
            ],
            [
              126.288902,
              27.209488
            ],
            [
              126.304607,
              27.32633
            ],
            [
              126.331757,
              27.441507
            ],
            [
              126.370178,
              27.554136
            ],
            [
              126.41961,
              27.663352
            ],
            [
              126.479705,
              27.768313
            ],
            [
              126.550027,
              27.868205
            ],
            [
              126.630061,
              27.962256
            ],
            [
              126.719207,
              28.049732
            ],
            [
              126.816792,
              28.129952
            ],
            [
              126.922073,
              28.202287
            ],
            [
              127.03424,
              28.266173
            ],
            [
              127.152423,
              28.321105
            ],
            [
              127.275702,
              28.366653
            ],
            [
              127.403113,
              28.402458
            ],
            [
              127.533655,
              28.428237
            ],
            [
              127.6663,
              28.443786
            ],
            [
              127.8,
              28.448982
            ]
          ]
        ]
      }
    },
    {
      "type": "Feature",
      "properties": {
        "kind": "forecast-center",
        "name": "白海豚",
        "intlName": "DOLPHIN",
        "frameIndex": 45,
        "initialTime": "2026-08-05T14:00:00+08:00",
        "forecastHour": "72",
        "maxWindSpeed_ms": "40",
        "pressure_hpa": "950",
        "radius70Probability_km": "200",
        "label": "72小時預報"
      },
      "geometry": {
        "type": "Point",
        "coordinates": [
          125.2,
          27.4
        ]
      }
    },
    {
      "type": "Feature",
      "properties": {
        "kind": "forecast-70prob-circle",
        "name": "白海豚",
        "intlName": "DOLPHIN",
        "forecastHour": "72",
        "initialTime": "2026-08-05T14:00:00+08:00",
        "radius_km": "200",
        "label": "70%機率半徑 72小時"
      },
      "geometry": {
        "type": "Polygon",
        "coordinates": [
          [
            [
              125.2,
              29.198643
            ],
            [
              125.379539,
              29.191684
            ],
            [
              125.557641,
              29.17086
            ],
            [
              125.732882,
              29.13634
            ],
            [
              125.903865,
              29.0884
            ],
            [
              126.06923,
              29.027422
            ],
            [
              126.227671,
              28.953894
            ],
            [
              126.377945,
              28.868401
            ],
            [
              126.51888,
              28.771622
            ],
            [
              126.649389,
              28.664324
            ],
            [
              126.768478,
              28.547354
            ],
            [
              126.87525,
              28.421632
            ],
            [
              126.968914,
              28.288145
            ],
            [
              127.048791,
              28.147934
            ],
            [
              127.114317,
              28.002089
            ],
            [
              127.165043,
              27.851742
            ],
            [
              127.200641,
              27.69805
            ],
            [
              127.220904,
              27.542195
            ],
            [
              127.225742,
              27.385368
            ],
            [
              127.215183,
              27.228763
            ],
            [
              127.189372,
              27.073568
            ],
            [
              127.148568,
              26.920953
            ],
            [
              127.093135,
              26.772067
            ],
            [
              127.023546,
              26.628025
            ],
            [
              126.940371,
              26.489902
            ],
            [
              126.844275,
              26.358724
            ],
            [
              126.736012,
              26.235466
            ],
            [
              126.616418,
              26.121036
            ],
            [
              126.486405,
              26.016279
            ],
            [
              126.346954,
              25.921964
            ],
            [
              126.199106,
              25.838784
            ],
            [
              126.04396,
              25.767346
            ],
            [
              125.882659,
              25.708174
            ],
            [
              125.716386,
              25.661697
            ],
            [
              125.546357,
              25.628256
            ],
            [
              125.37381,
              25.608094
            ],
            [
              125.2,
              25.601357
            ],
            [
              125.02619,
              25.608094
            ],
            [
              124.853643,
              25.628256
            ],
            [
              124.683614,
              25.661697
            ],
            [
              124.517341,
              25.708174
            ],
            [
              124.35604,
              25.767346
            ],
            [
              124.200894,
              25.838784
            ],
            [
              124.053046,
              25.921964
            ],
            [
              123.913595,
              26.016279
            ],
            [
              123.783582,
              26.121036
            ],
            [
              123.663988,
              26.235466
            ],
            [
              123.555725,
              26.358724
            ],
            [
              123.459629,
              26.489902
            ],
            [
              123.376454,
              26.628025
            ],
            [
              123.306865,
              26.772067
            ],
            [
              123.251432,
              26.920953
            ],
            [
              123.210628,
              27.073568
            ],
            [
              123.184817,
              27.228763
            ],
            [
              123.174258,
              27.385368
            ],
            [
              123.179096,
              27.542195
            ],
            [
              123.199359,
              27.69805
            ],
            [
              123.234957,
              27.851742
            ],
            [
              123.285683,
              28.002089
            ],
            [
              123.351209,
              28.147934
            ],
            [
              123.431086,
              28.288145
            ],
            [
              123.52475,
              28.421632
            ],
            [
              123.631522,
              28.547354
            ],
            [
              123.750611,
              28.664324
            ],
            [
              123.88112,
              28.771622
            ],
            [
              124.022055,
              28.868401
            ],
            [
              124.172329,
              28.953894
            ],
            [
              124.33077,
              29.027422
            ],
            [
              124.496135,
              29.0884
            ],
            [
              124.667118,
              29.13634
            ],
            [
              124.842359,
              29.17086
            ],
            [
              125.020461,
              29.191684
            ],
            [
              125.2,
              29.198643
            ]
          ]
        ]
      }
    },
    {
      "type": "Feature",
      "properties": {
        "kind": "forecast-15ms-circle",
        "name": "白海豚",
        "intlName": "DOLPHIN",
        "forecastHour": "72",
        "initialTime": "2026-08-05T14:00:00+08:00",
        "radius_km": "280",
        "circle15ms_km": "280",
        "label": "7級風暴風圈 72小時"
      },
      "geometry": {
        "type": "Polygon",
        "coordinates": [
          [
            [
              125.2,
              29.9181
            ],
            [
              125.453104,
              29.908289
            ],
            [
              125.704139,
              29.878935
            ],
            [
              125.951054,
              29.830279
            ],
            [
              126.191842,
              29.762719
            ],
            [
              126.424556,
              29.676807
            ],
            [
              126.647329,
              29.573242
            ],
            [
              126.858389,
              29.452865
            ],
            [
              127.056079,
              29.316651
            ],
            [
              127.238868,
              29.165696
            ],
            [
              127.405364,
              29.00121
            ],
            [
              127.554323,
              28.824506
            ],
            [
              127.684659,
              28.636984
            ],
            [
              127.795451,
              28.440126
            ],
            [
              127.885944,
              28.235473
            ],
            [
              127.955553,
              28.024622
            ],
            [
              128.003866,
              27.809206
            ],
            [
              128.030639,
              27.590884
            ],
            [
              128.035798,
              27.371326
            ],
            [
              128.019432,
              27.152203
            ],
            [
              127.981791,
              26.935172
            ],
            [
              127.923278,
              26.721864
            ],
            [
              127.844445,
              26.513875
            ],
            [
              127.745986,
              26.312751
            ],
            [
              127.628726,
              26.119982
            ],
            [
              127.493617,
              25.936986
            ],
            [
              127.341728,
              25.765107
            ],
            [
              127.174234,
              25.6056
            ],
            [
              126.992411,
              25.459625
            ],
            [
              126.797622,
              25.328241
            ],
            [
              126.591312,
              25.212398
            ],
            [
              126.374996,
              25.112933
            ],
            [
              126.150249,
              25.03056
            ],
            [
              125.918695,
              24.965872
            ],
            [
              125.682001,
              24.919332
            ],
            [
              125.441864,
              24.891274
            ],
            [
              125.2,
              24.8819
            ],
            [
              124.958136,
              24.891274
            ],
            [
              124.717999,
              24.919332
            ],
            [
              124.481305,
              24.965872
            ],
            [
              124.249751,
              25.03056
            ],
            [
              124.025004,
              25.112933
            ],
            [
              123.808688,
              25.212398
            ],
            [
              123.602378,
              25.328241
            ],
            [
              123.407589,
              25.459625
            ],
            [
              123.225766,
              25.6056
            ],
            [
              123.058272,
              25.765107
            ],
            [
              122.906383,
              25.936986
            ],
            [
              122.771274,
              26.119982
            ],
            [
              122.654014,
              26.312751
            ],
            [
              122.555555,
              26.513875
            ],
            [
              122.476722,
              26.721864
            ],
            [
              122.418209,
              26.935172
            ],
            [
              122.380568,
              27.152203
            ],
            [
              122.364202,
              27.371326
            ],
            [
              122.369361,
              27.590884
            ],
            [
              122.396134,
              27.809206
            ],
            [
              122.444447,
              28.024622
            ],
            [
              122.514056,
              28.235473
            ],
            [
              122.604549,
              28.440126
            ],
            [
              122.715341,
              28.636984
            ],
            [
              122.845677,
              28.824506
            ],
            [
              122.994636,
              29.00121
            ],
            [
              123.161132,
              29.165696
            ],
            [
              123.343921,
              29.316651
            ],
            [
              123.541611,
              29.452865
            ],
            [
              123.752671,
              29.573242
            ],
            [
              123.975444,
              29.676807
            ],
            [
              124.208158,
              29.762719
            ],
            [
              124.448946,
              29.830279
            ],
            [
              124.695861,
              29.878935
            ],
            [
              124.946896,
              29.908289
            ],
            [
              125.2,
              29.9181
            ]
          ]
        ]
      }
    },
    {
      "type": "Feature",
      "properties": {
        "kind": "forecast-25ms-circle",
        "name": "白海豚",
        "intlName": "DOLPHIN",
        "forecastHour": "72",
        "initialTime": "2026-08-05T14:00:00+08:00",
        "radius_km": "110",
        "circle25ms_km": "110",
        "label": "10級風暴風圈 72小時"
      },
      "geometry": {
        "type": "Polygon",
        "coordinates": [
          [
            [
              125.2,
              28.389254
            ],
            [
              125.297997,
              28.385455
            ],
            [
              125.395228,
              28.374089
            ],
            [
              125.490932,
              28.355243
            ],
            [
              125.584363,
              28.329067
            ],
            [
              125.674793,
              28.295763
            ],
            [
              125.761518,
              28.255593
            ],
            [
              125.843868,
              28.208869
            ],
            [
              125.921208,
              28.155955
            ],
            [
              125.992945,
              28.097263
            ],
            [
              126.05853,
              28.033249
            ],
            [
              126.117468,
              27.964408
            ],
            [
              126.169316,
              27.891273
            ],
            [
              126.213688,
              27.81441
            ],
            [
              126.25026,
              27.734409
            ],
            [
              126.278768,
              27.651886
            ],
            [
              126.299011,
              27.567474
            ],
            [
              126.310854,
              27.481819
            ],
            [
              126.314226,
              27.395573
            ],
            [
              126.309123,
              27.309396
            ],
            [
              126.295601,
              27.22394
            ],
            [
              126.273782,
              27.139854
            ],
            [
              126.243851,
              27.057773
            ],
            [
              126.20605,
              26.978318
            ],
            [
              126.16068,
              26.902086
            ],
            [
              126.108097,
              26.829651
            ],
            [
              126.048709,
              26.761555
            ],
            [
              125.982972,
              26.69831
            ],
            [
              125.911387,
              26.640386
            ],
            [
              125.834496,
              26.588218
            ],
            [
              125.752881,
              26.542193
            ],
            [
              125.667152,
              26.502655
            ],
            [
              125.577952,
              26.469897
            ],
            [
              125.485945,
              26.444163
            ],
            [
              125.391816,
              26.425644
            ],
            [
              125.296265,
              26.414478
            ],
            [
              125.2,
              26.410746
            ],
            [
              125.103735,
              26.414478
            ],
            [
              125.008184,
              26.425644
            ],
            [
              124.914055,
              26.444163
            ],
            [
              124.822048,
              26.469897
            ],
            [
              124.732848,
              26.502655
            ],
            [
              124.647119,
              26.542193
            ],
            [
              124.565504,
              26.588218
            ],
            [
              124.488613,
              26.640386
            ],
            [
              124.417028,
              26.69831
            ],
            [
              124.351291,
              26.761555
            ],
            [
              124.291903,
              26.829651
            ],
            [
              124.23932,
              26.902086
            ],
            [
              124.19395,
              26.978318
            ],
            [
              124.156149,
              27.057773
            ],
            [
              124.126218,
              27.139854
            ],
            [
              124.104399,
              27.22394
            ],
            [
              124.090877,
              27.309396
            ],
            [
              124.085774,
              27.395573
            ],
            [
              124.089146,
              27.481819
            ],
            [
              124.100989,
              27.567474
            ],
            [
              124.121232,
              27.651886
            ],
            [
              124.14974,
              27.734409
            ],
            [
              124.186312,
              27.81441
            ],
            [
              124.230684,
              27.891273
            ],
            [
              124.282532,
              27.964408
            ],
            [
              124.34147,
              28.033249
            ],
            [
              124.407055,
              28.097263
            ],
            [
              124.478792,
              28.155955
            ],
            [
              124.556132,
              28.208869
            ],
            [
              124.638482,
              28.255593
            ],
            [
              124.725207,
              28.295763
            ],
            [
              124.815637,
              28.329067
            ],
            [
              124.909068,
              28.355243
            ],
            [
              125.004772,
              28.374089
            ],
            [
              125.102003,
              28.385455
            ],
            [
              125.2,
              28.389254
            ]
          ]
        ]
      }
    },
    {
      "type": "Feature",
      "properties": {
        "kind": "forecast-center",
        "name": "白海豚",
        "intlName": "DOLPHIN",
        "frameIndex": 46,
        "initialTime": "2026-08-05T14:00:00+08:00",
        "forecastHour": "96",
        "maxWindSpeed_ms": "33",
        "pressure_hpa": "965",
        "radius70Probability_km": "360",
        "label": "96小時預報"
      },
      "geometry": {
        "type": "Point",
        "coordinates": [
          123.3,
          27.8
        ]
      }
    },
    {
      "type": "Feature",
      "properties": {
        "kind": "forecast-70prob-circle",
        "name": "白海豚",
        "intlName": "DOLPHIN",
        "forecastHour": "96",
        "initialTime": "2026-08-05T14:00:00+08:00",
        "radius_km": "360",
        "label": "70%機率半徑 96小時"
      },
      "geometry": {
        "type": "Polygon",
        "coordinates": [
          [
            [
              123.3,
              31.037558
            ],
            [
              123.629103,
              31.024846
            ],
            [
              123.955451,
              30.986819
            ],
            [
              124.276318,
              30.923796
            ],
            [
              124.589039,
              30.836305
            ],
            [
              124.891034,
              30.725077
            ],
            [
              125.179841,
              30.591039
            ],
            [
              125.453134,
              30.435304
            ],
            [
              125.708747,
              30.259154
            ],
            [
              125.944695,
              30.064037
            ],
            [
              126.159185,
              29.851542
            ],
            [
              126.350632,
              29.623388
            ],
            [
              126.517668,
              29.38141
            ],
            [
              126.659146,
              29.127536
            ],
            [
              126.774148,
              28.863774
            ],
            [
              126.861981,
              28.592194
            ],
            [
              126.922179,
              28.314909
            ],
            [
              126.954497,
              28.03406
            ],
            [
              126.958909,
              27.751796
            ],
            [
              126.935598,
              27.470263
            ],
            [
              126.884952,
              27.191581
            ],
            [
              126.80755,
              26.917836
            ],
            [
              126.704155,
              26.651061
            ],
            [
              126.575706,
              26.393226
            ],
            [
              126.423304,
              26.146221
            ],
            [
              126.248201,
              25.911847
            ],
            [
              126.051791,
              25.691802
            ],
            [
              125.835598,
              25.487675
            ],
            [
              125.601261,
              25.30093
            ],
            [
              125.350529,
              25.132905
            ],
            [
              125.085243,
              24.984795
            ],
            [
              124.807327,
              24.857654
            ],
            [
              124.518779,
              24.752383
            ],
            [
              124.221652,
              24.669725
            ],
            [
              123.918051,
              24.610264
            ],
            [
              123.610112,
              24.574419
            ],
            [
              123.3,
              24.562442
            ],
            [
              122.989888,
              24.574419
            ],
            [
              122.681949,
              24.610264
            ],
            [
              122.378348,
              24.669725
            ],
            [
              122.081221,
              24.752383
            ],
            [
              121.792673,
              24.857654
            ],
            [
              121.514757,
              24.984795
            ],
            [
              121.249471,
              25.132905
            ],
            [
              120.998739,
              25.30093
            ],
            [
              120.764402,
              25.487675
            ],
            [
              120.548209,
              25.691802
            ],
            [
              120.351799,
              25.911847
            ],
            [
              120.176696,
              26.146221
            ],
            [
              120.024294,
              26.393226
            ],
            [
              119.895845,
              26.651061
            ],
            [
              119.79245,
              26.917836
            ],
            [
              119.715048,
              27.191581
            ],
            [
              119.664402,
              27.470263
            ],
            [
              119.641091,
              27.751796
            ],
            [
              119.645503,
              28.03406
            ],
            [
              119.677821,
              28.314909
            ],
            [
              119.738019,
              28.592194
            ],
            [
              119.825852,
              28.863774
            ],
            [
              119.940854,
              29.127536
            ],
            [
              120.082332,
              29.38141
            ],
            [
              120.249368,
              29.623388
            ],
            [
              120.440815,
              29.851542
            ],
            [
              120.655305,
              30.064037
            ],
            [
              120.891253,
              30.259154
            ],
            [
              121.146866,
              30.435304
            ],
            [
              121.420159,
              30.591039
            ],
            [
              121.708966,
              30.725077
            ],
            [
              122.010961,
              30.836305
            ],
            [
              122.323682,
              30.923796
            ],
            [
              122.644549,
              30.986819
            ],
            [
              122.970897,
              31.024846
            ],
            [
              123.3,
              31.037558
            ]
          ]
        ]
      }
    },
    {
      "type": "Feature",
      "properties": {
        "kind": "forecast-15ms-circle",
        "name": "白海豚",
        "intlName": "DOLPHIN",
        "forecastHour": "96",
        "initialTime": "2026-08-05T14:00:00+08:00",
        "radius_km": "250",
        "circle15ms_km": "250",
        "label": "7級風暴風圈 96小時"
      },
      "geometry": {
        "type": "Polygon",
        "coordinates": [
          [
            [
              123.3,
              30.048304
            ],
            [
              123.526299,
              30.039564
            ],
            [
              123.750761,
              30.013413
            ],
            [
              123.971565,
              29.970066
            ],
            [
              124.186928,
              29.909874
            ],
            [
              124.395117,
              29.833325
            ],
            [
              124.594472,
              29.741039
            ],
            [
              124.783412,
              29.633759
            ],
            [
              124.960459,
              29.512349
            ],
            [
              125.124242,
              29.377781
            ],
            [
              125.273513,
              29.231128
            ],
            [
              125.407154,
              29.073556
            ],
            [
              125.524186,
              28.906309
            ],
            [
              125.623774,
              28.730702
            ],
            [
              125.70523,
              28.54811
            ],
            [
              125.768019,
              28.359951
            ],
            [
              125.811756,
              28.167684
            ],
            [
              125.836209,
              27.972785
            ],
            [
              125.841297,
              27.776748
            ],
            [
              125.827087,
              27.581063
            ],
            [
              125.793786,
              27.387212
            ],
            [
              125.741747,
              27.196654
            ],
            [
              125.671452,
              27.010818
            ],
            [
              125.583513,
              26.831088
            ],
            [
              125.478662,
              26.658798
            ],
            [
              125.357748,
              26.495222
            ],
            [
              125.221724,
              26.341563
            ],
            [
              125.071644,
              26.198947
            ],
            [
              124.908649,
              26.068418
            ],
            [
              124.733966,
              25.950924
            ],
            [
              124.548893,
              25.84732
            ],
            [
              124.354794,
              25.758357
            ],
            [
              124.153087,
              25.684678
            ],
            [
              123.945239,
              25.626814
            ],
            [
              123.732751,
              25.585182
            ],
            [
              123.517155,
              25.560083
            ],
            [
              123.3,
              25.551696
            ],
            [
              123.082845,
              25.560083
            ],
            [
              122.867249,
              25.585182
            ],
            [
              122.654761,
              25.626814
            ],
            [
              122.446913,
              25.684678
            ],
            [
              122.245206,
              25.758357
            ],
            [
              122.051107,
              25.84732
            ],
            [
              121.866034,
              25.950924
            ],
            [
              121.691351,
              26.068418
            ],
            [
              121.528356,
              26.198947
            ],
            [
              121.378276,
              26.341563
            ],
            [
              121.242252,
              26.495222
            ],
            [
              121.121338,
              26.658798
            ],
            [
              121.016487,
              26.831088
            ],
            [
              120.928548,
              27.010818
            ],
            [
              120.858253,
              27.196654
            ],
            [
              120.806214,
              27.387212
            ],
            [
              120.772913,
              27.581063
            ],
            [
              120.758703,
              27.776748
            ],
            [
              120.763791,
              27.972785
            ],
            [
              120.788244,
              28.167684
            ],
            [
              120.831981,
              28.359951
            ],
            [
              120.89477,
              28.54811
            ],
            [
              120.976226,
              28.730702
            ],
            [
              121.075814,
              28.906309
            ],
            [
              121.192846,
              29.073556
            ],
            [
              121.326487,
              29.231128
            ],
            [
              121.475758,
              29.377781
            ],
            [
              121.639541,
              29.512349
            ],
            [
              121.816588,
              29.633759
            ],
            [
              122.005528,
              29.741039
            ],
            [
              122.204883,
              29.833325
            ],
            [
              122.413072,
              29.909874
            ],
            [
              122.628435,
              29.970066
            ],
            [
              122.849239,
              30.013413
            ],
            [
              123.073701,
              30.039564
            ],
            [
              123.3,
              30.048304
            ]
          ]
        ]
      }
    },
    {
      "type": "Feature",
      "properties": {
        "kind": "forecast-25ms-circle",
        "name": "白海豚",
        "intlName": "DOLPHIN",
        "forecastHour": "96",
        "initialTime": "2026-08-05T14:00:00+08:00",
        "radius_km": "90",
        "circle25ms_km": "90",
        "label": "10級風暴風圈 96小時"
      },
      "geometry": {
        "type": "Polygon",
        "coordinates": [
          [
            [
              123.3,
              28.609389
            ],
            [
              123.380349,
              28.606286
            ],
            [
              123.460072,
              28.597001
            ],
            [
              123.538549,
              28.581605
            ],
            [
              123.615171,
              28.560219
            ],
            [
              123.689343,
              28.53301
            ],
            [
              123.76049,
              28.500187
            ],
            [
              123.828063,
              28.462008
            ],
            [
              123.891543,
              28.418767
            ],
            [
              123.950442,
              28.3708
            ],
            [
              124.004312,
              28.318478
            ],
            [
              124.052745,
              28.262205
            ],
            [
              124.095375,
              28.202416
            ],
            [
              124.131885,
              28.13957
            ],
            [
              124.162005,
              28.074151
            ],
            [
              124.185515,
              28.006661
            ],
            [
              124.202249,
              27.937617
            ],
            [
              124.212091,
              27.867547
            ],
            [
              124.214981,
              27.796986
            ],
            [
              124.210908,
              27.72647
            ],
            [
              124.199919,
              27.656536
            ],
            [
              124.182108,
              27.587714
            ],
            [
              124.157625,
              27.520526
            ],
            [
              124.126665,
              27.455479
            ],
            [
              124.089473,
              27.393063
            ],
            [
              124.046341,
              27.33375
            ],
            [
              123.997601,
              27.277984
            ],
            [
              123.943627,
              27.226185
            ],
            [
              123.884831,
              27.178742
            ],
            [
              123.821659,
              27.136009
            ],
            [
              123.754587,
              27.098305
            ],
            [
              123.684122,
              27.065914
            ],
            [
              123.61079,
              27.039075
            ],
            [
              123.535141,
              27.017991
            ],
            [
              123.457741,
              27.002818
            ],
            [
              123.379165,
              26.993668
            ],
            [
              123.3,
              26.990611
            ],
            [
              123.220835,
              26.993668
            ],
            [
              123.142259,
              27.002818
            ],
            [
              123.064859,
              27.017991
            ],
            [
              122.98921,
              27.039075
            ],
            [
              122.915878,
              27.065914
            ],
            [
              122.845413,
              27.098305
            ],
            [
              122.778341,
              27.136009
            ],
            [
              122.715169,
              27.178742
            ],
            [
              122.656373,
              27.226185
            ],
            [
              122.602399,
              27.277984
            ],
            [
              122.553659,
              27.33375
            ],
            [
              122.510527,
              27.393063
            ],
            [
              122.473335,
              27.455479
            ],
            [
              122.442375,
              27.520526
            ],
            [
              122.417892,
              27.587714
            ],
            [
              122.400081,
              27.656536
            ],
            [
              122.389092,
              27.72647
            ],
            [
              122.385019,
              27.796986
            ],
            [
              122.387909,
              27.867547
            ],
            [
              122.397751,
              27.937617
            ],
            [
              122.414485,
              28.006661
            ],
            [
              122.437995,
              28.074151
            ],
            [
              122.468115,
              28.13957
            ],
            [
              122.504625,
              28.202416
            ],
            [
              122.547255,
              28.262205
            ],
            [
              122.595688,
              28.318478
            ],
            [
              122.649558,
              28.3708
            ],
            [
              122.708457,
              28.418767
            ],
            [
              122.771937,
              28.462008
            ],
            [
              122.83951,
              28.500187
            ],
            [
              122.910657,
              28.53301
            ],
            [
              122.984829,
              28.560219
            ],
            [
              123.061451,
              28.581605
            ],
            [
              123.139928,
              28.597001
            ],
            [
              123.219651,
              28.606286
            ],
            [
              123.3,
              28.609389
            ]
          ]
        ]
      }
    },
    {
      "type": "Feature",
      "properties": {
        "kind": "forecast-center",
        "name": "白海豚",
        "intlName": "DOLPHIN",
        "frameIndex": 47,
        "initialTime": "2026-08-05T14:00:00+08:00",
        "forecastHour": "120",
        "maxWindSpeed_ms": "23",
        "pressure_hpa": "985",
        "radius70Probability_km": "510",
        "label": "120小時預報"
      },
      "geometry": {
        "type": "Point",
        "coordinates": [
          120.3,
          28.9
        ]
      }
    },
    {
      "type": "Feature",
      "properties": {
        "kind": "forecast-70prob-circle",
        "name": "白海豚",
        "intlName": "DOLPHIN",
        "forecastHour": "120",
        "initialTime": "2026-08-05T14:00:00+08:00",
        "radius_km": "510",
        "label": "70%機率半徑 120小時"
      },
      "geometry": {
        "type": "Polygon",
        "coordinates": [
          [
            [
              120.3,
              33.48654
            ],
            [
              120.778692,
              33.468241
            ],
            [
              121.253173,
              33.413506
            ],
            [
              121.719284,
              33.32282
            ],
            [
              122.172976,
              33.196984
            ],
            [
              122.610354,
              33.037104
            ],
            [
              123.027729,
              32.844576
            ],
            [
              123.42165,
              32.621072
            ],
            [
              123.788949,
              32.368513
            ],
            [
              124.12676,
              32.089052
            ],
            [
              124.432544,
              31.785046
            ],
            [
              124.704104,
              31.45903
            ],
            [
              124.939594,
              31.113691
            ],
            [
              125.13752,
              30.751842
            ],
            [
              125.296741,
              30.376392
            ],
            [
              125.416458,
              29.990323
            ],
            [
              125.496211,
              29.596663
            ],
            [
              125.535861,
              29.198461
            ],
            [
              125.535577,
              28.798764
            ],
            [
              125.49582,
              28.400593
            ],
            [
              125.417328,
              28.006926
            ],
            [
              125.301095,
              27.620676
            ],
            [
              125.148357,
              27.244669
            ],
            [
              124.960571,
              26.881634
            ],
            [
              124.739404,
              26.53418
            ],
            [
              124.486708,
              26.204786
            ],
            [
              124.204513,
              25.895783
            ],
            [
              123.895004,
              25.609345
            ],
            [
              123.560509,
              25.347474
            ],
            [
              123.203485,
              25.111992
            ],
            [
              122.826502,
              24.90453
            ],
            [
              122.432227,
              24.726517
            ],
            [
              122.023414,
              24.579179
            ],
            [
              121.602885,
              24.463524
            ],
            [
              121.173521,
              24.380345
            ],
            [
              120.738242,
              24.33021
            ],
            [
              120.3,
              24.31346
            ],
            [
              119.861758,
              24.33021
            ],
            [
              119.426479,
              24.380345
            ],
            [
              118.997115,
              24.463524
            ],
            [
              118.576586,
              24.579179
            ],
            [
              118.167773,
              24.726517
            ],
            [
              117.773498,
              24.90453
            ],
            [
              117.396515,
              25.111992
            ],
            [
              117.039491,
              25.347474
            ],
            [
              116.704996,
              25.609345
            ],
            [
              116.395487,
              25.895783
            ],
            [
              116.113292,
              26.204786
            ],
            [
              115.860596,
              26.53418
            ],
            [
              115.639429,
              26.881634
            ],
            [
              115.451643,
              27.244669
            ],
            [
              115.298905,
              27.620676
            ],
            [
              115.182672,
              28.006926
            ],
            [
              115.10418,
              28.400593
            ],
            [
              115.064423,
              28.798764
            ],
            [
              115.064139,
              29.198461
            ],
            [
              115.103789,
              29.596663
            ],
            [
              115.183542,
              29.990323
            ],
            [
              115.303259,
              30.376392
            ],
            [
              115.46248,
              30.751842
            ],
            [
              115.660406,
              31.113691
            ],
            [
              115.895896,
              31.45903
            ],
            [
              116.167456,
              31.785046
            ],
            [
              116.47324,
              32.089052
            ],
            [
              116.811051,
              32.368513
            ],
            [
              117.17835,
              32.621072
            ],
            [
              117.572271,
              32.844576
            ],
            [
              117.989646,
              33.037104
            ],
            [
              118.427024,
              33.196984
            ],
            [
              118.880716,
              33.32282
            ],
            [
              119.346827,
              33.413506
            ],
            [
              119.821308,
              33.468241
            ],
            [
              120.3,
              33.48654
            ]
          ]
        ]
      }
    },
    {
      "type": "Feature",
      "properties": {
        "kind": "forecast-15ms-circle",
        "name": "白海豚",
        "intlName": "DOLPHIN",
        "forecastHour": "120",
        "initialTime": "2026-08-05T14:00:00+08:00",
        "radius_km": "220",
        "circle15ms_km": "220",
        "label": "7級風暴風圈 120小時"
      },
      "geometry": {
        "type": "Polygon",
        "coordinates": [
          [
            [
              120.3,
              30.878508
            ],
            [
              120.500861,
              30.87083
            ],
            [
              120.7001,
              30.847858
            ],
            [
              120.89611,
              30.809778
            ],
            [
              121.087316,
              30.756898
            ],
            [
              121.272188,
              30.689644
            ],
            [
              121.449254,
              30.608556
            ],
            [
              121.617117,
              30.514287
            ],
            [
              121.774465,
              30.40759
            ],
            [
              121.920083,
              30.289317
            ],
            [
              122.052858,
              30.160406
            ],
            [
              122.171795,
              30.021879
            ],
            [
              122.276019,
              29.874826
            ],
            [
              122.36478,
              29.720402
            ],
            [
              122.43746,
              29.559811
            ],
            [
              122.493573,
              29.394301
            ],
            [
              122.53277,
              29.225151
            ],
            [
              122.554832,
              29.053662
            ],
            [
              122.559678,
              28.881146
            ],
            [
              122.547357,
              28.708916
            ],
            [
              122.518046,
              28.538276
            ],
            [
              122.472047,
              28.370514
            ],
            [
              122.409783,
              28.206887
            ],
            [
              122.331792,
              28.048618
            ],
            [
              122.238721,
              27.896883
            ],
            [
              122.131318,
              27.752808
            ],
            [
              122.010431,
              27.617454
            ],
            [
              121.876994,
              27.491817
            ],
            [
              121.732024,
              27.376817
            ],
            [
              121.576614,
              27.273296
            ],
            [
              121.41192,
              27.182007
            ],
            [
              121.239159,
              27.103614
            ],
            [
              121.059599,
              27.038686
            ],
            [
              120.874548,
              26.987693
            ],
            [
              120.68535,
              26.951004
            ],
            [
              120.493372,
              26.928884
            ],
            [
              120.3,
              26.921492
            ],
            [
              120.106628,
              26.928884
            ],
            [
              119.91465,
              26.951004
            ],
            [
              119.725452,
              26.987693
            ],
            [
              119.540401,
              27.038686
            ],
            [
              119.360841,
              27.103614
            ],
            [
              119.18808,
              27.182007
            ],
            [
              119.023386,
              27.273296
            ],
            [
              118.867976,
              27.376817
            ],
            [
              118.723006,
              27.491817
            ],
            [
              118.589569,
              27.617454
            ],
            [
              118.468682,
              27.752808
            ],
            [
              118.361279,
              27.896883
            ],
            [
              118.268208,
              28.048618
            ],
            [
              118.190217,
              28.206887
            ],
            [
              118.127953,
              28.370514
            ],
            [
              118.081954,
              28.538276
            ],
            [
              118.052643,
              28.708916
            ],
            [
              118.040322,
              28.881146
            ],
            [
              118.045168,
              29.053662
            ],
            [
              118.06723,
              29.225151
            ],
            [
              118.106427,
              29.394301
            ],
            [
              118.16254,
              29.559811
            ],
            [
              118.23522,
              29.720402
            ],
            [
              118.323981,
              29.874826
            ],
            [
              118.428205,
              30.021879
            ],
            [
              118.547142,
              30.160406
            ],
            [
              118.679917,
              30.289317
            ],
            [
              118.825535,
              30.40759
            ],
            [
              118.982883,
              30.514287
            ],
            [
              119.150746,
              30.608556
            ],
            [
              119.327812,
              30.689644
            ],
            [
              119.512684,
              30.756898
            ],
            [
              119.70389,
              30.809778
            ],
            [
              119.8999,
              30.847858
            ],
            [
              120.099139,
              30.87083
            ],
            [
              120.3,
              30.878508
            ]
          ]
        ]
      }
    }
  ]
}
