{"type":"FeatureCollection","features":[{"type":"Feature","properties":{"ID":"641.000000000000000","NAME":"荖濃溪","source":"台灣集水區界/水系/台灣河川.shp","record_index":515,"parts":144,"points":14637,"display_note":"保留主河道面，移除封閉小水面碎片","removed_parts":147},"geometry":{"type":"MultiPolygon","coordinates":[[[[120.4537138,22.7792907],[120.4540717,22.7802242],[120.4541178,22.7801665],[120.4543339,22.780209],[120.4546271,22.7802513],[120.4549046,22.7802072],[120.4550741,22.7801637],[120.455274,22.7799473],[120.4554589,22.7798892],[120.4556284,22.7798457],[120.4557518,22.7798453],[120.4559059,22.7798016],[120.4560315,22.7797894],[120.4562115,22.7798105],[120.4563534,22.7798434],[120.4566474,22.7801013],[120.4569256,22.7802729],[120.4571574,22.7804017],[120.4572348,22.7804733],[120.4574209,22.7807602],[120.4576065,22.7809035],[120.4577766,22.7810036],[120.4579,22.7810032],[120.4579769,22.7809455],[120.4580846,22.7808589],[120.4582078,22.780801],[120.4583158,22.780815],[120.458424,22.7808866],[120.4586404,22.7810153],[120.4587948,22.7810436],[120.4589335,22.7810288],[120.4590878,22.7810139],[120.4592266,22.7809991],[120.4593038,22.7810277],[120.4594278,22.7811999],[120.4595981,22.7813719],[120.4599226,22.7815434],[120.4606489,22.7819437],[120.4610661,22.7821149],[120.4611435,22.7822153],[120.4611438,22.7823016],[120.4610049,22.7822733],[120.4606958,22.7821016],[120.4605566,22.7819871],[120.4604484,22.7819443],[120.4602942,22.7819447],[120.4601866,22.7820457],[120.4602794,22.7821461],[120.4603567,22.782189],[120.4606196,22.7823607],[120.461083,22.7825606],[120.4614844,22.7826455],[120.4616389,22.782717],[120.4617625,22.7827741],[120.4617627,22.782846],[120.4616703,22.782875],[120.4615007,22.7829187],[120.4615625,22.7829472],[120.4617945,22.783119],[120.4621035,22.7832475],[120.4623816,22.7833904],[120.462551,22.7832748],[120.4627667,22.7832167],[120.4632454,22.783359],[120.4638941,22.7835726],[120.4642494,22.7837296],[120.4643729,22.783758],[120.4644197,22.7838872],[120.4644356,22.784031],[120.4645437,22.7840594],[120.4648521,22.7840585],[120.4650222,22.7841586],[120.4654856,22.784344],[120.4661656,22.7847013],[120.4665053,22.7847866],[120.4668756,22.7847998],[120.4671689,22.7848563],[120.46777,22.7847251],[120.4687111,22.7847509],[120.469035,22.7847211],[120.4698685,22.7848623],[120.4708714,22.7849166],[120.4715966,22.7849575],[120.472013,22.7849418],[120.4722294,22.7850418],[120.4726004,22.7852706],[120.4729102,22.7856434],[120.4730493,22.7857293],[120.4731727,22.7857001],[120.4732342,22.7856568],[120.4733734,22.785757],[120.4741302,22.785999],[120.4747323,22.7861409],[120.4752878,22.7861823],[120.4761518,22.7862226],[120.4770774,22.786234],[120.4775251,22.7863333],[120.4777921,22.7863962],[120.4777956,22.7863995],[120.478516,22.7865645],[120.4785171,22.7865646],[120.4786831,22.7866027],[120.479656,22.7868728],[120.4803043,22.7870001],[120.4807058,22.7871138],[120.4810921,22.7872851],[120.4812628,22.7875577],[120.4814333,22.7877872],[120.4816501,22.788031],[120.4816662,22.7882034],[120.4814967,22.7882759],[120.4809103,22.7882058],[120.4797061,22.7879365],[120.4794438,22.7879373],[120.4790424,22.7878524],[120.4783939,22.7876963],[120.4779309,22.7876259],[120.4772517,22.7875275],[120.4761865,22.7873008],[120.4759861,22.7873302],[120.4758939,22.7874455],[120.4759716,22.787589],[120.4759101,22.7876611],[120.475725,22.7876617],[120.4756174,22.7877627],[120.4755252,22.787878],[120.4753865,22.7879072],[120.4751549,22.7878504],[120.4749235,22.7878511],[120.474785,22.7879522],[120.4748011,22.7881247],[120.4751098,22.7881812],[120.4754029,22.7882091],[120.4756656,22.7883088],[120.4760824,22.7883938],[120.4766073,22.7885215],[120.4769163,22.7886355],[120.4772102,22.7888503],[120.4775505,22.7890936],[120.4777672,22.7893086],[120.4783552,22.7898243],[120.4788821,22.7904983],[120.4791927,22.7910437],[120.4794408,22.7914022],[120.4795342,22.7916607],[120.4795349,22.7918189],[120.4795043,22.7919197],[120.4794737,22.7919773],[120.4793505,22.7920351],[120.4792425,22.7920499],[120.4790882,22.7920216],[120.4789491,22.7919646],[120.4788563,22.7919074],[120.4786866,22.7918792],[120.4785941,22.7919081],[120.4783933,22.7918369],[120.4782387,22.7917368],[120.4781299,22.7915215],[120.4780059,22.7913637],[120.4778973,22.7911915],[120.4777582,22.7911201],[120.477496,22.7911209],[120.4772031,22.7912081],[120.4770646,22.7912805],[120.4769719,22.791252],[120.476864,22.7912811],[120.4767248,22.7911809],[120.4764773,22.7909661],[120.4761836,22.7908232],[120.4758745,22.790666],[120.4756269,22.7904512],[120.4754719,22.790236],[120.475302,22.7901791],[120.4751783,22.7900931],[120.4750084,22.7900506],[120.4747768,22.7899938],[120.4745757,22.7898363],[120.47439,22.7896643],[120.4742357,22.7896505],[120.4739734,22.7896369],[120.4734325,22.7893798],[120.4731853,22.7892656],[120.472784,22.7892093],[120.4723982,22.7891961],[120.4721974,22.7891106],[120.4720427,22.7889816],[120.4720573,22.7887516],[120.4721031,22.788622],[120.4719947,22.7885073],[120.4717939,22.7884361],[120.4715474,22.7885087],[120.4710696,22.7886396],[120.4708847,22.7887121],[120.4704221,22.7887567],[120.4708703,22.7889997],[120.4725394,22.7898427],[120.473142,22.790114],[120.4734048,22.7902713],[120.4743784,22.7907427],[120.4747955,22.7909138],[120.4751814,22.7909701],[120.4754901,22.7910123],[120.4756909,22.791098],[120.4758149,22.7912413],[120.4758306,22.7913419],[120.4759084,22.7914998],[120.4760165,22.7915569],[120.476186,22.7915133],[120.4763247,22.7914553],[120.4764637,22.7914981],[120.4765415,22.7916846],[120.4766036,22.7917851],[120.4767118,22.7918711],[120.476928,22.7919135],[120.4770667,22.7918842],[120.4772362,22.7918263],[120.4773129,22.7916966],[120.4774671,22.7916961],[120.4776215,22.7917099],[120.4776684,22.791868],[120.4775607,22.791969],[120.4775148,22.7920554],[120.4775613,22.7921415],[120.4778238,22.7921981],[120.4780089,22.7921976],[120.4784257,22.7922538],[120.4788425,22.792353],[120.4789507,22.7924103],[120.4794289,22.7923943],[120.4796295,22.7923937],[120.4797995,22.7924794],[120.4799232,22.7925653],[120.4800776,22.7925935],[120.4803089,22.7925784],[120.4805716,22.7926926],[120.4808958,22.7927491],[120.4825493,22.7935201],[120.4831828,22.7938056],[120.4832606,22.7939923],[120.4833997,22.7940781],[120.4835697,22.7941351],[120.4837083,22.7940627],[120.484078,22.7939321],[120.4842322,22.7939028],[120.4844025,22.7940748],[120.4847428,22.7943325],[120.4847892,22.7943611],[120.4848971,22.794332],[120.4850206,22.7943604],[120.4852373,22.794561],[120.4860564,22.7949321],[120.4861494,22.7950468],[120.4863348,22.7951469],[120.4865048,22.7952039],[120.4867517,22.7952317],[120.4869676,22.7952311],[120.4871219,22.7952306],[120.4871683,22.7952736],[120.4872307,22.7954459],[120.4874006,22.7955172],[120.4876015,22.7955884],[120.4877096,22.7956169],[120.487864,22.7956594],[120.4881263,22.7956586],[120.4882344,22.7957014],[120.4883275,22.7958593],[120.4884513,22.7959451],[120.488621,22.7959589],[120.4888217,22.7959727],[120.4889449,22.7959147],[120.4891147,22.7959573],[120.4892539,22.7960288],[120.4893467,22.7961147],[120.4895937,22.7961427],[120.4903043,22.7963991],[120.4907524,22.7965846],[120.4920189,22.7969973],[120.4926367,22.7971679],[120.4933473,22.7974243],[120.493718,22.7975381],[120.4942122,22.7976802],[120.4945518,22.797751],[120.4951857,22.7981228],[120.4958959,22.7982354],[120.4965294,22.7985209],[120.496869,22.7985485],[120.4971931,22.7985905],[120.4973785,22.7986762],[120.4976716,22.7986465],[120.4980737,22.7989183],[120.4983671,22.7990036],[120.4985832,22.7990316],[120.4987998,22.7991891],[120.4991088,22.799303],[120.4992938,22.7992594],[120.4996027,22.7993589],[120.4997574,22.7994591],[120.5001281,22.7995872],[120.5007763,22.7996425],[120.5012855,22.7996696],[120.5018715,22.7995958],[120.5021332,22.7994368],[120.5023646,22.799436],[120.5026426,22.7995214],[120.5036182,22.8004957],[120.5037111,22.8005529],[120.5039272,22.8006097],[120.5041586,22.8005802],[120.5046208,22.8004061],[120.5051292,22.8002318],[120.505607,22.8001152],[120.5062543,22.7999405],[120.5065936,22.7998963],[120.5069942,22.7997511],[120.5073026,22.7996925],[120.5077965,22.7997484],[120.5087226,22.7999341],[120.509325,22.8000036],[120.5098818,22.8002458],[120.5104689,22.8003584],[120.5109791,22.8005145],[120.5112733,22.8007003],[120.5115358,22.8007424],[120.5121533,22.8007542],[120.5125088,22.8008535],[120.5130345,22.8010383],[120.5133587,22.8010513],[120.5140679,22.8008902],[120.5144688,22.8008022],[120.5145304,22.8007732],[120.5149006,22.8007285],[120.5151168,22.800742],[120.5154868,22.8007835],[120.5158906,22.8011703],[120.517159,22.8017116],[120.5181493,22.8021965],[120.5188289,22.8022944],[120.5190913,22.8022933],[120.5189829,22.8022075],[120.5184419,22.8020515],[120.518349,22.8020087],[120.5187193,22.8019784],[120.5200945,22.8022604],[120.5213155,22.8026005],[120.5224584,22.8027252],[120.5228759,22.8028673],[120.5231705,22.8031249],[120.5236517,22.8036552],[120.5241951,22.8042857],[120.5243189,22.8043427],[120.5244882,22.8042557],[120.5245653,22.8042554],[120.5249698,22.8048722],[120.5256522,22.8055022],[120.5263951,22.8058875],[120.5273691,22.8061854],[120.5279118,22.8066866],[120.5283458,22.80703],[120.5286281,22.8079062],[120.5290313,22.8082641],[120.5297439,22.8087789],[120.5300089,22.8092812],[120.5302911,22.8101287],[120.5307274,22.810918],[120.531336,22.8122099],[120.5320201,22.8131708],[120.5325014,22.8137009],[120.5330122,22.8139864],[120.5335556,22.8145883],[120.5338813,22.8148889],[120.5342538,22.8152757],[120.5352126,22.8156168],[120.5356461,22.8158595],[120.5359739,22.8165485],[120.536253,22.8168063],[120.5369982,22.8176085],[120.537279,22.8181827],[120.5376044,22.8184259],[120.5384868,22.8188967],[120.5389986,22.8193692],[120.5392632,22.8197709],[120.5394666,22.8203022],[120.5402575,22.8209892],[120.5409713,22.8217053],[120.5418075,22.8222052],[120.5421489,22.8225489],[120.5423206,22.8229221],[120.5423837,22.8231808],[120.5426634,22.8235248],[120.5430665,22.8238395],[120.5435005,22.8241828],[120.5441194,22.8244535],[120.5443219,22.8247978],[120.544525,22.8252428],[120.5448192,22.8254285],[120.544989,22.8254278],[120.5450195,22.8253414],[120.544926,22.8251835],[120.5446159,22.824926],[120.5444137,22.8246392],[120.5443507,22.8243949],[120.5444432,22.8243658],[120.5446916,22.824638],[120.5449859,22.8248381],[120.5454973,22.8252098],[120.5458387,22.8255536],[120.5464116,22.8258676],[120.5471542,22.8261664],[120.5473238,22.8261369],[120.5473542,22.8260217],[120.5472142,22.8258353],[120.5472911,22.8257631],[120.5474303,22.8258344],[120.5476326,22.8261356],[120.547757,22.826322],[120.5479585,22.8264506],[120.5479592,22.8266088],[120.5479289,22.8267096],[120.5478052,22.826667],[120.5476335,22.8262937],[120.5474947,22.8263232],[120.5475272,22.8266394],[120.5475586,22.82674],[120.5474373,22.8271721],[120.5473295,22.8272013],[120.5471884,22.8267992],[120.5468153,22.8262973],[120.5464431,22.8259825],[120.5462734,22.826012],[120.5461823,22.8263001],[120.5466939,22.8267006],[120.5469896,22.827174],[120.5469924,22.8277062],[120.5473933,22.8276182],[120.5476394,22.8274301],[120.5477918,22.8270555],[120.5478371,22.8268683],[120.5479761,22.8268677],[120.5481304,22.826867],[120.5481621,22.8270251],[120.5480715,22.8273995],[120.5478437,22.8281196],[120.5475671,22.8283653],[120.5472603,22.8287406],[120.5472623,22.829129],[120.5474806,22.8295308],[120.5478068,22.8299034],[120.5486616,22.8310072],[120.5492362,22.831652],[120.5498103,22.8321961],[120.5503851,22.8328696],[120.5509282,22.8333851],[120.5516237,22.8339218],[120.5527469,22.8350525],[120.5531593,22.8355436],[120.5533649,22.8358197],[120.5534742,22.836035],[120.5536447,22.8361637],[120.5539852,22.8363204],[120.554187,22.8365353],[120.5542182,22.8365928],[120.5546842,22.8371229],[120.5553363,22.8378105],[120.5557404,22.8383265],[120.5561911,22.8388855],[120.5563953,22.8395462],[120.5567368,22.83989],[120.557234,22.8404775],[120.5578828,22.8405466],[120.5582224,22.8405307],[120.5586232,22.8404138],[120.5596717,22.8401503],[120.5604122,22.840032],[120.5608745,22.8398718],[120.5614763,22.8397972],[120.5627577,22.8397915],[120.5632055,22.8397895],[120.5635146,22.83986],[120.5642266,22.8402021],[120.5649996,22.8403712],[120.5655401,22.840412],[120.5656618,22.8400662],[120.5657671,22.8395336],[120.5658595,22.83949],[120.5659679,22.8395615],[120.566172,22.8401934],[120.5662508,22.8404951],[120.5664526,22.8406813],[120.5669479,22.8409091],[120.5670881,22.8411531],[120.5670902,22.8415558],[120.5670935,22.8421599],[120.5670962,22.8426633],[120.5671311,22.8433968],[120.5673821,22.8441436],[120.5678495,22.8449183],[120.5679906,22.845306],[120.5682545,22.8455781],[120.5685353,22.8461091],[120.5689408,22.8468696],[120.5690523,22.847502],[120.5691466,22.8478036],[120.5693799,22.848119],[120.5702633,22.8487192],[120.5708685,22.8492775],[120.5710398,22.8495644],[120.5712914,22.8503975],[120.5716651,22.8509712],[120.5722393,22.8515008],[120.5729676,22.8519866],[120.5734024,22.8524305],[120.5736375,22.8530624],[120.5738407,22.8535217],[120.5744304,22.8540657],[120.5754524,22.8545933],[120.5763079,22.8557402],[120.5772566,22.8569872],[120.5782021,22.8576446],[120.5789603,22.8579289],[120.5798258,22.8580544],[120.580274,22.8581243],[120.5816522,22.8588516],[120.5824893,22.8594375],[120.583015,22.8595503],[120.5839104,22.8595317],[120.5849602,22.8594694],[120.5857637,22.8595665],[120.5861818,22.8597803],[120.5867235,22.860008],[120.5876349,22.8600613],[120.58853,22.8599709],[120.5894386,22.8595208],[120.5898539,22.8592312],[120.5905476,22.8590123],[120.5909957,22.8590677],[120.5915056,22.8591373],[120.5920004,22.8592501],[120.5926183,22.8592904],[120.5935473,22.8597464],[120.5941673,22.8601606],[120.5947425,22.8608484],[120.5950086,22.8614801],[120.5950566,22.8617964],[120.5950268,22.8619691],[120.5949808,22.8620412],[120.594811,22.862042],[120.5945787,22.8619424],[120.594548,22.8619713],[120.5948592,22.862387],[120.5949545,22.8628612],[120.5951914,22.863795],[120.5953665,22.8647436],[120.5953376,22.8650889],[120.5953848,22.8652614],[120.5955395,22.8653038],[120.5907032,22.86757],[120.5906565,22.8674983],[120.5904554,22.8674417],[120.5902238,22.8674428],[120.5899926,22.8675301],[120.5896995,22.867589],[120.5895296,22.8675754],[120.5892512,22.8674904],[120.5890348,22.867477],[120.5887418,22.8675358],[120.5883411,22.8676816],[120.5882492,22.8678258],[120.5882966,22.868027],[120.5884366,22.8682133],[120.5886388,22.8684713],[120.5886381,22.8683275],[120.5886373,22.868198],[120.5884665,22.8680262],[120.5884044,22.8679546],[120.5884191,22.867825],[120.588619,22.8676803],[120.5888968,22.8676502],[120.5891437,22.867606],[120.5893601,22.8676481],[120.5895768,22.8677334],[120.5897619,22.8677038],[120.5900394,22.8676162],[120.5903016,22.8675575],[120.5905335,22.867614],[120.5906427,22.8678004],[120.5906436,22.8679586],[120.5905978,22.8680451],[120.590074,22.8682921],[120.5895651,22.8684095],[120.5893495,22.8685256],[120.5892579,22.868713],[120.589137,22.8691882],[120.5890763,22.8693755],[120.5889535,22.8695199],[120.5888598,22.8695453],[120.5886297,22.8696077],[120.5882755,22.8697819],[120.5878901,22.8699131],[120.5876127,22.8700151],[120.5872587,22.8702181],[120.5871662,22.8702473],[120.5870267,22.870176],[120.5867166,22.8699329],[120.5865465,22.8698906],[120.5862837,22.8698486],[120.5860361,22.8697634],[120.5858037,22.8696207],[120.5854785,22.8694639],[120.5850916,22.8693074],[120.5847658,22.8690356],[120.584657,22.8689067],[120.5845949,22.868835],[120.5846542,22.8683888],[120.5845444,22.8680873],[120.5844356,22.8679584],[120.5844355,22.867944],[120.5843274,22.8679444],[120.5840168,22.8676294],[120.5837234,22.8676308],[120.5832762,22.8677335],[120.5832298,22.8677616],[120.5830607,22.8678639],[120.5829146,22.8680933],[120.5827851,22.8682967],[120.5820375,22.8686395],[120.5810403,22.8683334],[120.5800169,22.8675757],[120.5797055,22.8671168],[120.5796243,22.8663836],[120.5796218,22.8659233],[120.5794503,22.8656364],[120.5790181,22.8656671],[120.5784779,22.8657128],[120.5778609,22.865845],[120.5775994,22.8660332],[120.5772617,22.8664087],[120.5769394,22.8667698],[120.5767546,22.8668713],[120.5765535,22.8668003],[120.5764134,22.8665995],[120.5763652,22.8662689],[120.5761479,22.8660541],[120.5758703,22.8661129],[120.5755165,22.8663734],[120.5752391,22.8664754],[120.5749607,22.8664047],[120.5747742,22.8661755],[120.5745254,22.8658601],[120.5742468,22.8657607],[120.574,22.8657905],[120.5738472,22.8660933],[120.5736781,22.8662235],[120.5735392,22.8662529],[120.5732138,22.866053],[120.5731036,22.8656651],[120.5729309,22.8651337],[120.572791,22.8649761],[120.5726513,22.8648473],[120.570843,22.8645533],[120.5693284,22.8643156],[120.5686023,22.8642757],[120.5682628,22.864306],[120.5674158,22.8647413],[120.5666458,22.865133],[120.5662142,22.8652788],[120.5658282,22.8652949],[120.5655961,22.8651952],[120.5650078,22.8649245],[120.5646832,22.8648541],[120.5625675,22.8648491],[120.5618573,22.8648666],[120.5613006,22.8647252],[120.5607894,22.8644254],[120.5599366,22.8637676],[120.5591451,22.8630374],[120.558493,22.8623787],[120.5572361,22.8612191],[120.556957,22.8610046],[120.5566013,22.8609055],[120.5559065,22.8609229],[120.5552579,22.8609113],[120.5551187,22.8608688],[120.5549018,22.8607259],[120.554325,22.8596928],[120.5532804,22.8577987],[120.5522964,22.8559998],[120.5523695,22.8561958],[120.5524231,22.8562921],[120.5535153,22.8584306],[120.5542636,22.8597649],[120.5548405,22.8608269],[120.5549802,22.8609701],[120.5551814,22.8610555],[120.5559072,22.8610523],[120.5566019,22.8610206],[120.5567256,22.8610487],[120.5570663,22.8612198],[120.5578576,22.8619356],[120.558929,22.8630528],[120.5596275,22.8637113],[120.5609142,22.8646694],[120.561518,22.8649544],[120.5622595,22.8649943],[120.5633556,22.8649463],[120.5645602,22.8649697],[120.5651328,22.8651973],[120.5657979,22.8653957],[120.5661223,22.8654231],[120.5665846,22.865234],[120.5673084,22.8648712],[120.5682328,22.8644643],[120.5686649,22.8644048],[120.569159,22.8644026],[120.57021,22.8645849],[120.5718947,22.8648506],[120.5727143,22.8650771],[120.5728237,22.8653068],[120.572857,22.8657382],[120.5729353,22.8659536],[120.5734009,22.8663829],[120.5736484,22.8664538],[120.573849,22.8664241],[120.5740639,22.866193],[120.5742787,22.8659187],[120.5744178,22.8659613],[120.5745271,22.8661765],[120.574714,22.8664778],[120.5750546,22.8666345],[120.5754871,22.8666469],[120.5757643,22.8665161],[120.5760101,22.8662705],[120.5760875,22.8663133],[120.5761969,22.8665429],[120.5762906,22.866744],[120.5765081,22.8669731],[120.5768633,22.8669715],[120.5770173,22.8668989],[120.5775696,22.8662347],[120.5779851,22.8659739],[120.5784787,22.865871],[120.5790807,22.8658251],[120.5793744,22.865867],[120.5794368,22.8659961],[120.5794874,22.8667582],[120.5795825,22.8672181],[120.5798468,22.8675477],[120.5809792,22.8684632],[120.5820223,22.8688099],[120.5829863,22.8683821],[120.5832328,22.8682803],[120.5839427,22.8681907],[120.5840972,22.8682188],[120.5842985,22.8682898],[120.5844074,22.8684475],[120.5844556,22.8687781],[120.5845335,22.8689216],[120.5846581,22.869108],[120.5850769,22.869437],[120.5856804,22.8696643],[120.586037,22.8699217],[120.5862538,22.8700213],[120.586501,22.870049],[120.5867328,22.8700767],[120.5869653,22.8702339],[120.5871667,22.870348],[120.5873674,22.8703326],[120.5875215,22.8702744],[120.5876752,22.8701443],[120.5878597,22.8699996],[120.5882914,22.8698682],[120.5888466,22.8697218],[120.5890468,22.8696345],[120.5892462,22.8693891],[120.5893367,22.8690003],[120.5894433,22.8687265],[120.5896123,22.8685819],[120.5899822,22.8684363],[120.5903679,22.8683626],[120.5907221,22.8682028],[120.5908295,22.8680728],[120.5908288,22.8679434],[120.5907811,22.8676991],[120.5907811,22.8676847],[120.5956637,22.8654182],[120.5960214,22.8658625],[120.5968595,22.8666209],[120.5981313,22.8675932],[120.5990773,22.8683223],[120.5997918,22.8690526],[120.6002735,22.8695682],[120.6005408,22.8704156],[120.6006665,22.8708033],[120.6012558,22.8712466],[120.6020489,22.8722209],[120.602437,22.8729142],[120.6030099,22.8733002],[120.6035076,22.8741608],[120.6036786,22.8744476],[120.6037263,22.874778],[120.6034336,22.8749803],[120.6034656,22.8752388],[120.6034665,22.8754688],[120.6033738,22.8754404],[120.6035752,22.8756121],[120.6041468,22.8756675],[120.6045326,22.8756087],[120.6050904,22.8760523],[120.6051222,22.8762821],[120.6050003,22.8766849],[120.605001,22.8768574],[120.6050636,22.8770728],[120.6051572,22.8773168],[120.6051429,22.8775755],[120.6050201,22.8777628],[120.604743,22.8779937],[120.6045117,22.8780663],[120.6041264,22.878269],[120.6040035,22.8784131],[120.6039428,22.8786576],[120.6040372,22.8791172],[120.6043484,22.8796909],[120.6047521,22.8802212],[120.6052012,22.8805502],[120.6055729,22.8807789],[120.6057589,22.8809507],[120.605992,22.8813235],[120.6061167,22.8816105],[120.6061022,22.8818405],[120.6062413,22.8818831],[120.6066434,22.8819967],[120.6067982,22.8820968],[120.6074633,22.8823531],[120.6080039,22.8823799],[120.608314,22.8826663],[120.6085001,22.8828668],[120.6086092,22.8830963],[120.6089193,22.8834258],[120.609601,22.8839551],[120.6100645,22.8840109],[120.6106199,22.8838796],[120.6113305,22.8839202],[120.6119022,22.8840044],[120.6121189,22.8841042],[120.6122586,22.8842905],[120.6122903,22.8844916],[120.6122453,22.884808],[120.6121384,22.8850957],[120.6118623,22.8855567],[120.6114172,22.8862338],[120.6111871,22.8865938],[120.6111898,22.8872693],[120.6113773,22.8878004],[120.6115799,22.8882308],[120.6116127,22.8887194],[120.6115522,22.8889926],[120.6118166,22.8894804],[120.6119562,22.8896092],[120.6122802,22.8895361],[120.6126811,22.8893622],[120.6129577,22.8890451],[120.6134675,22.8890863],[120.6140396,22.8892425],[120.6144261,22.8893417],[120.614751,22.8894698],[120.6150292,22.8895263],[120.6152446,22.8893387],[120.6155988,22.8890931],[120.6158768,22.8890921],[120.6161551,22.8891629],[120.6170058,22.8894617],[120.6176406,22.8898618],[120.6183226,22.8904486],[120.6184944,22.8909079],[120.6183721,22.8912101],[120.6181566,22.8913977],[120.6178171,22.8914565],[120.6176005,22.8913566],[120.617477,22.891357],[120.6172467,22.8916885],[120.6170164,22.8920342],[120.6170179,22.8923935],[120.6172198,22.8926658],[120.6175307,22.8931534],[120.6174873,22.8938434],[120.6175062,22.8946768],[120.6173074,22.8951518],[120.6170154,22.8954978],[120.6169857,22.8957853],[120.6170334,22.8961301],[120.6170348,22.8964606],[120.6169891,22.8966188],[120.6171599,22.8968338],[120.617455,22.8972208],[120.6177964,22.897622],[120.6179053,22.8978084],[120.6179367,22.8979233],[120.617891,22.8980672],[120.6176907,22.8981973],[120.6173205,22.8983135],[120.6167959,22.8984448],[120.6162557,22.898533],[120.6157311,22.8986642],[120.6152224,22.8988816],[120.6149297,22.8990695],[120.6148072,22.8993287],[120.6148081,22.8995586],[120.6148861,22.8997451],[120.6150104,22.8999315],[120.6153828,22.9003326],[120.6153987,22.9004331],[120.6153372,22.9005196],[120.615183,22.9005633],[120.614905,22.9005786],[120.6147046,22.9006655],[120.6146591,22.9008526],[120.6146755,22.9010968],[120.6148312,22.9014125],[120.6150493,22.9018716],[120.6151118,22.9020294],[120.6150954,22.9018139],[120.6150172,22.9015555],[120.614799,22.9010964],[120.6148139,22.900967],[120.6148753,22.9008518],[120.6149985,22.9007795],[120.6153377,22.9006489],[120.6154454,22.9005479],[120.6154914,22.9004472],[120.615491,22.9003465],[120.6153665,22.9001315],[120.6150871,22.8997875],[120.6149783,22.8996298],[120.6149778,22.8995148],[120.6149925,22.8993136],[120.6150538,22.8991984],[120.6152077,22.8990685],[120.6153615,22.8989242],[120.6156081,22.898794],[120.6158087,22.8987502],[120.6160711,22.8987061],[120.6164108,22.8986905],[120.6167504,22.8986318],[120.6171053,22.8985587],[120.6177841,22.8983837],[120.6179846,22.8982968],[120.6180926,22.8982821],[120.6181701,22.8983536],[120.6182643,22.8987126],[120.6183897,22.8991577],[120.618623,22.8995592],[120.6189189,22.9001186],[120.6189974,22.9004345],[120.6190139,22.9006787],[120.6189547,22.9013113],[120.6189118,22.9021307],[120.6188062,22.9027491],[120.6188069,22.9028928],[120.6189621,22.903079],[120.6192098,22.9032362],[120.6194887,22.9034508],[120.619551,22.9035655],[120.6195518,22.9037667],[120.6193827,22.9039542],[120.6190749,22.904214],[120.6190297,22.9044872],[120.6191079,22.9047169],[120.6193867,22.9049027],[120.6196351,22.905218],[120.6197908,22.9055193],[120.6199628,22.9060072],[120.6201977,22.9067969],[120.6204948,22.9076437],[120.6208051,22.9079875],[120.6209449,22.9081738],[120.6214416,22.9087469],[120.6218762,22.9092483],[120.6219852,22.9094635],[120.6219856,22.9095497],[120.6218628,22.909737],[120.6216473,22.9099103],[120.6213239,22.9101413],[120.6211241,22.9103864],[120.62094,22.9106745],[120.6206941,22.9109916],[120.6205402,22.9111071],[120.6203705,22.9111796],[120.6199385,22.9112962],[120.6193366,22.9114277],[120.6190594,22.9116155],[120.6188438,22.9117887],[120.6187987,22.912062],[120.6188462,22.9123636],[120.6189549,22.9124926],[120.619172,22.9126786],[120.6194352,22.9128214],[120.6197911,22.9129926],[120.6200542,22.9131065],[120.6202556,22.9132495],[120.6204113,22.9135508],[120.6204897,22.913838],[120.6205218,22.9141109],[120.6205411,22.9150306],[120.62065,22.915217],[120.6208209,22.9154607],[120.6211,22.9157184],[120.6211473,22.9159482],[120.6210872,22.9163508],[120.6208888,22.9169408],[120.6206288,22.917531],[120.6204597,22.9177471],[120.6202746,22.9178197],[120.6200584,22.9178349],[120.619811,22.9177639],[120.6195168,22.9175925],[120.6194086,22.9175929],[120.6194089,22.9176503],[120.6195019,22.9177363],[120.6198426,22.9179362],[120.6199356,22.9180078],[120.6200136,22.9182087],[120.6200919,22.9184383],[120.6202316,22.9186103],[120.6204022,22.9187677],[120.6204954,22.9188968],[120.6205114,22.919026],[120.6205588,22.9192845],[120.6205292,22.9196009],[120.6205302,22.9198452],[120.6205926,22.9199743],[120.6207165,22.9200601],[120.6209947,22.9201022],[120.6213041,22.9201873],[120.6216136,22.9203299],[120.6217377,22.9204731],[120.6217536,22.9205593],[120.6217539,22.9206456],[120.6216925,22.920732],[120.6215536,22.9207469],[120.6213374,22.9207764],[120.6212297,22.9208918],[120.6211844,22.9211363],[120.6210462,22.9213236],[120.6207538,22.9215834],[120.6205535,22.921699],[120.6204301,22.9217426],[120.6201057,22.9217581],[120.6199516,22.921845],[120.6197515,22.9220181],[120.6196283,22.9221191],[120.6194432,22.9221773],[120.619289,22.9222354],[120.6190421,22.9223081],[120.6187342,22.9225536],[120.619243,22.9223218],[120.6193509,22.9222639],[120.6194898,22.9222347],[120.6196442,22.9222341],[120.6197366,22.9221619],[120.6198751,22.922032],[120.6199829,22.9219454],[120.6201527,22.9219161],[120.6203844,22.9219152],[120.6205387,22.9218716],[120.6206928,22.9217704],[120.621016,22.9215106],[120.6211394,22.9214526],[120.6212783,22.9214233],[120.6212775,22.9212365],[120.6213073,22.920949],[120.6213842,22.9208768],[120.6215232,22.920862],[120.6217394,22.9208468],[120.6218319,22.9208177],[120.6219088,22.9207456],[120.6219235,22.9205731],[120.6218146,22.9203867],[120.6215822,22.9202006],[120.6213345,22.9200722],[120.6211489,22.9200154],[120.6207934,22.9199736],[120.6207004,22.9199165],[120.6206384,22.9198304],[120.6206223,22.9196868],[120.6206829,22.9193991],[120.6207281,22.9191403],[120.6207429,22.9189677],[120.620665,22.9188099],[120.6205255,22.9186954],[120.6203548,22.9185236],[120.6201994,22.9182798],[120.6201059,22.9180934],[120.6201363,22.9179783],[120.6205065,22.9178619],[120.6206452,22.9177609],[120.620844,22.9172859],[120.6211194,22.9166525],[120.6212709,22.9159622],[120.6212391,22.9157323],[120.62113,22.9155028],[120.6209125,22.9152161],[120.6207724,22.9149292],[120.6206779,22.9144984],[120.6206301,22.9141536],[120.6207362,22.9136933],[120.6207045,22.9134778],[120.6205643,22.9131909],[120.6203314,22.9129187],[120.6202075,22.912833],[120.619929,22.912719],[120.6196505,22.9126194],[120.6194337,22.9124908],[120.6193251,22.9123619],[120.6192781,22.9122183],[120.6192775,22.9120603],[120.6193694,22.9118874],[120.6196313,22.911714],[120.6199554,22.9116267],[120.620094,22.9115543],[120.6202479,22.91141],[120.620541,22.9113227],[120.6208489,22.9110629],[120.6211409,22.9107169],[120.6213402,22.9103569],[120.6215555,22.9101405],[120.6217402,22.9099817],[120.6220176,22.9098226],[120.6221403,22.9096066],[120.6221703,22.9094054],[120.6222006,22.9092615],[120.6224164,22.9091601],[120.6228025,22.90913],[120.6230342,22.9091435],[120.6232662,22.9092145],[120.6234522,22.9093576],[120.6236687,22.9094286],[120.6239004,22.9094134],[120.6237147,22.9093422],[120.6235598,22.9092422],[120.6233892,22.9090848],[120.6231264,22.9090282],[120.6229255,22.9090002],[120.6227093,22.9090153],[120.6224778,22.9090737],[120.6223388,22.9090741],[120.6221532,22.9089886],[120.6218897,22.9087884],[120.6216261,22.908545],[120.621207,22.9080579],[120.620959,22.9078288],[120.62057,22.9071691],[120.6201952,22.9061933],[120.6200694,22.9056332],[120.6200371,22.9053027],[120.6202047,22.9047704],[120.620388,22.9042668],[120.620416,22.9035768],[120.6203985,22.9030594],[120.6203819,22.9028008],[120.6202725,22.9024994],[120.6198223,22.9019406],[120.619543,22.9016398],[120.6193868,22.901238],[120.6193219,22.9004764],[120.6192744,22.9002036],[120.6190251,22.8996727],[120.618667,22.8989842],[120.6184174,22.8983958],[120.6182614,22.8980083],[120.6181517,22.8976207],[120.6180732,22.8973336],[120.6177777,22.8968316],[120.6176225,22.8966597],[120.6175127,22.8962433],[120.6176201,22.8960849],[120.6177882,22.8956388],[120.6182335,22.8950047],[120.6183092,22.8946452],[120.6183087,22.8945302],[120.6181684,22.8942289],[120.6181673,22.8939558],[120.6181042,22.8936256],[120.6178242,22.8931523],[120.6176216,22.8927075],[120.617574,22.8923915],[120.6176802,22.8919599],[120.6178187,22.8918301],[120.6184051,22.8917274],[120.6187601,22.8916686],[120.6188358,22.8912946],[120.6188344,22.8909641],[120.6187405,22.8906626],[120.6184763,22.8902612],[120.6180427,22.8899753],[120.6177946,22.8897463],[120.6176856,22.8895311],[120.6174686,22.889345],[120.6172049,22.8890729],[120.6167262,22.889089],[120.6161541,22.888933],[120.6155201,22.8887197],[120.6152267,22.8887495],[120.6148725,22.8889807],[120.6144254,22.8891691],[120.6140385,22.8889693],[120.6133118,22.8887564],[120.6129875,22.8887575],[120.6127104,22.8889741],[120.61231,22.8892486],[120.6120625,22.8891777],[120.6118141,22.8888336],[120.6117496,22.8882015],[120.611748,22.887799],[120.611529,22.88711],[120.6114196,22.886823],[120.6115423,22.886607],[120.6118649,22.886189],[120.612171,22.8855124],[120.6124164,22.8851092],[120.6125078,22.8847926],[120.6125368,22.8843326],[120.6124578,22.8839162],[120.6123176,22.8836148],[120.6119615,22.8833862],[120.6116525,22.8833585],[120.6115137,22.8833878],[120.6110509,22.8835188],[120.6105108,22.8836213],[120.6101244,22.8835508],[120.6096602,22.8833225],[120.6090556,22.8827642],[120.6086675,22.8822481],[120.6082811,22.8821777],[120.6080337,22.8821211],[120.6074614,22.8818788],[120.606842,22.8814929],[120.6066719,22.8814217],[120.6064241,22.8812501],[120.6058818,22.8808209],[120.6054019,22.8805352],[120.6049997,22.8803498],[120.604798,22.8801205],[120.6046116,22.8798624],[120.6043475,22.879461],[120.6041295,22.8790019],[120.6041432,22.878585],[120.6042811,22.8783402],[120.6045897,22.8782673],[120.6048056,22.8781803],[120.60516,22.8779778],[120.6052212,22.8778483],[120.6052976,22.8776611],[120.605327,22.8773018],[120.6052648,22.8771726],[120.6052487,22.877029],[120.6052328,22.8769141],[120.6053406,22.8768418],[120.6054641,22.8768414],[120.6059584,22.876854],[120.6063449,22.8769532],[120.6065926,22.8771104],[120.6069645,22.8774397],[120.6072275,22.8775537],[120.6077072,22.877782],[120.6086505,22.8781092],[120.6092842,22.8782506],[120.609624,22.8782782],[120.6102562,22.8780316],[120.6108271,22.8779146],[120.6111666,22.8778415],[120.6115678,22.877797],[120.6118304,22.877796],[120.6122322,22.8778521],[120.6127107,22.8778073],[120.6131427,22.8777194],[120.6133895,22.8776611],[120.6134977,22.877675],[120.613899,22.8776305],[120.6143306,22.8774278],[120.6146697,22.8772828],[120.6151328,22.8772525],[120.6155653,22.8772509],[120.6160437,22.8771629],[120.616537,22.8769743],[120.6173074,22.8765691],[120.6179243,22.8763657],[120.6181094,22.8763219],[120.6186184,22.8761763],[120.6191586,22.8761025],[120.6196836,22.8761006],[120.6199466,22.8762003],[120.6203802,22.8765004],[120.6208301,22.8769875],[120.6210783,22.8772597],[120.6215286,22.8778616],[120.6219173,22.8784782],[120.6220726,22.8786932],[120.6223676,22.8790658],[120.6230028,22.8795522],[120.6235292,22.879852],[120.6241943,22.8801226],[120.6243338,22.8802515],[120.6243498,22.8803807],[120.6245672,22.880653],[120.6252188,22.8813549],[120.6258391,22.8819706],[120.6263518,22.8827161],[120.6264765,22.8829887],[120.6266633,22.8833329],[120.6270823,22.88382],[120.6276556,22.8842778],[120.6282283,22.8845775],[120.6286929,22.8848632],[120.6290648,22.885178],[120.6292513,22.8854361],[120.629252,22.8856085],[120.6293313,22.8861112],[120.62941,22.8864415],[120.6295356,22.8869296],[120.6296923,22.8874896],[120.6300503,22.8881349],[120.6305159,22.888665],[120.6313841,22.8894379],[120.6318952,22.8897953],[120.6323443,22.8900811],[120.6324994,22.8902386],[120.6325767,22.8902527],[120.6326384,22.8902524],[120.6325917,22.890152],[120.6322661,22.8898658],[120.6313831,22.8892079],[120.6309337,22.8888503],[120.6307474,22.8886354],[120.6303286,22.8882059],[120.6300332,22.887747],[120.6298456,22.8872016],[120.629829,22.8869285],[120.6298435,22.886713],[120.629795,22.8861957],[120.629654,22.8857219],[120.6294207,22.8853492],[120.629017,22.8848333],[120.628738,22.8845899],[120.6285985,22.8844755],[120.6283972,22.8843326],[120.6277937,22.8840617],[120.627298,22.8837186],[120.6266774,22.8830167],[120.6264753,22.8827155],[120.6260557,22.8820704],[120.625512,22.881325],[120.6252638,22.8810385],[120.6249371,22.8804936],[120.6249057,22.8803643],[120.6251373,22.8803635],[120.6254772,22.880391],[120.625771,22.8804906],[120.6259719,22.880533],[120.6262351,22.8806756],[120.6264672,22.8807754],[120.6267606,22.8807743],[120.6275013,22.8806279],[120.6283041,22.8805962],[120.6296008,22.8804621],[120.6316245,22.8806127],[120.6327672,22.8806085],[120.6335406,22.8807886],[120.6341586,22.8811325],[120.6348074,22.8815193],[120.6354253,22.8818344],[120.6361667,22.8822068],[120.6367534,22.882378],[120.6374478,22.8824627],[120.6381884,22.8824897],[120.6388982,22.8825168],[120.6394539,22.8826593],[120.6405041,22.8831173],[120.6405364,22.8836927],[120.6407835,22.883836],[120.6417411,22.8842366],[120.6424209,22.8846377],[120.6432239,22.8849524],[120.6438106,22.8851524],[120.6441809,22.8851227],[120.6446128,22.8850929],[120.6446751,22.885323],[120.644631,22.8862438],[120.6446795,22.8871214],[120.644711,22.887409],[120.6445119,22.887985],[120.644205,22.8887052],[120.6439904,22.8892524],[120.6438071,22.890001],[120.6436541,22.8905049],[120.6434389,22.8908794],[120.6428077,22.8914277],[120.6422539,22.8921341],[120.6416541,22.892898],[120.6413157,22.8933305],[120.6411154,22.8934461],[120.6408069,22.8934899],[120.6406836,22.8935621],[120.6405149,22.8939367],[120.6403304,22.8942104],[120.6400997,22.8944988],[120.6400074,22.8946572],[120.6399616,22.8948444],[120.6399313,22.8950602],[120.6401331,22.8955778],[120.6402111,22.8959228],[120.6401808,22.8961819],[120.6400901,22.8969302],[120.6399841,22.897765],[120.6400633,22.8986137],[120.6402503,22.8993614],[120.6405446,22.8998786],[120.6408697,22.900295],[120.64138,22.9007686],[120.6419984,22.9012563],[120.6426784,22.9017007],[120.6431113,22.902045],[120.6435137,22.9025331],[120.643947,22.9030788],[120.644195,22.9035099],[120.6445673,22.9043291],[120.645002,22.9054071],[120.6451112,22.9058959],[120.6450817,22.9064427],[120.6448372,22.9074217],[120.6447766,22.9078822],[120.6448395,22.9083569],[120.6450262,22.9089607],[120.6450266,22.9091765],[120.6449654,22.9093781],[120.644642,22.9096235],[120.6443649,22.9098975],[120.644104,22.9105024],[120.6439517,22.9113229],[120.643969,22.9120997],[120.6440324,22.9127758],[120.6439716,22.9131356],[120.6439259,22.9133947],[120.6440037,22.9136247],[120.6443134,22.9140699],[120.6445767,22.9144866],[120.6446543,22.9146734],[120.6445624,22.9149327],[120.6444553,22.915307],[120.6445176,22.9155658],[120.6447348,22.9160544],[120.6449365,22.9164712],[120.6450146,22.9168738],[120.6449855,22.9175932],[120.6451267,22.9185137],[120.6451754,22.9194919],[120.6453459,22.9198225],[120.6455475,22.9202104],[120.6455789,22.9204261],[120.6454259,22.9209877],[120.6451501,22.9217797],[120.6450587,22.9222546],[120.6450288,22.9226432],[120.6452005,22.9234484],[120.645434,22.9242823],[120.6457443,22.9249434],[120.6462864,22.9257334],[120.6465501,22.9262795],[120.6469984,22.9265949],[120.6475552,22.9270684],[120.6477565,22.9273413],[120.6479583,22.9278299],[120.648052,22.9282757],[120.6480378,22.9287937],[120.6475624,22.9300178],[120.6471026,22.9313138],[120.646889,22.9322638],[120.6466128,22.9329695],[120.6462135,22.9337474],[120.6462916,22.9341213],[120.6463232,22.9344089],[120.6461698,22.9348122],[120.6457702,22.9354893],[120.6449863,22.9368005],[120.6446479,22.9372905],[120.644203,22.9383994],[120.643574,22.9399259],[120.6430064,22.9413948],[120.6429623,22.942287],[120.6429019,22.9428194],[120.6425808,22.9440863],[120.6425671,22.9447769],[120.6425839,22.945338],[120.6428018,22.9461],[120.6428804,22.9466897],[120.6428349,22.9470207],[120.6426823,22.9477548],[120.6424979,22.9480862],[120.6422514,22.9482307],[120.6418349,22.9483323],[120.6417274,22.9485916],[120.6417291,22.9492821],[120.6417311,22.950131],[120.641809,22.9504042],[120.6418403,22.9506199],[120.6419185,22.9510369],[120.6419808,22.951267],[120.6421817,22.9513673],[120.6423211,22.9515107],[120.6423371,22.9517697],[120.64243,22.9518558],[120.6426306,22.9518553],[120.6427079,22.951927],[120.6426931,22.9521717],[120.6427101,22.9528047],[120.6427881,22.9531642],[120.6430056,22.9537104],[120.643238,22.9540983],[120.643486,22.9544862],[120.6438116,22.9550752],[120.6439201,22.9553052],[120.6439207,22.955521],[120.6437527,22.9562696],[120.6435535,22.9568743],[120.6435549,22.9574354],[120.6435576,22.9585576],[120.6436517,22.9591905],[120.6438077,22.9598231],[120.6442273,22.9610019],[120.6446613,22.9617202],[120.6451567,22.9623089],[120.6456984,22.9628399],[120.6463326,22.9633851],[120.6466578,22.9638159],[120.6471693,22.9646348],[120.6475885,22.9656265],[120.6477436,22.9658995],[120.648101,22.966877],[120.6483501,22.9677396],[120.6485069,22.9687319],[120.6486643,22.9699401],[120.6488202,22.9705584],[120.6488674,22.9709036],[120.6488224,22.971436],[120.6486243,22.9725155],[120.6482719,22.9735666],[120.6477959,22.9746468],[120.6475191,22.9750791],[120.6471956,22.9753533],[120.6470733,22.9758284],[120.6469978,22.9765048],[120.646813,22.9767066],[120.6460426,22.9773559],[120.6456733,22.977846],[120.6453814,22.9784365],[120.6448888,22.9789988],[120.644365,22.9794892],[120.6439182,22.9798357],[120.6437026,22.9800951],[120.6435185,22.9805704],[120.6430727,22.9813483],[120.6427343,22.9818671],[120.6424262,22.9821556],[120.6420561,22.982329],[120.6418248,22.9824303],[120.6418253,22.9826462],[120.6418418,22.9831065],[120.6418745,22.9838258],[120.6419081,22.9849479],[120.6419864,22.9854369],[120.6420177,22.9855807],[120.6420338,22.9858828],[120.6420965,22.9862711],[120.6421128,22.9866163],[120.6420691,22.9876812],[120.6419635,22.988746],[120.6419182,22.989149],[120.6418416,22.9893937],[120.6417959,22.9896672],[120.6417503,22.9899407],[120.6417973,22.9901995],[120.6418444,22.9905304],[120.6418295,22.9907605],[120.6417837,22.9909621],[120.6414604,22.9913801],[120.6408443,22.992029],[120.6406135,22.9923173],[120.6402596,22.9928505],[120.6400902,22.9930235],[120.6396894,22.9932834],[120.6393503,22.9935576],[120.6389962,22.9939613],[120.6387346,22.9943216],[120.6384271,22.9948834],[120.6383195,22.9950564],[120.6383352,22.9951714],[120.6384279,22.9951999],[120.6385511,22.9950702],[120.6386589,22.9949692],[120.638767,22.9949977],[120.6387519,22.9951416],[120.6384292,22.9957754],[120.6381521,22.9961358],[120.637768,22.996928],[120.6375065,22.9973026],[120.6372783,22.9979417],[120.6373251,22.9982291],[120.6372791,22.998488],[120.6371713,22.9987468],[120.6369555,22.9991784],[120.6368788,22.9996528],[120.6368021,23.0000698],[120.6366636,23.0005444],[120.6365404,23.0008895],[120.6364327,23.001249],[120.6364949,23.0014789],[120.6367118,23.001723],[120.6369444,23.0021826],[120.6368215,23.002729],[120.6366983,23.003103],[120.6365594,23.0032901],[120.6363588,23.0035491],[120.636081,23.0039088],[120.6356948,23.0042256],[120.6356336,23.0047576],[120.6357583,23.0053611],[120.6360064,23.005792],[120.636239,23.0062229],[120.6365023,23.0065243],[120.6367035,23.0065816],[120.6369665,23.0066099],[120.6371831,23.0066814],[120.6373998,23.0068105],[120.6376009,23.0068101],[120.6377554,23.0067381],[120.6376779,23.0065945],[120.6375385,23.0064796],[120.6373682,23.0063075],[120.6371049,23.0060635],[120.6367951,23.0057908],[120.6366556,23.0055466],[120.6367017,23.0053597],[120.6368873,23.0053307],[120.6371038,23.0054023],[120.6376147,23.0056602],[120.6383882,23.0058747],[120.6392548,23.0061752],[120.6400904,23.0065189],[120.6408792,23.0065752],[120.6414518,23.0067899],[120.6419009,23.0071342],[120.6422263,23.0075505],[120.6423813,23.0077803],[120.64249,23.0080245],[120.642583,23.0082256],[120.6427693,23.0086996],[120.6431412,23.0091303],[120.6434973,23.009331],[120.6438068,23.0095173],[120.644039,23.0096177],[120.6444413,23.009732],[120.6446735,23.0098754],[120.6447974,23.0100333],[120.6451999,23.0102627],[120.6456336,23.0106214],[120.646268,23.0108503],[120.6469023,23.0109356],[120.6473043,23.0108487],[120.6476598,23.0107044],[120.6478762,23.0106034],[120.6480462,23.0105888],[120.6482011,23.0106748],[120.6483095,23.0107896],[120.6483254,23.0110914],[120.6485117,23.0115224],[120.6489459,23.0122691],[120.6491944,23.0128725],[120.6490864,23.0131026],[120.6489476,23.0133185],[120.6488862,23.0136204],[120.6489639,23.0138215],[120.6490568,23.0139651],[120.6492426,23.0140511],[120.6498614,23.0141651],[120.6504495,23.0143798],[120.6507747,23.014638],[120.6509452,23.0148533],[120.6509612,23.0151552],[120.6508996,23.0153422],[120.6507296,23.0154431],[120.6504362,23.0157166],[120.6500812,23.0161628],[120.6497883,23.0167813],[120.649572,23.0169542],[120.6493557,23.017127],[120.6491084,23.0172137],[120.6489073,23.017214],[120.6488143,23.017056],[120.648752,23.016783],[120.6485506,23.0165821],[120.6482877,23.0166113],[120.647963,23.0166549],[120.6473911,23.0169146],[120.6466957,23.0172894],[120.6462011,23.0175776],[120.6457529,23.0177939],[120.6453513,23.0180964],[120.6451197,23.0183555],[120.6451355,23.0185568],[120.6452903,23.0187003],[120.6455227,23.0188868],[120.6456934,23.0192459],[120.6457246,23.0194471],[120.645694,23.019634],[120.6455398,23.0199935],[120.6452928,23.0203245],[120.6451853,23.0207847],[120.6450311,23.0210581],[120.6447991,23.0211016],[120.6446289,23.0210443],[120.6444277,23.0209727],[120.6442886,23.0210161],[120.6439792,23.021031],[120.6437008,23.0210026],[120.6434068,23.0209887],[120.6431592,23.0208741],[120.6429424,23.020702],[120.6426638,23.0205874],[120.6424316,23.020444],[120.6422922,23.0203149],[120.64223,23.0201137],[120.6423222,23.0197111],[120.6424453,23.0193084],[120.642445,23.0191072],[120.6423983,23.018906],[120.6421971,23.0188632],[120.6419188,23.0189355],[120.641718,23.0190508],[120.6414707,23.0191806],[120.6412078,23.0192097],[120.6409293,23.0192101],[120.6406199,23.01911],[120.6402331,23.0190243],[120.6399234,23.0187805],[120.6397685,23.0186225],[120.6396598,23.0183496],[120.6395202,23.0181054],[120.6393343,23.0178902],[120.639164,23.0178185],[120.6388236,23.017704],[120.6384211,23.0175321],[120.6380498,23.0174321],[120.6377558,23.0173319],[120.6374771,23.0171742],[120.6371676,23.0170454],[120.6368118,23.0169453],[120.6364869,23.0169457],[120.6361621,23.0169462],[120.6358838,23.0170473],[120.6356985,23.0172201],[120.6355132,23.0174216],[120.6352659,23.0175657],[120.6350804,23.0175659],[120.6349102,23.0175374],[120.6347244,23.0174515],[120.634554,23.0172792],[120.634368,23.0169777],[120.6342903,23.0167766],[120.6342281,23.0165323],[120.6342124,23.0163598],[120.6341194,23.0162306],[120.6339335,23.0160584],[120.6337326,23.0160731],[120.633578,23.0161739],[120.6334236,23.0163754],[120.6332229,23.0166345],[120.6328588,23.0167163],[120.6332231,23.0167782],[120.633424,23.0166341],[120.6336402,23.0163751],[120.6337636,23.0162167],[120.6338719,23.0162166],[120.6340577,23.0163457],[120.634089,23.0165469],[120.6342288,23.0169923],[120.6344769,23.0174231],[120.6347865,23.0176383],[120.6350651,23.0177385],[120.6354053,23.0177092],[120.6356525,23.0174788],[120.6359923,23.0171765],[120.6364563,23.0171327],[120.6371369,23.0171747],[120.6375548,23.017361],[120.6377405,23.017447],[120.6381428,23.0176045],[120.6384523,23.0176471],[120.6389166,23.0178189],[120.6392261,23.0179765],[120.6394275,23.0181488],[120.6395361,23.0183929],[120.6397688,23.0188669],[120.6399082,23.0189817],[120.6399701,23.0190247],[120.640419,23.0192109],[120.6408522,23.0193108],[120.6413162,23.0193389],[120.6416256,23.0193097],[120.6419037,23.0191511],[120.6420737,23.0190215],[120.6422438,23.0190213],[120.6423058,23.0191217],[120.6423062,23.0193661],[120.6422291,23.0195244],[120.6421367,23.0197976],[120.6421061,23.0200421],[120.642122,23.0203008],[120.6422305,23.0204731],[120.6424318,23.0205878],[120.6427104,23.0207167],[120.6430045,23.0208744],[120.6432367,23.0210034],[120.6434535,23.021118],[120.6437319,23.0211751],[120.6439794,23.021146],[120.6442113,23.0211312],[120.6443969,23.0211022],[120.6445672,23.021145],[120.6447375,23.021231],[120.6449075,23.0211876],[120.6451394,23.021101],[120.6452783,23.0208852],[120.6454169,23.0205687],[120.64554,23.0201517],[120.6457715,23.0197919],[120.6458175,23.0195332],[120.6458325,23.0191881],[120.6457702,23.0189151],[120.6455534,23.0187717],[120.6453829,23.0185852],[120.6453209,23.0184559],[120.6453516,23.0182689],[120.6457686,23.0179233],[120.6464331,23.0175629],[120.646835,23.0173897],[120.6473294,23.0170584],[120.6477004,23.0168853],[120.6481487,23.0167409],[120.6483806,23.0167118],[120.6485975,23.0168838],[120.6486597,23.0171137],[120.6488301,23.0173292],[120.6490004,23.0173863],[120.6492478,23.0173141],[120.649495,23.0171556],[120.6497114,23.0170546],[120.6498504,23.016925],[120.6500046,23.0166517],[120.6501741,23.0162202],[120.6504673,23.0158603],[120.6506837,23.0157163],[120.6508226,23.0155579],[120.651039,23.0154713],[120.6512245,23.0154135],[120.6512862,23.0153128],[120.6512859,23.0151116],[120.6511464,23.0148818],[120.6508053,23.0144223],[120.6505576,23.0142646],[120.6501707,23.0140928],[120.6497685,23.0140215],[120.6494281,23.0139645],[120.6491495,23.0138644],[120.6490255,23.0136921],[120.6490252,23.0134908],[120.6491331,23.0132607],[120.6492411,23.0130881],[120.6493336,23.0129441],[120.6493488,23.0127717],[120.6492867,23.0125848],[120.6490696,23.0122114],[120.6487902,23.0115794],[120.6485576,23.0112205],[120.6484179,23.0109188],[120.6483865,23.0105882],[120.6484635,23.0103869],[120.648788,23.0101995],[120.6492361,23.0099257],[120.6496378,23.0096519],[120.6501169,23.0094068],[120.6505496,23.0092049],[120.6509359,23.0089886],[120.6513375,23.0087005],[120.6517084,23.0084843],[120.6519092,23.0083402],[120.65262,23.0079223],[120.6530991,23.0077634],[120.6534858,23.0077339],[120.6538105,23.0077334],[120.6547534,23.0073726],[120.6555726,23.0070837],[120.6561601,23.006939],[120.6567477,23.0068949],[120.6573974,23.0070088],[120.6580628,23.0071802],[120.658589,23.0073663],[120.6594248,23.0077961],[120.6601522,23.0080824],[120.6608948,23.008268],[120.6614207,23.0082815],[120.6621475,23.0082084],[120.6632302,23.0082641],[120.66371,23.0084214],[120.6640355,23.0089096],[120.664222,23.0094411],[120.6643,23.0098004],[120.6642544,23.0102891],[120.6641005,23.0107351],[120.6639157,23.0111954],[120.6638241,23.0119285],[120.6639332,23.0124315],[120.6640267,23.0128482],[120.6641513,23.0133223],[120.66426,23.013624],[120.664245,23.0138684],[120.664153,23.0143716],[120.6638292,23.0149328],[120.6637216,23.0153354],[120.663784,23.0156803],[120.6638309,23.0159822],[120.6638167,23.0167152],[120.6637404,23.0173622],[120.6636178,23.0180236],[120.6634178,23.0186564],[120.6631248,23.0192032],[120.6628781,23.0196205],[120.6626935,23.0201957],[120.6625239,23.0205554],[120.6622462,23.0209439],[120.6619378,23.0215482],[120.6617838,23.0219797],[120.6618008,23.0228852],[120.6620029,23.0234886],[120.6620499,23.0238335],[120.6620658,23.0241354],[120.6620668,23.0246816],[120.6619287,23.0253861],[120.6617596,23.0260045],[120.661266,23.0268391],[120.6607878,23.0276017],[120.6602788,23.0284506],[120.6598932,23.0291556],[120.659662,23.0296303],[120.6593225,23.0301053],[120.6590601,23.0304938],[120.6587205,23.0309112],[120.6583498,23.0312137],[120.6579171,23.0315019],[120.6574845,23.0318476],[120.6572532,23.0322217],[120.6567902,23.032898],[120.6564509,23.0335167],[120.6563277,23.033905],[120.6563284,23.0342931],[120.6563908,23.0345949],[120.6564843,23.0350834],[120.6565934,23.035572],[120.6567343,23.0365348],[120.6567353,23.0372248],[120.656783,23.0379578],[120.6568305,23.0386621],[120.6569549,23.03905],[120.6570639,23.0394522],[120.6573592,23.0402999],[120.6575301,23.0407596],[120.6576077,23.0409176],[120.6576853,23.0410468],[120.6577317,23.0411042],[120.657809,23.0410322],[120.6577622,23.0408167],[120.657808,23.0403998],[120.6577299,23.0399687],[120.6577444,23.0393937],[120.6577905,23.0392354],[120.6578678,23.0391491],[120.6580072,23.0392926],[120.6580229,23.0393788],[120.6581004,23.0395225],[120.6583023,23.0399964],[120.6586747,23.0406715],[120.6589072,23.0409729],[120.6592016,23.0412312],[120.6595117,23.0416475],[120.6598063,23.0420926],[120.6601785,23.0426095],[120.6605969,23.0430688],[120.6609224,23.0434132],[120.6611703,23.0436572],[120.6615732,23.0440303],[120.6619295,23.044389],[120.6621001,23.04459],[120.6623948,23.045035],[120.6627823,23.0455088],[120.6631076,23.0457813],[120.6635567,23.0460106],[120.664114,23.0462683],[120.664625,23.0465263],[120.6649191,23.0466263],[120.6652596,23.0466977],[120.6654917,23.0467404],[120.6661574,23.0470124],[120.6667147,23.0472414],[120.6673339,23.0474704],[120.6676901,23.0476997],[120.6679071,23.0479294],[120.6682632,23.0481156],[120.6688668,23.0482296],[120.6699497,23.0482277],[120.6711719,23.0482256],[120.671667,23.0482392],[120.6719147,23.0483393],[120.6720545,23.048641],[120.6720087,23.0490148],[120.6718548,23.0495181],[120.6715306,23.0499068],[120.6710826,23.0502957],[120.6705112,23.0508429],[120.6711138,23.0504393],[120.6714691,23.050065],[120.6717627,23.0498777],[120.6718709,23.0498344],[120.6719483,23.0498773],[120.6718868,23.0501074],[120.6715777,23.0502948],[120.6713305,23.0504677],[120.6709443,23.0508133],[120.6705117,23.0511592],[120.6701256,23.0515335],[120.6698328,23.0521952],[120.6694787,23.0531876],[120.6694023,23.0537628],[120.6692181,23.0545825],[120.6691884,23.0553443],[120.6692671,23.056106],[120.6693301,23.056724],[120.6695784,23.0572123],[120.6698731,23.0575712],[120.6701366,23.0578869],[120.6701834,23.0581169],[120.670184,23.0584619],[120.6701695,23.0590224],[120.6704183,23.0597408],[120.6706978,23.0603296],[120.6708843,23.0607748],[120.6709315,23.0612779],[120.6709307,23.0607604],[120.6709921,23.060516],[120.6709607,23.0602142],[120.6708209,23.0598981],[120.6706502,23.0596254],[120.6705104,23.0593381],[120.6704014,23.0589358],[120.6703697,23.0585046],[120.6704158,23.0583033],[120.670555,23.0582455],[120.6708493,23.0584751],[120.6713139,23.0587617],[120.6717475,23.0589622],[120.6721502,23.0591916],[120.6727696,23.059521],[120.673157,23.0598509],[120.6732816,23.0603107],[120.6733596,23.0607131],[120.6733755,23.0609287],[120.6733917,23.0613599],[120.6734544,23.0618198],[120.6735172,23.0623228],[120.6736262,23.0626819],[120.6737971,23.0631128],[120.673968,23.0635294],[120.6742163,23.0639315],[120.6746966,23.0643044],[120.6751923,23.0646484],[120.675858,23.0648629],[120.6766472,23.064919],[120.6772662,23.0649611],[120.6778546,23.0652188],[120.6782885,23.0655773],[120.6784902,23.0658788],[120.6788308,23.0660508],[120.6792956,23.066323],[120.6797295,23.0667391],[120.6801172,23.0671984],[120.6805047,23.0676289],[120.6812027,23.0685476],[120.6818385,23.0693084],[120.6825207,23.0700834],[120.683141,23.0708728],[120.6835757,23.0716338],[120.6839947,23.0722943],[120.6844602,23.0730122],[120.684957,23.0739025],[120.6853452,23.0746493],[120.6855785,23.0752957],[120.685812,23.0760139],[120.6860459,23.0770485],[120.6863727,23.0780685],[120.6866216,23.078758],[120.6870565,23.0796052],[120.6874599,23.0801939],[120.6878944,23.0808543],[120.6882513,23.0813424],[120.6885767,23.0816436],[120.6888713,23.0819305],[120.6891965,23.0820593],[120.6897848,23.0822164],[120.6909153,23.0826312],[120.6918288,23.0829457],[120.6925102,23.0831888],[120.6930524,23.0835471],[120.6935017,23.0838194],[120.693719,23.0841208],[120.6939057,23.0846236],[120.6939994,23.0850834],[120.6941398,23.0857013],[120.6941567,23.0864918],[120.6941272,23.0871962],[120.6940665,23.0878863],[120.6939745,23.0883176],[120.6938051,23.0887636],[120.6936357,23.0891233],[120.6933883,23.089253],[120.6931102,23.0895123],[120.692538,23.0897146],[120.6919346,23.0897877],[120.6913776,23.0898462],[120.6907742,23.0899048],[120.6900933,23.0899205],[120.6894588,23.0899072],[120.6888552,23.0899084],[120.688329,23.0898949],[120.6879576,23.0898525],[120.6876325,23.0898387],[120.6874931,23.0897383],[120.6872145,23.0897388],[120.6869361,23.0898112],[120.6867507,23.089984],[120.6866584,23.090243],[120.686566,23.0905163],[120.6864891,23.0908182],[120.6864898,23.0911632],[120.6865516,23.0910913],[120.6866133,23.0909905],[120.6866599,23.091091],[120.6866602,23.0912348],[120.6867071,23.0914934],[120.6867696,23.091867],[120.6869716,23.0922835],[120.6870806,23.0926426],[120.6873602,23.0932028],[120.6877792,23.0938201],[120.6880896,23.0942939],[120.688369,23.0947533],[120.6890517,23.0957008],[120.6892843,23.0959591],[120.6895943,23.0961885],[120.6899354,23.0965472],[120.6902301,23.0968773],[120.6904938,23.0972362],[120.6909899,23.0976378],[120.6918271,23.0984555],[120.6925404,23.0992017],[120.6929902,23.0996752],[120.6930837,23.1000344],[120.6931316,23.1007961],[120.6933494,23.1014282],[120.6937532,23.1021461],[120.6940483,23.1027206],[120.6942971,23.1033095],[120.6944368,23.1035248],[120.6948406,23.1042427],[120.6951511,23.1047308],[120.6953376,23.1051617],[120.6955394,23.1055064],[120.6957566,23.1057503],[120.695974,23.1060949],[120.6961137,23.1062959],[120.6961762,23.106612],[120.6962857,23.1072299],[120.6963639,23.1076465],[120.696442,23.1080489],[120.6965203,23.1085374],[120.6968462,23.1089969],[120.6970638,23.1094133],[120.6971886,23.1099305],[120.6974682,23.1105049],[120.6978561,23.1109355],[120.6981352,23.1112368],[120.6985072,23.1114804],[120.6989101,23.1117384],[120.6994523,23.1119961],[120.7000719,23.1122249],[120.7007067,23.1123244],[120.7011401,23.1123379],[120.7017283,23.1123655],[120.7023627,23.1122781],[120.7029971,23.1121619],[120.703662,23.1118443],[120.7041257,23.1115128],[120.704512,23.1112246],[120.7048366,23.1109365],[120.7051148,23.1107491],[120.7055322,23.1105039],[120.705934,23.1101725],[120.7064437,23.1096684],[120.7066906,23.1093086],[120.7068908,23.1087908],[120.7069983,23.1083593],[120.7071217,23.1081722],[120.7073536,23.1079848],[120.7076474,23.1078981],[120.7083596,23.1080116],[120.7091337,23.1080964],[120.7097064,23.108124],[120.7101552,23.10808],[120.7105572,23.1079211],[120.7108664,23.1077337],[120.7112676,23.1071147],[120.7114828,23.1063956],[120.7116984,23.1058633],[120.7118989,23.1055467],[120.7121771,23.1053305],[120.712564,23.1053154],[120.7130594,23.1053575],[120.7134467,23.105558],[120.7138807,23.1058877],[120.7141754,23.1062033],[120.7144703,23.1065765],[120.7146411,23.106878],[120.7148122,23.1072658],[120.714968,23.1077542],[120.7150618,23.1082283],[120.7152339,23.1091049],[120.7154057,23.1098664],[120.7154533,23.1104125],[120.7154699,23.1109587],[120.7154559,23.1116631],[120.715349,23.1123676],[120.7152418,23.1129428],[120.7150882,23.1135468],[120.7150577,23.1137337],[120.7149657,23.1141795],[120.7148583,23.1145966],[120.7147509,23.1150999],[120.7146123,23.1154452],[120.71435,23.1158625],[120.7141804,23.1161648],[120.7139488,23.1164527],[120.7137327,23.1167406],[120.713532,23.1170142],[120.7133315,23.1173595],[120.7131155,23.1177049],[120.7128686,23.1180791],[120.7126681,23.1184101],[120.7124519,23.1186549],[120.7122664,23.1187846],[120.71205,23.1189432],[120.7119885,23.1191302],[120.7119733,23.1192883],[120.7120511,23.1194751],[120.7122993,23.1197045],[120.7125628,23.1199053],[120.7128728,23.1201202],[120.7132136,23.1202777],[120.7137094,23.1204636],[120.7141431,23.1206064],[120.7144994,23.1207495],[120.7148401,23.1208495],[120.715026,23.1209065],[120.7154907,23.1210781],[120.7161415,23.1213931],[120.7166218,23.1216077],[120.7171175,23.1217936],[120.7175048,23.121994],[120.7178613,23.1221945],[120.7182644,23.1224812],[120.7184814,23.1226676],[120.718648,23.1229022],[120.7188503,23.1231891],[120.7193016,23.1237628],[120.7197694,23.1246384],[120.7200653,23.1250975],[120.7203144,23.1254563],[120.7211862,23.1267043],[120.7220115,23.1279382],[120.7229599,23.1289415],[120.7241559,23.1299583],[120.7254129,23.1307016],[120.7265762,23.1312583],[120.7270415,23.1314723],[120.7275991,23.1315422],[120.7281568,23.1316121],[120.7289162,23.131825],[120.7295215,23.1321967],[120.7297389,23.1323541],[120.7302671,23.1328268],[120.7306089,23.1331275],[120.7312144,23.1335424],[120.7318505,23.1338852],[120.7324555,23.134185],[120.7329669,23.1343125],[120.7339423,23.134309],[120.7346072,23.1341052],[120.7350087,23.1338447],[120.7353791,23.1335414],[120.7357801,23.133166],[120.7363044,23.1326463],[120.7369676,23.1319966],[120.7372145,23.1317943],[120.7378954,23.1317199],[120.738484,23.1317896],[120.7390897,23.1322763],[120.7394167,23.1327353],[120.7395885,23.1330943],[120.7397933,23.1339708],[120.7399664,23.1346892],[120.7400468,23.1354081],[120.7401746,23.1363856],[120.7403312,23.1368308],[120.7406582,23.1373042],[120.7410624,23.1376911],[120.741281,23.1381649],[120.7413758,23.1386247],[120.7413938,23.139243],[120.7414114,23.1397607],[120.7414749,23.1401632],[120.7415682,23.140278],[120.7417239,23.1404787],[120.7419727,23.140751],[120.7421748,23.1409372],[120.7424074,23.1410371],[120.7427022,23.1411797],[120.7431826,23.141293],[120.7438795,23.1413335],[120.7445755,23.1411439],[120.7450701,23.1409263],[120.7456259,23.1405503],[120.7461663,23.1401743],[120.7467232,23.1400572],[120.7473425,23.1400548],[120.7483818,23.1405111],[120.7490957,23.1409398],[120.7497336,23.1416853],[120.7502476,23.1424312],[120.7505756,23.1431347],[120.750871,23.1434212],[120.7512908,23.1438367],[120.7517562,23.1440507],[120.7523301,23.144293],[120.7530901,23.1446208],[120.7536641,23.144892],[120.7540211,23.1451063],[120.7545952,23.1453918],[120.7552474,23.1458639],[120.7556822,23.1461355],[120.7561633,23.1464069],[120.7567065,23.1467356],[120.7572193,23.1471794],[120.7574995,23.147538],[120.7574611,23.1494509],[120.7579796,23.1500472],[120.7581663,23.1502334],[120.7586473,23.1504903],[120.7590814,23.1506609],[120.7596545,23.150759],[120.7601656,23.1508429],[120.7605993,23.1509416],[120.7609563,23.1511414],[120.7613282,23.1512404],[120.7615606,23.1513113],[120.7619479,23.1513814],[120.7622265,23.1514088],[120.7625521,23.1515368],[120.7628007,23.1517227],[120.7630187,23.1519664],[120.7631128,23.1522108],[120.7631149,23.1525995],[120.7631022,23.1531322],[120.7630596,23.1538379],[120.7630612,23.1541403],[120.7629534,23.1542272],[120.7627832,23.154228],[120.7627054,23.1541563],[120.7625348,23.1540852],[120.7623495,23.1541437],[120.7623192,23.1542878],[120.7624749,23.1544598],[120.7626453,23.1544878],[120.7628779,23.154573],[120.7630797,23.154716],[120.7632666,23.1549311],[120.763562,23.1552032],[120.7638571,23.1554033],[120.7641522,23.1556179],[120.7644779,23.1557459],[120.7648499,23.1558593],[120.7652373,23.1559726],[120.7655169,23.1561583],[120.7657508,23.1564883],[120.7661085,23.1568321],[120.7664353,23.1571761],[120.7667925,23.1574047],[120.767103,23.1576048],[120.7673819,23.1576754],[120.7675985,23.1576743],[120.7677992,23.1575869],[120.7679988,23.1573124],[120.7681217,23.1571246],[120.7682914,23.157023],[120.7684768,23.1569789],[120.7686312,23.1569206],[120.7687861,23.1569486],[120.7690804,23.1570048],[120.7693595,23.1571042],[120.7696542,23.1572467],[120.7699183,23.1574326],[120.7701051,23.1576477],[120.7701373,23.1578635],[120.7700299,23.1580367],[120.7699389,23.1583828],[120.7699559,23.1586562],[120.7701271,23.1588569],[120.7704535,23.1591145],[120.770934,23.1592705],[120.7713528,23.1594556],[120.7717096,23.1596123],[120.772221,23.1597537],[120.7727173,23.1599528],[120.7730743,23.1601526],[120.7734006,23.1604102],[120.7737427,23.1607109],[120.7740074,23.1610119],[120.7742578,23.161529],[120.7744766,23.161931],[120.77468,23.1623331],[120.7746819,23.1626931],[120.7745434,23.1628233],[120.7743283,23.1631124],[120.7740672,23.1634735],[120.7738682,23.1638776],[120.7737311,23.1642814],[120.7736564,23.1647569],[120.7736603,23.1654912],[120.773696,23.1663693],[120.7737154,23.1670746],[120.7737024,23.1675498],[120.7735036,23.1679683],[120.7733505,23.1682858],[120.7730738,23.1686327],[120.7725654,23.1690528],[120.7721809,23.1694865],[120.7718122,23.1699778],[120.7714896,23.1704258],[120.77143,23.1708436],[120.7715091,23.17116],[120.7717434,23.1715763],[120.772101,23.1718769],[120.7723341,23.1720485],[120.7726762,23.1723492],[120.7730805,23.1727071],[120.7734377,23.1729502],[120.7737328,23.1731358],[120.7739198,23.1733653],[120.774107,23.1736523],[120.7741869,23.1741127],[120.7743759,23.174702],[120.7745019,23.1751189],[120.7746423,23.1753197],[120.7748758,23.1755634],[120.7751706,23.1757203],[120.7753114,23.1759932],[120.7754989,23.1763233],[120.7756717,23.1767832],[120.7759224,23.1773435],[120.7760795,23.1777746],[120.7763766,23.1783346],[120.7766117,23.1788806],[120.776815,23.1792684],[120.7768486,23.1797721],[120.7768814,23.1800887],[120.7769464,23.1806643],[120.776855,23.1809238],[120.7767485,23.1812555],[120.7767511,23.181745],[120.7768313,23.1822629],[120.7770053,23.1829531],[120.777241,23.1835999],[120.7775694,23.1842173],[120.7779446,23.1848921],[120.7781638,23.1853662],[120.7782737,23.1856535],[120.7783218,23.1859556],[120.7783248,23.1865027],[120.7784204,23.1870062],[120.7786551,23.1874658],[120.7789369,23.1880547],[120.7793885,23.1885563],[120.7798244,23.1890293],[120.7803222,23.1894731],[120.7808039,23.1898307],[120.7812385,23.1900444],[120.7817039,23.1902437],[120.7820759,23.1903426],[120.7824321,23.190384],[120.782819,23.1903678],[120.7830664,23.1903377],[120.7834062,23.190192],[120.7837765,23.1899887],[120.7841314,23.1897853],[120.784471,23.1896252],[120.7848267,23.1895803],[120.7851819,23.1894345],[120.7855834,23.1892741],[120.7859546,23.1892147],[120.786372,23.1891262],[120.7868826,23.1891093],[120.7875018,23.1891206],[120.7879357,23.1892048],[120.7883389,23.1893611],[120.7885728,23.1896767],[120.7887766,23.1901364],[120.7889185,23.1905964],[120.7890758,23.1910563],[120.7891563,23.1916175],[120.7891745,23.1921068],[120.7893166,23.19261],[120.7893508,23.1932001],[120.789415,23.193603],[120.7895409,23.1939767],[120.7896664,23.1942928],[120.7897763,23.1945658],[120.7900254,23.194838],[120.790197,23.1950676],[120.7904312,23.1954263],[120.7907423,23.1956983],[120.7910378,23.1959704],[120.7914577,23.1963138],[120.7917534,23.1966003],[120.7919093,23.1968011],[120.792112,23.1970736],[120.7923302,23.197346],[120.7926413,23.197618],[120.7929058,23.1978614],[120.7932942,23.1981186],[120.7935592,23.1984629],[120.7939012,23.1987059],[120.794104,23.1989928],[120.7941831,23.1993091],[120.794247,23.1996687],[120.7941556,23.1999283],[120.7939557,23.2001597],[120.7938191,23.2006499],[120.7936208,23.2011692],[120.7934531,23.2016307],[120.7932394,23.2021789],[120.7931796,23.2025536],[120.7932278,23.2028557],[120.7933683,23.2030853],[120.7936328,23.2033143],[120.7939892,23.203399],[120.7945318,23.2035402],[120.7951981,23.203652],[120.7957561,23.2037931],[120.7960041,23.2038639],[120.7964843,23.2039191],[120.7967939,23.2039175],[120.796995,23.203902],[120.7974904,23.2038995],[120.7979237,23.2038829],[120.798388,23.2038806],[120.7988527,23.2039214],[120.7992093,23.2040204],[120.7994573,23.2040912],[120.7998447,23.2041611],[120.8003866,23.2041872],[120.8009751,23.2042417],[120.8014398,23.204297],[120.8018896,23.2044531],[120.8021696,23.2046964],[120.8024966,23.2050259],[120.8026217,23.2052556],[120.8027633,23.2056724],[120.8028438,23.2062191],[120.8028465,23.2066942],[120.8028335,23.2071262],[120.8028518,23.20763],[120.8027925,23.208091],[120.80281,23.2084509],[120.802858,23.2087241],[120.8030293,23.2089105],[120.8033094,23.2091682],[120.8036356,23.209368],[120.8038226,23.209583],[120.8038548,23.2098133],[120.8037643,23.2102312],[120.8037518,23.2107496],[120.8036918,23.2110954],[120.8035859,23.2115279],[120.8034794,23.2118596],[120.8032795,23.212091],[120.8030947,23.2122647],[120.8030497,23.212524],[120.803023,23.2132729],[120.8030713,23.2136181],[120.8031965,23.2138479],[120.8033363,23.2139336],[120.8035382,23.2140477],[120.80357,23.2141915],[120.8035245,23.2143501],[120.8030631,23.2148996],[120.8027401,23.2152611],[120.8024309,23.2153491],[120.8020447,23.2154806],[120.8017823,23.215626],[120.8015204,23.2158433],[120.8012581,23.2159886],[120.8009337,23.2161198],[120.8007338,23.2163656],[120.8005187,23.2166546],[120.8003031,23.2168429],[120.8000418,23.2171897],[120.7999358,23.2175934],[120.7998626,23.2183424],[120.799696,23.2190056],[120.7996847,23.2197543],[120.7996745,23.2206902],[120.7997555,23.2213376],[120.8002555,23.2221557],[120.801003,23.222915],[120.8014228,23.223244],[120.8016566,23.2235163],[120.8018444,23.2238753],[120.8020627,23.2241478],[120.802622,23.2245049],[120.8032124,23.2248762],[120.8034769,23.2251052],[120.803789,23.2255355],[120.8040712,23.2261675],[120.8044628,23.2269862],[120.8046043,23.2273598],[120.8048076,23.2277043],[120.8051037,23.2280627],[120.8053227,23.2284503],[120.8054633,23.22868],[120.8056656,23.2288517],[120.806038,23.2290082],[120.8063484,23.2291362],[120.8064887,23.2293226],[120.8066759,23.229552],[120.8070482,23.2296796],[120.8075284,23.2297204],[120.8081323,23.2297461],[120.808473,23.2297588],[120.8087687,23.2300308],[120.8090183,23.2303606],[120.8093317,23.2310213],[120.8094271,23.2314527],[120.809492,23.2319707],[120.8095571,23.2325318],[120.8096222,23.233093],[120.8097325,23.2334236],[120.8098295,23.234143],[120.8098641,23.2347906],[120.8098821,23.2352224],[120.8099004,23.2357119],[120.8098714,23.2360719],[120.8097048,23.2367207],[120.8095839,23.2372396],[120.8095864,23.2376716],[120.8095882,23.2379883],[120.8094662,23.2383344],[120.8093454,23.2388534],[120.8092536,23.2390554],[120.8092405,23.239473],[120.809258,23.2398328],[120.8093528,23.2401635],[120.8094637,23.2405948],[120.8095115,23.2408393],[120.8096831,23.2410544],[120.8098389,23.2412263],[120.8099639,23.2414273],[120.810058,23.2416284],[120.8101214,23.2419016],[120.810201,23.2422755],[120.8101875,23.2426356],[120.810205,23.2429809],[120.8102374,23.2432255],[120.8102391,23.2435279],[120.8101786,23.2437729],[120.8102112,23.2440751],[120.8102748,23.2443627],[120.810385,23.244679],[120.8105417,23.2449949],[120.8106823,23.2452244],[120.8108228,23.2454253],[120.8111183,23.2456398],[120.8112893,23.2457684],[120.8114756,23.2458394],[120.8117227,23.2457519],[120.8118927,23.245679],[120.8122182,23.2457348],[120.8125747,23.245805],[120.8129317,23.2459616],[120.8131024,23.2460182],[120.8135058,23.2461601],[120.8138783,23.2463022],[120.8142515,23.2465882],[120.8147176,23.2468738],[120.8150599,23.2471599],[120.8153394,23.2473024],[120.8157743,23.2475305],[120.8160384,23.2476731],[120.8162298,23.2478461],[120.8168039,23.2483336],[120.81713,23.2487641],[120.8173942,23.2491805],[120.8176739,23.2496686],[120.8178143,23.2501716],[120.8177532,23.2506318],[120.8174752,23.2511069],[120.8170263,23.2512661],[120.8165618,23.2513391],[120.8162213,23.2515124],[120.8159587,23.2518869],[120.8159905,23.2523325],[120.8161462,23.2527635],[120.8167053,23.2535241],[120.817435,23.254342],[120.817792,23.2547581],[120.8179322,23.2551315],[120.8179947,23.2554333],[120.8179335,23.2558361],[120.8178417,23.2564114],[120.8178736,23.2569289],[120.8179985,23.2574462],[120.8181697,23.2578771],[120.8183875,23.2583367],[120.818652,23.25894],[120.818885,23.25927],[120.8189634,23.2597731],[120.8190264,23.2603049],[120.8191048,23.2607936],[120.8191987,23.2613253],[120.8193394,23.2619432],[120.8195577,23.2626903],[120.8198377,23.2633367],[120.8200247,23.2638682],[120.8204444,23.2646149],[120.8207866,23.2653329],[120.8210667,23.2659792],[120.8213936,23.2667548],[120.8216576,23.2670849],[120.8218443,23.2675014],[120.8219069,23.2678607],[120.821908,23.2683783],[120.8218775,23.2686947],[120.8218163,23.269083],[120.821662,23.269414],[120.8214923,23.2697451],[120.821431,23.2700904],[120.8214937,23.2704784],[120.8216183,23.2708231],[120.8218824,23.2712107],[120.8222086,23.2716269],[120.8225813,23.2720861],[120.8229231,23.2725742],[120.8231564,23.273048],[120.8234052,23.2735219],[120.8236696,23.2740676],[120.8239649,23.2745126],[120.8242909,23.2748713],[120.8246167,23.2750718],[120.8250819,23.275315],[120.8256402,23.2755869],[120.8259973,23.2759598],[120.8263391,23.2764191],[120.826712,23.2769358],[120.8269452,23.2773521],[120.8271783,23.277711],[120.827365,23.2781131],[120.8275983,23.2785583],[120.827816,23.2789603],[120.8279559,23.2792188],[120.8280496,23.279578],[120.8281899,23.2800234],[120.8282371,23.2803827],[120.8282228,23.2809435],[120.8281459,23.2812599],[120.8281774,23.2815043],[120.8282247,23.2819211],[120.8285361,23.2826968],[120.8289251,23.2835441],[120.829407,23.2843193],[120.8297491,23.2849655],[120.8299359,23.285382],[120.8302005,23.2859852],[120.8303251,23.2862868],[120.8306199,23.2865161],[120.8309768,23.2867453],[120.8314421,23.2869742],[120.8317212,23.2870742],[120.8319076,23.2873181],[120.8319394,23.2877062],[120.8319402,23.2881376],[120.8318789,23.2884396],[120.831616,23.2887134],[120.8313839,23.2888866],[120.8311829,23.2890883],[120.8311213,23.2892466],[120.8310751,23.2894049],[120.8309827,23.2896783],[120.8308437,23.2899519],[120.8306273,23.2902112],[120.8303488,23.2903987],[120.8300236,23.2904715],[120.8296363,23.2905586],[120.8292957,23.2906601],[120.8290479,23.2907614],[120.8288314,23.2909632],[120.8288007,23.2911502],[120.8288011,23.2913227],[120.8289093,23.2911643],[120.8290174,23.2909771],[120.8291565,23.2908617],[120.8293269,23.2907751],[120.8296367,23.2907311],[120.829993,23.2906872],[120.8302872,23.2906145],[120.8305505,23.2905133],[120.8308136,23.2903688],[120.8309836,23.2901241],[120.831138,23.2898792],[120.8311996,23.2896778],[120.8312764,23.2893613],[120.8313844,23.2891453],[120.8314926,23.2890013],[120.8316938,23.2888715],[120.8319104,23.2887128],[120.8320341,23.288583],[120.8321267,23.2883959],[120.8321727,23.288137],[120.832141,23.2878063],[120.8321406,23.2875763],[120.8321868,23.2874469],[120.8322797,23.2874179],[120.8324038,23.2875182],[120.8325751,23.2879347],[120.8328705,23.2884372],[120.8331035,23.2887098],[120.8334604,23.2889677],[120.8337705,23.2890676],[120.8341736,23.2891816],[120.8344062,23.2892386],[120.8346697,23.2893386],[120.8349954,23.2894672],[120.8354144,23.2898111],[120.8358179,23.2900978],[120.8362836,23.2905279],[120.8367183,23.2909294],[120.8372618,23.2914744],[120.8376499,23.2918472],[120.8380067,23.2920333],[120.8383788,23.2921617],[120.8387509,23.2922471],[120.8392313,23.2922459],[120.8397425,23.2922302],[120.8403623,23.2921999],[120.8408117,23.2921844],[120.8414779,23.2921971],[120.8417414,23.2922109],[120.842067,23.292325],[120.842331,23.2925975],[120.8426263,23.2930137],[120.8429062,23.2935162],[120.8432172,23.2940187],[120.8434813,23.2943487],[120.8439159,23.2946639],[120.8444121,23.2948208],[120.8448464,23.2950641],[120.8453272,23.2952642],[120.8456992,23.2953064],[120.8460557,23.2953486],[120.846459,23.2955345],[120.8471104,23.2958204],[120.847684,23.2959626],[120.848056,23.2959905],[120.8483969,23.2959896],[120.8487068,23.2959745],[120.8491252,23.2959446],[120.8495743,23.2958715],[120.8500391,23.295856],[120.8505816,23.295869],[120.8511085,23.2959395],[120.851372,23.295982],[120.8516664,23.2959525],[120.8521157,23.2958938],[120.8526115,23.2959068],[120.8531386,23.2959918],[120.8536039,23.2962063],[120.8540225,23.2962771],[120.8542704,23.2962764],[120.8545337,23.2962182],[120.8545337,23.2962039],[120.8547657,23.296045],[120.8549824,23.2959295],[120.855199,23.2957564],[120.8554623,23.2957126],[120.8557412,23.2957119],[120.8559428,23.2957832],[120.8562532,23.2959693],[120.8565788,23.2960835],[120.8568423,23.2961259],[120.8570904,23.2961397],[120.8573691,23.296067],[120.8576477,23.2959369],[120.8578487,23.2957351],[120.8579877,23.2955047],[120.8581575,23.2952167],[120.8582807,23.2948569],[120.8584503,23.294497],[120.8588359,23.2937052],[120.8591447,23.2932012],[120.8593768,23.2929994],[120.8596708,23.2928404],[120.8600272,23.2928395],[120.8603682,23.2928817],[120.860756,23.2930676],[120.8612059,23.2933396],[120.8618112,23.2937406],[120.8625249,23.2941844],[120.8629593,23.2943845],[120.8633003,23.2944411],[120.8635327,23.2944261],[120.8638267,23.2942671],[120.864136,23.2939644],[120.8644453,23.2936904],[120.8646772,23.2934741],[120.8650178,23.2933438],[120.865436,23.2932565],[120.8659627,23.2931544],[120.8664118,23.2930813],[120.8667837,23.293066],[120.8672021,23.2930648],[120.8676514,23.2930637],[120.8679614,23.2930916],[120.868256,23.2931771],[120.8685509,23.2934207],[120.8688615,23.293693],[120.8693429,23.2941662],[120.8698399,23.2946249],[120.8702435,23.2949833],[120.8705847,23.2950973],[120.8709413,23.2951683],[120.8712512,23.2951818],[120.8717004,23.29508],[120.8721182,23.2948631],[120.8726754,23.2946029],[120.8732327,23.2943426],[120.8736353,23.294212],[120.8741001,23.2941821],[120.8746891,23.2942524],[120.8752474,23.2944377],[120.8755113,23.2946814],[120.8756204,23.2949111],[120.8756061,23.2954431],[120.8757005,23.2960611],[120.8759031,23.2965494],[120.8762606,23.2970229],[120.8765558,23.2973527],[120.8768817,23.2975532],[120.877316,23.2977532],[120.8777191,23.2978385],[120.8781841,23.2978946],[120.8786492,23.2979365],[120.8790832,23.2980359],[120.8795794,23.298164],[120.8799671,23.2982779],[120.8803701,23.29832],[120.88068,23.2983048],[120.8811912,23.2982602],[120.881873,23.2982152],[120.8823533,23.2982138],[120.8827562,23.2982128],[120.8828802,23.2982124],[120.8832853,23.2983064],[120.8839214,23.2984771],[120.8846353,23.298705],[120.8852873,23.2990051],[120.8857227,23.2993921],[120.8859408,23.2996934],[120.8862213,23.3001097],[120.8864711,23.3006124],[120.8865957,23.3008133],[120.8867048,23.3009856],[120.8870468,23.3012435],[120.8873419,23.3014007],[120.8875901,23.3014719],[120.8880239,23.3014131],[120.8885506,23.3012964],[120.8889377,23.3011657],[120.8894182,23.3011355],[120.8898984,23.3010477],[120.8903945,23.3010606],[120.8909683,23.3011451],[120.8912785,23.3011729],[120.8915419,23.3011433],[120.891898,23.3010272],[120.8921919,23.3008537],[120.8924087,23.3007955],[120.8927188,23.3008233],[120.8931067,23.3009083],[120.8934169,23.3009649],[120.8937116,23.3010072],[120.8939907,23.3010495],[120.8942851,23.300991],[120.8945481,23.3008607],[120.894966,23.3006581],[120.8952442,23.3004415],[120.8956764,23.2999367],[120.8960625,23.2995184],[120.8963709,23.2990716],[120.8967883,23.2987682],[120.8971445,23.2986664],[120.8974701,23.2986941],[120.8979204,23.2989085],[120.8984017,23.2991227],[120.8988983,23.2992649],[120.8993637,23.2993642],[120.8997984,23.2995498],[120.9002492,23.299908],[120.9005608,23.3003385],[120.900701,23.3005538],[120.9009817,23.3010132],[120.9011849,23.3014872],[120.9013111,23.3020765],[120.9013441,23.302623],[120.9011914,23.3032707],[120.9010225,23.3037459],[120.9008842,23.3040627],[120.9008701,23.3044512],[120.9010578,23.3049252],[120.9013543,23.3054708],[120.9016198,23.3060166],[120.9016989,23.3064621],[120.9017005,23.306908],[120.9015932,23.3072248],[120.9014546,23.3074986],[120.9013623,23.3076858],[120.9013629,23.3078584],[120.9014099,23.3079877],[120.9017515,23.3081592],[120.9021085,23.3082588],[120.902465,23.3082433],[120.9029145,23.3082419],[120.9033487,23.3082836],[120.903783,23.3083254],[120.9041549,23.3083098],[120.9045424,23.3082943],[120.9048991,23.3083363],[120.9052092,23.3083353],[120.9055344,23.3082479],[120.9057975,23.308132],[120.9059673,23.3079302],[120.9061059,23.3076708],[120.906089,23.3072825],[120.9059479,23.3068515],[120.905697,23.3060612],[120.9056644,23.305601],[120.9056466,23.304997],[120.9057229,23.3046515],[120.9058616,23.3044354],[120.9062324,23.304089],[120.9065723,23.3037571],[120.9072058,23.3031941],[120.9080401,23.3024291],[120.9082878,23.302342],[120.9084735,23.3022695],[120.9086277,23.3020389],[120.9086887,23.301751],[120.9085942,23.301363],[120.9085619,23.3010035],[120.9085303,23.300831],[120.9086227,23.3006725],[120.9088858,23.3005709],[120.9092576,23.3005123],[120.9096144,23.300583],[120.9099405,23.3007114],[120.9102197,23.3007681],[120.9105296,23.3007383],[120.9109481,23.3007226],[120.9112734,23.300664],[120.9115524,23.3006631],[120.9118784,23.3007771],[120.911972,23.3009494],[120.911973,23.3012227],[120.9118656,23.3015107],[120.9118979,23.3018702],[120.9120078,23.3022294],[120.912351,23.3028468],[120.912725,23.3033922],[120.9129753,23.303981],[120.9131944,23.3045556],[120.9133364,23.3052025],[120.9134157,23.3057056],[120.9136189,23.3061796],[120.9139777,23.3067682],[120.914227,23.3071125],[120.9143074,23.307889],[120.9142161,23.308364],[120.9140318,23.3088248],[120.9137082,23.309358],[120.9134771,23.3097471],[120.9134318,23.310078],[120.9134642,23.3104375],[120.9134962,23.3107395],[120.9135746,23.310955],[120.9137462,23.3112564],[120.9140742,23.3119171],[120.9141838,23.3122043],[120.9141846,23.3124344],[120.914016,23.3129385],[120.9138481,23.3136582],[120.9136654,23.3145649],[120.9136206,23.3150253],[120.9136683,23.3153416],[120.9138094,23.3157582],[120.9140895,23.3160594],[120.9145715,23.3164318],[120.9149759,23.31679],[120.915272,23.3171918],[120.9156309,23.3178235],[120.9158189,23.3183407],[120.9159136,23.3188294],[120.9160081,23.3192175],[120.9161334,23.3195479],[120.9163051,23.3198494],[120.9165698,23.3201793],[120.9169118,23.3204227],[120.9173154,23.3205653],[120.9177963,23.32065],[120.918246,23.3206629],[120.9187114,23.3207333],[120.9190995,23.3208614],[120.9195807,23.3210325],[120.919969,23.3212038],[120.9202177,23.32139],[120.9204048,23.3216626],[120.9204223,23.3221948],[120.9204576,23.3233454],[120.9205378,23.3240642],[120.9206029,23.3248838],[120.9206209,23.3255598],[120.9207008,23.326178],[120.9208882,23.3265658],[120.9211682,23.3268094],[120.9215873,23.3269374],[120.9220526,23.3269791],[120.9223785,23.3270499],[120.9226584,23.3272503],[120.9228609,23.327523],[120.9233122,23.3279817],[120.9237641,23.3285843],[120.9239679,23.329159],[120.9241408,23.3297769],[120.9242355,23.3302368],[120.9242368,23.3305676],[120.9241917,23.3309561],[120.9241774,23.3312582],[120.924086,23.3317188],[120.9240406,23.3319922],[120.9239173,23.332194],[120.9237478,23.3324678],[120.923454,23.3326845],[120.923067,23.3328585],[120.9226483,23.3328311],[120.9222913,23.3327459],[120.9220891,23.3325596],[120.9219487,23.33233],[120.9217776,23.3321866],[120.9215443,23.331986],[120.9211714,23.331786],[120.9207374,23.3318305],[120.9203654,23.3318605],[120.9199627,23.3319769],[120.9196995,23.3320784],[120.9194057,23.3322807],[120.9191586,23.3325692],[120.918881,23.3329441],[120.9187427,23.3332897],[120.9187439,23.3336205],[120.9188851,23.3340516],[120.9190729,23.3345112],[120.9191981,23.3348416],[120.919199,23.3350862],[120.9188752,23.335533],[120.918536,23.3360663],[120.9181971,23.3366715],[120.9180289,23.337305],[120.918108,23.3377218],[120.9181718,23.3382106],[120.9181115,23.3386711],[120.9178952,23.3388587],[120.9176628,23.3389171],[120.9172901,23.3387888],[120.9170107,23.338689],[120.9166541,23.3386902],[120.9163135,23.3388351],[120.9159267,23.3390809],[120.9157731,23.3394698],[120.9156813,23.3397865],[120.9156841,23.3405632],[120.9155766,23.3408224],[120.9154067,23.3410099],[120.9150349,23.3411119],[120.9144147,23.3411282],[120.9138254,23.341087],[120.9134372,23.3409588],[120.9130023,23.3407588],[120.9126595,23.3403141],[120.9123948,23.3400128],[120.9121154,23.3399274],[120.9117747,23.3400437],[120.9112953,23.3403904],[120.9110174,23.3407221],[120.9108953,23.3412546],[120.910927,23.3414415],[120.9110213,23.341772],[120.9112238,23.3420159],[120.9115662,23.3423744],[120.911707,23.3427048],[120.9118166,23.342992],[120.9120345,23.3432214],[120.9123456,23.3434937],[120.9127653,23.3437657],[120.912843,23.3438086],[120.912983,23.3439232],[120.9130304,23.3441676],[120.9130158,23.3444121],[120.9128779,23.3448728],[120.912416,23.3457517],[120.9120001,23.3465297],[120.9116611,23.3470918],[120.911554,23.3474948],[120.9115864,23.347883],[120.9117126,23.3484436],[120.911745,23.3488318],[120.9118556,23.3493924],[120.9118571,23.3497952],[120.9118124,23.3502987],[120.9115971,23.3507885],[120.9112576,23.3512498],[120.9111037,23.3515523],[120.9111047,23.3518256],[120.9112296,23.3520553],[120.9113853,23.3522418],[120.9117583,23.352442],[120.9122555,23.3527137],[120.9126131,23.352957],[120.9130171,23.3531714],[120.9131418,23.353358],[120.9132202,23.3535879],[120.9133146,23.3539616],[120.9135172,23.3542198],[120.9137819,23.3545066],[120.9142011,23.3546491],[120.9144184,23.3546915],[120.9146513,23.3547771],[120.9150081,23.3548047],[120.9155664,23.3548172],[120.9159697,23.3548447],[120.9161562,23.3549592],[120.9163585,23.3551599],[120.9164682,23.3554616],[120.9165625,23.3558065],[120.9166567,23.3560938],[120.9167355,23.3564388],[120.916861,23.3568267],[120.9170019,23.3571714],[120.9171578,23.3574155],[120.9174231,23.3578461],[120.9176574,23.3583056],[120.9177829,23.3586935],[120.9177837,23.3589093],[120.9177691,23.3591682],[120.9175684,23.3594134],[120.9173215,23.3597306],[120.9169668,23.3602495],[120.9166739,23.3607252],[120.9165353,23.3610133],[120.9165207,23.3612578],[120.9166609,23.3614012],[120.9168162,23.3614727],[120.9170642,23.3614431],[120.9173271,23.3612408],[120.9179619,23.3609511],[120.9184268,23.3608633],[120.9186132,23.3609346],[120.9187536,23.3611499],[120.9188323,23.361466],[120.9187719,23.3619121],[120.9186653,23.3624158],[120.9184968,23.3629918],[120.9183752,23.3636538],[120.9183313,23.3643731],[120.9182091,23.3648625],[120.9180089,23.3652515],[120.9175143,23.365699],[120.9171287,23.36629],[120.9169747,23.3665637],[120.9168986,23.3669523],[120.916946,23.3671823],[120.9171801,23.3675699],[120.9174916,23.3679284],[120.9176785,23.3681436],[120.9181308,23.3688182],[120.9181942,23.3691919],[120.9181176,23.3694366],[120.9180107,23.3698972],[120.9180273,23.3701849],[120.9181217,23.3705298],[120.9183865,23.3708309],[120.9188376,23.3712034],[120.9192263,23.3714611],[120.9195215,23.3715896],[120.9200179,23.3716166],[120.9205764,23.3716724],[120.9210729,23.3717139],[120.9215383,23.3717555],[120.9218485,23.3717545],[120.9221424,23.3715521],[120.9225754,23.3711912],[120.9228076,23.3710754],[120.9229937,23.3710747],[120.9231956,23.3711604],[120.9233212,23.3715483],[120.9233541,23.372066],[120.9234176,23.3724397],[120.923383,23.3729197],[120.923586,23.3735961],[120.9239593,23.3741857],[120.9242388,23.3743436],[120.9245954,23.3743284],[120.9249982,23.3742123],[120.9254942,23.3740962],[120.9259594,23.3741527],[120.9267349,23.3742952],[120.9274177,23.3745097],[120.927992,23.374811],[120.9282563,23.3751415],[120.9284284,23.3758468],[120.9286637,23.3770847],[120.9287888,23.377574],[120.9289134,23.3778042],[120.9293168,23.3779473],[120.9299531,23.378234],[120.9303258,23.378478],[120.9306058,23.3788518],[120.9307771,23.3792114],[120.9310256,23.3794125],[120.9313824,23.3794693],[120.932049,23.3794104],[120.932855,23.3793222],[120.9330569,23.379437],[120.9331971,23.3797391],[120.9333224,23.3802861],[120.9333244,23.3812221],[120.9332811,23.3826477],[120.9332055,23.3834974],[120.933207,23.384203],[120.9333788,23.384721],[120.9336119,23.384951],[120.9339376,23.3850366],[120.9342943,23.3850503],[120.9347749,23.3850061],[120.9351623,23.38489],[120.9353945,23.3847167],[120.9356884,23.3843993],[120.9358581,23.3839814],[120.9360275,23.3834482],[120.93598,23.3830596],[120.935963,23.382354],[120.9359778,23.3820371],[120.9360858,23.3818209],[120.9364108,23.381561],[120.9366896,23.3814021],[120.9369842,23.3814014],[120.9371861,23.3815162],[120.937311,23.3819191],[120.937545,23.3825378],[120.9377163,23.3828686],[120.9382287,23.3831987],[120.9384775,23.3834862],[120.9388354,23.3840758],[120.9391632,23.385011],[120.9392721,23.3851837],[120.9395982,23.3853557],[120.9399706,23.3854989],[120.9402652,23.3854839],[120.9407611,23.3853532],[120.9412413,23.3851362],[120.9417058,23.3848184],[120.942077,23.3844288],[120.9422777,23.3840396],[120.9425405,23.3837078],[120.9427421,23.3836641],[120.9431143,23.3837065],[120.9436575,23.3839646],[120.944325,23.3842366],[120.9452092,23.3843787],[120.9460776,23.3844056],[120.9464496,23.384376],[120.9467594,23.3842313],[120.9471307,23.3838849],[120.9474859,23.3832217],[120.9478096,23.3824291],[120.9480106,23.3821694],[120.948212,23.3820969],[120.9486153,23.3821681],[120.9489724,23.3823545],[120.9493301,23.3828288],[120.9497348,23.383476],[120.9499376,23.3839651],[120.9503887,23.3845977],[120.9508548,23.3849854],[120.951367,23.3852147],[120.9516772,23.3852572],[120.9520182,23.3851988],[120.9524517,23.3849242],[120.9533809,23.3844038],[120.9539544,23.3842873],[120.9544505,23.3842718],[120.9550865,23.3843568],[120.9554593,23.3846584],[120.9560188,23.385161],[120.9566555,23.3855772],[120.9571054,23.3856913],[120.9576794,23.385762],[120.9580825,23.3857323],[120.9584233,23.3856164],[120.9589965,23.3853991],[120.9592291,23.3853986],[120.9595551,23.3855418],[120.9598971,23.3859154],[120.960084,23.3862462],[120.9603792,23.3864758],[120.9608137,23.3866189],[120.9616513,23.3867178],[120.9624115,23.3868744],[120.9627378,23.3871473],[120.9628784,23.3875501],[120.9629568,23.3879532],[120.9631589,23.3881111],[120.9633604,23.3881106],[120.9636703,23.3880379],[120.9640727,23.3877346],[120.9645526,23.3873878],[120.9651104,23.3871994],[120.9655754,23.3871407],[120.9659788,23.3871973],[120.9663669,23.3873836],[120.9666934,23.3877717],[120.9670042,23.3880158],[120.9673765,23.3880869],[120.9678572,23.3880569],[120.9683374,23.3878686],[120.9686624,23.3876087],[120.9690801,23.3872333],[120.9693435,23.3871463],[120.9699172,23.3871449],[120.9703053,23.3872736],[120.9708176,23.3875172],[120.9712216,23.3878619],[120.9714709,23.3883509],[120.9717986,23.3891709],[120.972172,23.3896452],[120.9727003,23.3900903],[120.9731355,23.3904925],[120.973198,23.3906939],[120.9732298,23.3910106],[120.973108,23.391875],[120.9730631,23.3925086],[120.9731878,23.3927675],[120.9736234,23.3933281],[120.9736861,23.3936016],[120.9736572,23.3944224],[120.9737064,23.3954878],[120.973678,23.396539],[120.973573,23.3979217],[120.9736365,23.3985407],[120.9737773,23.3989868],[120.9739954,23.3993895],[120.9741978,23.3997346],[120.9743379,23.3999214],[120.974385,23.4001374],[120.9742152,23.4004545],[120.973921,23.400628],[120.9736266,23.4007295],[120.9729756,23.4008751],[120.9725418,23.4010489],[120.972248,23.4013664],[120.9722024,23.4017553],[120.972281,23.4021439],[120.9726392,23.4027478],[120.9731216,23.4034091],[120.9736501,23.4039406],[120.9740076,23.4042421],[120.9744113,23.4043852],[120.9746438,23.4043702],[120.9748452,23.4042834],[120.975093,23.4041532],[120.9752784,23.4038503],[120.9755877,23.4035328],[120.9759281,23.4032296],[120.9764237,23.4029548],[120.9767646,23.4028676],[120.9773227,23.4027799],[120.9778499,23.4027642],[120.9785324,23.402777],[120.9790134,23.402891],[120.9792929,23.4030199],[120.9795261,23.4032497],[120.9795729,23.4033937],[120.979527,23.4035953],[120.9792806,23.4042727],[120.9792817,23.4047192],[120.9790195,23.4052813],[120.9785405,23.4059593],[120.9782318,23.406536],[120.9781862,23.4068961],[120.9782956,23.4072126],[120.9786692,23.4077878],[120.9788872,23.408104],[120.9791666,23.4082329],[120.979632,23.4082606],[120.9801903,23.4082737],[120.9806403,23.4083445],[120.9810283,23.4084445],[120.9814321,23.4086738],[120.9819603,23.4090038],[120.9825509,23.4095207],[120.9830174,23.4099515],[120.9832348,23.4100518],[120.9836693,23.410166],[120.9842901,23.4103229],[120.984585,23.4104518],[120.9848497,23.4108399],[120.9852389,23.4113861],[120.9854261,23.4118176],[120.9855361,23.4123358],[120.9856779,23.413185],[120.9858651,23.4136021],[120.9861295,23.4139182],[120.9864556,23.4140471],[120.9867348,23.4140752],[120.9871222,23.4139303],[120.9875248,23.4136845],[120.9881752,23.4133085],[120.9887328,23.4130335],[120.9890737,23.4129318],[120.989477,23.4129309],[120.9898649,23.4129731],[120.9904702,23.4131444],[120.9910292,23.4134166],[120.9913559,23.4137758],[120.9915281,23.4143801],[120.9915764,23.4150568],[120.9915629,23.4157912],[120.9914405,23.4164251],[120.9911934,23.4168433],[120.990977,23.4171174],[120.9908384,23.4174921],[120.9907007,23.4181693],[120.9905309,23.4184865],[120.9901746,23.4186602],[120.9898024,23.4186612],[120.9889182,23.4186201],[120.9885616,23.4186642],[120.9881433,23.4188669],[120.9879268,23.4190978],[120.9874788,23.4197901],[120.9869999,23.4205112],[120.9867995,23.4210013],[120.9867857,23.4216637],[120.9870507,23.4221815],[120.9873617,23.4224542],[120.9878277,23.4227123],[120.9882475,23.4231],[120.9887607,23.4236316],[120.9890722,23.4240772],[120.9891665,23.4245521],[120.9891692,23.4255746],[120.9891547,23.4259633],[120.989157,23.426813],[120.9892666,23.4272447],[120.9895468,23.4276183],[120.9898419,23.427776],[120.9905406,23.4280191],[120.9908978,23.4281766],[120.9911931,23.4284063],[120.9914112,23.4287513],[120.9914121,23.4290825],[120.9912423,23.4293997],[120.9909487,23.4298324],[120.9909494,23.4300916],[120.9911208,23.4303504],[120.9915714,23.4306805],[120.9920845,23.4311255],[120.9926599,23.431657],[120.9929248,23.4321027],[120.9934085,23.4331958],[120.9937676,23.4340877],[120.9945495,23.4364041],[120.9950813,23.4380443],[120.995425,23.4389506],[120.9957205,23.4392235],[120.9962021,23.4394958],[120.9969475,23.439782],[120.9972894,23.4400259],[120.9974607,23.4402847],[120.9975399,23.4408748],[120.9974961,23.4418973],[120.9974511,23.4424591],[120.9972983,23.4432946],[120.9972371,23.4436403],[120.9973001,23.4439858],[120.9975656,23.4446331],[120.9977841,23.4451222],[120.9979092,23.4454963],[120.997988,23.445928],[120.9982527,23.4463017],[120.9982208,23.445985],[120.9979858,23.4451216],[120.997736,23.4445463],[120.9975176,23.444086],[120.9974545,23.4437118],[120.997684,23.4425304],[120.9977127,23.441652],[120.997772,23.4406439],[120.9977555,23.4402696],[120.9975062,23.4398958],[120.9969002,23.4395085],[120.996108,23.4391073],[120.9956419,23.4388637],[120.9955019,23.4387057],[120.9951578,23.4376554],[120.994813,23.4363458],[120.9945625,23.4354825],[120.9938284,23.433598],[120.9934539,23.4327493],[120.9930173,23.4319008],[120.9927835,23.4315127],[120.9925345,23.4312108],[120.9921303,23.4308375],[120.9916639,23.4304498],[120.9914772,23.4302631],[120.9913679,23.4300042],[120.9913207,23.4297451],[120.9915988,23.4293269],[120.9917995,23.4289519],[120.9917525,23.4287649],[120.9915966,23.4284484],[120.9913321,23.4281899],[120.990804,23.4279176],[120.990307,23.4276885],[120.9898877,23.4274735],[120.9896391,23.427287],[120.9894523,23.4270426],[120.9893583,23.4267117],[120.9893563,23.4259629],[120.9894483,23.425545],[120.9893677,23.4243933],[120.9892736,23.4239903],[120.9890244,23.4235878],[120.9886819,23.4231422],[120.988138,23.4227403],[120.9875319,23.4222955],[120.9872207,23.4219074],[120.9870648,23.4216198],[120.9870177,23.421404],[120.9871406,23.4209572],[120.9874025,23.4202798],[120.9879122,23.4194289],[120.9883453,23.4189959],[120.9886552,23.4188655],[120.9895702,23.4188489],[120.9901286,23.4188619],[120.9904386,23.4187892],[120.9906553,23.4186158],[120.9911333,23.4175634],[120.9915192,23.4168857],[120.99175,23.416194],[120.991826,23.415589],[120.9918245,23.4150418],[120.9917767,23.4145523],[120.9916976,23.4139477],[120.9914793,23.4135451],[120.9912461,23.4133296],[120.9907803,23.4131004],[120.9901593,23.4129004],[120.9896782,23.4127864],[120.9890424,23.412788],[120.9886394,23.4128897],[120.9881282,23.4131358],[120.9874624,23.4135406],[120.9869977,23.4137866],[120.9867188,23.4138736],[120.9864241,23.4138744],[120.9862065,23.4137165],[120.9860196,23.4133858],[120.9858166,23.4128391],[120.9856748,23.4119899],[120.9855027,23.4114575],[120.9852069,23.4110118],[120.9848022,23.4104368],[120.9845069,23.4102071],[120.9840567,23.4100355],[120.9835445,23.4098927],[120.9833116,23.4098069],[120.9825191,23.409204],[120.9816024,23.4085582],[120.9811676,23.4083433],[120.9805621,23.4081],[120.9800657,23.4080292],[120.9792902,23.4080311],[120.9790573,23.4079452],[120.9787619,23.4076291],[120.9784033,23.4068955],[120.9784025,23.4066076],[120.9786803,23.4060454],[120.979144,23.4054538],[120.9793137,23.405079],[120.9794058,23.4047188],[120.9793894,23.4043588],[120.9795279,23.4039553],[120.9798062,23.4036378],[120.9798987,23.4033928],[120.9798516,23.4031913],[120.9793856,23.4028613],[120.9789509,23.402704],[120.9784699,23.4025899],[120.9779115,23.402548],[120.9765936,23.4026808],[120.9759736,23.4028263],[120.9756486,23.4030862],[120.9753082,23.4034039],[120.9749839,23.4039231],[120.9747052,23.4041397],[120.9745349,23.4042409],[120.9743177,23.4041982],[120.9740226,23.4040118],[120.9735408,23.4036097],[120.9731519,23.4031354],[120.9728719,23.4027905],[120.972638,23.402287],[120.9724818,23.4018554],[120.9724346,23.4015819],[120.9724495,23.4013227],[120.9728676,23.4011201],[120.973534,23.400917],[120.9740144,23.4007862],[120.9742623,23.4006705],[120.9744788,23.4004251],[120.9746021,23.4001512],[120.9746014,23.3998777],[120.974399,23.3995325],[120.9740254,23.3989862],[120.9738694,23.3986266],[120.9738063,23.3982236],[120.973805,23.397662],[120.9738954,23.396625],[120.9739089,23.3958474],[120.973908,23.3954729],[120.9738122,23.3944076],[120.9738877,23.393601],[120.9738406,23.3933564],[120.9734671,23.39281],[120.9733266,23.3924648],[120.9732792,23.3921049],[120.973462,23.3908517],[120.9734613,23.3905349],[120.973321,23.3902617],[120.9727463,23.3898886],[120.9724356,23.389659],[120.9720934,23.3892134],[120.9717497,23.388235],[120.9714848,23.3877173],[120.9710343,23.3873871],[120.970522,23.3871147],[120.9699942,23.3869144],[120.9695909,23.3868577],[120.969126,23.386974],[120.9685841,23.3873209],[120.9681819,23.387725],[120.9679497,23.3878408],[120.9677016,23.3878701],[120.9672672,23.3877559],[120.9670031,23.3875837],[120.9667233,23.3873108],[120.9664434,23.3869803],[120.965885,23.3868952],[120.9652803,23.3869398],[120.9649084,23.3870127],[120.964196,23.3873886],[120.9637935,23.3876632],[120.9634835,23.3877359],[120.963344,23.3877362],[120.9632197,23.3876213],[120.9631411,23.3872183],[120.9629854,23.3869595],[120.9626593,23.3867298],[120.9619453,23.3865011],[120.9611697,23.3863445],[120.9606577,23.3862448],[120.9603783,23.3861015],[120.960176,23.3858284],[120.9597717,23.3853541],[120.959399,23.3851245],[120.9591662,23.3850099],[120.9589492,23.3850536],[120.9583917,23.3853573],[120.9578338,23.3855313],[120.9573067,23.3855325],[120.9568568,23.3854615],[120.9564686,23.3852177],[120.9559714,23.3847867],[120.9554585,23.3843415],[120.9548066,23.3840262],[120.9542018,23.3840132],[120.9533337,23.3841303],[120.9529774,23.3842751],[120.952296,23.3846222],[120.9518158,23.3848393],[120.9515214,23.3849264],[120.9512733,23.3849413],[120.9507919,23.3846256],[120.9502634,23.3840508],[120.95003,23.3837345],[120.9496254,23.3831018],[120.9493295,23.3825696],[120.9490497,23.3822679],[120.9487235,23.3820094],[120.9482582,23.3819528],[120.9479327,23.3820256],[120.9476542,23.382271],[120.9474536,23.3826891],[120.9471607,23.3834096],[120.9468515,23.3838568],[120.9465729,23.3840445],[120.9462941,23.3841604],[120.9458445,23.3842189],[120.9453173,23.3842345],[120.9448674,23.384149],[120.9443244,23.3840063],[120.9434707,23.3836338],[120.9429896,23.3834476],[120.9426484,23.3834052],[120.9423696,23.3835209],[120.941983,23.3840114],[120.9417203,23.3844151],[120.9413802,23.3848335],[120.941086,23.3850645],[120.9406522,23.3852238],[120.9402802,23.3852679],[120.9398924,23.3851967],[120.9394112,23.3849961],[120.9392247,23.3847949],[120.9390213,23.383989],[120.9387409,23.3834136],[120.938399,23.3830831],[120.9379487,23.3827961],[120.9377468,23.382667],[120.937622,23.382336],[120.9374189,23.3816597],[120.9372633,23.381372],[120.9369683,23.3812286],[120.9365807,23.3812295],[120.9362864,23.3813598],[120.935977,23.381706],[120.9358072,23.3820375],[120.9357302,23.3822681],[120.9357782,23.3829448],[120.935826,23.3834918],[120.935765,23.3839528],[120.9355024,23.3843853],[120.9352547,23.3846307],[120.9349451,23.384833],[120.9346816,23.3848911],[120.9343095,23.3848775],[120.9341078,23.3848347],[120.9337197,23.3846483],[120.9335022,23.3844472],[120.9333927,23.3840442],[120.9333762,23.3835835],[120.9335259,23.3811928],[120.9335233,23.3799976],[120.9334603,23.3795513],[120.933258,23.3792062],[120.9329786,23.3790628],[120.932498,23.3790926],[120.931816,23.3792236],[120.9314284,23.3792532],[120.9312112,23.3791817],[120.9309781,23.378995],[120.930372,23.3783483],[120.9299681,23.3779891],[120.9297354,23.3779032],[120.92927,23.3778322],[120.9290062,23.3777319],[120.9289284,23.3776025],[120.9288655,23.3771995],[120.9287556,23.3765661],[120.9285988,23.3757744],[120.9284577,23.3750691],[120.9281156,23.3745946],[120.9274636,23.3742504],[120.926812,23.3740646],[120.9261605,23.373922],[120.9255247,23.3738801],[120.9251215,23.3738809],[120.9246877,23.373997],[120.9243157,23.3740698],[120.9240675,23.3740271],[120.9238345,23.3738116],[120.9237408,23.3734662],[120.9235845,23.3729049],[120.9235728,23.372468],[120.9235252,23.3721805],[120.9234771,23.3717923],[120.923413,23.3712315],[120.9233504,23.3710735],[120.9231948,23.3709302],[120.9229619,23.3708735],[120.922714,23.3709318],[120.9224509,23.3711053],[120.9222037,23.3713219],[120.9219098,23.3715673],[120.921755,23.371611],[120.9215689,23.371626],[120.9213827,23.3716122],[120.9210878,23.3715557],[120.9206998,23.371485],[120.9202345,23.3714865],[120.9197692,23.3714593],[120.9193189,23.3713313],[120.9187904,23.371031],[120.9184791,23.3707155],[120.918261,23.3704718],[120.9181203,23.3701702],[120.91815,23.3698249],[120.9182421,23.3695801],[120.9183806,23.3692775],[120.9184107,23.369033],[120.9182854,23.3687026],[120.9179734,23.3682145],[120.9175841,23.3677843],[120.9172729,23.3674977],[120.9171166,23.3671962],[120.917054,23.3670237],[120.9171151,23.366779],[120.9172534,23.3664334],[120.9175005,23.366145],[120.9176391,23.3658999],[120.9177934,23.3656981],[120.9180872,23.3654382],[120.9183034,23.365193],[120.9183797,23.364862],[120.918533,23.3643868],[120.9185927,23.3637681],[120.9186069,23.3634085],[120.9187294,23.3629766],[120.9188363,23.3625448],[120.9189744,23.3621272],[120.91905,23.3616379],[120.9190022,23.3612642],[120.9187994,23.3609628],[120.9185969,23.3607333],[120.9183484,23.3606334],[120.9180385,23.3606919],[120.9175737,23.3608229],[120.9171559,23.3610831],[120.9169547,23.3611701],[120.9167996,23.3611706],[120.916737,23.361027],[120.9168601,23.3607677],[120.9170757,23.3603643],[120.9176166,23.3598447],[120.9178947,23.3595562],[120.918002,23.3592106],[120.9180004,23.3587791],[120.9179369,23.3584053],[120.9177492,23.3579744],[120.9174531,23.3576015],[120.9172186,23.3570844],[120.916999,23.3563948],[120.9167642,23.3558203],[120.9165765,23.3553749],[120.9164511,23.3550158],[120.9162795,23.354743],[120.9159844,23.3546433],[120.9153638,23.3545447],[120.9147279,23.3545179],[120.9143243,23.3544186],[120.9139203,23.3541898],[120.9136868,23.3539604],[120.9135152,23.3536877],[120.9133898,23.3533285],[120.913234,23.3531276],[120.9128609,23.3528843],[120.9124103,23.3526556],[120.9119753,23.3524125],[120.9115246,23.3521407],[120.9113221,23.3519256],[120.911306,23.3517387],[120.9114287,23.3513643],[120.9117992,23.3509316],[120.912061,23.3504418],[120.912168,23.3499955],[120.9121665,23.3496071],[120.9121026,23.3490896],[120.9118673,23.3483424],[120.9118495,23.3477384],[120.9118632,23.3472493],[120.9121559,23.3467018],[120.9125259,23.3461253],[120.9129432,23.34575],[120.9133144,23.3455043],[120.9135146,23.3451297],[120.9134973,23.3446263],[120.9134648,23.3442237],[120.9133085,23.3438934],[120.9130441,23.3436641],[120.9127177,23.3434638],[120.9125002,23.3433494],[120.9122977,23.3431055],[120.9121261,23.3428184],[120.912001,23.3425312],[120.9118454,23.3423878],[120.9116427,23.3421008],[120.9114868,23.3418569],[120.9114236,23.3415407],[120.9113452,23.3413251],[120.911344,23.3409943],[120.9114204,23.3406776],[120.9116211,23.3404468],[120.9118379,23.3403599],[120.9121326,23.3403733],[120.9126455,23.3407024],[120.9130966,23.3411038],[120.9134852,23.3413614],[120.9138885,23.3414032],[120.9144934,23.34143],[120.915036,23.3413995],[120.9154851,23.3412686],[120.9157791,23.3410807],[120.915856,23.3409222],[120.9159322,23.340548],[120.9159915,23.3398287],[120.9160676,23.3394545],[120.9162683,23.3392093],[120.9165313,23.3390502],[120.9168721,23.3389484],[120.917167,23.3390194],[120.9175242,23.3391908],[120.9178499,23.3391897],[120.9182524,23.3390158],[120.9184218,23.3386989],[120.9184512,23.3382817],[120.9184796,23.3375768],[120.9183699,23.3372751],[120.9183535,23.3370162],[120.9183835,23.3367572],[120.9185528,23.3364115],[120.9187991,23.3359361],[120.9191693,23.3354314],[120.9193541,23.3351],[120.9194151,23.3347977],[120.919321,23.3345248],[120.9191802,23.3341657],[120.9190237,23.3337923],[120.9190068,23.3334184],[120.9191756,23.3329575],[120.9194532,23.3325538],[120.9198396,23.3322361],[120.920304,23.3320189],[120.9207379,23.3319743],[120.920955,23.3319593],[120.9212343,23.3320159],[120.9215138,23.3321444],[120.9216851,23.3323165],[120.9219338,23.3325026],[120.9220587,23.3327324],[120.9222764,23.3328898],[120.9226333,23.3329749],[120.9229901,23.3330169],[120.9233156,23.3329871],[120.9236562,23.3328565],[120.9238722,23.3325682],[120.9240726,23.3322511],[120.9242113,23.3320348],[120.9243184,23.3316461],[120.9243478,23.331229],[120.924393,23.3308836],[120.9243919,23.3305815],[120.9243902,23.3301357],[120.9242955,23.3296901],[120.9241696,23.3291871],[120.9240442,23.3288423],[120.9239656,23.3285405],[120.9238096,23.3282822],[120.9234978,23.3278229],[120.9230616,23.3273065],[120.9228122,23.3269334],[120.9225483,23.3268336],[120.9220521,23.3268352],[120.9214626,23.3267508],[120.9211674,23.3265792],[120.9209961,23.3263784],[120.9209016,23.3260048],[120.9208995,23.3254295],[120.9208506,23.3247823],[120.9207541,23.3238622],[120.9206755,23.3235891],[120.9207362,23.323215],[120.920796,23.3226395],[120.9208109,23.3224812],[120.9208258,23.3222941],[120.9207936,23.3219922],[120.920684,23.3217049],[120.9205432,23.3213745],[120.9202789,23.3211884],[120.9198905,23.3209596],[120.9194711,23.3207452],[120.9187728,23.3205605],[120.9181522,23.3204618],[120.9176092,23.3203629],[120.917097,23.320192],[120.916615,23.319834],[120.9163655,23.3194321],[120.9161938,23.3191306],[120.9160993,23.3187138],[120.9160043,23.3181818],[120.915863,23.3177221],[120.9156757,23.3173775],[120.9153641,23.316947],[120.9149595,23.3165312],[120.9145861,23.3161872],[120.9141663,23.3158577],[120.9139945,23.3155275],[120.9138542,23.3152978],[120.9137756,23.3150104],[120.9138513,23.3145211],[120.9140809,23.3137293],[120.9142181,23.313096],[120.9143557,23.3125634],[120.9143698,23.3121893],[120.9142439,23.3116863],[120.9140565,23.3112986],[120.9138541,23.3110835],[120.9137449,23.3108969],[120.9136824,23.3107676],[120.9136508,23.3106239],[120.9135728,23.3104659],[120.9136183,23.3102213],[120.9136638,23.3099191],[120.9137555,23.309588],[120.9140947,23.3090691],[120.9143099,23.3085794],[120.9144328,23.3082769],[120.9144313,23.3078454],[120.9144452,23.3074283],[120.9144286,23.3071551],[120.9142878,23.3067959],[120.9140387,23.306509],[120.9137735,23.306064],[120.9136321,23.3055467],[120.9134902,23.3048855],[120.9133178,23.304397],[120.913224,23.3041529],[120.9131295,23.3037504],[120.9130507,23.3034199],[120.9127546,23.3030037],[120.9125054,23.3026593],[120.9122401,23.3021999],[120.91213,23.3017544],[120.9121597,23.3014091],[120.9122052,23.3011213],[120.9121419,23.3007906],[120.9120017,23.3005897],[120.9118462,23.3004608],[120.9114586,23.3004477],[120.9111641,23.3004343],[120.9109009,23.3005358],[120.910405,23.3005661],[120.9099085,23.3004382],[120.9094995,23.3003107],[120.9091489,23.3003105],[120.9087301,23.3003701],[120.9084979,23.3004572],[120.9082969,23.3006017],[120.9082205,23.3009039],[120.9082837,23.3012346],[120.9083163,23.3016659],[120.9082552,23.3019394],[120.9081168,23.3022276],[120.9074369,23.302805],[120.9067261,23.3034402],[120.9061545,23.3039741],[120.9057528,23.3043494],[120.9053972,23.304595],[120.9051493,23.3046533],[120.9049474,23.3045389],[120.9048535,23.3042803],[120.904744,23.3040074],[120.9045875,23.3036052],[120.9044313,23.3033036],[120.9043681,23.3029587],[120.9043668,23.3026134],[120.9045832,23.3024401],[120.9050165,23.3022374],[120.9054655,23.3020633],[120.9058836,23.3019613],[120.9061467,23.3018311],[120.9063476,23.3016578],[120.9065171,23.3013983],[120.906454,23.3010966],[120.9062514,23.3007807],[120.9058625,23.300408],[120.9056448,23.3002361],[120.9056286,23.3000348],[120.905752,23.2998474],[120.90586,23.2997032],[120.9062158,23.2995295],[120.9066647,23.2993411],[120.9073298,23.298965],[120.9078559,23.29869],[120.9079951,23.298589],[120.9082155,23.2981896],[120.9082936,23.2979021],[120.9081769,23.2976504],[120.9078977,23.2973954],[120.9075092,23.2971522],[120.9070587,23.2968803],[120.9066546,23.2965652],[120.9063124,23.2962642],[120.9060476,23.2959055],[120.9060467,23.2956609],[120.9063089,23.2952718],[120.9068187,23.2948099],[120.9075295,23.2942035],[120.9080394,23.2937561],[120.908488,23.29351],[120.9089527,23.2933935],[120.9094486,23.2934063],[120.9099144,23.2935918],[120.910536,23.2940357],[120.9111427,23.2946235],[120.9119205,23.2953688],[120.9125422,23.2958272],[120.913225,23.2960263],[120.9139537,23.2960671],[120.9145114,23.2959933],[120.9148358,23.2956903],[120.9150043,23.2951288],[120.9152495,23.29438],[120.9155427,23.2940483],[120.9159297,23.2939032],[120.9164722,23.2938727],[120.9178677,23.2939976],[120.9186118,23.2940239],[120.9191848,23.2938926],[120.919958,23.2934011],[120.9204685,23.2931261],[120.9211034,23.292937],[120.921584,23.2929786],[120.9218638,23.2932078],[120.9220673,23.2937249],[120.9223331,23.2943425],[120.9224129,23.2949608],[120.9224915,23.2952338],[120.9226004,23.2953341],[120.9228172,23.2952759],[120.9230797,23.2950161],[120.9234037,23.2946124],[120.923805,23.2941507],[120.9241915,23.2938762],[120.9245314,23.2936018],[120.9250261,23.2932406],[120.925382,23.2930955],[120.9258779,23.2930508],[120.9263895,23.2930778],[120.9267622,23.2932492],[120.9270736,23.2936221],[120.9272142,23.2938949],[120.9272496,23.2950599],[120.9273919,23.2958073],[120.9276731,23.2963817],[120.9282488,23.2969551],[120.928606,23.2971266],[120.9290866,23.2971394],[120.929737,23.2969645],[120.930403,23.2968473],[120.9311778,23.2967728],[120.9322938,23.2967547],[120.9327596,23.2969545],[120.9330864,23.2972698],[120.9332272,23.2976289],[120.9332752,23.2980027],[120.9330901,23.2982478],[120.9327496,23.2983928],[120.9321609,23.2984667],[120.9316652,23.2985691],[120.9314797,23.2986991],[120.931481,23.29903],[120.9317162,23.299734],[120.9319963,23.300035],[120.9323686,23.3000913],[120.9330353,23.3001466],[120.9335005,23.3001595],[120.9337489,23.3002593],[120.9338889,23.3003883],[120.9342935,23.300804],[120.9346671,23.3012055],[120.9349481,23.3017223],[120.9351665,23.3020956],[120.9354626,23.302483],[120.9355563,23.3026552],[120.9354953,23.3029431],[120.9351708,23.3032174],[120.9345839,23.303766],[120.9340583,23.3041417],[120.9335641,23.3046037],[120.9332554,23.3049786],[120.9331478,23.3052092],[120.9331955,23.3055255],[120.9335074,23.305999],[120.9340994,23.3067593],[120.9345976,23.307333],[120.9348474,23.307778],[120.9348486,23.3080945],[120.9346942,23.3082532],[120.9343074,23.3084415],[120.9337806,23.3085152],[120.9334087,23.3085596],[120.9330372,23.308719],[120.9328986,23.308964],[120.9329,23.3093092],[120.9332117,23.3097253],[120.933662,23.3099539],[120.9340809,23.3100101],[120.9344064,23.3100089],[120.9347315,23.3099072],[120.9351338,23.3097044],[120.9356287,23.3094007],[120.9360155,23.309198],[120.9366495,23.3087788],[120.937377,23.3084886],[120.9379491,23.3081128],[120.9385372,23.3078663],[120.9393271,23.3076622],[120.9399309,23.3074732],[120.9401474,23.3073287],[120.9406113,23.307025],[120.9412458,23.3067352],[120.9417875,23.306532],[120.9422674,23.3063577],[120.942562,23.3063567],[120.9427176,23.3065],[120.9426877,23.3068022],[120.9425492,23.307076],[120.9425662,23.3074354],[120.9426908,23.3075932],[120.9428925,23.3076357],[120.9432958,23.3076919],[120.9437919,23.3077045],[120.944242,23.3078468],[120.9446616,23.3081043],[120.9450504,23.3084338],[120.9454394,23.3087777],[120.9458132,23.309251],[120.9462186,23.3098393],[120.9467012,23.3103411],[120.9470745,23.3106562],[120.9476804,23.310985],[120.9479602,23.3111709],[120.9480693,23.3113288],[120.9480389,23.3114871],[120.9479163,23.3118472],[120.9477622,23.3120778],[120.9477788,23.3123654],[120.9478419,23.3126385],[120.9480135,23.3129112],[120.9482929,23.3130109],[120.948759,23.3132393],[120.9491786,23.3135112],[120.9494743,23.3137979],[120.9495838,23.3140276],[120.9497404,23.3144442],[120.9498818,23.314904],[120.95007,23.3154499],[120.9501638,23.3156653],[120.9503668,23.3160098],[120.950616,23.3163254],[120.9508966,23.3166984],[120.9511304,23.317014],[120.9513327,23.3172146],[120.9516593,23.3174724],[120.9520009,23.3176007],[120.9524203,23.3178006],[120.9527158,23.3180153],[120.9531346,23.3180714],[120.9534294,23.3181423],[120.9537088,23.3182132],[120.9540343,23.3182121],[120.9542672,23.3182976],[120.9545006,23.3184981],[120.9545324,23.3187282],[120.9545504,23.3193322],[120.9545514,23.3195767],[120.9548319,23.3199496],[120.9549879,23.3201793],[120.9551751,23.3204662],[120.9552077,23.3208689],[120.9552092,23.3212428],[120.9550084,23.3214449],[120.9548542,23.3216468],[120.9547007,23.3220356],[120.9544239,23.3226119],[120.9542704,23.3229865],[120.9541321,23.323289],[120.9541025,23.3236487],[120.954229,23.3242523],[120.9543081,23.3246404],[120.9543246,23.3248993],[120.9542792,23.3252014],[120.9543116,23.3255465],[120.9542818,23.3258487],[120.9543295,23.3261362],[120.9543771,23.3263949],[120.9545951,23.3266387],[120.9549063,23.3269109],[120.9552011,23.3269674],[120.9554497,23.327096],[120.9555427,23.3270813],[120.9555421,23.3269374],[120.9553092,23.3268519],[120.954874,23.3265946],[120.9545783,23.3263079],[120.9544685,23.3260063],[120.9544826,23.3256466],[120.9545125,23.3253733],[120.9546349,23.3249701],[120.9546803,23.3246823],[120.9546168,23.3242942],[120.9544903,23.3236905],[120.9544723,23.3230577],[120.9546874,23.3225679],[120.9548716,23.322107],[120.9550719,23.3218043],[120.9553188,23.3215157],[120.9554885,23.3212994],[120.95555,23.3211553],[120.9555334,23.3208965],[120.9554855,23.3205515],[120.9553294,23.3202932],[120.9550333,23.3199058],[120.9549237,23.3196329],[120.9548763,23.3194174],[120.9548903,23.3190433],[120.9548427,23.3187702],[120.9547487,23.3185117],[120.954717,23.3183535],[120.9546079,23.3182244],[120.9544681,23.3181387],[120.9545143,23.3180522],[120.9546689,23.3179653],[120.9549788,23.3179211],[120.955506,23.3179192],[120.9560178,23.3179607],[120.9565141,23.3180452],[120.9568248,23.3182023],[120.9572293,23.3185317],[120.9577272,23.3189758],[120.9581158,23.319219],[120.9584729,23.3193759],[120.9588453,23.3194322],[120.9591244,23.3194312],[120.9595117,23.3193866],[120.9598525,23.3192848],[120.960038,23.319169],[120.9603626,23.3189234],[120.9606098,23.3187068],[120.9611828,23.3185609],[120.9616015,23.3185738],[120.9620512,23.3186297],[120.9624238,23.3187435],[120.9628269,23.3187421],[120.963323,23.3187403],[120.9635706,23.3186388],[120.9636634,23.3185809],[120.963849,23.3184796],[120.9639876,23.3182202],[120.9642499,23.3179172],[120.9645588,23.3176428],[120.9649459,23.317512],[120.9652556,23.317439],[120.9655811,23.3174234],[120.9658912,23.3174223],[120.9665112,23.3173769],[120.9667749,23.3174192],[120.9670696,23.3174757],[120.9672711,23.3174462],[120.9675498,23.3173589],[120.9679367,23.3171993],[120.9684626,23.3168954],[120.9688335,23.316592],[120.9691887,23.3162599],[120.9695594,23.3159278],[120.9701315,23.3155805],[120.9706269,23.3154061],[120.9711074,23.3153756],[120.9715726,23.3153884],[120.9720224,23.3154586],[120.9723325,23.3154718],[120.9726126,23.315701],[120.9730939,23.3158862],[120.9734041,23.3159283],[120.973714,23.3158696],[120.9739156,23.3158833],[120.9742105,23.3159685],[120.97449,23.3160682],[120.9748629,23.3162826],[120.9753908,23.3164677],[120.975949,23.3164801],[120.9763517,23.3164066],[120.9766923,23.3162903],[120.9769082,23.3160163],[120.9771081,23.3155984],[120.9772924,23.315195],[120.9775088,23.3150217],[120.9778648,23.3148909],[120.9781121,23.3147462],[120.9784991,23.3145721],[120.9788232,23.3142402],[120.9791792,23.3141095],[120.9794117,23.3140798],[120.979536,23.3141369],[120.9796447,23.3142084],[120.9798474,23.3144665],[120.9800341,23.3146384],[120.9803912,23.3147523],[120.9808096,23.3147219],[120.9813048,23.3145044],[120.9817221,23.3142008],[120.9821858,23.3138683],[120.9827274,23.3136362],[120.9834088,23.3134467],[120.9840286,23.3134013],[120.9845863,23.3132985],[120.9852836,23.3131953],[120.9859345,23.3131497],[120.9863845,23.3132488],[120.9866646,23.3134922],[120.9868053,23.3137794],[120.9869309,23.3141528],[120.9869175,23.314642],[120.9868887,23.3151598],[120.9869222,23.3157495],[120.9869853,23.3160225],[120.9871098,23.3161083],[120.9873113,23.3161076],[120.9875748,23.3161066],[120.9877756,23.3159332],[120.9879611,23.3157887],[120.9883006,23.3154135],[120.9886553,23.314995],[120.9890111,23.3147924],[120.9892896,23.3146619],[120.9896459,23.3146174],[120.9897705,23.3147464],[120.9898179,23.314962],[120.9898191,23.3152496],[120.9898665,23.3154508],[120.9900062,23.3154935],[120.9903783,23.3154921],[120.9907659,23.3154906],[120.9911066,23.3154031],[120.9913385,23.3152584],[120.9917712,23.3149403],[120.9919874,23.3147382],[120.9922657,23.3145646],[120.9924517,23.3145638],[120.9925607,23.3146785],[120.9925769,23.3148367],[120.9925779,23.3150668],[120.9927024,23.315167],[120.9929508,23.3152524],[120.993059,23.3151944],[120.9932747,23.3148628],[120.9935213,23.3145167],[120.9937369,23.3141995],[120.9939226,23.3141124],[120.9942948,23.3141398],[120.9948068,23.3142386],[120.9952567,23.3143088],[120.9956754,23.3143504],[120.9958765,23.3142346],[120.9963561,23.3140171],[120.9966654,23.3138433],[120.9969127,23.3136697],[120.9972073,23.3136686],[120.997363,23.3138119],[120.9974413,23.3139986],[120.9975044,23.3142572],[120.997691,23.314386],[120.997909,23.3146009],[120.9981887,23.3147437],[120.9984988,23.3147569],[120.9987463,23.3146265],[120.9990548,23.3142802],[120.9993009,23.3138333],[120.9995636,23.313631],[120.9997341,23.3136304],[120.9998585,23.3137162],[120.9999678,23.3138883],[121.0001855,23.3140314],[121.0004804,23.314131],[121.0008374,23.3142159],[121.0010854,23.314215],[121.0009612,23.3141722],[121.0005418,23.3139868],[121.000231,23.3138011],[120.9999355,23.3136008],[120.9997488,23.3134433],[120.9994699,23.3134731],[120.9991915,23.313618],[120.9988064,23.3141948],[120.9985596,23.3144977],[120.9983425,23.3144698],[120.9980164,23.3143416],[120.9977673,23.314098],[120.9975645,23.3138255],[120.9973773,23.313553],[120.9971601,23.3134962],[120.9969122,23.3135259],[120.9966026,23.3136565],[120.996309,23.313859],[120.9958604,23.3140908],[120.9955658,23.3140775],[120.9952712,23.3140931],[120.9948215,23.3140371],[120.9946353,23.3140235],[120.9943718,23.3140101],[120.9938756,23.3139976],[120.9936741,23.3140271],[120.9934581,23.3142436],[120.9933348,23.3144311],[120.9931808,23.3146762],[120.9930269,23.3149212],[120.992841,23.3149508],[120.9927939,23.3148071],[120.9927777,23.3146489],[120.992606,23.3143763],[120.9923576,23.3143053],[120.9920324,23.3143928],[120.9918008,23.3146094],[120.9915073,23.3148551],[120.9912447,23.3150862],[120.9909198,23.3152312],[120.9905635,23.3153044],[120.9902692,23.3153486],[120.9900981,23.3152342],[120.9900503,23.3149324],[120.9899872,23.3146593],[120.9897536,23.3144157],[120.9894745,23.3144167],[120.9891029,23.3145331],[120.9887008,23.3147504],[120.9884071,23.3149672],[120.9881758,23.3152557],[120.9879908,23.3155009],[120.9877902,23.3157175],[120.9875735,23.3158045],[120.9873721,23.3158197],[120.9871854,23.3156909],[120.9870914,23.3154324],[120.9870744,23.3150872],[120.9871343,23.3145836],[120.9872251,23.3140654],[120.9871619,23.3137924],[120.9868964,23.3133188],[120.9867872,23.3131609],[120.9866005,23.3130178],[120.9862126,23.3129329],[120.9856699,23.3129206],[120.9851586,23.31298],[120.9845389,23.3130686],[120.9838882,23.3131717],[120.9831913,23.3133324],[120.9827111,23.3134349],[120.9823393,23.3135225],[120.9820455,23.3136818],[120.9817055,23.3139563],[120.9814431,23.3142019],[120.9810871,23.3143613],[120.980638,23.3144637],[120.9803436,23.3145079],[120.980095,23.314365],[120.9797061,23.3140499],[120.9794883,23.3138781],[120.9791782,23.3138649],[120.9789303,23.3139089],[120.9786984,23.3140537],[120.9783585,23.3143282],[120.9779721,23.3146029],[120.9776628,23.3147909],[120.9773378,23.3149216],[120.9770906,23.3151238],[120.976983,23.3153544],[120.9768757,23.3156568],[120.9767065,23.3159739],[120.9765058,23.316176],[120.976196,23.316249],[120.9757928,23.3162073],[120.975203,23.3160512],[120.9744113,23.3157952],[120.9739924,23.3157248],[120.9736049,23.3157262],[120.9733414,23.3157415],[120.973062,23.3156707],[120.9726733,23.3153988],[120.972223,23.3152134],[120.9718354,23.3152004],[120.9713701,23.3151589],[120.9708587,23.3152039],[120.9704869,23.3152772],[120.9701154,23.3154223],[120.9697441,23.3156106],[120.9693576,23.3158853],[120.9690023,23.3161742],[120.9686317,23.3165496],[120.9682297,23.3168242],[120.9678433,23.3170845],[120.9673944,23.3172732],[120.967162,23.3173171],[120.9669137,23.3172461],[120.9665569,23.3171898],[120.9661538,23.3171913],[120.9656578,23.3172074],[120.9652086,23.3172953],[120.9648212,23.3173543],[120.9644498,23.3175281],[120.9640481,23.3178604],[120.9637861,23.3182497],[120.9636164,23.3184517],[120.9633375,23.3184958],[120.962795,23.3185121],[120.9621747,23.3184711],[120.96143,23.3183587],[120.960841,23.3183751],[120.9604845,23.3184052],[120.9602529,23.3186505],[120.9599443,23.3190111],[120.9596192,23.3191417],[120.95917,23.3192152],[120.9587514,23.3192168],[120.9582858,23.3190746],[120.9579128,23.3188602],[120.9572904,23.3183158],[120.9567929,23.3179579],[120.9565131,23.3177863],[120.9561562,23.3176869],[120.9556135,23.31766],[120.954823,23.3177059],[120.954095,23.3178666],[120.9536301,23.3179402],[120.9531338,23.3178844],[120.9523885,23.3175849],[120.9519222,23.3173133],[120.9515337,23.3170558],[120.9512222,23.3166972],[120.9509419,23.3163961],[120.950739,23.316066],[120.9504899,23.3157792],[120.9503185,23.3155785],[120.9501152,23.3151333],[120.9499585,23.3147167],[120.9498948,23.3142854],[120.9497378,23.3137825],[120.9495506,23.3135099],[120.9492552,23.3132809],[120.9487891,23.3130235],[120.9484008,23.3128379],[120.9481834,23.3127524],[120.9480588,23.3126089],[120.9479806,23.3124078],[120.9480877,23.3120623],[120.9482573,23.3118172],[120.948256,23.3115007],[120.9482393,23.3111844],[120.9480369,23.3109694],[120.947695,23.3107548],[120.9474774,23.3106117],[120.9470891,23.3104404],[120.9467778,23.3101251],[120.9463576,23.309695],[120.9460302,23.3092215],[120.9457651,23.3088197],[120.9454386,23.3085763],[120.9451896,23.3083613],[120.9449095,23.3080747],[120.9446139,23.3078024],[120.9441792,23.3076457],[120.9437603,23.3075464],[120.9433414,23.307476],[120.9430002,23.3074339],[120.942845,23.3073914],[120.9427669,23.3072334],[120.9428277,23.3069311],[120.9429507,23.3066718],[120.9429812,23.3065279],[120.9429804,23.3063409],[120.9429024,23.3062117],[120.9427315,23.3061116],[120.9422978,23.306185],[120.9417867,23.3063162],[120.9411984,23.3065339],[120.940672,23.306694],[120.9402696,23.3068823],[120.9399763,23.3071854],[120.9398528,23.3073008],[120.9396983,23.3074308],[120.9394038,23.3074606],[120.9389546,23.3075628],[120.9386141,23.3076934],[120.9379641,23.3079833],[120.9373607,23.3082873],[120.9368654,23.3084904],[120.9365869,23.3086352],[120.9358444,23.3090404],[120.9352259,23.3094453],[120.9347931,23.3097632],[120.934499,23.3098792],[120.9341579,23.3098947],[120.933708,23.3098099],[120.9333968,23.3095233],[120.9332875,23.3093079],[120.9332707,23.3089772],[120.9333322,23.3088331],[120.9335955,23.3087459],[120.9340137,23.3086582],[120.9344938,23.3085559],[120.9348035,23.3084686],[120.93502,23.3083097],[120.9350812,23.308108],[120.9350644,23.3077773],[120.9347215,23.3073038],[120.9343942,23.3068446],[120.9340825,23.3063998],[120.9336931,23.3059121],[120.9334743,23.3054813],[120.9335042,23.3051648],[120.9336577,23.304776],[120.9341828,23.3042708],[120.9347855,23.3037798],[120.9354504,23.303346],[120.9358677,23.3030282],[120.9360529,23.3027974],[120.9359899,23.3025674],[120.9357255,23.3023382],[120.9353517,23.3018792],[120.9350391,23.3012042],[120.9346963,23.3007308],[120.9343228,23.3003581],[120.9339654,23.3001291],[120.9337013,23.3000005],[120.9333447,23.299973],[120.9329726,23.2999455],[120.9323832,23.2998755],[120.9319639,23.2996612],[120.9318074,23.2992878],[120.9317132,23.2989573],[120.9319295,23.298784],[120.9321926,23.2986679],[120.9324712,23.2985664],[120.9329515,23.2984929],[120.933292,23.2983622],[120.9334613,23.2980309],[120.9334288,23.297657],[120.9332411,23.2972117],[120.9329296,23.2968388],[120.9326344,23.2966384],[120.9319833,23.2966262],[120.9312083,23.2966289],[120.9304644,23.2966601],[120.9300459,23.2966902],[120.9294421,23.2968649],[120.9290703,23.2969524],[120.9286518,23.2969394],[120.9281696,23.2964951],[120.9278119,23.2961943],[120.9276249,23.2959216],[120.9275144,23.2954042],[120.9274798,23.294455],[120.927446,23.2937215],[120.927212,23.2933196],[120.9269784,23.2930327],[120.9265594,23.2929191],[120.9260012,23.2928633],[120.9253195,23.2929663],[120.9248087,23.2931406],[120.9243914,23.2934728],[120.9237733,23.2939638],[120.9233098,23.2943825],[120.9229396,23.2948728],[120.9227856,23.2951178],[120.922646,23.2951038],[120.9225834,23.2949458],[120.9224883,23.2943996],[120.9223467,23.2938391],[120.9222681,23.2935373],[120.9221581,23.2931206],[120.9218469,23.2928195],[120.9216298,23.2927771],[120.9212424,23.2928071],[120.9207621,23.2928662],[120.9201736,23.2930264],[120.9197405,23.2932724],[120.9192766,23.2935471],[120.9182854,23.2937805],[120.9174793,23.2937687],[120.916487,23.2936857],[120.9159134,23.2936732],[120.9155883,23.2937892],[120.9151863,23.2940638],[120.9149707,23.2944529],[120.9148948,23.2948846],[120.914726,23.295331],[120.9145259,23.2957057],[120.9143557,23.2957925],[120.9135652,23.2958239],[120.9130225,23.2957537],[120.9124477,23.2954391],[120.9118573,23.2950526],[120.9111573,23.2943933],[120.9107061,23.2939201],[120.9101152,23.2934041],[120.9097425,23.2932328],[120.9093082,23.2931478],[120.9088744,23.2932068],[120.9084255,23.2933809],[120.9080851,23.2935258],[120.907884,23.2936271],[120.907621,23.2938005],[120.9073743,23.2941465],[120.9064626,23.2949117],[120.905922,23.29546],[120.9057992,23.2958056],[120.9059246,23.2961792],[120.9061895,23.2965522],[120.9067644,23.29691],[120.9074946,23.297368],[120.9078987,23.2976687],[120.9080082,23.2979561],[120.9078854,23.2982729],[120.907654,23.2985757],[120.9072365,23.2988502],[120.9065708,23.2990969],[120.9059673,23.2993865],[120.9054413,23.2996758],[120.9052715,23.2998634],[120.9052102,23.3000793],[120.9052265,23.3002662],[120.9054286,23.3004382],[120.9056615,23.3005669],[120.9060034,23.3007816],[120.9062064,23.301198],[120.906223,23.3015144],[120.9060068,23.3017308],[120.9056198,23.3018759],[120.9051243,23.3020357],[120.9046288,23.3021667],[120.9043503,23.3023258],[120.9040731,23.3028445],[120.9040898,23.3031609],[120.9043703,23.3035771],[120.9045267,23.3039649],[120.9045746,23.3043244],[120.9047466,23.3047409],[120.9049487,23.3048985],[120.9052278,23.3049264],[120.9053679,23.3050698],[120.9054927,23.3052852],[120.9054632,23.3057167],[120.9055272,23.3062631],[120.9056376,23.3067661],[120.9057026,23.3076002],[120.9056418,23.3079168],[120.9054561,23.3080325],[120.9051927,23.308062],[120.9044798,23.3081075],[120.9032861,23.3081112],[120.902573,23.3081279],[120.9018907,23.3080437],[120.9017506,23.3079003],[120.9016877,23.3076561],[120.9017486,23.3073394],[120.9018249,23.3070083],[120.9018859,23.3067205],[120.9018693,23.3064185],[120.9017909,23.3061742],[120.9016497,23.3057144],[120.9013686,23.3051256],[120.9011805,23.3045509],[120.9011175,23.3042777],[120.9011627,23.303918],[120.901347,23.3034428],[120.9014693,23.302939],[120.901452,23.30245],[120.9014653,23.3018459],[120.9014023,23.3015872],[120.9012771,23.3012424],[120.9011365,23.3009408],[120.9008558,23.3004814],[120.9006376,23.3001657],[120.9003108,23.2998071],[120.9000928,23.2995201],[120.8999062,23.2993625],[120.8994563,23.2992489],[120.8989596,23.2990634],[120.8984009,23.2988782],[120.897842,23.2986354],[120.8973142,23.2984357],[120.8970662,23.2984221],[120.8967875,23.2985236],[120.8963698,23.2987695],[120.8958288,23.2991883],[120.895366,23.2998082],[120.8948716,23.3002844],[120.8945314,23.3005156],[120.8942064,23.3006748],[120.893819,23.3007048],[120.8934313,23.3006773],[120.8928576,23.3006215],[120.8925165,23.3005937],[120.8922687,23.3006521],[120.891928,23.3007538],[120.8916493,23.3008409],[120.891231,23.3009142],[120.8908744,23.3009009],[120.8904247,23.3008591],[120.8900369,23.300774],[120.8896339,23.3007896],[120.8893086,23.3008338],[120.8889679,23.3009355],[120.8886116,23.3010085],[120.8881313,23.3010531],[120.8876972,23.3010545],[120.8872939,23.3009838],[120.8869989,23.3008553],[120.8866877,23.300511],[120.8865781,23.300195],[120.8863131,23.2997642],[120.8859394,23.2992907],[120.8854885,23.2988893],[120.884976,23.2986177],[120.8843396,23.2983894],[120.88375,23.2982187],[120.8828333,23.29804],[120.8825388,23.2980408],[120.8821206,23.2980851],[120.8816556,23.298072],[120.8811599,23.2981021],[120.8806796,23.298161],[120.8802922,23.298162],[120.8798582,23.2981057],[120.8795945,23.2979915],[120.8792069,23.2978919],[120.8787417,23.2977781],[120.8781062,23.2977223],[120.877517,23.2975515],[120.8769743,23.2974092],[120.8766018,23.297137],[120.87626,23.2967928],[120.8759647,23.2963624],[120.875793,23.2958453],[120.8757921,23.2954714],[120.8757752,23.2948676],[120.8757745,23.2945513],[120.8755106,23.2943507],[120.8750763,23.2941793],[120.8747196,23.294051],[120.874363,23.2939944],[120.8738982,23.2939957],[120.8735265,23.2940542],[120.8731239,23.2941704],[120.8725822,23.2944594],[120.8721333,23.2946906],[120.8716999,23.2948643],[120.8713437,23.2949946],[120.8710958,23.2950097],[120.8707858,23.2949675],[120.8704447,23.2948821],[120.8700567,23.2946099],[120.8697152,23.2943377],[120.8693269,23.2939218],[120.8688923,23.2936067],[120.8686126,23.2933055],[120.8683177,23.2930475],[120.8681471,23.2929904],[120.8677751,23.2929483],[120.8672172,23.2929066],[120.866675,23.2929512],[120.8663031,23.2929666],[120.8658228,23.293011],[120.8653426,23.2930842],[120.8649089,23.2931285],[120.8645837,23.2932587],[120.8642434,23.2935041],[120.8640117,23.2938066],[120.8637025,23.2941237],[120.8634237,23.2941964],[120.8631448,23.2941971],[120.8628813,23.2941547],[120.8624156,23.2938108],[120.8617019,23.293367],[120.8610967,23.2929804],[120.8605383,23.2927375],[120.8602283,23.2926808],[120.8598719,23.2926961],[120.8595311,23.2927258],[120.8592215,23.2928847],[120.8589124,23.2932593],[120.8586502,23.2937632],[120.8581719,23.2946991],[120.8579096,23.2952317],[120.8576934,23.295563],[120.8574769,23.2957792],[120.8572447,23.2958949],[120.8569815,23.2959674],[120.8567179,23.2958962],[120.8564543,23.295825],[120.856237,23.2956818],[120.8560199,23.295553],[120.8557253,23.2954818],[120.8553844,23.2955115],[120.8551522,23.295584],[120.855044,23.2957137],[120.8548429,23.2959011],[120.8545953,23.2960168],[120.8544405,23.2960891],[120.8541616,23.2961185],[120.8539911,23.2960902],[120.8536656,23.2960335],[120.8531693,23.2958767],[120.8528127,23.295777],[120.8524562,23.295706],[120.8520843,23.2957069],[120.8517435,23.295751],[120.8513872,23.2957806],[120.8510772,23.295767],[120.8505192,23.2957254],[120.8499924,23.2957267],[120.8494966,23.2957711],[120.8489853,23.2957868],[120.848474,23.2958025],[120.8480091,23.2957893],[120.8476681,23.2957327],[120.8473424,23.2956329],[120.8468928,23.295519],[120.8464741,23.2953188],[120.846071,23.2952335],[120.8456213,23.2951196],[120.8450786,23.2949485],[120.8447839,23.2948055],[120.8441946,23.2945482],[120.8438066,23.2942904],[120.8434651,23.2939893],[120.8431698,23.2935875],[120.8429365,23.2931855],[120.8427964,23.2928695],[120.8426099,23.2925968],[120.8424391,23.292396],[120.8422218,23.292224],[120.8419735,23.2920521],[120.8416944,23.2919952],[120.8414155,23.2919529],[120.8408887,23.2919685],[120.840362,23.2920274],[120.8395874,23.2921156],[120.8390605,23.2921026],[120.8386575,23.2920604],[120.8382699,23.2919463],[120.8378822,23.2917891],[120.8376805,23.2916602],[120.8374942,23.2914594],[120.8372611,23.2911293],[120.8366555,23.2905557],[120.8360968,23.2900971],[120.8356777,23.2897243],[120.8351656,23.2893373],[120.8347934,23.2891945],[120.8343593,23.2890805],[120.8339253,23.2889666],[120.8337235,23.2888233],[120.8334288,23.2886802],[120.8331185,23.2884366],[120.8329786,23.2882357],[120.8327765,23.2878767],[120.8326209,23.2875896],[120.8323259,23.2872883],[120.832093,23.2870589],[120.8317363,23.2868873],[120.8314107,23.2867442],[120.8309297,23.2864291],[120.8305882,23.2861424],[120.8303393,23.2856398],[120.8300904,23.2851084],[120.8297483,23.2845342],[120.8294995,23.284089],[120.8292817,23.2836439],[120.8290174,23.2831988],[120.8287996,23.2827393],[120.8286281,23.2822365],[120.8284566,23.2816762],[120.8284558,23.2812592],[120.8285163,23.2805115],[120.8285153,23.2800226],[120.8284836,23.2796489],[120.8282968,23.2792323],[120.8281414,23.2789596],[120.8279858,23.2786292],[120.8278458,23.2783564],[120.8275813,23.2777964],[120.8273017,23.2774232],[120.8269753,23.2769207],[120.8267733,23.276605],[120.8264781,23.2762031],[120.8260899,23.2757583],[120.8257951,23.2755433],[120.825376,23.2751418],[120.8249109,23.2749417],[120.8244609,23.2746552],[120.8241662,23.2744402],[120.8237774,23.2736936],[120.8234506,23.2729755],[120.8231089,23.2725018],[120.8228755,23.2720279],[120.8226427,23.2717841],[120.822565,23.2716835],[120.8225029,23.2716262],[120.8222546,23.2713824],[120.822006,23.2709948],[120.8219587,23.2706067],[120.8218805,23.27019],[120.8219107,23.269816],[120.8220494,23.2694706],[120.8222501,23.2690963],[120.8222804,23.2686793],[120.8222174,23.2681475],[120.8221545,23.267702],[120.8220918,23.2673283],[120.8219517,23.2669979],[120.8216565,23.2665529],[120.8214387,23.266079],[120.8212053,23.2655332],[120.8209874,23.264973],[120.8206141,23.2642693],[120.820334,23.2635943],[120.8201006,23.2630342],[120.8199296,23.2627326],[120.8197738,23.262316],[120.8196338,23.2619569],[120.819509,23.2615402],[120.8194614,23.2609221],[120.8193674,23.260376],[120.8192888,23.2598155],[120.8191948,23.2592406],[120.8190082,23.2588672],[120.8188835,23.2585081],[120.8187902,23.258307],[120.818526,23.2578619],[120.8182617,23.2573737],[120.8182606,23.2567698],[120.8183366,23.2560077],[120.8183506,23.25526],[120.8182724,23.2548288],[120.8181013,23.254441],[120.8177442,23.2540393],[120.8172631,23.2535803],[120.8167507,23.2529777],[120.8164245,23.2524609],[120.816424,23.2521877],[120.8166403,23.2518852],[120.8170271,23.2516256],[120.8177078,23.2512214],[120.818079,23.250861],[120.8181866,23.2504438],[120.818217,23.2501419],[120.8181389,23.2497826],[120.8178591,23.2493232],[120.8175951,23.2489644],[120.8173467,23.2486918],[120.8171137,23.2483185],[120.8167104,23.2480319],[120.8166171,23.2478596],[120.8163015,23.2476574],[120.8159285,23.2474002],[120.815416,23.2471436],[120.814934,23.2468006],[120.8144213,23.2465153],[120.8139241,23.2462012],[120.8135825,23.2460302],[120.8130387,23.2457162],[120.8124186,23.2455755],[120.8120775,23.2455053],[120.8117368,23.2454926],[120.8115044,23.2454794],[120.811396,23.24548],[120.811132,23.2453373],[120.8108986,23.245137],[120.8106804,23.2448933],[120.8105395,23.2446205],[120.8105069,23.2443327],[120.8104741,23.2440018],[120.8104881,23.2437425],[120.8104849,23.2431955],[120.8104512,23.2427205],[120.8103868,23.2422745],[120.8103535,23.2418572],[120.810259,23.2415841],[120.8101644,23.2412967],[120.810008,23.2410095],[120.8098057,23.2408379],[120.8096964,23.24068],[120.8095556,23.2404216],[120.8094759,23.2400332],[120.8094276,23.239688],[120.8094252,23.2392848],[120.8095458,23.238694],[120.8096374,23.2384775],[120.8097132,23.2382036],[120.8097737,23.2379441],[120.8098186,23.237656],[120.8097853,23.237253],[120.8098912,23.2368206],[120.8100429,23.2362726],[120.8100714,23.2358406],[120.8101153,23.2353941],[120.8101132,23.2350342],[120.8101882,23.2346162],[120.8101708,23.2342564],[120.8100602,23.2338826],[120.8099641,23.2333216],[120.8098528,23.2328039],[120.8097727,23.2323291],[120.8096909,23.2315665],[120.8095954,23.2311063],[120.8094066,23.230589],[120.8092029,23.2301437],[120.8089535,23.2298571],[120.8086582,23.2296426],[120.8081771,23.2294579],[120.8076813,23.2293885],[120.807216,23.2292325],[120.8068435,23.229076],[120.8064545,23.2287469],[120.8061586,23.2284172],[120.8057074,23.2280452],[120.8054581,23.2277586],[120.805317,23.2274425],[120.8050516,23.2270552],[120.8047082,23.2265531],[120.8045822,23.2261794],[120.8043936,23.2256908],[120.804112,23.225174],[120.8037379,23.2247295],[120.8033339,23.2244581],[120.802619,23.2239722],[120.8024008,23.2237142],[120.8021977,23.2233984],[120.8019011,23.2229536],[120.8014643,23.2223799],[120.800981,23.2217633],[120.8006383,23.2214051],[120.8003562,23.2207875],[120.8002141,23.2202843],[120.8002732,23.2197801],[120.8003339,23.2195783],[120.8004243,23.2191314],[120.800653,23.2185112],[120.8008504,23.2178335],[120.801034,23.2174439],[120.8012179,23.2171117],[120.8012628,23.216838],[120.8013233,23.2165786],[120.8014616,23.2163907],[120.801677,23.2161592],[120.8020322,23.2160135],[120.8024645,23.2158096],[120.8029281,23.2156489],[120.8030976,23.2155184],[120.8032815,23.2152008],[120.8035278,23.2149404],[120.8039129,23.2146073],[120.8040813,23.2142753],[120.8040956,23.2140592],[120.8040477,23.2138148],[120.8039052,23.2132396],[120.8037295,23.2122759],[120.8037277,23.2119735],[120.8038031,23.2116132],[120.8041405,23.2110499],[120.804293,23.2106461],[120.8044157,23.2104439],[120.8044285,23.2099831],[120.8043184,23.2096526],[120.8041306,23.209308],[120.8039124,23.2090499],[120.8034777,23.2088218],[120.8031206,23.208622],[120.8030271,23.2085218],[120.8030255,23.2082338],[120.8030233,23.207845],[120.8029913,23.207658],[120.8030821,23.2072977],[120.8030967,23.2071392],[120.8031568,23.2068078],[120.8031384,23.206304],[120.8031506,23.205728],[120.803116,23.2050803],[120.8029749,23.2047643],[120.8028184,23.2044627],[120.8026164,23.2043198],[120.8023369,23.2041628],[120.8021194,23.2040344],[120.801918,23.2039922],[120.8015772,23.2039508],[120.8011898,23.2038808],[120.8008796,23.2037816],[120.800523,23.2036682],[120.8001358,23.203627],[120.7996714,23.2036293],[120.799207,23.2036317],[120.7988203,23.2036768],[120.7984798,23.203693],[120.7981392,23.2036659],[120.7975196,23.203597],[120.7969931,23.2035565],[120.7966523,23.2035151],[120.7963736,23.2035021],[120.7959712,23.2035042],[120.7955996,23.2034772],[120.7952587,23.2034213],[120.7949176,23.2033222],[120.7945295,23.203137],[120.794126,23.2029376],[120.7938148,23.2026511],[120.7935969,23.2024363],[120.7935799,23.2021629],[120.7936241,23.2017595],[120.793715,23.2014135],[120.7938376,23.2011969],[120.7941296,23.2008212],[120.7944981,23.2002865],[120.7947281,23.1998822],[120.7947889,23.1996804],[120.79471,23.1994217],[120.7946463,23.1990908],[120.7944277,23.1987608],[120.7941158,23.1983448],[120.7938199,23.1980152],[120.7934616,23.1976139],[120.7931815,23.1973273],[120.7928705,23.1970841],[120.792513,23.1968124],[120.7921237,23.1964112],[120.7918286,23.1962111],[120.7915335,23.1960399],[120.7911761,23.1957825],[120.7909117,23.1955391],[120.7906316,23.1952814],[120.7903663,23.194894],[120.7900853,23.1944634],[120.78985,23.1939032],[120.7897242,23.1935438],[120.7896754,23.1931121],[120.7896258,23.1925509],[120.7894845,23.1921917],[120.7894046,23.1917313],[120.7894327,23.1912273],[120.7893994,23.1908099],[120.7893196,23.190364],[120.7891633,23.1900913],[120.7890687,23.189775],[120.7888189,23.1893875],[120.7885234,23.1891298],[120.788244,23.1889873],[120.7876552,23.1888751],[120.7870201,23.1887775],[120.7866796,23.1887647],[120.7861536,23.1888106],[120.7855195,23.1889145],[120.785087,23.1890607],[120.7845,23.1892652],[120.7840368,23.189469],[120.7835582,23.1897018],[120.7832961,23.1898902],[120.7830493,23.1900354],[120.7828949,23.1900938],[120.7825081,23.1901245],[120.782121,23.1900833],[120.7816715,23.1899847],[120.7812213,23.1897422],[120.7807709,23.1894565],[120.7803201,23.1890988],[120.7798533,23.1886548],[120.7794331,23.188225],[120.7791513,23.1876504],[120.7789627,23.1871187],[120.7789141,23.1867158],[120.7788501,23.1863417],[120.7788324,23.1859387],[120.7788149,23.1855501],[120.7788746,23.1851611],[120.77901,23.1844549],[120.779132,23.1841088],[120.7791618,23.1838927],[120.7790986,23.183677],[120.7788953,23.1832749],[120.7784269,23.182543],[120.7780514,23.1817962],[120.7777219,23.1809628],[120.7772964,23.1795827],[120.7771865,23.1792809],[120.7771529,23.1787915],[120.7771185,23.1781582],[120.7768988,23.1776122],[120.776711,23.1772388],[120.7764455,23.1767938],[120.7761337,23.1763634],[120.7757752,23.1759045],[120.7754951,23.1756179],[120.7753083,23.1754172],[120.7750284,23.1751739],[120.77481,23.1748438],[120.7745751,23.1743411],[120.7744643,23.1738809],[120.7742458,23.1735508],[120.7740737,23.1732061],[120.7737473,23.1729486],[120.773514,23.1727338],[120.7732033,23.1725194],[120.7729079,23.1722616],[120.7726899,23.1720324],[120.7724724,23.1718607],[120.7721459,23.1715743],[120.7719428,23.1712442],[120.7718794,23.1709566],[120.7719236,23.1705532],[120.7719992,23.1702217],[120.7721979,23.16976],[120.7724135,23.1695717],[120.7729072,23.1692814],[120.7732151,23.1689776],[120.7735533,23.1685727],[120.7737217,23.1682408],[120.7738745,23.1678801],[120.773905,23.1677935],[120.7739325,23.1671599],[120.7739447,23.1665696],[120.7739409,23.1658641],[120.7739217,23.1651875],[120.77395,23.1646979],[120.773964,23.1644099],[120.7740857,23.1640349],[120.7741613,23.1637034],[120.7743301,23.1634434],[120.7745603,23.1630968],[120.7748687,23.1628937],[120.7749142,23.1627207],[120.7749133,23.1625479],[120.7749126,23.1624184],[120.7748182,23.1621452],[120.774614,23.1615992],[120.7742082,23.1609533],[120.7737103,23.1604374],[120.7732437,23.1600222],[120.7728558,23.1598225],[120.7725142,23.1596083],[120.7721269,23.1595238],[120.7718169,23.1594246],[120.7715686,23.1592962],[120.7709634,23.158968],[120.7706528,23.158768],[120.770327,23.1586112],[120.7701871,23.1584823],[120.7701709,23.1583528],[120.7702478,23.1582804],[120.7703862,23.158107],[120.7704316,23.157934],[120.7704301,23.1576604],[120.7703208,23.1574594],[120.7701027,23.157187],[120.7697303,23.1570016],[120.7694044,23.1568448],[120.7689864,23.1567893],[120.7685374,23.1567483],[120.7682746,23.1567928],[120.7680892,23.1568513],[120.7679507,23.1569815],[120.767828,23.1571981],[120.7676128,23.1574439],[120.767412,23.1575168],[120.7672263,23.1575178],[120.7670864,23.1574033],[120.7668843,23.1572171],[120.7665888,23.156945],[120.7662305,23.1565004],[120.7660279,23.1562279],[120.765717,23.1559702],[120.7655151,23.1558416],[120.7651432,23.1557427],[120.7648334,23.1556721],[120.7645542,23.1555439],[120.7642595,23.1554302],[120.7640422,23.1552873],[120.763871,23.1551153],[120.7636378,23.1549149],[120.7635285,23.1547139],[120.7633721,23.1544123],[120.7633088,23.154139],[120.7633688,23.1537788],[120.7634427,23.1531449],[120.7635651,23.1528852],[120.7636407,23.1525537],[120.7637014,23.1523375],[120.763592,23.152122],[120.7634207,23.1519213],[120.7630166,23.1515922],[120.7625353,23.1512777],[120.7621014,23.1511647],[120.7615279,23.1509659],[120.7610165,23.1508387],[120.7604434,23.150712],[120.7598238,23.1505997],[120.7593589,23.1504724],[120.7587852,23.1502305],[120.7584434,23.1499586],[120.7581623,23.1494848],[120.7580201,23.148924],[120.7579707,23.1483771],[120.757938,23.1480461],[120.7576493,23.1474155],[120.7573741,23.1471501],[120.7571721,23.1469927],[120.7568303,23.146692],[120.7564108,23.1463772],[120.7559295,23.1460483],[120.7554637,23.1457336],[120.7549976,23.1453614],[120.7541752,23.1449331],[120.7537406,23.1446615],[120.7530268,23.1443047],[120.7523137,23.1440773],[120.7517243,23.1438495],[120.7512894,23.143506],[120.7508075,23.1430476],[120.7503868,23.1423875],[120.7500439,23.1418423],[120.7496856,23.141326],[120.7492036,23.1408244],[120.748567,23.1403809],[120.7479465,23.1400813],[120.7473726,23.139839],[120.746722,23.1397552],[120.7461653,23.1399299],[120.7457791,23.1401326],[120.7453931,23.1404217],[120.7450846,23.1406818],[120.7446983,23.1408846],[120.7442963,23.1410299],[120.7437703,23.1411182],[120.7431661,23.1410341],[120.7427943,23.1409924],[120.7422672,23.1408074],[120.7416605,23.1401193],[120.7416579,23.1394721],[120.7417012,23.1386954],[120.741482,23.1380921],[120.7410452,23.137274],[120.7406559,23.1367433],[120.7402968,23.1359824],[120.7402152,23.1349472],[120.7401658,23.1342138],[120.7400247,23.1337829],[120.7399147,23.1333806],[120.7398053,23.1331078],[120.7396959,23.1328637],[120.7395399,23.1325767],[120.7391506,23.1320172],[120.7387466,23.1316591],[120.738235,23.1314741],[120.737848,23.1314899],[120.7372601,23.1316072],[120.7367347,23.1318392],[120.7363185,23.1322867],[120.7358406,23.1328062],[120.7354704,23.1331671],[120.7351464,23.1334272],[120.7348221,23.1336297],[120.7344826,23.133933],[120.7339725,23.1341219],[120.7336785,23.1341661],[120.7333225,23.1341674],[120.7327493,23.1340832],[120.7322685,23.1338981],[120.7317875,23.1336266],[120.7313841,23.1334123],[120.731027,23.1331404],[120.7306698,23.1328684],[120.7303434,23.1325532],[120.7297379,23.1320953],[120.7295048,23.1319091],[120.728869,23.1316382],[120.7282028,23.1314968],[120.7275985,23.131384],[120.7264671,23.1310573],[120.725986,23.1307715],[120.7250397,23.1302859],[120.7239997,23.1295993],[120.7231453,23.1288689],[120.7222902,23.1279372],[120.7215125,23.1270052],[120.7211072,23.1262876],[120.7209827,23.1261297],[120.7204223,23.1253264],[120.7196744,23.124121],[120.7191759,23.1232887],[120.7188027,23.1228729],[120.7186514,23.1225523],[120.7183568,23.1222941],[120.7178763,23.1219932],[120.7171945,23.1216496],[120.7166214,23.1214208],[120.7160327,23.1211633],[120.7154749,23.1209488],[120.7150257,23.1207485],[120.7148708,23.1206913],[120.7144216,23.1205341],[120.7141892,23.1204483],[120.7137864,23.1203197],[120.713492,23.1201622],[120.7130893,23.1200048],[120.7127792,23.1197899],[120.7125778,23.1196609],[120.7124693,23.1195893],[120.7123762,23.1195032],[120.7122833,23.1194602],[120.7121901,23.119331],[120.7121589,23.1192017],[120.7122514,23.1190291],[120.7124369,23.1188849],[120.7125914,23.1187552],[120.7127768,23.1185968],[120.7129466,23.1183521],[120.7131162,23.1180498],[120.7133013,23.1177046],[120.7135481,23.1173303],[120.7136869,23.1170713],[120.7139804,23.1167401],[120.7143198,23.1162075],[120.7145204,23.1159197],[120.7147056,23.1156606],[120.7147825,23.115373],[120.7148595,23.1152003],[120.7150442,23.1146968],[120.7151979,23.1141934],[120.7153056,23.1138482],[120.7153976,23.1134456],[120.7155047,23.112856],[120.7156268,23.1120365],[120.7156407,23.1112458],[120.7156078,23.1102685],[120.7155136,23.1096362],[120.7154657,23.1089607],[120.7152155,23.1076962],[120.7148576,23.106777],[120.7145472,23.106332],[120.7142523,23.1059733],[120.7138803,23.1056865],[120.7135082,23.1053566],[120.7130746,23.1052281],[120.7127029,23.1051138],[120.7124398,23.1051431],[120.7121614,23.1052012],[120.7118212,23.1053744],[120.7115587,23.1056767],[120.711312,23.1061372],[120.7111428,23.1066263],[120.7110816,23.1070145],[120.7108813,23.1074029],[120.7106188,23.1077341],[120.7101083,23.1078788],[120.7095048,23.1079232],[120.7086069,23.1078387],[120.7079256,23.1076675],[120.7073531,23.1077549],[120.7069976,23.1079999],[120.7067971,23.1083597],[120.7067204,23.1087336],[120.7065665,23.1091507],[120.7063814,23.1094529],[120.7060416,23.109813],[120.705578,23.1102019],[120.7051454,23.1105765],[120.7048516,23.1107209],[120.7042798,23.1111532],[120.7039398,23.1114413],[120.7034606,23.1117585],[120.703136,23.1119316],[120.7027028,23.1120618],[120.7023005,23.1121056],[120.7016349,23.1121069],[120.7011396,23.1121079],[120.7005359,23.1120659],[120.7003501,23.1120232],[120.7000714,23.1119662],[120.6995605,23.1119097],[120.6990803,23.1116806],[120.6985687,23.1113222],[120.6980883,23.1109781],[120.6977933,23.1105331],[120.6974053,23.1099732],[120.6973268,23.109384],[120.6974035,23.1090246],[120.6975883,23.1085355],[120.6976342,23.1082479],[120.6975866,23.1076874],[120.6973072,23.1072423],[120.6969505,23.1068836],[120.6964386,23.1062521],[120.6963608,23.106051],[120.6961588,23.1056059],[120.6958947,23.1051464],[120.6956311,23.1048306],[120.6953206,23.1043855],[120.6949018,23.1038401],[120.6946376,23.1033088],[120.6944199,23.1027917],[120.6941241,23.1018436],[120.6938905,23.101111],[120.6936417,23.1004645],[120.6934239,23.0998613],[120.6930361,23.099402],[120.6925396,23.0987273],[120.6922449,23.0983972],[120.6918263,23.0979812],[120.6915315,23.0976368],[120.6911438,23.0972205],[120.6907716,23.0967613],[120.6904304,23.0963738],[120.6900893,23.0960582],[120.6897638,23.0958144],[120.689485,23.0956712],[120.6891595,23.0954131],[120.6889423,23.0951404],[120.6884612,23.0943938],[120.688011,23.0936615],[120.6876385,23.0930441],[120.6872501,23.0922255],[120.6871411,23.0918807],[120.6870012,23.091536],[120.6868456,23.091105],[120.6867521,23.0907171],[120.6867978,23.0903002],[120.6869519,23.0899837],[120.6872459,23.0899544],[120.6874163,23.0900259],[120.6875246,23.0900545],[120.687896,23.0900682],[120.6883603,23.0900817],[120.6889329,23.0900663],[120.6893044,23.0901087],[120.6902173,23.0900783],[120.6909601,23.0900481],[120.691641,23.0900038],[120.6921671,23.0899741],[120.6929096,23.089829],[120.6932188,23.0896559],[120.693636,23.0893389],[120.6939756,23.0888927],[120.6942837,23.088159],[120.6943597,23.0874113],[120.6944049,23.0867932],[120.6943576,23.0862902],[120.6943718,23.0856289],[120.6942308,23.0847524],[120.6940287,23.0842352],[120.693889,23.0840343],[120.6936717,23.0836897],[120.6934082,23.0834459],[120.6930518,23.0832165],[120.6921844,23.0827725],[120.6914255,23.0824577],[120.6906978,23.0822147],[120.6899547,23.0820579],[120.6895058,23.0819294],[120.6891185,23.0817001],[120.6887156,23.0814421],[120.6882195,23.0809256],[120.6876609,23.0801072],[120.6871179,23.0793176],[120.686745,23.0785565],[120.686605,23.0781255],[120.686449,23.0774215],[120.686324,23.0768036],[120.6861985,23.0758838],[120.6861662,23.0751652],[120.6862728,23.074202],[120.6864104,23.0733105],[120.6865176,23.0727353],[120.6865483,23.0725628],[120.6865013,23.0722754],[120.6863305,23.0719307],[120.6860667,23.0715143],[120.6856015,23.0709834],[120.6852448,23.0705671],[120.6849346,23.0701364],[120.6845778,23.0696771],[120.684345,23.0692607],[120.6841278,23.0689448],[120.6839879,23.0686289],[120.6837555,23.0683849],[120.6834299,23.0680262],[120.6830424,23.0676819],[120.6826238,23.067237],[120.6822518,23.0668784],[120.6822202,23.0664903],[120.6820961,23.066318],[120.6818638,23.066189],[120.6816931,23.065945],[120.6813366,23.065615],[120.6810266,23.0652994],[120.6806546,23.0649262],[120.6805306,23.0647971],[120.680159,23.0646109],[120.6796323,23.06431],[120.6791675,23.0639946],[120.6787799,23.0635209],[120.6784234,23.0631479],[120.6781289,23.062904],[120.6778501,23.0627176],[120.6776024,23.0625887],[120.6769982,23.0621729],[120.6765332,23.0617138],[120.6761767,23.0613407],[120.6757428,23.060982],[120.6754794,23.0607381],[120.6752315,23.060523],[120.67455,23.0601361],[120.6738688,23.0598929],[120.6735589,23.0596203],[120.673218,23.0593478],[120.6727994,23.0588455],[120.6721643,23.0583722],[120.6715756,23.0579563],[120.670956,23.0575549],[120.6703518,23.0570816],[120.669871,23.0564212],[120.6696841,23.0556309],[120.6696055,23.0549698],[120.6696352,23.0542367],[120.6698041,23.0535033],[120.6699426,23.0530288],[120.6702973,23.05241],[120.6707758,23.0517767],[120.6710689,23.0513019],[120.6715014,23.0508987],[120.6720265,23.0503372],[120.6722734,23.0499774],[120.6724739,23.049632],[120.6725973,23.0493875],[120.6726896,23.0491142],[120.6726734,23.0487405],[120.6725648,23.0485107],[120.6723787,23.0482666],[120.6719761,23.0480948],[120.6714499,23.0479664],[120.6706763,23.0478959],[120.6698408,23.0479117],[120.6690519,23.0479562],[120.6685259,23.0479139],[120.6683401,23.0478711],[120.667891,23.0475988],[120.6674417,23.0471827],[120.667039,23.0469103],[120.6666055,23.0467097],[120.6660018,23.0464952],[120.665661,23.0462514],[120.6652583,23.0459502],[120.6646853,23.0456206],[120.6642673,23.0454056],[120.6637873,23.0451621],[120.6633537,23.0449329],[120.66292,23.0446029],[120.6622232,23.0441873],[120.6616809,23.0436995],[120.6613244,23.0433119],[120.6609833,23.0428526],[120.6606421,23.0423069],[120.6603316,23.0416749],[120.6602383,23.0414019],[120.6600366,23.0410286],[120.6596177,23.0402674],[120.659276,23.0394486],[120.6591047,23.0387733],[120.6589336,23.0381986],[120.658731,23.0372646],[120.6584821,23.0364457],[120.658358,23.0362159],[120.6582181,23.035785],[120.6581398,23.0352389],[120.6580771,23.0347358],[120.6580918,23.0342327],[120.6581685,23.0339163],[120.6582608,23.0335568],[120.6582758,23.0332694],[120.6582751,23.0328812],[120.6583519,23.0325217],[120.6583667,23.0320762],[120.6584742,23.0316447],[120.6588138,23.0311985],[120.6592304,23.0305798],[120.6596009,23.0301048],[120.6599094,23.0296156],[120.6602489,23.0291263],[120.6603261,23.0290111],[120.6607582,23.0284067],[120.6612674,23.027644],[120.6617147,23.026867],[120.6619768,23.0263779],[120.6621926,23.0258888],[120.6622374,23.0249832],[120.6622672,23.02425],[120.6622819,23.0237757],[120.6622818,23.0237469],[120.6622506,23.0236032],[120.6621573,23.0232871],[120.6620949,23.0229997],[120.6619547,23.0223962],[120.6620311,23.0218212],[120.6623393,23.0211594],[120.6627563,23.0207562],[120.6630181,23.0201089],[120.6631718,23.0195193],[120.6635417,23.0186994],[120.6637262,23.0180666],[120.6639105,23.0172901],[120.6641404,23.0160679],[120.6642472,23.0152196],[120.664339,23.0145726],[120.6644619,23.0141412],[120.6644611,23.013638],[120.6643055,23.0130921],[120.6641654,23.0125461],[120.6640255,23.0121151],[120.6640247,23.011612],[120.6640703,23.0112094],[120.6642091,23.0109073],[120.6644095,23.0105045],[120.6645017,23.0102025],[120.6645321,23.0098575],[120.6644231,23.0094695],[120.6642988,23.0090673],[120.6641125,23.0086507],[120.6639264,23.0084211],[120.6636322,23.008206],[120.6631063,23.0081206],[120.6625494,23.0080927],[120.6617297,23.0080797],[120.6610492,23.0080952],[120.6605851,23.0079954],[120.66026,23.007809],[120.6597956,23.0076086],[120.6592232,23.0074371],[120.6586661,23.0072511],[120.6584494,23.0071796],[120.6581862,23.0070363],[120.6577066,23.006879],[120.657428,23.0067788],[120.6573041,23.006664],[120.6573812,23.0065202],[120.6576284,23.0063472],[120.6581969,23.0056006],[120.6582724,23.0055015],[120.6583846,23.0053541],[120.6584615,23.0051384],[120.6582761,23.0052537],[120.6581253,23.0054144],[120.6580321,23.0055139],[120.6579519,23.0055992],[120.6577512,23.0058295],[120.6573963,23.0062757],[120.6571029,23.0065638],[120.6568245,23.006593],[120.656438,23.0066511],[120.6559742,23.0067237],[120.6556649,23.0067961],[120.6550003,23.0070271],[120.654444,23.0072868],[120.6540111,23.0073881],[120.6536555,23.0074749],[120.6532533,23.0074469],[120.6529592,23.0072461],[120.6527732,23.0070307],[120.6524485,23.0070456],[120.6520619,23.0070894],[120.6516133,23.0070326],[120.6513347,23.0069037],[120.6508705,23.0068038],[120.650453,23.0067901],[120.649927,23.0067191],[120.6494317,23.0065042],[120.6489827,23.0061888],[120.6484413,23.0060459],[120.6477761,23.0060038],[120.6469254,23.0059477],[120.6460438,23.0059203],[120.6453788,23.0058925],[120.6444661,23.005779],[120.6441569,23.0058226],[120.6437551,23.0060533],[120.6432761,23.0063415],[120.6427815,23.0065435],[120.6423177,23.0066879],[120.641962,23.0066166],[120.6417296,23.0063726],[120.6413426,23.0061576],[120.6407389,23.0057848],[120.6403672,23.005426],[120.6400883,23.0050959],[120.6396545,23.004579],[120.6392671,23.0041484],[120.6391893,23.0037748],[120.6391887,23.0033435],[120.639342,23.0024808],[120.639403,23.0019202],[120.6393249,23.0013884],[120.6391695,23.0008999],[120.6389369,23.000469],[120.6387356,23.0002969],[120.6386888,23.0000814],[120.6383633,22.9995644],[120.6379761,22.9991768],[120.6377591,22.9988465],[120.6376193,22.9984155],[120.6376185,22.9979124],[120.6376768,22.9975181],[120.6377224,22.9972158],[120.637876,22.9968845],[120.6380759,22.9965388],[120.638476,22.995948],[120.6388298,22.9954004],[120.6389373,22.9951699],[120.6389215,22.9950261],[120.6388128,22.9947386],[120.6389053,22.9946665],[120.6390901,22.9944934],[120.6394445,22.994176],[120.6397062,22.9938589],[120.6400141,22.9934841],[120.6405219,22.9927779],[120.6408608,22.9924174],[120.6411997,22.9921001],[120.6416458,22.9914516],[120.6419382,22.9910481],[120.6420766,22.9908032],[120.6420762,22.9906449],[120.6420448,22.9904004],[120.641998,22.9902134],[120.6420125,22.9898249],[120.6420728,22.9892493],[120.6420724,22.9890623],[120.642209,22.9880836],[120.6424379,22.9869753],[120.6425141,22.9865435],[120.6424363,22.9863134],[120.6423585,22.9860979],[120.6422804,22.985724],[120.6422492,22.985537],[120.6425101,22.9849033],[120.6428021,22.9843559],[120.6429553,22.9838952],[120.6429547,22.9836218],[120.642907,22.9830608],[120.6429518,22.9824277],[120.6431047,22.9817942],[120.6435809,22.9808148],[120.6441041,22.9800942],[120.6448281,22.9794162],[120.6451668,22.9790557],[120.6455207,22.9785657],[120.6458435,22.9779894],[120.6459973,22.9777589],[120.6463518,22.9775134],[120.6466291,22.9772825],[120.6470143,22.9769651],[120.6472451,22.976648],[120.6473673,22.9761298],[120.6475516,22.9756977],[120.6480747,22.9749771],[120.6486443,22.9742995],[120.6489668,22.9736369],[120.6491965,22.9728882],[120.6492415,22.9723558],[120.6491917,22.9709747],[120.6492198,22.9698093],[120.6492637,22.9688596],[120.6492159,22.9682554],[120.6488552,22.9659687],[120.6487456,22.9653647],[120.6486047,22.9645449],[120.6484642,22.9639411],[120.6483238,22.9633515],[120.6481213,22.9625751],[120.6480584,22.9621292],[120.6477635,22.9614825],[120.6475142,22.960548],[120.6472814,22.9600306],[120.646956,22.9595421],[120.6465533,22.958982],[120.6459642,22.9579764],[120.645747,22.9574876],[120.6457004,22.9573871],[120.6457929,22.9573581],[120.6459939,22.9574871],[120.6463493,22.9576445],[120.6467207,22.9579889],[120.6469527,22.9581754],[120.6473544,22.9583471],[120.6476325,22.9584183],[120.6478488,22.9585041],[120.6480497,22.9586187],[120.648328,22.958805],[120.6486372,22.9589482],[120.6491623,22.959062],[120.6493631,22.9591335],[120.6496108,22.9593919],[120.6498433,22.9598086],[120.6500766,22.9604842],[120.6503261,22.9614763],[120.6504827,22.9624111],[120.650608,22.9631157],[120.650733,22.9637485],[120.6506999,22.9628565],[120.6506198,22.961677],[120.6505253,22.9609291],[120.6504463,22.9602099],[120.6502905,22.959606],[120.6500421,22.9590599],[120.6498099,22.9587583],[120.6495314,22.9585288],[120.649037,22.9583574],[120.6485893,22.9583153],[120.6484502,22.9582725],[120.6484501,22.9582005],[120.6487277,22.9580848],[120.649206,22.9579829],[120.6494839,22.9580109],[120.6499316,22.9580818],[120.6508117,22.9581516],[120.651213,22.9581219],[120.6505641,22.9578933],[120.6499148,22.9575207],[120.6494666,22.9573061],[120.6491886,22.9572204],[120.6489108,22.9572642],[120.6487567,22.9573797],[120.6485258,22.9576104],[120.6483876,22.9578985],[120.6480793,22.9580863],[120.6477552,22.9581303],[120.6474465,22.958131],[120.6472458,22.9581027],[120.6470446,22.9579162],[120.6468281,22.9577153],[120.6465649,22.957385],[120.6463173,22.9571554],[120.6461162,22.9569832],[120.6458382,22.9569407],[120.6455602,22.9568695],[120.6453127,22.9566687],[120.644957,22.9563818],[120.6446473,22.9560084],[120.6442131,22.9551462],[120.6438408,22.9544134],[120.6435615,22.9538242],[120.6433439,22.9531916],[120.6431572,22.9526022],[120.6431405,22.9521131],[120.6432168,22.9517532],[120.6434937,22.9513353],[120.6437091,22.9510326],[120.6439241,22.9506005],[120.6441232,22.949967],[120.6441984,22.9491323],[120.6442579,22.9481971],[120.6444103,22.9474198],[120.6447027,22.947045],[120.6450871,22.9464829],[120.6454873,22.9460072],[120.6459338,22.9455601],[120.6465811,22.9451413],[120.6470742,22.9448236],[120.6474285,22.9445494],[120.6477055,22.9442322],[120.6481667,22.9434829],[120.6485971,22.9427768],[120.6487666,22.942647],[120.6487969,22.9423879],[120.6489504,22.9421627],[120.6491506,22.9418691],[120.6496579,22.9410622],[120.6500111,22.9403276],[120.6501798,22.9398812],[120.6502554,22.9392911],[120.6502537,22.9386005],[120.6501585,22.9375361],[120.6501259,22.9368599],[120.6501713,22.9364714],[120.6504011,22.9357946],[120.6504465,22.9354348],[120.6504305,22.9351758],[120.6503987,22.9348307],[120.6503671,22.9345574],[120.6505654,22.9335929],[120.6508407,22.9325851],[120.6511943,22.9320663],[120.6514239,22.9312745],[120.6516072,22.9305403],[120.6517752,22.9298204],[120.6518204,22.9293887],[120.6517733,22.9290435],[120.6517712,22.9282235],[120.6517698,22.9276192],[120.6520145,22.9267697],[120.652059,22.9260503],[120.6521662,22.9257191],[120.6520884,22.9254459],[120.6520878,22.9252014],[120.6519168,22.9247126],[120.6517614,22.9242957],[120.6515133,22.9238215],[120.6512037,22.9234338],[120.6506775,22.9228453],[120.6503679,22.9224719],[120.6500434,22.9222569],[120.6497651,22.9220993],[120.6494716,22.9219562],[120.6492243,22.9217986],[120.6487914,22.9214687],[120.6483585,22.9211676],[120.6479413,22.9209528],[120.6474781,22.9208388],[120.6467986,22.9206534],[120.6463507,22.9205106],[120.6460264,22.9203819],[120.6457788,22.9201236],[120.6456238,22.9198362],[120.6455448,22.919117],[120.6454492,22.9178799],[120.645339,22.9169882],[120.6452442,22.9160964],[120.6450568,22.9151904],[120.6450401,22.9146437],[120.6449769,22.9140683],[120.645053,22.9136365],[120.6453292,22.9129884],[120.6453284,22.9126576],[120.6453121,22.9123123],[120.6452495,22.9119816],[120.6453563,22.9114489],[120.6453093,22.9111901],[120.6452008,22.9109745],[120.645185,22.9108307],[120.6454297,22.9099237],[120.6455028,22.9082833],[120.6455171,22.9078373],[120.6454077,22.9072764],[120.6453895,22.9061399],[120.6453575,22.9056364],[120.645031,22.9046732],[120.64455,22.9035378],[120.6440854,22.9028627],[120.6435591,22.902159],[120.6429866,22.9015561],[120.6423994,22.9011978],[120.6419046,22.9007674],[120.6414254,22.9004088],[120.6411005,22.9000355],[120.6407287,22.8994322],[120.6404497,22.8989148],[120.6402628,22.8981383],[120.6401841,22.8975343],[120.6402905,22.8968578],[120.6404585,22.8961812],[120.6405647,22.8954041],[120.6405326,22.8949006],[120.6405317,22.8945265],[120.6406851,22.8941233],[120.6410546,22.8938202],[120.6415783,22.8934593],[120.6421783,22.8927673],[120.6428552,22.8919168],[120.6436397,22.8909365],[120.6439931,22.890389],[120.6441316,22.8902304],[120.6441158,22.8900434],[120.6442536,22.8896258],[120.644514,22.8888627],[120.6447596,22.8883442],[120.6450805,22.8870773],[120.6451091,22.8861707],[120.6451381,22.8853794],[120.6451066,22.8851204],[120.6450445,22.8849768],[120.6454907,22.8844865],[120.6459831,22.8839673],[120.6462139,22.8837222],[120.6465068,22.8836064],[120.6467533,22.8834763],[120.6469069,22.8832026],[120.6472604,22.882655],[120.6477367,22.8818769],[120.6479973,22.8811856],[120.6480734,22.8807683],[120.648149,22.8801351],[120.6481929,22.8791709],[120.6480824,22.8781785],[120.6481115,22.8774591],[120.6479874,22.8771859],[120.6477707,22.8768987],[120.6476468,22.8766832],[120.6475227,22.8764102],[120.6476147,22.8761942],[120.6477686,22.8760211],[120.6483542,22.8757751],[120.6487398,22.875731],[120.6489557,22.8757448],[120.6490331,22.8758454],[120.6489569,22.8762053],[120.6490808,22.8764064],[120.6493592,22.8767079],[120.6496533,22.8770956],[120.6499013,22.8775554],[120.6502901,22.8788062],[120.650726,22.8804165],[120.6509127,22.8810203],[120.6512071,22.8815375],[120.6513004,22.8818107],[120.6513788,22.8823284],[120.6515182,22.8825583],[120.6519205,22.8830177],[120.6519838,22.8836218],[120.652154,22.8838515],[120.6525096,22.8841529],[120.6532358,22.8845827],[120.6536526,22.884668],[120.6540847,22.8847389],[120.65464,22.8846656],[120.6550409,22.8845638],[120.6553797,22.8843328],[120.6558109,22.8840152],[120.6563497,22.8835822],[120.6568421,22.8830487],[120.657534,22.8821118],[120.657888,22.88178],[120.6582422,22.8815488],[120.6588588,22.8813315],[120.6595218,22.881186],[120.6601541,22.8811268],[120.6608329,22.8810964],[120.6617123,22.8810942],[120.6625611,22.8812215],[120.6637033,22.8814057],[120.6644905,22.8815763],[120.6650773,22.8817763],[120.6653708,22.8819338],[120.6658652,22.8821915],[120.6666992,22.8825346],[120.6672552,22.8827778],[120.6676879,22.8830501],[120.6681365,22.883495],[120.6684311,22.8840697],[120.6685712,22.8845297],[120.6685721,22.8848607],[120.6685577,22.8852492],[120.6680991,22.8868617],[120.6675773,22.8879421],[120.6674091,22.8885324],[120.6674256,22.8889353],[120.6675036,22.8892803],[120.6678129,22.8895386],[120.668462,22.8899398],[120.669049,22.8902116],[120.6695122,22.8903542],[120.6702996,22.8905537],[120.6712569,22.890839],[120.6721834,22.8911243],[120.6727085,22.89131],[120.6729095,22.8914677],[120.6729871,22.8916546],[120.6729878,22.891928],[120.672666,22.8927488],[120.6723597,22.8935985],[120.6723926,22.8943898],[120.6723943,22.8949796],[120.6722727,22.8956849],[120.6721203,22.8964047],[120.6720902,22.8967069],[120.6723541,22.8973105],[120.6725558,22.8977416],[120.6730817,22.8982006],[120.6736381,22.8985733],[120.6740864,22.8988743],[120.6745343,22.8990601],[120.6750901,22.8991738],[120.6768037,22.899529],[120.6772977,22.8995997],[120.6778995,22.8995981],[120.6786246,22.8995818],[120.6792575,22.8996521],[120.6798132,22.8997657],[120.6801997,22.9000381],[120.6805559,22.9005263],[120.6806341,22.9009146],[120.680635,22.901231],[120.6802663,22.901822],[120.6796047,22.9025143],[120.6787277,22.9034661],[120.6780204,22.9043744],[120.6779596,22.9047199],[120.6780374,22.9049786],[120.6782077,22.9052084],[120.6785167,22.9053514],[120.6789648,22.9055661],[120.6793353,22.9056227],[120.6798598,22.9055638],[120.680307,22.9054619],[120.6808309,22.9052015],[120.6813695,22.9046533],[120.6818006,22.9043069],[120.682139,22.9039032],[120.6826766,22.9029953],[120.6830764,22.9025195],[120.6833842,22.9022309],[120.683862,22.9020139],[120.6846486,22.9018823],[120.6854046,22.9018803],[120.6858057,22.901836],[120.6863763,22.9017338],[120.6868237,22.9017038],[120.6875337,22.9017738],[120.6884443,22.9018721],[120.6887993,22.9019],[120.6889998,22.9018706],[120.6892156,22.9017694],[120.6894921,22.9013369],[120.6902611,22.9004572],[120.6906765,22.9000101],[120.6910147,22.8995488],[120.6914147,22.8991304],[120.6917535,22.898885],[120.6919071,22.89864],[120.6921071,22.8984092],[120.6923537,22.8983222],[120.6925852,22.8983647],[120.69274,22.898537],[120.6928958,22.8990689],[120.6928977,22.8997595],[120.6927459,22.9006375],[120.6924397,22.9015016],[120.692286,22.9017179],[120.6919472,22.9019634],[120.6913617,22.9022527],[120.6906529,22.9026287],[120.6904533,22.9029889],[120.6903775,22.9034352],[120.6905486,22.9039527],[120.6908431,22.904441],[120.6913224,22.9047706],[120.6916313,22.9048705],[120.6919709,22.9049271],[120.6922948,22.9048543],[120.6929112,22.9045505],[120.6935278,22.9043331],[120.6942525,22.9041584],[120.6949771,22.903955],[120.6953626,22.9038677],[120.6957792,22.9038521],[120.6961038,22.9040239],[120.6963976,22.9042389],[120.6966609,22.9046266],[120.6970181,22.905417],[120.697205,22.9060207],[120.6972684,22.9066104],[120.6973918,22.9066101],[120.6975001,22.9067249],[120.6977957,22.9075729],[120.6980296,22.9084212],[120.6982474,22.9090393],[120.698279,22.9093125],[120.6981718,22.9096005],[120.6978332,22.9099036],[120.6971242,22.9102221],[120.69697,22.9102369],[120.6968625,22.9104098],[120.6964618,22.9106124],[120.6960456,22.9107574],[120.6957369,22.9107151],[120.6953195,22.9104428],[120.6949173,22.9100987],[120.6947309,22.9096675],[120.694529,22.909222],[120.6944359,22.9090065],[120.6940952,22.9085902],[120.6936461,22.9080303],[120.6932283,22.9075854],[120.6929343,22.9073273],[120.6924089,22.9070409],[120.6917448,22.9068413],[120.6912199,22.9067276],[120.6905255,22.9067295],[120.6895999,22.9068039],[120.6890445,22.9068486],[120.6886282,22.9069792],[120.6882122,22.9071961],[120.6879968,22.9074125],[120.6876121,22.9078164],[120.687104,22.9082206],[120.6867037,22.9085526],[120.6862114,22.909115],[120.6859352,22.9096481],[120.686013,22.9098925],[120.6860907,22.9100793],[120.6862612,22.9103522],[120.686416,22.9105676],[120.6864167,22.9107834],[120.6863864,22.9109849],[120.6864639,22.9110998],[120.6866645,22.9111281],[120.6868648,22.9110124],[120.6871413,22.9105656],[120.6874644,22.9102339],[120.6876341,22.9101903],[120.6878502,22.9102041],[120.6880204,22.9103763],[120.6885023,22.9116843],[120.6885805,22.9120293],[120.6885813,22.9123171],[120.6885986,22.9129932],[120.6886766,22.9132808],[120.6889087,22.9135535],[120.6894814,22.9141562],[120.6901162,22.9149315],[120.6903487,22.9152762],[120.6906436,22.9158652],[120.6907217,22.9162391],[120.6905996,22.9167286],[120.6901706,22.9178376],[120.6898802,22.9188167],[120.689974,22.9192625],[120.6901294,22.9196649],[120.6905316,22.9200092],[120.6908561,22.9201521],[120.6911646,22.9201081],[120.6915808,22.9199344],[120.6918887,22.9196746],[120.6922119,22.9193572],[120.6925344,22.9188096],[120.6928567,22.9181757],[120.6931334,22.9177864],[120.6934875,22.917469],[120.6940423,22.9172229],[120.6944436,22.9172505],[120.6948297,22.9173502],[120.6952779,22.9175935],[120.6955411,22.9179093],[120.6956194,22.9182976],[120.6955129,22.9188591],[120.6954224,22.9195931],[120.6955006,22.9199381],[120.6957017,22.9201246],[120.6960262,22.9202532],[120.6964118,22.920209],[120.696859,22.9200783],[120.6972594,22.9198038],[120.6978601,22.9193849],[120.6983836,22.9189662],[120.6986762,22.9187497],[120.6989535,22.9185762],[120.6995545,22.9182868],[120.699724,22.9181856],[120.6999554,22.918185],[120.7001411,22.9183571],[120.7005285,22.9189172],[120.7010244,22.9196496],[120.70118,22.9200951],[120.7013668,22.9206557],[120.7015079,22.9214035],[120.7015558,22.9219933],[120.7016205,22.923029],[120.7014862,22.9246408],[120.7014875,22.9250868],[120.701304,22.9256484],[120.7011818,22.9261091],[120.7012288,22.9263536],[120.7014452,22.9264681],[120.7016306,22.9265683],[120.7018927,22.9264525],[120.7025403,22.9262492],[120.7033726,22.9258585],[120.7041426,22.925324],[120.7048509,22.9247465],[120.705374,22.9242127],[120.7056819,22.9239385],[120.7061288,22.9237215],[120.7065295,22.9235189],[120.7070221,22.9231003],[120.7075148,22.922696],[120.7080077,22.9223926],[120.7088095,22.9221457],[120.7096876,22.9216109],[120.7107199,22.9210469],[120.7114288,22.920714],[120.7121535,22.9205248],[120.7124624,22.9205815],[120.712787,22.9207676],[120.7130347,22.9210403],[120.7131283,22.9213709],[120.7131289,22.9215868],[120.713039,22.9224934],[120.7130403,22.9229395],[120.7132111,22.9232699],[120.713397,22.9235283],[120.7138764,22.9238435],[120.7142009,22.9239865],[120.7145715,22.9240861],[120.715251,22.9242424],[120.7157607,22.9243848],[120.7162088,22.9245706],[120.7164564,22.9248001],[120.7167815,22.9251301],[120.7170152,22.9258776],[120.7171723,22.9268123],[120.717189,22.9272295],[120.7170979,22.9277046],[120.7169444,22.9280071],[120.7166515,22.928123],[120.7161732,22.9281532],[120.7157098,22.9280106],[120.7153076,22.9277097],[120.714983,22.9275379],[120.7140256,22.9273392],[120.7132227,22.9272264],[120.7125749,22.9273577],[120.711804,22.9276189],[120.7114808,22.927922],[120.7110962,22.9283259],[120.7109741,22.928801],[120.7110523,22.9291461],[120.7112542,22.9295628],[120.711456,22.929965],[120.7115497,22.9303389],[120.7116127,22.9307847],[120.7116296,22.9312882],[120.7115556,22.9323675],[120.7113884,22.9332169],[120.7112199,22.9336777],[120.7107587,22.9342977],[120.7106213,22.9347872],[120.7105612,22.9353629],[120.7105933,22.9358088],[120.710718,22.9362113],[120.710873,22.9364267],[120.7111207,22.936685],[120.7115538,22.937029],[120.7121723,22.9374014],[120.7126364,22.9377453],[120.7128535,22.9381045],[120.7129162,22.9384351],[120.7128407,22.9389965],[120.7126571,22.9395581],[120.7123804,22.939933],[120.7120881,22.9402503],[120.7115334,22.9405828],[120.7113335,22.9408423],[120.7112107,22.9410585],[120.7112576,22.9412598],[120.7115365,22.9416187],[120.7119232,22.9419197],[120.7122634,22.9421346],[120.7125882,22.9423638],[120.7130673,22.9425783],[120.7135462,22.9427209],[120.7139327,22.9429068],[120.7142882,22.9431072],[120.7144279,22.9433658],[120.7144903,22.9435957],[120.7143985,22.9438406],[120.7141057,22.9440285],[120.7136124,22.9442313],[120.7129492,22.9443915],[120.712224,22.9444655],[120.7112519,22.9445689],[120.7108817,22.9446707],[120.7105428,22.9448874],[120.7102043,22.9452624],[120.7097894,22.9458967],[120.7094833,22.9467608],[120.7094073,22.9471927],[120.7094242,22.9476818],[120.7094874,22.9481708],[120.7094904,22.9492067],[120.7096159,22.9498825],[120.709725,22.9502563],[120.7099569,22.9503707],[120.7102965,22.9503985],[120.7108984,22.9503537],[120.7115004,22.9503664],[120.7120408,22.9503937],[120.7124578,22.9504931],[120.7128598,22.9507222],[120.7132155,22.9509514],[120.7136645,22.9514105],[120.7142071,22.9522147],[120.7145637,22.9527316],[120.7148732,22.9530041],[120.7151977,22.9531327],[120.7155836,22.9531316],[120.7162164,22.953101],[120.7164019,22.9531868],[120.7164942,22.9530858],[120.716957,22.9529982],[120.7173115,22.9527957],[120.7177736,22.9524923],[120.7182043,22.9520019],[120.7185114,22.9514399],[120.7189715,22.9504458],[120.7192159,22.9495962],[120.7194282,22.9483439],[120.7196412,22.9472786],[120.7198401,22.9466881],[120.7201918,22.9455937],[120.7202677,22.9451763],[120.7201884,22.9444427],[120.7200485,22.944141],[120.7196928,22.9439118],[120.7192602,22.9437548],[120.7188427,22.943497],[120.7187648,22.943267],[120.7187635,22.9428354],[120.7187778,22.9424469],[120.7189464,22.9420436],[120.7192235,22.9417982],[120.7194545,22.9416392],[120.7197475,22.9415665],[120.7202725,22.9416082],[120.7205973,22.941823],[120.7208758,22.9420812],[120.7210307,22.9422678],[120.7215262,22.9427843],[120.721929,22.9432867],[120.7222699,22.9437461],[120.722379,22.9441055],[120.7224577,22.9445656],[120.7225229,22.9457164],[120.7226316,22.9459463],[120.7228796,22.9462909],[120.723127,22.9464484],[120.7234205,22.9465196],[120.7238688,22.9467485],[120.7241319,22.9469635],[120.7243327,22.9470349],[120.7246571,22.9471059],[120.7250121,22.9471048],[120.7253521,22.9472333],[120.7257232,22.9474624],[120.7261404,22.9476195],[120.7265261,22.9475608],[120.7268035,22.9474018],[120.726957,22.9471279],[120.7270637,22.9466672],[120.7271529,22.9455447],[120.727087,22.9441925],[120.7271478,22.9438901],[120.7272851,22.9433718],[120.7276062,22.9423781],[120.7280516,22.9416574],[120.7281895,22.9412974],[120.7283417,22.9406063],[120.7286789,22.9398572],[120.7289554,22.9394104],[120.7293092,22.9390208],[120.7295559,22.9389338],[120.7298647,22.9389761],[120.7302356,22.9391189],[120.7305914,22.9393768],[120.730793,22.9396783],[120.7309484,22.9400375],[120.7310735,22.9405839],[120.7312924,22.9414753],[120.7313863,22.9419066],[120.7314796,22.9421365],[120.7319454,22.9430272],[120.73204,22.9436456],[120.7321182,22.9439906],[120.7322888,22.9442779],[120.7325826,22.9444353],[120.7329069,22.9444775],[120.7332618,22.9444477],[120.7339557,22.9442442],[120.734634,22.9439689],[120.7352037,22.9435355],[120.7357271,22.9430879],[120.7367733,22.9419913],[120.7372654,22.9414144],[120.73762,22.9412982],[120.7379288,22.9413404],[120.7380839,22.9415558],[120.7380232,22.9419013],[120.7379931,22.942146],[120.7376722,22.9431828],[120.7374264,22.943572],[120.7374271,22.9437734],[120.7376282,22.9439023],[120.7378755,22.9440023],[120.7384776,22.9440581],[120.7392645,22.9439981],[120.7398353,22.9438957],[120.7407454,22.9437203],[120.7417782,22.9432999],[120.7429028,22.942606],[120.7435649,22.9421292],[120.7441809,22.9416669],[120.744627,22.9411908],[120.7450731,22.9407003],[120.7453963,22.9404403],[120.7457043,22.9402091],[120.74592,22.9401078],[120.746275,22.9400923],[120.7466766,22.9402062],[120.7470014,22.9404066],[120.7474037,22.9407363],[120.7480074,22.9412668],[120.7484408,22.941654],[120.7487656,22.94184],[120.7489973,22.9418968],[120.7493986,22.9419243],[120.7500779,22.9419511],[120.750649,22.9419637],[120.7510197,22.9420489],[120.7513752,22.9422061],[120.7515145,22.9423494],[120.7516079,22.9425794],[120.7515472,22.9428961],[120.7513794,22.9434865],[120.7511966,22.9442497],[120.7511369,22.9448829],[120.7512316,22.94553],[120.7513415,22.946134],[120.7513891,22.9464935],[120.7512832,22.9471844],[120.751285,22.9477455],[120.7513478,22.9480474],[120.7512872,22.9484361],[120.7511805,22.9488393],[120.7509036,22.9491423],[120.7505039,22.9496327],[120.7502581,22.9499931],[120.7501209,22.9505547],[120.7500613,22.9512167],[120.7500622,22.9514756],[120.7501864,22.9516767],[120.7504344,22.9520068],[120.7505434,22.952323],[120.7505905,22.9525675],[120.7505148,22.9529993],[120.7502702,22.9537482],[120.7498868,22.954512],[120.7496406,22.9547717],[120.749471,22.9548298],[120.7491622,22.9548163],[120.7489923,22.9547736],[120.7487143,22.9547457],[120.748375,22.9548187],[120.7480357,22.9549205],[120.7476964,22.9549934],[120.7474033,22.9550806],[120.7471877,22.9552252],[120.7468489,22.9554565],[120.7465566,22.9558026],[120.74628,22.9561632],[120.7461424,22.9565952],[120.7460671,22.9571997],[120.7460696,22.9579622],[120.7460246,22.958394],[120.7459946,22.9586531],[120.7460567,22.958768],[120.7463046,22.9590693],[120.7465214,22.9592845],[120.7465993,22.9595001],[120.7466463,22.9597157],[120.7465854,22.9599749],[120.7463396,22.9603497],[120.7460472,22.9606383],[120.7457701,22.960855],[120.7454311,22.9610575],[120.7451073,22.9611592],[120.7447985,22.9611745],[120.7445515,22.9611465],[120.7443195,22.961032],[120.7440568,22.9609177],[120.7439018,22.9607313],[120.7438703,22.9605299],[120.7438541,22.9602997],[120.7439442,22.9594937],[120.7440046,22.9590764],[120.7440035,22.9587023],[120.7439252,22.9583716],[120.7437077,22.9579406],[120.743537,22.9576678],[120.7433046,22.9573664],[120.7430261,22.9571658],[120.7427014,22.9570085],[120.7424541,22.9568942],[120.7420837,22.9569384],[120.7416672,22.9570116],[120.7413127,22.9571853],[120.7409277,22.9574742],[120.7407589,22.9578057],[120.7406525,22.9583239],[120.7405767,22.9587558],[120.7406083,22.9590147],[120.7407327,22.9592733],[120.7410428,22.959704],[120.7411363,22.959977],[120.7411524,22.9602072],[120.7410779,22.9610419],[120.741144,22.9624516],[120.7412535,22.962883],[120.7415177,22.963472],[120.7415958,22.9637308],[120.7416272,22.9639321],[120.741569,22.9650113],[120.7415401,22.9656589],[120.7417589,22.9665071],[120.7420232,22.9671106],[120.7420705,22.9673981],[120.7420403,22.9676285],[120.7418713,22.967888],[120.7413017,22.9683788],[120.7410246,22.9686386],[120.7407481,22.9690567],[120.7405183,22.9696473],[120.740397,22.9703526],[120.7404292,22.9707698],[120.7405228,22.9710572],[120.7406315,22.9712583],[120.7409256,22.971502],[120.7414514,22.971817],[120.7416528,22.9720322],[120.7417308,22.9722909],[120.7418089,22.9725641],[120.7418423,22.9733696],[120.7418927,22.97465],[120.7419886,22.9756999],[120.7420673,22.9761745],[120.7421762,22.9764475],[120.7423318,22.9768068],[120.7423789,22.9770656],[120.7423965,22.9777561],[120.7424281,22.9779863],[120.7425529,22.9783743],[120.7428017,22.9789347],[120.7428798,22.9792366],[120.7429898,22.9798693],[120.7430682,22.9802143],[120.7431924,22.9804586],[120.7435179,22.9808748],[120.7435171,22.9806014],[120.7434391,22.9803571],[120.7432531,22.9801131],[120.7430671,22.9798691],[120.7430664,22.9796533],[120.7430339,22.9791355],[120.7429094,22.9788192],[120.7428003,22.9785175],[120.7426138,22.9781296],[120.742551,22.9777845],[120.7425336,22.9771802],[120.7424703,22.9766625],[120.7422522,22.9760588],[120.7421426,22.9755701],[120.7420622,22.9745632],[120.7419813,22.9733692],[120.7419321,22.9724774],[120.7419155,22.9721177],[120.7418069,22.971931],[120.7415593,22.9717448],[120.7412034,22.9714724],[120.7408782,22.9711713],[120.7406769,22.9709848],[120.7405988,22.9706973],[120.7405668,22.9703521],[120.7406886,22.9698051],[120.7409641,22.9690129],[120.7411944,22.9686381],[120.7417025,22.9682193],[120.7420719,22.9678586],[120.7422717,22.9675846],[120.7422711,22.9673976],[120.7422241,22.9671819],[120.7419128,22.9663628],[120.7417408,22.9656583],[120.7416927,22.9651117],[120.741721,22.9642915],[120.741719,22.9636441],[120.7416872,22.9633564],[120.7414853,22.9629973],[120.7413142,22.9625663],[120.7412361,22.9622644],[120.7412029,22.9615307],[120.7412321,22.9609982],[120.741308,22.9605808],[120.7413071,22.9603074],[120.7412752,22.9599766],[120.7411662,22.9597036],[120.7410113,22.9595026],[120.7409026,22.9593303],[120.7407627,22.9590142],[120.7407001,22.9587554],[120.7407758,22.9582804],[120.7408981,22.9578772],[120.7411901,22.9574735],[120.7415752,22.9572277],[120.7419298,22.9570827],[120.7423928,22.9570382],[120.7426708,22.9570949],[120.7428718,22.9571806],[120.7432433,22.9575248],[120.7434603,22.9577975],[120.743724,22.9581851],[120.7438023,22.958559],[120.7438651,22.9588897],[120.7438512,22.9593645],[120.7437148,22.9601563],[120.7436542,22.9605305],[120.7437013,22.960775],[120.7438717,22.9609615],[120.744212,22.9611763],[120.7444748,22.9613193],[120.7447838,22.961376],[120.7451233,22.9613606],[120.7456167,22.9611576],[120.7460634,22.9608541],[120.7465094,22.9603636],[120.7466936,22.9600322],[120.7467696,22.959629],[120.7467379,22.9593846],[120.7465981,22.9591116],[120.7463345,22.9587384],[120.7462256,22.9584797],[120.7461939,22.9582208],[120.7461909,22.9572857],[120.7462659,22.9565948],[120.746419,22.9562059],[120.7466189,22.9559607],[120.7469268,22.9556863],[120.7471728,22.9553979],[120.7473577,22.9552966],[120.7478201,22.9550938],[120.7480514,22.954978],[120.748329,22.9549052],[120.7485914,22.9549044],[120.7488539,22.9549467],[120.749132,22.9550178],[120.7493635,22.9550171],[120.7495332,22.9549735],[120.7496718,22.9548867],[120.749872,22.9547278],[120.7500719,22.9544826],[120.7503174,22.9540215],[120.7506696,22.9531571],[120.750761,22.9527684],[120.7506971,22.9520924],[120.7506191,22.9518336],[120.7503402,22.9515467],[120.7502315,22.9513168],[120.7502303,22.9509427],[120.7502903,22.9504247],[120.7505049,22.9499348],[120.7509046,22.94943],[120.7512429,22.9490406],[120.7514885,22.9486081],[120.7515645,22.9482483],[120.7515012,22.947788],[120.7514231,22.9474861],[120.7514974,22.9465651],[120.7514964,22.9462629],[120.7513865,22.9457021],[120.751337,22.9447239],[120.7513812,22.944062],[120.7516559,22.9430972],[120.7517626,22.9427084],[120.7517311,22.9424783],[120.7516531,22.9422483],[120.7513283,22.9420191],[120.7511274,22.9419478],[120.7507722,22.941877],[120.7501701,22.94185],[120.7495527,22.9418376],[120.749074,22.9417671],[120.7487496,22.9416674],[120.7484711,22.9414668],[120.7478675,22.9409507],[120.7472792,22.9404057],[120.7469232,22.9401047],[120.7466604,22.9399617],[120.7463979,22.9399049],[120.74612,22.939877],[120.745719,22.9399645],[120.7454417,22.940138],[120.745518,22.9398788],[120.7458718,22.9395037],[120.7461782,22.938769],[120.7463153,22.9382362],[120.7464522,22.937574],[120.7464971,22.9371422],[120.7466658,22.9368108],[120.7470198,22.9365219],[120.7474514,22.9363336],[120.7477753,22.9362463],[120.7482227,22.9362161],[120.7489325,22.9361708],[120.7497045,22.9362548],[120.7507393,22.9364674],[120.7515889,22.9366949],[120.7519135,22.9368379],[120.7523468,22.9372106],[120.752703,22.9375548],[120.7529968,22.9377265],[120.7532748,22.9377976],[120.7538302,22.937724],[120.7544468,22.9374918],[120.7549856,22.9370585],[120.7552774,22.9366116],[120.7555214,22.9357044],[120.7557954,22.9345382],[120.7559928,22.9335305],[120.7559442,22.9328256],[120.7558193,22.9324087],[120.7554627,22.931892],[120.7549365,22.931462],[120.7545802,22.9310458],[120.754425,22.9308017],[120.7542383,22.930313],[120.7540045,22.9296088],[120.7538482,22.929005],[120.7537853,22.9286599],[120.7538922,22.9283143],[120.7540459,22.9281124],[120.7544006,22.9280249],[120.7552033,22.9280656],[120.7566238,22.928277],[120.7572879,22.9284045],[120.7579526,22.9286968],[120.7579683,22.9288692],[120.7579685,22.9290415],[120.7578146,22.9293289],[120.7578921,22.9295443],[120.7582327,22.9301184],[120.7590835,22.9310652],[120.7594701,22.9313807],[120.7601807,22.9315522],[120.7604897,22.9316092],[120.7603657,22.9313796],[120.7600568,22.9313513],[120.7594233,22.9310648],[120.759083,22.9306918],[120.7584487,22.9299889],[120.7581238,22.9295296],[120.7580772,22.9293861],[120.758231,22.9290125],[120.7582925,22.9288401],[120.7582149,22.9285673],[120.757952,22.9283522],[120.7566232,22.92809],[120.7550174,22.9278648],[120.754292,22.9278526],[120.7539529,22.9279688],[120.753707,22.9283149],[120.753631,22.9286604],[120.7536942,22.9291206],[120.7539283,22.9299256],[120.7542242,22.9307304],[120.7543801,22.931219],[120.75469,22.9316065],[120.7551081,22.9320081],[120.7554639,22.9322804],[120.7556961,22.9324954],[120.75579,22.932898],[120.7558528,22.9332],[120.7557164,22.9339918],[120.7555798,22.9346684],[120.755505,22.9354167],[120.7553215,22.935964],[120.755184,22.9363529],[120.754923,22.9367997],[120.754631,22.9371747],[120.7541997,22.9374351],[120.7538297,22.9375801],[120.7533668,22.9376246],[120.7531043,22.9375823],[120.7528722,22.937396],[120.7526247,22.9372097],[120.7523149,22.9368798],[120.7519593,22.9366794],[120.7514338,22.9364652],[120.7507079,22.9362804],[120.7499819,22.9361244],[120.7492717,22.9360546],[120.748577,22.9359992],[120.7480678,22.9360295],[120.7474664,22.9361896],[120.7471119,22.9363346],[120.7467731,22.9365802],[120.7465115,22.9368112],[120.7463736,22.937157],[120.746267,22.9376033],[120.7461154,22.9384526],[120.7459777,22.9388271],[120.7457167,22.9392739],[120.7452717,22.9400666],[120.7450414,22.9404702],[120.7446725,22.9409316],[120.7439953,22.941538],[120.7432559,22.9420006],[120.7418849,22.942868],[120.7407906,22.9433605],[120.7398962,22.9436222],[120.739233,22.943768],[120.7387699,22.9437694],[120.7384766,22.9437559],[120.7381363,22.9435267],[120.7379815,22.9433689],[120.7379495,22.9430093],[120.7382399,22.9420877],[120.7383314,22.9417421],[120.7382533,22.9414546],[120.7380826,22.9411674],[120.7376656,22.9410822],[120.7373106,22.9410834],[120.7369408,22.9412715],[120.7365557,22.9415316],[120.7362485,22.9419929],[120.7354332,22.9428874],[120.734848,22.9433064],[120.7340932,22.9437833],[120.7333531,22.9440446],[120.7329057,22.9441178],[120.7325507,22.9441189],[120.7323651,22.94399],[120.7322255,22.9437458],[120.7321157,22.9431849],[120.7319756,22.942797],[120.7316185,22.9421361],[120.7315406,22.9419062],[120.7313693,22.9413887],[120.7312595,22.9408423],[120.7312272,22.9403676],[120.7311028,22.9400658],[120.7308542,22.9395198],[120.7305752,22.9391178],[120.7302346,22.9387879],[120.7299097,22.9385731],[120.7296011,22.938574],[120.7293083,22.9387187],[120.7288927,22.939094],[120.728539,22.9394979],[120.7282165,22.9400456],[120.7278346,22.9413271],[120.7275434,22.9420186],[120.7271448,22.9429118],[120.7269759,22.9432145],[120.7269768,22.9435022],[120.72692,22.9451138],[120.7269078,22.9461641],[120.7267397,22.9466969],[120.7265555,22.9470715],[120.7263247,22.947288],[120.7261086,22.947303],[120.7257534,22.9472321],[120.7253979,22.9470749],[120.7250425,22.9469609],[120.7245486,22.9469623],[120.7243324,22.9469054],[120.7240076,22.9467049],[120.7235901,22.9464759],[120.7232039,22.9463475],[120.7230184,22.9462474],[120.722879,22.9460895],[120.72277,22.9457877],[120.7226601,22.9451549],[120.7226728,22.9442485],[120.7226719,22.9439463],[120.7225476,22.9436877],[120.7223458,22.9433143],[120.7218191,22.9426684],[120.7212771,22.9420657],[120.7209519,22.9417069],[120.7206579,22.9414775],[120.7201791,22.9413782],[120.7196234,22.9413366],[120.7191762,22.941453],[120.7188372,22.9416698],[120.7184835,22.9421025],[120.7182696,22.9428368],[120.7182707,22.9431965],[120.7183486,22.9434552],[120.718519,22.9436562],[120.7189209,22.9438565],[120.7196163,22.9441423],[120.7198796,22.9444436],[120.7199731,22.9447167],[120.719974,22.9450332],[120.7197755,22.9457243],[120.7193469,22.9469486],[120.7191345,22.9481721],[120.7189384,22.9496978],[120.7187855,22.9501874],[120.7183099,22.9511815],[120.7179416,22.9518731],[120.7176031,22.9522626],[120.7171103,22.9526237],[120.7167401,22.9527254],[120.7161847,22.9527989],[120.7155824,22.9527287],[120.7150417,22.952572],[120.7147322,22.952314],[120.714314,22.9518116],[120.7137098,22.9510651],[120.7132764,22.9506922],[120.712859,22.9504632],[120.7119938,22.9501779],[120.7114999,22.950165],[120.7108978,22.9501235],[120.7105428,22.9501532],[120.7103267,22.9501539],[120.7100637,22.9499388],[120.7099393,22.9496658],[120.7098454,22.9492056],[120.7097647,22.947983],[120.7097164,22.9473213],[120.7097606,22.9466017],[120.7100057,22.9459536],[120.7103435,22.9453772],[120.7108055,22.9449874],[120.7112064,22.9448424],[120.7118082,22.9447688],[120.7128728,22.9446651],[120.7135056,22.9446345],[120.7140455,22.9445322],[120.7145232,22.9442719],[120.7148464,22.9439689],[120.7148916,22.943609],[120.7148137,22.9433647],[120.7145969,22.9430775],[120.7142875,22.9428482],[120.713963,22.9427196],[120.7133912,22.9424911],[120.7129276,22.9422909],[120.7125102,22.9420908],[120.7122628,22.9419188],[120.7118452,22.9416322],[120.7115665,22.9413165],[120.7115195,22.941072],[120.7115187,22.9408418],[120.711765,22.9406109],[120.712258,22.9402786],[120.7125812,22.9399756],[120.7128117,22.9396152],[120.7129647,22.9391544],[120.7130548,22.9383052],[120.7130539,22.9380031],[120.7129141,22.9377014],[120.7125736,22.9374002],[120.7120476,22.9369557],[120.711568,22.936583],[120.7112737,22.9362097],[120.7110259,22.9359227],[120.7109473,22.9354338],[120.7109919,22.9348581],[120.7112676,22.9341668],[120.7116357,22.9333744],[120.7118643,22.9323522],[120.7119071,22.9311723],[120.711906,22.9307982],[120.7118894,22.9304242],[120.7117336,22.9298923],[120.711578,22.9294755],[120.7114839,22.9289866],[120.7114054,22.928512],[120.7114816,22.9281809],[120.7118203,22.9278779],[120.7123288,22.9276462],[120.712807,22.9275441],[120.7134861,22.927571],[120.7146598,22.9278266],[120.7151695,22.927969],[120.715463,22.9280833],[120.7160194,22.9283407],[120.7163438,22.9284548],[120.7166217,22.9284541],[120.7169916,22.9283091],[120.7172992,22.9279629],[120.7174985,22.9275163],[120.7175262,22.926466],[120.7174167,22.9259484],[120.7172456,22.9255172],[120.7169663,22.9250144],[120.7167339,22.9246842],[120.7163781,22.9243975],[120.7160534,22.924197],[120.7156518,22.9240974],[120.7150498,22.9240128],[120.7144165,22.9238707],[120.7141539,22.9237563],[120.7140454,22.9236128],[120.7140449,22.9234258],[120.7142138,22.9231663],[120.7146759,22.9228341],[120.7151994,22.9224585],[120.7155533,22.9221122],[120.7158461,22.9219675],[120.7163705,22.9218509],[120.7167251,22.9217348],[120.7172026,22.9214313],[120.717757,22.9210268],[120.718126,22.9205798],[120.7183715,22.9201187],[120.718402,22.9199747],[120.7184324,22.9198595],[120.718323,22.9193706],[120.7180902,22.9189109],[120.7179501,22.9184941],[120.7179493,22.9182495],[120.7180564,22.917947],[120.7182868,22.9175579],[120.7183626,22.9171405],[120.7183452,22.9164787],[120.7184208,22.9159462],[120.718528,22.9156724],[120.7187896,22.9154271],[120.7191437,22.9151527],[120.7201453,22.9146607],[120.7205151,22.9144725],[120.7211927,22.9140246],[120.7219318,22.9134613],[120.7222401,22.9133454],[120.7225796,22.9133443],[120.7229504,22.9135159],[120.7233218,22.9138458],[120.7237087,22.9142619],[120.724081,22.9148794],[120.7241904,22.9153396],[120.7242687,22.9157134],[120.7243471,22.9161161],[120.7245023,22.9164177],[120.7249354,22.9167618],[120.7255846,22.9170908],[120.7260789,22.917262],[120.7265578,22.9174188],[120.7269744,22.9173888],[120.7273444,22.917287],[120.7275607,22.9173439],[120.7278387,22.9174439],[120.7282256,22.9177736],[120.7286122,22.9180747],[120.7291531,22.9182888],[120.7296778,22.9183305],[120.72923,22.9182023],[120.7288745,22.9180307],[120.7284415,22.9177442],[120.7280084,22.9174146],[120.7276683,22.9172142],[120.7273903,22.9171431],[120.7267732,22.9172168],[120.7263718,22.917146],[120.7257229,22.9169034],[120.7251974,22.9166315],[120.7247956,22.9164169],[120.7246098,22.9162448],[120.7245318,22.9159716],[120.7244071,22.9155547],[120.7243756,22.915339],[120.7242197,22.9148215],[120.7239555,22.914218],[120.723661,22.9137729],[120.7232588,22.9134287],[120.7229031,22.9132139],[120.7224555,22.9131433],[120.7220852,22.9131731],[120.7217769,22.9132892],[120.7211608,22.913665],[120.7204062,22.9141995],[120.7198367,22.9146472],[120.7192357,22.9149654],[120.7188354,22.91524],[120.7186813,22.9153267],[120.7186193,22.915255],[120.7182036,22.9155727],[120.7180498,22.9157314],[120.7179731,22.9158898],[120.7181285,22.9162635],[120.7182073,22.9167956],[120.7181933,22.9172704],[120.7180558,22.9177313],[120.7177644,22.9183363],[120.7177496,22.9185809],[120.7179047,22.9188251],[120.7180138,22.9191701],[120.7181076,22.9196014],[120.7180786,22.9202058],[120.7179253,22.920566],[120.7175563,22.921013],[120.7169709,22.92136],[120.7164315,22.9216206],[120.7157225,22.9218959],[120.7151215,22.9221998],[120.7147981,22.9224165],[120.7144752,22.9228202],[120.714121,22.9230803],[120.7139205,22.9230953],[120.7137507,22.9230957],[120.7135653,22.9230243],[120.7134105,22.9228665],[120.7133635,22.9226364],[120.7133472,22.9223343],[120.7134834,22.9214419],[120.7134827,22.9211829],[120.713343,22.9208955],[120.7129252,22.9205514],[120.7125545,22.9204087],[120.7121223,22.9203667],[120.7114744,22.9204837],[120.710904,22.9206723],[120.7105032,22.9208029],[120.710118,22.9210197],[120.7093324,22.92154],[120.7088087,22.9218724],[120.7084389,22.9220748],[120.7080074,22.9222774],[120.7073293,22.9226103],[120.7069904,22.9228127],[120.7063127,22.9232749],[120.7052654,22.9240116],[120.7045881,22.9246034],[120.703926,22.9251231],[120.7032021,22.9256144],[120.7025084,22.9259041],[120.7021538,22.9260057],[120.7019068,22.9260065],[120.7017522,22.9258917],[120.7017209,22.9257192],[120.7017033,22.9249855],[120.7018223,22.9234456],[120.701818,22.9219206],[120.70177,22.9213165],[120.7016139,22.920727],[120.7012098,22.919721],[120.7010391,22.9193762],[120.7007136,22.9188735],[120.7004033,22.9183133],[120.7001402,22.9180406],[120.6998466,22.9179119],[120.6995845,22.9179702],[120.6989834,22.9182308],[120.6982436,22.9185781],[120.6976737,22.9189682],[120.6971502,22.9193725],[120.6966267,22.9198055],[120.6963648,22.9199645],[120.6961025,22.9199797],[120.695871,22.9199803],[120.6956545,22.9198082],[120.6955768,22.9196358],[120.695622,22.9192328],[120.6958366,22.9187143],[120.6958047,22.9183403],[120.6956953,22.917837],[120.6953391,22.9174352],[120.6949373,22.9171916],[120.6945975,22.9171062],[120.6940881,22.9170789],[120.6934407,22.9173108],[120.6930402,22.9175709],[120.6926554,22.9179172],[120.6923328,22.9184648],[120.6919796,22.9190701],[120.6916104,22.9195171],[120.6912563,22.9197914],[120.6909787,22.9198641],[120.6906545,22.9198217],[120.6902215,22.9194777],[120.6901741,22.9191037],[120.6902804,22.9184848],[120.6907554,22.9172318],[120.6909234,22.9166126],[120.6908908,22.9160084],[120.6906113,22.9153762],[120.6903473,22.9147726],[120.6896815,22.9139687],[120.6892322,22.9133225],[120.6889843,22.9129635],[120.6889218,22.9126902],[120.6889056,22.9124025],[120.6891511,22.9119127],[120.6892272,22.911524],[120.6891491,22.9111933],[120.6889782,22.9107765],[120.688653,22.9103746],[120.6883746,22.9101451],[120.6880502,22.9100021],[120.6876336,22.9100032],[120.6873715,22.9100902],[120.6869403,22.9103792],[120.6867398,22.9104516],[120.6865699,22.9103802],[120.6865077,22.9102076],[120.686568,22.9096752],[120.6867666,22.9089696],[120.6869817,22.9086382],[120.6872281,22.9084792],[120.6876131,22.9081761],[120.6880597,22.9078296],[120.6885834,22.9075404],[120.6893847,22.907121],[120.6898934,22.906947],[120.6904334,22.9069168],[120.6911741,22.9069148],[120.6917455,22.9070715],[120.6924871,22.9074004],[120.6927654,22.9075867],[120.6933065,22.9080025],[120.6938174,22.9085622],[120.6941736,22.9090504],[120.6943446,22.909496],[120.6945775,22.9099845],[120.6949957,22.9105157],[120.6954447,22.9110755],[120.6957391,22.9115207],[120.6961262,22.9119801],[120.6964971,22.9121805],[120.6968368,22.9122515],[120.6971762,22.9122218],[120.6978854,22.912004],[120.6982551,22.9117728],[120.6988093,22.9112822],[120.6993475,22.9106476],[120.6994547,22.9103308],[120.6994387,22.9101439],[120.6991911,22.9098999],[120.6987425,22.9094839],[120.6985411,22.9092399],[120.6983704,22.908895],[120.6982756,22.9081327],[120.698197,22.9075719],[120.697809,22.9068248],[120.697451,22.9057467],[120.6968923,22.9046116],[120.6965982,22.9042671],[120.6962268,22.9038941],[120.6957322,22.9036076],[120.6952073,22.9034795],[120.6944817,22.9033809],[120.6939571,22.9033823],[120.6934637,22.9035275],[120.6925696,22.9038177],[120.6917682,22.9041652],[120.6914289,22.9042092],[120.6911818,22.904138],[120.6909963,22.9040378],[120.6908104,22.9037505],[120.6907166,22.9033335],[120.690762,22.9030168],[120.6910543,22.9026708],[120.691501,22.9024106],[120.692179,22.9020779],[120.6925483,22.9017171],[120.6929629,22.901011],[120.6931922,22.9002191],[120.6932518,22.8994564],[120.6931578,22.8989675],[120.6930796,22.898608],[120.692801,22.8982923],[120.6923994,22.8981207],[120.6921676,22.8979918],[120.69206,22.8981504],[120.691829,22.8982949],[120.6914598,22.8987275],[120.6907982,22.8993767],[120.6903061,22.899968],[120.6898908,22.9004582],[120.6895988,22.9008907],[120.6890294,22.9014102],[120.6887985,22.9016266],[120.6886599,22.9016845],[120.6882429,22.9015561],[120.6875791,22.9014428],[120.6868229,22.901416],[120.6858201,22.9014907],[120.6847557,22.9015367],[120.6840923,22.901596],[120.6835991,22.9017843],[120.6830139,22.9022031],[120.6824136,22.9027515],[120.6818446,22.903458],[120.6813221,22.904265],[120.680907,22.9048273],[120.6806607,22.9050293],[120.6803216,22.9051453],[120.6795969,22.9053486],[120.6792729,22.9053494],[120.6789332,22.9052784],[120.6784853,22.9051357],[120.6782997,22.9049635],[120.678222,22.9047623],[120.6783288,22.904316],[120.679452,22.9031477],[120.680452,22.9020373],[120.6808208,22.9014752],[120.6809736,22.9009136],[120.6809419,22.900626],[120.6808177,22.9003529],[120.6804155,22.8999655],[120.6799672,22.8996502],[120.679473,22.8994788],[120.6787629,22.89938],[120.6781303,22.8993385],[120.677343,22.8992255],[120.6760464,22.8990418],[120.6753825,22.8988996],[120.6747804,22.8987573],[120.6741318,22.8985432],[120.673761,22.8983428],[120.6732973,22.8980419],[120.6727715,22.8975971],[120.6724926,22.8971519],[120.6724298,22.8967348],[120.672398,22.896404],[120.6725661,22.8957992],[120.6726263,22.8951949],[120.6726237,22.8942309],[120.6727142,22.8934393],[120.673082,22.8925176],[120.6733882,22.8916248],[120.6733874,22.8913226],[120.6732629,22.8909345],[120.6730319,22.8910645],[120.6728314,22.8910938],[120.6726152,22.8910512],[120.6720285,22.8908801],[120.6711483,22.8906091],[120.6703454,22.8903522],[120.669774,22.8901809],[120.6692181,22.889981],[120.6686928,22.8897233],[120.6681828,22.8893938],[120.6678891,22.8891643],[120.6676879,22.8889058],[120.6675791,22.8886183],[120.6677013,22.8881576],[120.6679785,22.8879698],[120.6685798,22.8878101],[120.6691808,22.8875208],[120.669504,22.8872322],[120.6699655,22.8867274],[120.6701028,22.8861372],[120.6700402,22.8857921],[120.6697765,22.8852748],[120.6692499,22.884456],[120.6687697,22.8837667],[120.6684287,22.8831489],[120.6680726,22.8826462],[120.6677014,22.8823019],[120.6673616,22.8821301],[120.6668057,22.8819589],[120.6661109,22.881788],[120.6658947,22.8816878],[120.6657556,22.8815875],[120.6654933,22.8815594],[120.6650453,22.8813447],[120.664088,22.881045],[120.6634551,22.8809171],[120.6626838,22.8809191],[120.6621746,22.8808772],[120.6614647,22.8807926],[120.6607549,22.8807513],[120.6603073,22.8806948],[120.66023,22.8806231],[120.6597981,22.8806673],[120.6593045,22.8806974],[120.6585645,22.8808862],[120.6581793,22.8810598],[120.6579329,22.8812619],[120.6577791,22.8814637],[120.6571481,22.8820551],[120.6560871,22.8834102],[120.6557024,22.8838428],[120.6553946,22.8841313],[120.6549169,22.884334],[120.6545314,22.8844644],[120.6540842,22.8845086],[120.6537139,22.8845096],[120.6533279,22.884381],[120.6528799,22.8841519],[120.6525091,22.8839514],[120.6522,22.8837508],[120.6521533,22.8835494],[120.6521219,22.8833193],[120.6521519,22.8830315],[120.651811,22.882428],[120.651594,22.881997],[120.6515156,22.881508],[120.6514837,22.8811053],[120.6513135,22.8808754],[120.6510816,22.880689],[120.6509577,22.8804879],[120.6507246,22.8797978],[120.650522,22.879007],[120.6503192,22.8781011],[120.6499775,22.8771811],[120.6494975,22.8764773],[120.6493113,22.8760461],[120.649156,22.8756149],[120.6490322,22.8755001],[120.6486928,22.8754721],[120.6482767,22.8756602],[120.6475218,22.8760505],[120.6472758,22.8764108],[120.647276,22.8765115],[120.6474773,22.8767844],[120.6476631,22.8770285],[120.6478339,22.8774885],[120.6479127,22.8781501],[120.6480234,22.8792864],[120.647903,22.880481],[120.6476126,22.881575],[120.6470444,22.8826699],[120.6467371,22.8831742],[120.6460903,22.8836074],[120.6459208,22.8837085],[120.6453207,22.8843718],[120.6449512,22.8846892],[120.6444885,22.8847767],[120.6439949,22.8848066],[120.6433466,22.8846356],[120.6427905,22.8843491],[120.6420178,22.883833],[120.6413686,22.8833454],[120.6410286,22.8830872],[120.6409357,22.8829724],[120.6402612,22.8827441],[120.6396697,22.8825438],[120.6390521,22.8824014],[120.6384966,22.8823451],[120.6379102,22.882289],[120.6375397,22.8821748],[120.6371229,22.8820607],[120.6366286,22.8818029],[120.6356707,22.8812152],[120.6349599,22.8807565],[120.634342,22.8804414],[120.6339406,22.8802984],[120.6336321,22.8802992],[120.6332616,22.8802138],[120.6327968,22.8803209],[120.6318232,22.8801377],[120.6309269,22.8799973],[120.6298908,22.8796562],[120.6291341,22.879659],[120.6288566,22.879775],[120.6287337,22.8799335],[120.6283638,22.880093],[120.6281012,22.880094],[120.6276369,22.8798514],[120.6273274,22.8796944],[120.6269254,22.8795953],[120.6259979,22.8793544],[120.6254257,22.8791552],[120.6246207,22.8786839],[120.6243109,22.8784838],[120.6240632,22.8783266],[120.6237998,22.8780977],[120.6234124,22.8778116],[120.6227775,22.8773972],[120.62222,22.8770111],[120.6221117,22.8769397],[120.6217554,22.8766967],[120.6212604,22.8764829],[120.6208271,22.8762689],[120.6203324,22.8761413],[120.6199925,22.8761139],[120.619776,22.8760284],[120.6191425,22.8759445],[120.6188028,22.8759457],[120.6184324,22.8760046],[120.6178614,22.8760929],[120.6172593,22.8761381],[120.616812,22.8762691],[120.6162261,22.8764868],[120.6158561,22.8766318],[120.6154855,22.8766476],[120.6151301,22.8765913],[120.6148983,22.8765347],[120.6145581,22.876421],[120.6140789,22.8762933],[120.6133831,22.8760946],[120.6126412,22.8759392],[120.6116821,22.8755402],[120.6104139,22.875056],[120.6094538,22.8743984],[120.6084159,22.8736117],[120.608028,22.8731532],[120.6073937,22.8728536],[120.606682,22.872228],[120.6058597,22.8715702],[120.6055631,22.8710105],[120.6050656,22.8704232],[120.6041676,22.8700103],[120.6036416,22.8698401],[120.6031144,22.8694686],[120.6021389,22.8690129],[120.601504,22.8686994],[120.6007919,22.8683862],[120.5999421,22.8683183],[120.5991541,22.8682501],[120.5983465,22.8674196],[120.597307,22.8665614],[120.5965143,22.8656445],[120.5959849,22.8648558],[120.5957504,22.8643534],[120.5956957,22.8628578],[120.5956003,22.8623548],[120.5953814,22.8618811],[120.5952544,22.8612488],[120.5953932,22.8612194],[120.5961206,22.8615324],[120.5967698,22.8616302],[120.5974822,22.8620008],[120.5984859,22.8619962],[120.5995059,22.8621496],[120.6006488,22.862173],[120.6012986,22.8623858],[120.6020399,22.8624111],[120.6027808,22.86235],[120.6033514,22.862218],[120.6037838,22.8622159],[120.6047737,22.862499],[120.606381,22.862736],[120.6070925,22.862934],[120.6080976,22.8631737],[120.6089319,22.8632417],[120.6097501,22.8632091],[120.6106618,22.8633198],[120.6113584,22.8636187],[120.6120707,22.8639605],[120.6133853,22.8643138],[120.6144368,22.8645534],[120.615488,22.8647497],[120.6161843,22.8649909],[120.61795,22.8659031],[120.618662,22.866173],[120.6194671,22.8665575],[120.6203824,22.8672724],[120.6209908,22.8683339],[120.6214286,22.8692667],[120.621854,22.8707318],[120.6223059,22.8714201],[120.6228491,22.8718778],[120.6237005,22.8722333],[120.6247519,22.8724583],[120.6256483,22.8725691],[120.6261438,22.8727968],[120.6262979,22.8727386],[120.626436,22.8725941],[120.6266056,22.8725501],[120.627224,22.8726622],[120.6274993,22.8728671],[120.6277631,22.8731536],[120.6283965,22.8732375],[120.6287668,22.8731786],[120.6292003,22.8734214],[120.6296328,22.8734485],[120.6301748,22.8737914],[120.6310117,22.874507],[120.6318028,22.8753376],[120.632237,22.8757671],[120.632438,22.8758238],[120.6326078,22.8758232],[120.6326072,22.8756795],[120.6317704,22.8749927],[120.6312114,22.8742762],[120.6304984,22.8736609],[120.6301419,22.8733317],[120.6298326,22.8732322],[120.6293693,22.8732051],[120.6289984,22.8731491],[120.6287661,22.8729918],[120.6286265,22.8728343],[120.6275776,22.8723872],[120.6264792,22.8720616],[120.6261699,22.8719768],[120.6257235,22.8722235],[120.6251209,22.8721833],[120.6242702,22.8719428],[120.6231859,22.8713871],[120.6228754,22.8711009],[120.6223928,22.8704416],[120.6219715,22.8696812],[120.6213136,22.8680733],[120.6208606,22.8671837],[120.6202709,22.8666975],[120.6196508,22.866269],[120.6186433,22.8656122],[120.6169551,22.8647571],[120.6162907,22.8646883],[120.6148672,22.8642061],[120.6141703,22.8638498],[120.6136437,22.863579],[120.6134283,22.8637239],[120.6130882,22.8636536],[120.6125926,22.863397],[120.6124213,22.8631533],[120.6118173,22.8628541],[120.6107924,22.8618377],[120.6105282,22.8615513],[120.6095223,22.8611821],[120.6090728,22.8608821],[120.6089758,22.8601202],[120.6088344,22.859675],[120.6085701,22.8593597],[120.6079512,22.859147],[120.6070085,22.8590219],[120.6060664,22.8589976],[120.6049843,22.8587869],[120.6042106,22.8585029],[120.6035741,22.8578873],[120.6022061,22.8562828],[120.6015968,22.8550342],[120.6012828,22.8541007],[120.6009081,22.8533689],[120.600162,22.8524949],[120.5991534,22.8516222],[120.598534,22.8513087],[120.5983012,22.8510939],[120.5980984,22.8507209],[120.597894,22.8500602],[120.5976435,22.8494572],[120.5974102,22.8491563],[120.5968989,22.8488422],[120.5964014,22.8482404],[120.5961528,22.8479683],[120.5958283,22.8479266],[120.59572,22.8478695],[120.5957195,22.8477833],[120.5957946,22.8474089],[120.5957897,22.8465459],[120.5956775,22.8457985],[120.5955062,22.845526],[120.5956138,22.8454536],[120.5957063,22.8454244],[120.5961858,22.8455804],[120.5964493,22.8457661],[120.5966827,22.8460814],[120.5971639,22.8465395],[120.5973345,22.8466682],[120.5970234,22.8462669],[120.5968211,22.8459802],[120.5965101,22.8455788],[120.5960763,22.845322],[120.5955969,22.8451947],[120.5954374,22.8445977],[120.5949858,22.8436009],[120.5946116,22.842941],[120.5942387,22.8425112],[120.5938032,22.8419379],[120.5933227,22.8416093],[120.5931983,22.8414516],[120.593059,22.8413803],[120.5928586,22.8414532],[120.5924877,22.841383],[120.5918061,22.8409834],[120.5908287,22.8401392],[120.5899425,22.8390357],[120.5888859,22.8378179],[120.5886201,22.8372294],[120.5883074,22.8365116],[120.5877966,22.8362839],[120.5870691,22.835942],[120.5864181,22.8354703],[120.5860457,22.8351412],[120.585937,22.835041],[120.5856125,22.8349849],[120.5848543,22.834672],[120.5843587,22.8343865],[120.5837401,22.8342024],[120.5830747,22.8339177],[120.5826402,22.833517],[120.5821604,22.8333034],[120.5818823,22.8332758],[120.5817113,22.8330465],[120.5813861,22.832861],[120.581139,22.8328621],[120.5809692,22.8328629],[120.5808755,22.8326764],[120.5804735,22.8325487],[120.5801631,22.8322624],[120.5798846,22.8321487],[120.5798219,22.8319907],[120.579512,22.8317763],[120.5792492,22.8317056],[120.5791399,22.8314904],[120.5789072,22.8312756],[120.5787056,22.8311183],[120.5785979,22.8311764],[120.5785666,22.831119],[120.5785036,22.8308891],[120.5783019,22.830703],[120.5781625,22.8306174],[120.5780696,22.8305603],[120.5779604,22.8303594],[120.5777277,22.8301446],[120.5775872,22.8298576],[120.5774165,22.8297145],[120.5773228,22.8295136],[120.5771065,22.8294858],[120.577075,22.8293565],[120.5768724,22.8290266],[120.5764691,22.8286688],[120.5763288,22.8284249],[120.5760966,22.8282965],[120.5757548,22.8278953],[120.5756145,22.8276514],[120.5754909,22.8276375],[120.5754592,22.8274939],[120.5748075,22.8268927],[120.5746673,22.8266632],[120.5744337,22.8262903],[120.5742392,22.8262031],[120.5741854,22.8260468],[120.5738116,22.8254444],[120.571916,22.8231947],[120.5707052,22.8219487],[120.5696177,22.8206877],[120.5682183,22.8188241],[120.5674093,22.8176626],[120.5662614,22.8166321],[120.5655484,22.8160887],[120.5652694,22.8158742],[120.5646964,22.8155459],[120.5635833,22.8152343],[120.5627485,22.815008],[120.5624388,22.8148223],[120.5624378,22.8146354],[120.5625455,22.8145773],[120.5630554,22.8146614],[120.5634113,22.8148181],[120.5634576,22.8148178],[120.5634875,22.8146307],[120.5636108,22.8146014],[120.5636568,22.8145436],[120.5634551,22.8143431],[120.5628049,22.8140152],[120.5621245,22.8137881],[120.5615984,22.8135459],[120.5611178,22.8131597],[120.5606848,22.8130177],[120.5601135,22.8129771],[120.5594348,22.8130808],[120.5592038,22.8131825],[120.5589567,22.8131692],[120.5584606,22.8127686],[120.5580424,22.8124972],[120.5575012,22.812327],[120.5571597,22.8119545],[120.556583,22.8109214],[120.5558843,22.8101477],[120.5554038,22.8097759],[120.5545813,22.8089595],[120.5540843,22.8083864],[120.5538804,22.8077687],[120.5537377,22.8070502],[120.5536758,22.8070217],[120.5536792,22.8076689],[120.5536022,22.8076981],[120.5531329,22.8065206],[120.5525888,22.8057894],[120.5521539,22.8051628],[120.5517942,22.8049909],[120.5508707,22.8048907],[120.5505225,22.8047644],[120.5500576,22.8045352],[120.5495231,22.8040699],[120.5491371,22.8038734],[120.5485183,22.8037071],[120.5481459,22.8033348],[120.5481967,22.8028487],[120.5479693,22.8025551],[120.5474154,22.8018513],[120.5471793,22.8014925],[120.5470694,22.8011387],[120.5472094,22.8003777],[120.5470165,22.7998875],[120.5467836,22.7996296],[120.5464117,22.799358],[120.5455001,22.7991605],[120.5442952,22.7989787],[120.5435087,22.7991116],[120.5425997,22.799432],[120.5420598,22.7994918],[120.5416003,22.7994357],[120.5410471,22.7993365],[120.5408546,22.7992525],[120.5405924,22.7992824],[120.5402533,22.7993845],[120.5398364,22.7993432],[120.5394951,22.7994215],[120.5390965,22.7995333],[120.5390025,22.7992604],[120.5390021,22.7991885],[120.5392328,22.7990437],[120.539232,22.7988711],[120.5390307,22.7987569],[120.5387217,22.7987007],[120.538692,22.7989166],[120.538755,22.7991608],[120.5388102,22.7992812],[120.538871,22.7995011],[120.5387833,22.7994357],[120.5385379,22.7992479],[120.5380471,22.7988802],[120.5375042,22.7983416],[120.5371445,22.7981778],[120.5369865,22.7981122],[120.5369736,22.797917],[120.536058,22.7969716],[120.5359165,22.7964688],[120.5358213,22.7959657],[120.5354031,22.7956798],[120.5346905,22.7950495],[120.5333887,22.7941493],[120.533016,22.7936907],[120.532965,22.7927847],[120.5329936,22.7923387],[120.53307,22.7921801],[120.5331629,22.7922373],[120.533442,22.792495],[120.5335653,22.7924657],[120.5335802,22.792365],[120.5335328,22.7921494],[120.5333774,22.7919343],[120.5331603,22.7917339],[120.5329579,22.7913895],[120.532354,22.7910181],[120.5317815,22.7907328],[120.5307583,22.789831],[120.5300911,22.7891434],[120.5299211,22.7891154],[120.5299528,22.7892734],[120.5295203,22.7892033],[120.5294745,22.7893042],[120.5291342,22.7891475],[120.5287011,22.7889623],[120.5278518,22.7888796],[120.5271875,22.7887529],[120.5261689,22.7887572],[120.5255359,22.7887023],[120.5254584,22.7886307],[120.5254876,22.7883141],[120.5251469,22.7880854],[120.5248379,22.7880292],[120.5238966,22.7880331],[120.521412,22.7881011],[120.5193302,22.7884407],[120.5187286,22.7885006],[120.5173244,22.7885497],[120.5165224,22.7886681],[120.5157365,22.7889015],[120.5154587,22.7888882],[120.5154892,22.7888306],[120.5155506,22.7887584],[120.5155812,22.7887151],[120.5153803,22.7886584],[120.5149642,22.7887753],[120.5144858,22.7887916],[120.5133899,22.7887529],[120.5121238,22.7886575],[120.5113362,22.7885457],[120.5093603,22.7884818],[120.5081409,22.7884293],[120.5079867,22.7884587],[120.5078152,22.7884047],[120.5073918,22.7883658],[120.5074903,22.7884577],[120.5077161,22.7886025],[120.5078935,22.7887208],[120.5082513,22.7889179],[120.5086993,22.7890168],[120.5091331,22.7893315],[120.5093036,22.7895034],[120.5094437,22.789733],[120.5096454,22.7899335],[120.5098615,22.789947],[120.5106489,22.7900013],[120.5113437,22.7900559],[120.5117612,22.7902124],[120.5120706,22.7903694],[120.5123024,22.790426],[120.5126106,22.7903241],[120.5130117,22.7902936],[120.5133351,22.7901628],[120.5137191,22.7897873],[120.5140111,22.7895415],[120.5140107,22.7894408],[120.51381,22.7894416],[120.5134264,22.7898891],[120.5127481,22.7900502],[120.5123629,22.7901812],[120.5116678,22.790069],[120.5110493,22.7898271],[120.5106475,22.789728],[120.5099684,22.7897164],[120.5098291,22.789645],[120.5097976,22.7895013],[120.5095966,22.7894303],[120.5095191,22.7893587],[120.5092709,22.7891295],[120.5088371,22.7887861],[120.508651,22.7886142],[120.5087124,22.7885421],[120.5091447,22.7885834],[120.5103506,22.7889956],[120.51154,22.7891921],[120.5122349,22.7892756],[120.5126202,22.7891589],[120.5128212,22.78923],[120.5129134,22.7891576],[120.5129274,22.7888699],[120.5130351,22.7887976],[120.5131587,22.7888115],[120.5138849,22.7889954],[120.5145647,22.7891221],[120.5162006,22.7891153],[120.5169255,22.7890116],[120.5174496,22.7888943],[120.517789,22.7888642],[120.5181603,22.7890497],[120.5185474,22.7892925],[120.5188869,22.7892911],[120.519149,22.7892325],[120.5195796,22.7889142],[120.5198879,22.7888554],[120.5205512,22.7887808],[120.5213218,22.7885762],[120.5228795,22.7883395],[120.5239747,22.7882342],[120.5245149,22.7882319],[120.5248703,22.7883312],[120.5251185,22.7885746],[120.5255065,22.7889901],[120.5257544,22.7891761],[120.5259704,22.7891751],[120.5264172,22.789015],[120.5268644,22.7889412],[120.5274047,22.7889821],[120.5273587,22.7890254],[120.5272356,22.7890979],[120.5263868,22.7891158],[120.526295,22.7892744],[120.527113,22.789271],[120.5283784,22.7892369],[120.5287025,22.7892356],[120.5295995,22.7896057],[120.5304823,22.7901773],[120.5317831,22.7910493],[120.5324653,22.7916649],[120.532653,22.7921243],[120.5326872,22.7927715],[120.5326002,22.7938794],[120.5327253,22.794181],[120.533394,22.7951562],[120.5337202,22.795572],[120.5342175,22.7962315],[120.5345428,22.7964603],[120.5351619,22.7967885],[120.5359687,22.7976049],[120.5364819,22.7983507],[120.537088,22.7991536],[120.5371195,22.7992829],[120.5370588,22.7994702],[120.5372297,22.7996852],[120.5378192,22.8002581],[120.5383938,22.8009459],[120.5389549,22.8019936],[120.5393295,22.8027832],[120.5396868,22.8032275],[120.539706,22.803961],[120.5398773,22.8042623],[120.5403426,22.8046919],[120.5406841,22.8050643],[120.5408082,22.8051789],[120.5409631,22.8052789],[120.541259,22.8057811],[120.5413378,22.8060972],[120.5414169,22.8064564],[120.5418068,22.8072315],[120.5418396,22.807591],[120.5417812,22.8082385],[120.5415367,22.8087286],[120.5413069,22.8090604],[120.5412151,22.8092046],[120.5410616,22.8093779],[120.5410626,22.8095792],[120.5410479,22.8097232],[120.5409091,22.8097381],[120.540816,22.8096379],[120.5403491,22.8089063],[120.5402548,22.8085903],[120.5398205,22.808175],[120.5389515,22.8073013],[120.5383153,22.8066567],[120.537741,22.8060263],[120.5369513,22.805555],[120.5363484,22.805385],[120.5355613,22.8054027],[120.5350369,22.8054769],[120.5347278,22.8054063],[120.5342001,22.8048476],[120.5337342,22.8042885],[120.5331603,22.8037444],[120.5326493,22.8034302],[120.5318454,22.803189],[120.5313042,22.80299],[120.5309017,22.8027759],[120.5304361,22.80226],[120.5302334,22.8018582],[120.5300448,22.8012117],[120.5298244,22.800364],[120.5297905,22.7997744],[120.5296333,22.7992141],[120.5293058,22.7985682],[120.5287003,22.7978803],[120.5282508,22.7975083],[120.5277078,22.7969639],[120.5274593,22.7966485],[120.527257,22.7963329],[120.5269784,22.7961759],[120.5265151,22.7961203],[120.5258821,22.7960942],[120.5252963,22.7962261],[120.5246493,22.796459],[120.5238625,22.7965342],[120.5232754,22.7964359],[120.5227969,22.7964092],[120.522441,22.7962381],[120.5220072,22.7959235],[120.5216031,22.7953642],[120.5212909,22.7946751],[120.5211028,22.7941005],[120.521024,22.7937556],[120.520837,22.7934255],[120.5204621,22.7932526],[120.5201111,22.7933279],[120.5197261,22.7934877],[120.5193904,22.7935289],[120.5186304,22.7937159],[120.5181434,22.7938136],[120.5169518,22.7942616],[120.5162582,22.7944515],[120.5153633,22.7944984],[120.514792,22.7944575],[120.5136522,22.7949225],[120.5122358,22.7956332],[120.5120664,22.7957202],[120.511773,22.7956783],[120.5113388,22.7952629],[120.5107032,22.794719],[120.5101458,22.7943473],[120.5098202,22.7940753],[120.5095576,22.7940045],[120.5093568,22.793991],[120.5089101,22.7941653],[120.5085557,22.7942819],[120.5082469,22.7942544],[120.5079435,22.7937814],[120.5070658,22.7942156],[120.5065731,22.7944474],[120.5060652,22.7947797],[120.5056652,22.795083],[120.5049886,22.7956604],[120.5045889,22.7960355],[120.5041269,22.7962527],[120.5038184,22.7962825],[120.5034325,22.7962263],[120.5032159,22.7960689],[120.5029368,22.7956673],[120.5025031,22.7952087],[120.5024396,22.7947344],[120.5025009,22.7946335],[120.5025472,22.7946478],[120.5025938,22.7947051],[120.5026564,22.7949637],[120.5027953,22.7949777],[120.5029964,22.7951207],[120.5032441,22.7953355],[120.5037071,22.7953915],[120.5039846,22.7953331],[120.5039842,22.7952324],[120.5036285,22.795018],[120.5033658,22.794875],[120.5031488,22.7946314],[120.5030699,22.7941572],[120.5029926,22.7940856],[120.5030065,22.7937117],[120.5030984,22.7935102],[120.5032987,22.7934663],[120.5036233,22.7936234],[120.5038239,22.7936515],[120.5040243,22.7935933],[120.5044102,22.7936495],[120.5045953,22.7936345],[120.504672,22.7935337],[120.5043784,22.7934052],[120.5040851,22.7933343],[120.5040231,22.7932627],[120.5040846,22.7932337],[120.5042698,22.7932331],[120.5044856,22.7931748],[120.5045783,22.7932321],[120.5048252,22.7932599],[120.5051489,22.7931582],[120.5054727,22.7931284],[120.5055952,22.7928835],[120.5052098,22.7929568],[120.5046549,22.7930593],[120.5042539,22.7931324],[120.5036835,22.7932206],[120.5031741,22.7931361],[120.5028807,22.7930652],[120.5026963,22.7932671],[120.5025126,22.7936415],[120.5023128,22.7938579],[120.5021904,22.794117],[120.5021606,22.7943759],[120.5021609,22.7944621],[120.501728,22.7942336],[120.5012656,22.7943358],[120.5009733,22.7945524],[120.5004816,22.795086],[120.5002212,22.7955901],[120.500083,22.7957774],[120.4994512,22.795952],[120.4985737,22.7964725],[120.4980359,22.7970638],[120.4977437,22.7973092],[120.4973582,22.7973535],[120.4969107,22.7973119],[120.4967566,22.7973555],[120.4966181,22.7974854],[120.4965103,22.7975289],[120.4961698,22.7972281],[120.4957839,22.7971575],[120.495289,22.7968284],[120.4940523,22.7961568],[120.4933104,22.7957999],[120.4926922,22.7954856],[120.492213,22.7952139],[120.4919961,22.794999],[120.4919338,22.7948267],[120.4917946,22.7947409],[120.4915634,22.7947847],[120.4915019,22.7948424],[120.4914244,22.7947421],[120.4913135,22.7939373],[120.4911742,22.7938372],[120.4907409,22.7934648],[120.490493,22.793178],[120.4901219,22.7929348],[120.4899978,22.792734],[120.4898273,22.7925332],[120.4895183,22.7924049],[120.4893636,22.7922903],[120.4893786,22.7921753],[120.4894091,22.7920889],[120.4893779,22.7919883],[120.4892078,22.7918739],[120.4883098,22.7909855],[120.4878148,22.7906277],[120.4872426,22.7902269],[120.486624,22.7897976],[120.4861913,22.7896121],[120.4849398,22.7890699],[120.4842287,22.7886696],[120.4836414,22.788384],[120.4834708,22.7881114],[120.4834661,22.7868318],[120.4834342,22.78653],[120.4833101,22.7863435],[120.4833095,22.786171],[120.4833554,22.7860701],[120.4837718,22.7860257],[120.4843578,22.7859806],[120.4846197,22.7858791],[120.4848664,22.7858496],[120.4851291,22.7859781],[120.4855004,22.7862645],[120.4859794,22.7864786],[120.4869056,22.7866481],[120.4873998,22.7867903],[120.4877855,22.7868178],[120.4879251,22.7870043],[120.488713,22.7873324],[120.4895477,22.7878041],[120.4899958,22.7880039],[120.4904436,22.7881031],[120.4908146,22.7883175],[120.4911548,22.788532],[120.491618,22.7886456],[120.4920501,22.7886729],[120.4923123,22.7886576],[120.4924664,22.788614],[120.4926363,22.7886709],[120.4928831,22.7886702],[120.4933922,22.7886828],[120.4939628,22.7886379],[120.4942868,22.7886368],[120.4946109,22.7886788],[120.4948427,22.7887931],[120.4951054,22.7888929],[120.4953524,22.7889496],[120.4956766,22.789006],[120.4959543,22.7890051],[120.4960931,22.7890046],[120.4961861,22.7891193],[120.4961253,22.7893496],[120.4958953,22.7897673],[120.4956344,22.7901276],[120.4954664,22.7905739],[120.4952671,22.7909051],[120.4951134,22.7910781],[120.4950217,22.7912798],[120.4950071,22.7915386],[120.4949926,22.791783],[120.4947945,22.7924163],[120.4946572,22.7928481],[120.4945038,22.7930786],[120.4943037,22.793223],[120.493888,22.7934401],[120.4937496,22.7935699],[120.493704,22.7937426],[120.493782,22.7939867],[120.4937515,22.7940731],[120.4934277,22.7941173],[120.4932893,22.7942328],[120.4931352,22.7942907],[120.49295,22.7942914],[120.4929041,22.7943922],[120.4929507,22.7944639],[120.4931049,22.7944634],[120.4933979,22.7944049],[120.4937063,22.7943752],[120.493937,22.7941732],[120.4940444,22.7940003],[120.4941056,22.7938994],[120.4941668,22.7937555],[120.4942902,22.7937263],[120.4943366,22.7937693],[120.4944602,22.7938264],[120.49443,22.793999],[120.494492,22.7940851],[120.4945847,22.7941279],[120.4946928,22.7941419],[120.4948625,22.7941413],[120.4950015,22.7941697],[120.495186,22.7940109],[120.4953242,22.7938379],[120.4955555,22.7938084],[120.4956016,22.7937507],[120.4955855,22.7935782],[120.495431,22.7935212],[120.4953845,22.7934495],[120.4953842,22.7933633],[120.4954302,22.7932912],[120.4954142,22.7931619],[120.4952598,22.7931192],[120.4951517,22.7930909],[120.4950588,22.7929905],[120.4950584,22.7928755],[120.4949038,22.7928042],[120.4948879,22.7926604],[120.4950095,22.7921712],[120.4951471,22.7918257],[120.4953605,22.7911205],[120.4956054,22.7906308],[120.4957584,22.790271],[120.4960805,22.7897667],[120.4964326,22.7890323],[120.4965854,22.7886436],[120.4968161,22.7884415],[120.4969394,22.7884124],[120.4972327,22.7884546],[120.4973563,22.7885117],[120.4977108,22.7884385],[120.4978342,22.7884382],[120.4980347,22.7884231],[120.4982662,22.7884368],[120.4985282,22.7883783],[120.4987441,22.7883489],[120.4990526,22.7883478],[120.4993456,22.7883325],[120.4998083,22.7882878],[120.5000398,22.7883158],[120.5002248,22.7882865],[120.5002863,22.7882288],[120.5000852,22.7880856],[120.4998079,22.7881728],[120.4990367,22.7882185],[120.4980805,22.7882936],[120.497803,22.788352],[120.4976332,22.7883239],[120.4972473,22.7882532],[120.4969852,22.7882828],[120.4968616,22.7882545],[120.4968304,22.788154],[120.4968911,22.7878662],[120.4970288,22.7875638],[120.4970124,22.7873051],[120.4968435,22.7875357],[120.4966455,22.7881833],[120.4966151,22.7883272],[120.4964311,22.7886441],[120.4964316,22.7887591],[120.496293,22.7888315],[120.4951976,22.7888063],[120.4948114,22.788635],[120.4945796,22.7885496],[120.4938545,22.7885375],[120.4934534,22.7885532],[120.4930987,22.7885832],[120.4928056,22.7885841],[120.4924196,22.788456],[120.4922189,22.7884423],[120.4920035,22.7886156],[120.491911,22.7886158],[120.4916793,22.7885303],[120.4913241,22.7884309],[120.4907986,22.7881594],[120.4905666,22.7880021],[120.4904119,22.7878588],[120.4903497,22.7877296],[120.4900565,22.7877018],[120.4898405,22.7877025],[120.4895471,22.7876316],[120.4882028,22.7870321],[120.488079,22.7869031],[120.4878624,22.7867313],[120.4876924,22.78666],[120.4873837,22.7866178],[120.4869977,22.7865185],[120.4867355,22.7865193],[120.4863494,22.7864199],[120.486056,22.7863346],[120.4857932,22.7861917],[120.4856387,22.786106],[120.4855919,22.7859767],[120.4855914,22.7858329],[120.4857298,22.7857031],[120.4859301,22.7856593],[120.4863931,22.7856865],[120.4865934,22.7856427],[120.4866393,22.785542],[120.4866082,22.7854702],[120.4864231,22.7854564],[120.4858215,22.7854583],[120.485482,22.7854307],[120.4845401,22.7852037],[120.484247,22.7852046],[120.4840313,22.7852773],[120.4838619,22.7853353],[120.4836767,22.7853215],[120.4835218,22.7851494],[120.4834135,22.7850492],[120.4831205,22.7850789],[120.4821321,22.7847801],[120.4817461,22.7846952],[120.4816231,22.7847818],[120.4816699,22.7849398],[120.4817474,22.7850545],[120.4825523,22.7858139],[120.4827693,22.7860864],[120.4828621,22.786158],[120.4827388,22.7861872],[120.4825844,22.7861589],[120.4823372,22.7860303],[120.4820895,22.7858155],[120.48178,22.7855433],[120.4815629,22.7852133],[120.4810513,22.7845105],[120.4806945,22.7839652],[120.4804928,22.7836353],[120.4796414,22.7828041],[120.479595,22.7827755],[120.4794092,22.7826036],[120.4793625,22.7824743],[120.4794855,22.7823446],[120.4795623,22.7822437],[120.4795464,22.7821431],[120.4793923,22.7821723],[120.4792386,22.7823166],[120.4792394,22.7825466],[120.479317,22.7826757],[120.4794257,22.7828767],[120.4796267,22.7830342],[120.4804318,22.7838368],[120.4805403,22.7839946],[120.4808973,22.7845685],[120.4809286,22.7846978],[120.4808516,22.7847555],[120.4807439,22.7848277],[120.4804507,22.7848143],[120.4802501,22.7847862],[120.4801577,22.7848153],[120.4799109,22.7848305],[120.4797875,22.7848452],[120.4797103,22.7848167],[120.4798025,22.7847301],[120.4801572,22.7846858],[120.4804038,22.7846132],[120.4804958,22.7844691],[120.4803571,22.7845127],[120.479941,22.7846147],[120.479694,22.7845723],[120.4792162,22.7846888],[120.4786609,22.7846906],[120.4783835,22.7847634],[120.4781831,22.7848216],[120.4780752,22.7848219],[120.4780283,22.7846495],[120.477889,22.7845494],[120.4776112,22.7845071],[120.4773797,22.7844791],[120.4772724,22.7846663],[120.4772729,22.7848101],[120.4773814,22.7849391],[120.4775821,22.784996],[120.4775666,22.7849529],[120.4776278,22.7848521],[120.4776896,22.7848519],[120.4777514,22.7848805],[120.4778133,22.7849521],[120.4778906,22.7850094],[120.4780604,22.7850088],[120.4782606,22.7849363],[120.4785226,22.7848492],[120.4789236,22.7848336],[120.4792937,22.7848181],[120.4796336,22.784932],[120.4797878,22.7849315],[120.4802815,22.7849443],[120.4803895,22.7849439],[120.4803434,22.7850016],[120.4800505,22.78506],[120.4796648,22.7850325],[120.479495,22.7849899],[120.4791402,22.7850054],[120.4788319,22.7850639],[120.4785851,22.7850935],[120.4782771,22.7852094],[120.4780768,22.7852964],[120.477784,22.7853692],[120.4773677,22.7854423],[120.4769669,22.7855299],[120.4766586,22.7855884],[120.4762577,22.7856328],[120.475795,22.7856631],[120.4752552,22.7856792],[120.4746998,22.7856665],[120.4743602,22.7855958],[120.4740204,22.7855106],[120.4739584,22.7854101],[120.473865,22.7851804],[120.4738028,22.7850368],[120.4736635,22.7849078],[120.4732622,22.7848372],[120.472845,22.7846372],[120.4724127,22.7845523],[120.4718882,22.784554],[120.4715948,22.7844543],[120.4709621,22.7843988],[120.470422,22.7843573],[120.4698511,22.784316],[120.4692652,22.7843753],[120.4692342,22.7843323],[120.4693569,22.7841451],[120.4693562,22.7839437],[120.4693401,22.7837425],[120.4692161,22.7835704],[120.4691075,22.7833982],[120.4686748,22.7831839],[120.4689377,22.7833844],[120.4690618,22.7835708],[120.4691395,22.7837288],[120.469125,22.784002],[120.4690486,22.7842179],[120.4689873,22.7843043],[120.4689412,22.7843763],[120.4688334,22.7844199],[120.4686327,22.7843917],[120.4684321,22.7843636],[120.468154,22.7842638],[120.4679843,22.7842356],[120.4677533,22.784337],[120.4676457,22.784481],[120.4674608,22.7845391],[120.4672293,22.7844967],[120.4670439,22.7843967],[120.466642,22.7841535],[120.4662868,22.784054],[120.4654523,22.7836396],[120.4650816,22.783497],[120.464819,22.7833972],[120.4642478,22.7832696],[120.463862,22.7832277],[120.4633368,22.783028],[120.4626569,22.7826851],[120.4618994,22.782213],[120.4610644,22.7816261],[120.4609094,22.7813965],[120.4608158,22.7811093],[120.4606611,22.7809948],[120.4605065,22.7808945],[120.4603521,22.7808376],[120.460028,22.7808098],[120.4597501,22.7807243],[120.4593175,22.7805388],[120.459008,22.7802522],[120.4586368,22.7799658],[120.4582343,22.7795357],[120.4580642,22.7794212],[120.4580327,22.7792345],[120.4580014,22.7791051],[120.4579084,22.778976],[120.4576922,22.7789048],[120.45746,22.7786467],[120.4573362,22.7785321],[120.4572902,22.7786329],[120.4573523,22.7787477],[120.4576929,22.7790917],[120.4580027,22.7794789],[120.4580494,22.7796082],[120.4583433,22.7798373],[120.4585755,22.780081],[120.4586842,22.780282],[120.4587155,22.7804112],[120.4586385,22.7804402],[120.4584533,22.7804121],[120.4581441,22.7802261],[120.4576191,22.7800696],[120.4573567,22.7800272],[120.4570319,22.7797982],[120.4567539,22.7796697],[120.4567225,22.779526],[120.4567532,22.7794684],[120.4568925,22.7795973],[120.4571397,22.779726],[120.457495,22.7798974],[120.4576498,22.7800263],[120.4577576,22.7799829],[120.457881,22.7799681],[120.457788,22.7798678],[120.4574793,22.7797969],[120.4573863,22.7796678],[120.4574324,22.7796101],[120.4575712,22.7796097],[120.4578338,22.7797238],[120.458019,22.7797376],[120.4580341,22.7796514],[120.457864,22.7795225],[120.4577092,22.7793792],[120.4576626,22.7792644],[120.4575389,22.7791784],[120.4574768,22.779078],[120.4573534,22.7790783],[120.4568596,22.7790224],[120.4565352,22.7788796],[120.4562419,22.7788086],[120.4559177,22.7787234],[120.4556397,22.7786379],[120.45547,22.7786529],[120.4554705,22.7787822],[120.4555172,22.7788827],[120.455641,22.7790117],[120.4557799,22.77904],[120.4558418,22.7790974],[120.4559808,22.77914],[120.4560734,22.7791685],[120.4560429,22.7792837],[120.4559351,22.7792984],[120.4557804,22.7791982],[120.4555952,22.77917],[120.4554871,22.7791416],[120.455348,22.7790558],[120.4553784,22.7789263],[120.4552388,22.7786967],[120.4551307,22.7786539],[120.4550231,22.7787548],[120.4549619,22.7789131],[120.4550393,22.7789705],[120.4548852,22.7790428],[120.4548077,22.7789136],[120.4548072,22.7787843],[120.4546683,22.7787559],[120.4546835,22.7786839],[120.454714,22.7785976],[120.4546366,22.7785116],[120.4543902,22.7786418],[120.4542056,22.7787717],[120.4542366,22.7788291],[120.4543908,22.7787999],[120.4545606,22.7788425],[120.4546995,22.7788564],[120.4547151,22.7789283],[120.4546226,22.7789286],[120.4542837,22.779059],[120.4537138,22.7792907]]]]}}]}