{"type":"FeatureCollection","features":[{"type":"Feature","properties":{"source":"NLSC_W84_BUILD_2023","record":755287,"settlement":"復興","risk":"high","height":24},"geometry":{"type":"Polygon","coordinates":[[[120.8035528,23.2191645],[120.8034586,23.2191606],[120.8034444,23.2193041],[120.8035386,23.219312],[120.8035528,23.2191645]]]}},{"type":"Feature","properties":{"source":"NLSC_W84_BUILD_2023","record":755375,"settlement":"拉芙蘭","risk":"medium","height":24},"geometry":{"type":"Polygon","coordinates":[[[120.8120875,23.2445206],[120.8120267,23.2444895],[120.8119913,23.2445404],[120.812055,23.2445731],[120.8120875,23.2445206]]]}},{"type":"Feature","properties":{"source":"NLSC_W84_BUILD_2023","record":755286,"settlement":"復興","risk":"high","height":22},"geometry":{"type":"Polygon","coordinates":[[[120.8037769,23.2192191],[120.8037786,23.2190895],[120.8036347,23.2190879],[120.8036347,23.2190541],[120.8035737,23.219054],[120.803569,23.2192446],[120.8035981,23.2192446],[120.8035981,23.2192177],[120.8036241,23.2192177],[120.8036203,23.2192932],[120.8037915,23.2192948],[120.8037933,23.2192192],[120.8037769,23.2192191]]]}},{"type":"Feature","properties":{"source":"NLSC_W84_BUILD_2023","record":755289,"settlement":"復興","risk":"high","height":12},"geometry":{"type":"Polygon","coordinates":[[[120.8037656,23.2193375],[120.8035463,23.21932],[120.8035417,23.2193991],[120.8037619,23.2194166],[120.8037656,23.2193375]]]}},{"type":"Feature","properties":{"source":"NLSC_W84_BUILD_2023","record":755275,"settlement":"復興","risk":"high","height":16},"geometry":{"type":"Polygon","coordinates":[[[120.8037791,23.2189662],[120.8037627,23.218953],[120.8036831,23.2190021],[120.8037049,23.2190435],[120.8037803,23.2190671],[120.8037791,23.2189662]]]}},{"type":"Feature","properties":{"source":"NLSC_W84_BUILD_2023","record":755291,"settlement":"復興","risk":"high","height":16},"geometry":{"type":"Polygon","coordinates":[[[120.8038548,23.2194849],[120.8038514,23.219457],[120.8036206,23.2194425],[120.8036199,23.2194612],[120.803585,23.2194603],[120.8035841,23.2195092],[120.8038514,23.219524],[120.8038548,23.2194849]]]}},{"type":"Feature","properties":{"source":"NLSC_W84_BUILD_2023","record":755295,"settlement":"復興","risk":"high","height":24},"geometry":{"type":"Polygon","coordinates":[[[120.8037766,23.2196511],[120.8037832,23.219532],[120.8036514,23.2195251],[120.8036468,23.2196006],[120.8036179,23.219598],[120.8036161,23.2196469],[120.8037766,23.2196511]]]}},{"type":"Feature","properties":{"source":"NLSC_W84_BUILD_2023","record":755285,"settlement":"復興","risk":"high","height":20},"geometry":{"type":"Polygon","coordinates":[[[120.8041174,23.2192499],[120.8041038,23.2191691],[120.803999,23.2191817],[120.8040098,23.2192622],[120.8041174,23.2192499]]]}},{"type":"Feature","properties":{"source":"NLSC_W84_BUILD_2023","record":755276,"settlement":"復興","risk":"high","height":18},"geometry":{"type":"Polygon","coordinates":[[[120.8041296,23.2190607],[120.8041227,23.2189674],[120.8040698,23.2189692],[120.804066,23.2189452],[120.8039948,23.2189489],[120.8039948,23.218956],[120.803966,23.2189574],[120.803966,23.2189773],[120.8039592,23.2189783],[120.8039639,23.2190511],[120.8039728,23.2190508],[120.8039738,23.2190768],[120.8039983,23.219076],[120.803998,23.2190706],[120.8041296,23.2190607]]]}},{"type":"Feature","properties":{"source":"NLSC_W84_BUILD_2023","record":755270,"settlement":"復興","risk":"high","height":22},"geometry":{"type":"Polygon","coordinates":[[[120.8040757,23.2189036],[120.8040726,23.218862],[120.803977,23.2188672],[120.8039758,23.218874],[120.8039538,23.2188764],[120.8039568,23.2189028],[120.8039826,23.2189006],[120.8039859,23.2189101],[120.8040757,23.2189036]]]}},{"type":"Feature","properties":{"source":"NLSC_W84_BUILD_2023","record":755283,"settlement":"復興","risk":"high","height":16},"geometry":{"type":"Polygon","coordinates":[[[120.8041905,23.2191526],[120.804157,23.2191457],[120.8041912,23.2191423],[120.8041748,23.2190695],[120.8039796,23.2190911],[120.8039894,23.2191621],[120.8041489,23.2191465],[120.8041266,23.219221],[120.8041624,23.2192301],[120.8041905,23.2191526]]]}},{"type":"Feature","properties":{"source":"NLSC_W84_BUILD_2023","record":755299,"settlement":"復興","risk":"high","height":16},"geometry":{"type":"Polygon","coordinates":[[[120.8038558,23.2198909],[120.803848,23.2198101],[120.803673,23.2198156],[120.8036809,23.2199009],[120.8038558,23.2198909]]]}},{"type":"Feature","properties":{"source":"NLSC_W84_BUILD_2023","record":755293,"settlement":"復興","risk":"high","height":20},"geometry":{"type":"Polygon","coordinates":[[[120.8041574,23.219572],[120.8041505,23.2194312],[120.8040135,23.2194367],[120.8040155,23.2194786],[120.8040238,23.2195661],[120.8041282,23.2195577],[120.8041282,23.2195733],[120.8041574,23.219572]]]}},{"type":"Feature","properties":{"source":"NLSC_W84_BUILD_2023","record":755296,"settlement":"復興","risk":"high","height":10},"geometry":{"type":"Polygon","coordinates":[[[120.8040621,23.2195815],[120.8039996,23.2195771],[120.8040006,23.219602],[120.8040525,23.2196063],[120.8040295,23.2196366],[120.8040959,23.2196756],[120.8041304,23.219624],[120.8040621,23.2195815]]]}},{"type":"Feature","properties":{"source":"NLSC_W84_BUILD_2023","record":751499,"settlement":"復興","risk":"high","height":16},"geometry":{"type":"Polygon","coordinates":[[[120.8042035,23.21874],[120.8041925,23.2187122],[120.8041774,23.2186734],[120.804131,23.2186881],[120.804104,23.2186214],[120.8040473,23.218642],[120.8040443,23.2186331],[120.8039976,23.2186488],[120.8040014,23.2186572],[120.8039745,23.2186674],[120.8040079,23.2187294],[120.8040547,23.2187131],[120.8040807,23.2187805],[120.8042035,23.21874]]]}},{"type":"Feature","properties":{"source":"NLSC_W84_BUILD_2023","record":755292,"settlement":"復興","risk":"high","height":18},"geometry":{"type":"Polygon","coordinates":[[[120.804231,23.2195567],[120.8042296,23.2195225],[120.8042651,23.2195226],[120.8042652,23.2194211],[120.8041741,23.219422],[120.8041805,23.2195245],[120.8041857,23.2195245],[120.8041857,23.2195581],[120.804231,23.2195567]]]}},{"type":"Feature","properties":{"source":"NLSC_W84_BUILD_2023","record":751342,"settlement":"拉芙蘭","risk":"medium","height":22},"geometry":{"type":"Polygon","coordinates":[[[120.8127497,23.2448971],[120.8126226,23.244782],[120.8125896,23.2448104],[120.8127172,23.2449296],[120.8127497,23.2448971]]]}},{"type":"Feature","properties":{"source":"NLSC_W84_BUILD_2023","record":755261,"settlement":"復興","risk":"high","height":20},"geometry":{"type":"Polygon","coordinates":[[[120.804206,23.2186598],[120.8041431,23.2184977],[120.803999,23.2185374],[120.8040318,23.2186191],[120.8041164,23.2185924],[120.804153,23.2186785],[120.804206,23.2186598]]]}},{"type":"Feature","properties":{"source":"NLSC_W84_BUILD_2023","record":753620,"settlement":"建山","risk":"low","height":18},"geometry":{"type":"Polygon","coordinates":[[[120.759894,23.1530112],[120.7598314,23.1529694],[120.7597851,23.1530313],[120.7598503,23.1530748],[120.759894,23.1530112]]]}},{"type":"Feature","properties":{"source":"NLSC_W84_BUILD_2023","record":751334,"settlement":"復興","risk":"high","height":22},"geometry":{"type":"Polygon","coordinates":[[[120.8040622,23.2184594],[120.8040554,23.2184315],[120.8039966,23.2184403],[120.8040008,23.218463],[120.8040066,23.2184646],[120.8040402,23.2184627],[120.8040622,23.2184594]]]}},{"type":"Feature","properties":{"source":"NLSC_W84_BUILD_2023","record":755288,"settlement":"復興","risk":"high","height":10},"geometry":{"type":"Polygon","coordinates":[[[120.8045077,23.2192628],[120.804327,23.2192515],[120.8043232,23.219327],[120.804503,23.2193356],[120.8045077,23.2192628]]]}},{"type":"Feature","properties":{"source":"NLSC_W84_BUILD_2023","record":755305,"settlement":"復興","risk":"high","height":12},"geometry":{"type":"Polygon","coordinates":[[[120.803929,23.2202256],[120.8039189,23.2201515],[120.803783,23.220163],[120.8037726,23.2200988],[120.803715,23.2201024],[120.8037273,23.2202282],[120.8038069,23.2202238],[120.8038102,23.2202393],[120.803929,23.2202256]]]}},{"type":"Feature","properties":{"source":"NLSC_W84_BUILD_2023","record":755256,"settlement":"復興","risk":"high","height":10},"geometry":{"type":"Polygon","coordinates":[[[120.8039666,23.2182581],[120.8039485,23.2182078],[120.8039005,23.2182239],[120.8039183,23.2182742],[120.8039666,23.2182581]]]}},{"type":"Feature","properties":{"source":"NLSC_W84_BUILD_2023","record":755303,"settlement":"復興","risk":"high","height":24},"geometry":{"type":"Polygon","coordinates":[[[120.804253,23.2199544],[120.8041486,23.2198534],[120.8040969,23.2199034],[120.8042243,23.2200229],[120.804279,23.2199775],[120.804253,23.2199544]]]}},{"type":"Feature","properties":{"source":"NLSC_W84_BUILD_2023","record":755298,"settlement":"復興","risk":"high","height":14},"geometry":{"type":"Polygon","coordinates":[[[120.8043307,23.2198201],[120.8042826,23.2197758],[120.8042386,23.2198165],[120.8042894,23.2198611],[120.8043307,23.2198201]]]}},{"type":"Feature","properties":{"source":"NLSC_W84_BUILD_2023","record":753617,"settlement":"建山","risk":"low","height":12},"geometry":{"type":"Polygon","coordinates":[[[120.7581907,23.1526643],[120.7582039,23.152646],[120.7581186,23.1525795],[120.758073,23.152644],[120.7581006,23.152665],[120.7581056,23.1526609],[120.7581868,23.1527089],[120.7582098,23.1526828],[120.7581907,23.1526643]]]}},{"type":"Feature","properties":{"source":"NLSC_W84_BUILD_2023","record":755302,"settlement":"復興","risk":"high","height":22},"geometry":{"type":"Polygon","coordinates":[[[120.8043095,23.2199221],[120.8042113,23.2198205],[120.8041779,23.2198461],[120.804278,23.2199464],[120.8043095,23.2199221]]]}},{"type":"Feature","properties":{"source":"NLSC_W84_BUILD_2023","record":755307,"settlement":"復興","risk":"high","height":16},"geometry":{"type":"Polygon","coordinates":[[[120.8039111,23.2202775],[120.803803,23.2202651],[120.8037949,23.220338],[120.8039034,23.2203489],[120.8039111,23.2202775]]]}},{"type":"Feature","properties":{"source":"NLSC_W84_BUILD_2023","record":755297,"settlement":"復興","risk":"high","height":12},"geometry":{"type":"Polygon","coordinates":[[[120.8046182,23.2198242],[120.8047082,23.2196091],[120.8046034,23.2195666],[120.8045421,23.2197124],[120.8044584,23.2196823],[120.8045196,23.2194876],[120.8044638,23.2194725],[120.8044236,23.219597],[120.8043524,23.2195749],[120.8043084,23.2196949],[120.8044315,23.2197365],[120.8044229,23.2197507],[120.8046182,23.2198242]]]}},{"type":"Feature","properties":{"source":"NLSC_W84_BUILD_2023","record":751498,"settlement":"復興","risk":"high","height":14},"geometry":{"type":"Polygon","coordinates":[[[120.8040806,23.2184538],[120.8041758,23.2184297],[120.8041777,23.2184363],[120.804242,23.218423],[120.8042973,23.2184082],[120.8042949,23.2183993],[120.8043987,23.218377],[120.8043929,23.2183548],[120.8044498,23.2183413],[120.8044206,23.2182277],[120.8044158,23.2182072],[120.8043658,23.218218],[120.8043581,23.2181922],[120.8041918,23.2182395],[120.8042075,23.2183007],[120.8041447,23.2183162],[120.804139,23.2182956],[120.8040439,23.2183188],[120.8040806,23.2184538]]]}},{"type":"Feature","properties":{"source":"NLSC_W84_BUILD_2023","record":755267,"settlement":"復興","risk":"high","height":16},"geometry":{"type":"Polygon","coordinates":[[[120.8046214,23.2187624],[120.8046069,23.2186842],[120.8044723,23.2187075],[120.8044888,23.2187847],[120.8046214,23.2187624]]]}},{"type":"Feature","properties":{"source":"NLSC_W84_BUILD_2023","record":755279,"settlement":"復興","risk":"high","height":24},"geometry":{"type":"Polygon","coordinates":[[[120.8047365,23.218951],[120.804699,23.218782],[120.8044946,23.2188176],[120.8045265,23.2189802],[120.8046047,23.2191534],[120.8046729,23.2191311],[120.8046102,23.2189739],[120.8047365,23.218951]]]}},{"type":"Feature","properties":{"source":"NLSC_W84_BUILD_2023","record":755262,"settlement":"復興","risk":"high","height":22},"geometry":{"type":"Polygon","coordinates":[[[120.8045972,23.2186691],[120.804576,23.2185847],[120.8044885,23.2186052],[120.8045069,23.2186888],[120.8045972,23.2186691]]]}},{"type":"Feature","properties":{"source":"NLSC_W84_BUILD_2023","record":755304,"settlement":"復興","risk":"high","height":10},"geometry":{"type":"Polygon","coordinates":[[[120.8043684,23.2199401],[120.8043405,23.219933],[120.8043242,23.2199801],[120.804353,23.2199863],[120.8043349,23.2200796],[120.8044224,23.2200937],[120.8044492,23.2199808],[120.8043645,23.2199587],[120.8043684,23.2199401]]]}},{"type":"Feature","properties":{"source":"NLSC_W84_BUILD_2023","record":755306,"settlement":"復興","risk":"high","height":14},"geometry":{"type":"Polygon","coordinates":[[[120.804339,23.2202671],[120.8043668,23.2201631],[120.8041061,23.2201128],[120.8040937,23.220167],[120.8042611,23.2201979],[120.8042563,23.2202157],[120.804212,23.2202077],[120.8042054,23.2202442],[120.804339,23.2202671]]]}},{"type":"Feature","properties":{"source":"NLSC_W84_BUILD_2023","record":755282,"settlement":"復興","risk":"high","height":14},"geometry":{"type":"Polygon","coordinates":[[[120.8047644,23.2192136],[120.8047508,23.2191514],[120.8046768,23.2191639],[120.8046923,23.219227],[120.8047644,23.2192136]]]}},{"type":"Feature","properties":{"source":"NLSC_W84_BUILD_2023","record":755260,"settlement":"復興","risk":"high","height":18},"geometry":{"type":"Polygon","coordinates":[[[120.8046174,23.2185278],[120.804573,23.2184111],[120.8044677,23.2184412],[120.804509,23.2185584],[120.8046174,23.2185278]]]}},{"type":"Feature","properties":{"source":"NLSC_W84_BUILD_2023","record":755308,"settlement":"復興","risk":"high","height":18},"geometry":{"type":"Polygon","coordinates":[[[120.8041913,23.220242],[120.8041059,23.2202217],[120.8040922,23.2202846],[120.8040825,23.2203292],[120.8042708,23.2203562],[120.8042865,23.2202806],[120.8042886,23.2202702],[120.8041898,23.2202518],[120.8041913,23.220242]]]}},{"type":"Feature","properties":{"source":"NLSC_W84_BUILD_2023","record":755374,"settlement":"拉芙蘭","risk":"medium","height":22},"geometry":{"type":"Polygon","coordinates":[[[120.8132968,23.2445283],[120.8132076,23.2445215],[120.8132048,23.2445549],[120.8132963,23.2445612],[120.8132968,23.2445283]]]}},{"type":"Feature","properties":{"source":"NLSC_W84_BUILD_2023","record":755373,"settlement":"拉芙蘭","risk":"medium","height":20},"geometry":{"type":"Polygon","coordinates":[[[120.8133041,23.2444925],[120.8132437,23.2444746],[120.8132333,23.2445037],[120.813296,23.2445241],[120.8133041,23.2444925]]]}},{"type":"Feature","properties":{"source":"NLSC_W84_BUILD_2023","record":755376,"settlement":"拉芙蘭","risk":"medium","height":10},"geometry":{"type":"Polygon","coordinates":[[[120.8133041,23.2445956],[120.8132962,23.2445655],[120.8132387,23.2445819],[120.8132455,23.2446112],[120.8133041,23.2445956]]]}},{"type":"Feature","properties":{"source":"NLSC_W84_BUILD_2023","record":755253,"settlement":"復興","risk":"high","height":20},"geometry":{"type":"Polygon","coordinates":[[[120.8041883,23.2181799],[120.8041763,23.2181356],[120.8046444,23.2180594],[120.8046308,23.2179733],[120.8044578,23.2180046],[120.8044559,23.2179922],[120.8041531,23.2180405],[120.8039773,23.2180734],[120.8039966,23.2181873],[120.8041071,23.2181677],[120.8041117,23.218207],[120.8041883,23.2181799]]]}},{"type":"Feature","properties":{"source":"NLSC_W84_BUILD_2023","record":751497,"settlement":"復興","risk":"high","height":12},"geometry":{"type":"Polygon","coordinates":[[[120.8046047,23.2183047],[120.8045735,23.2182008],[120.8044696,23.2182191],[120.804497,23.2183302],[120.8046047,23.2183047]]]}},{"type":"Feature","properties":{"source":"NLSC_W84_BUILD_2023","record":755208,"settlement":"勤和","risk":"high","height":10},"geometry":{"type":"Polygon","coordinates":[[[120.7938425,23.2065518],[120.7937738,23.2065475],[120.7937689,23.2065843],[120.7938369,23.2065868],[120.7938425,23.2065518]]]}},{"type":"Feature","properties":{"source":"NLSC_W84_BUILD_2023","record":753835,"settlement":"高中","risk":"medium","height":16},"geometry":{"type":"Polygon","coordinates":[[[120.7746861,23.171773],[120.7746836,23.171719],[120.7746824,23.1716925],[120.7746809,23.1716597],[120.7745951,23.1716608],[120.7745411,23.1716632],[120.7745474,23.1717279],[120.7746019,23.1717255],[120.7746029,23.171768],[120.7745334,23.1717709],[120.774537,23.1718302],[120.774606,23.1718258],[120.7746884,23.1718233],[120.7746876,23.1718058],[120.7746861,23.171773]]]}},{"type":"Feature","properties":{"source":"NLSC_W84_BUILD_2023","record":755300,"settlement":"復興","risk":"high","height":18},"geometry":{"type":"Polygon","coordinates":[[[120.8048157,23.2199165],[120.8048839,23.2197405],[120.8047081,23.2196793],[120.8046827,23.2197414],[120.8046735,23.2197383],[120.8046304,23.2198465],[120.8048157,23.2199165]]]}},{"type":"Feature","properties":{"source":"NLSC_W84_BUILD_2023","record":755371,"settlement":"拉芙蘭","risk":"medium","height":16},"geometry":{"type":"Polygon","coordinates":[[[120.8134001,23.2442625],[120.8133563,23.2442237],[120.8133222,23.2442595],[120.8133665,23.2442973],[120.8134001,23.2442625]]]}},{"type":"Feature","properties":{"source":"NLSC_W84_BUILD_2023","record":753833,"settlement":"高中","risk":"medium","height":12},"geometry":{"type":"Polygon","coordinates":[[[120.7746759,23.1716021],[120.7746702,23.1715251],[120.7746023,23.1715284],[120.7746018,23.1715022],[120.7746703,23.1715001],[120.7746659,23.1714632],[120.7746647,23.1714534],[120.7746585,23.1714007],[120.7746535,23.171358],[120.7746442,23.1713051],[120.7746397,23.1712926],[120.7745461,23.1712966],[120.7745513,23.1713771],[120.7745657,23.1713767],[120.7745667,23.1714083],[120.7745945,23.1714083],[120.7745961,23.1714414],[120.7745661,23.1714399],[120.7745687,23.1714864],[120.7745628,23.1714863],[120.7745665,23.1715323],[120.774567,23.1715323],[120.774497,23.1715371],[120.7745023,23.1715865],[120.7745284,23.1715856],[120.7745353,23.1716503],[120.7746802,23.1716435],[120.7746759,23.1716021]]]}},{"type":"Feature","properties":{"source":"NLSC_W84_BUILD_2023","record":753840,"settlement":"高中","risk":"medium","height":10},"geometry":{"type":"Polygon","coordinates":[[[120.7746912,23.1720119],[120.7746913,23.1719604],[120.7745362,23.1719712],[120.7745417,23.1720215],[120.7746912,23.1720119]]]}},{"type":"Feature","properties":{"source":"NLSC_W84_BUILD_2023","record":751501,"settlement":"復興","risk":"high","height":20},"geometry":{"type":"Polygon","coordinates":[[[120.8046222,23.2201727],[120.8045363,23.2201359],[120.8045081,23.2201901],[120.8045941,23.2202268],[120.8046222,23.2201727]]]}},{"type":"Feature","properties":{"source":"NLSC_W84_BUILD_2023","record":755379,"settlement":"拉芙蘭","risk":"medium","height":16},"geometry":{"type":"Polygon","coordinates":[[[120.813396,23.2448154],[120.8133563,23.2447648],[120.8133215,23.2447938],[120.813359,23.2448418],[120.813396,23.2448154]]]}},{"type":"Feature","properties":{"source":"NLSC_W84_BUILD_2023","record":755402,"settlement":"梅山","risk":"high","height":14},"geometry":{"type":"Polygon","coordinates":[[[120.8192169,23.2509844],[120.8191959,23.2509377],[120.8191331,23.250963],[120.8191153,23.2509219],[120.8190497,23.2509441],[120.8190827,23.2510135],[120.8192169,23.2509844]]]}},{"type":"Feature","properties":{"source":"NLSC_W84_BUILD_2023","record":755277,"settlement":"復興","risk":"high","height":20},"geometry":{"type":"Polygon","coordinates":[[[120.8049759,23.2190775],[120.8049524,23.2189988],[120.8050249,23.2189875],[120.8050241,23.2189776],[120.8050907,23.2189641],[120.8050489,23.21882],[120.8048541,23.2188603],[120.8048581,23.2188696],[120.8047815,23.2188853],[120.8048043,23.2189878],[120.8048241,23.2190624],[120.8048393,23.2190606],[120.8048448,23.2190785],[120.8048753,23.219079],[120.8049759,23.2190775]]]}},{"type":"Feature","properties":{"source":"NLSC_W84_BUILD_2023","record":753827,"settlement":"高中","risk":"medium","height":16},"geometry":{"type":"Polygon","coordinates":[[[120.7745542,23.1710314],[120.7745516,23.1710023],[120.7745482,23.1709654],[120.7745466,23.1709476],[120.7745455,23.1709345],[120.7745443,23.1709217],[120.7745426,23.1709032],[120.77454,23.1708744],[120.7745374,23.1708451],[120.7744402,23.1708498],[120.7744438,23.1708873],[120.7743957,23.1708897],[120.774346,23.1708936],[120.7743518,23.1709381],[120.7744026,23.1709337],[120.7744425,23.1709307],[120.7744492,23.1710155],[120.7744885,23.1710147],[120.7744883,23.1710672],[120.7744883,23.1710855],[120.7745613,23.1710848],[120.774561,23.1710841],[120.7745588,23.1710687],[120.7745555,23.1710457],[120.7745542,23.1710314]]]}},{"type":"Feature","properties":{"source":"NLSC_W84_BUILD_2023","record":755269,"settlement":"復興","risk":"high","height":20},"geometry":{"type":"Polygon","coordinates":[[[120.8049455,23.2187542],[120.8050856,23.2187196],[120.8050623,23.2186155],[120.8050111,23.2186253],[120.8050072,23.2186077],[120.8049035,23.2186337],[120.8049011,23.2186256],[120.8048291,23.2186401],[120.8047367,23.218668],[120.8047463,23.2186911],[120.8047395,23.2186959],[120.8047531,23.21874],[120.8048502,23.2187194],[120.8048809,23.2188115],[120.8049592,23.2187953],[120.8049455,23.2187542]]]}},{"type":"Feature","properties":{"source":"NLSC_W84_BUILD_2023","record":753621,"settlement":"建山","risk":"low","height":20},"geometry":{"type":"Polygon","coordinates":[[[120.760788,23.153081],[120.7605469,23.1529173],[120.7605186,23.1529546],[120.7605716,23.152989],[120.7605619,23.1530018],[120.7607492,23.1531234],[120.760788,23.153081]]]}},{"type":"Feature","properties":{"source":"NLSC_W84_BUILD_2023","record":755380,"settlement":"拉芙蘭","risk":"medium","height":18},"geometry":{"type":"Polygon","coordinates":[[[120.8134585,23.2448729],[120.8134166,23.2448286],[120.8133778,23.244865],[120.8134218,23.2449074],[120.8134585,23.2448729]]]}},{"type":"Feature","properties":{"source":"NLSC_W84_BUILD_2023","record":753623,"settlement":"建山","risk":"low","height":24},"geometry":{"type":"Polygon","coordinates":[[[120.7606733,23.1531234],[120.7606522,23.1531041],[120.7606027,23.1531526],[120.7606276,23.1531698],[120.7606733,23.1531234]]]}},{"type":"Feature","properties":{"source":"NLSC_W84_BUILD_2023","record":755255,"settlement":"復興","risk":"high","height":24},"geometry":{"type":"Polygon","coordinates":[[[120.8047412,23.2181154],[120.8047378,23.2181021],[120.8047189,23.218108],[120.8047056,23.2181136],[120.8046944,23.2181244],[120.8046934,23.2181275],[120.8046884,23.2181432],[120.8046874,23.2181462],[120.8046849,23.218154],[120.8046816,23.2181635],[120.8046816,23.2181636],[120.8046776,23.2181765],[120.8046751,23.2181892],[120.8046708,23.2182113],[120.8046673,23.2182291],[120.8046645,23.2182585],[120.8047729,23.2182338],[120.80475,23.2181482],[120.8047445,23.2181278],[120.8047412,23.2181154]]]}},{"type":"Feature","properties":{"source":"NLSC_W84_BUILD_2023","record":751500,"settlement":"復興","risk":"high","height":18},"geometry":{"type":"Polygon","coordinates":[[[120.8051755,23.2192483],[120.8051683,23.2191863],[120.8051286,23.2191902],[120.8051261,23.2191711],[120.8049857,23.2191861],[120.805002,23.219271],[120.8051755,23.2192483]]]}},{"type":"Feature","properties":{"source":"NLSC_W84_BUILD_2023","record":753822,"settlement":"高中","risk":"medium","height":22},"geometry":{"type":"Polygon","coordinates":[[[120.7745391,23.1706805],[120.7743636,23.1706708],[120.7743506,23.1707622],[120.7745384,23.1707714],[120.7745391,23.1706805]]]}},{"type":"Feature","properties":{"source":"NLSC_W84_BUILD_2023","record":755278,"settlement":"復興","risk":"high","height":22},"geometry":{"type":"Polygon","coordinates":[[[120.8051588,23.2190783],[120.8051472,23.2189826],[120.8050305,23.2189888],[120.8050415,23.2190813],[120.8050558,23.2190815],[120.8051588,23.2190783]]]}},{"type":"Feature","properties":{"source":"NLSC_W84_BUILD_2023","record":755381,"settlement":"拉芙蘭","risk":"medium","height":20},"geometry":{"type":"Polygon","coordinates":[[[120.8135447,23.2449091],[120.8135416,23.2448561],[120.8134766,23.2448621],[120.8134797,23.2449112],[120.8135447,23.2449091]]]}},{"type":"Feature","properties":{"source":"NLSC_W84_BUILD_2023","record":753832,"settlement":"高中","risk":"medium","height":10},"geometry":{"type":"Polygon","coordinates":[[[120.7748871,23.1714584],[120.7748738,23.1713819],[120.7748476,23.1713848],[120.7747066,23.1714034],[120.7747089,23.1714199],[120.7747099,23.1714291],[120.7747099,23.1714292],[120.7747139,23.1714663],[120.7747157,23.1714822],[120.7747176,23.1715001],[120.7747194,23.1715164],[120.7747209,23.1715298],[120.7747231,23.1715499],[120.7747707,23.1715445],[120.7747667,23.1715274],[120.7748671,23.1715111],[120.7748958,23.1715079],[120.7748871,23.1714584]]]}},{"type":"Feature","properties":{"source":"NLSC_W84_BUILD_2023","record":755372,"settlement":"拉芙蘭","risk":"medium","height":18},"geometry":{"type":"Polygon","coordinates":[[[120.8136393,23.2444909],[120.8136307,23.244443],[120.8135307,23.2444602],[120.8135389,23.2445057],[120.8136393,23.2444909]]]}},{"type":"Feature","properties":{"source":"NLSC_W84_BUILD_2023","record":755403,"settlement":"梅山","risk":"high","height":16},"geometry":{"type":"Polygon","coordinates":[[[120.8192847,23.2511217],[120.8191771,23.2510939],[120.8191622,23.2511654],[120.8192677,23.2511892],[120.8192847,23.2511217]]]}},{"type":"Feature","properties":{"source":"NLSC_W84_BUILD_2023","record":755259,"settlement":"復興","risk":"high","height":16},"geometry":{"type":"Polygon","coordinates":[[[120.8051857,23.2183588],[120.8051494,23.2181987],[120.805054,23.2182181],[120.8049309,23.2182462],[120.8049418,23.2182901],[120.8048505,23.2183107],[120.8048383,23.2182674],[120.804785,23.2182795],[120.8047957,23.2183124],[120.8046646,23.2183455],[120.8046658,23.218353],[120.8047207,23.2185286],[120.8047537,23.2185196],[120.8048422,23.2184991],[120.8048363,23.2184706],[120.8048921,23.2184617],[120.8048853,23.2184332],[120.8049853,23.2184082],[120.8051737,23.2183609],[120.8051857,23.2183588]]]}},{"type":"Feature","properties":{"source":"NLSC_W84_BUILD_2023","record":755245,"settlement":"復興","risk":"high","height":20},"geometry":{"type":"Polygon","coordinates":[[[120.8042259,23.2176082],[120.8042106,23.2175402],[120.804036,23.2175808],[120.8040532,23.217648],[120.8042259,23.2176082]]]}},{"type":"Feature","properties":{"source":"NLSC_W84_BUILD_2023","record":753829,"settlement":"高中","risk":"medium","height":20},"geometry":{"type":"Polygon","coordinates":[[[120.7748141,23.1712651],[120.7748116,23.1712266],[120.7748527,23.1712229],[120.7748507,23.1712009],[120.7748506,23.1712002],[120.7748478,23.1711695],[120.7748461,23.1711509],[120.7748388,23.171151],[120.7747919,23.1711509],[120.7747881,23.1710972],[120.7748026,23.171096],[120.7748027,23.1710637],[120.7747974,23.1710636],[120.7747973,23.1709406],[120.7747892,23.1709414],[120.7747499,23.1709452],[120.7747168,23.1709451],[120.7747084,23.1709446],[120.7746836,23.1709431],[120.7746689,23.1709416],[120.7746211,23.1709367],[120.7746278,23.1710493],[120.7746329,23.1711055],[120.7747181,23.1711013],[120.7747233,23.1711599],[120.7746678,23.1711629],[120.7746678,23.1711684],[120.774646,23.171169],[120.7746576,23.1712],[120.7746723,23.1712392],[120.7747106,23.1712362],[120.7747164,23.1712734],[120.7748141,23.1712651]]]}},{"type":"Feature","properties":{"source":"NLSC_W84_BUILD_2023","record":755377,"settlement":"拉芙蘭","risk":"medium","height":12},"geometry":{"type":"Polygon","coordinates":[[[120.8136781,23.2446828],[120.8136525,23.2445548],[120.8135523,23.2445767],[120.8135761,23.2447008],[120.8136781,23.2446828]]]}},{"type":"Feature","properties":{"source":"NLSC_W84_BUILD_2023","record":753821,"settlement":"高中","risk":"medium","height":20},"geometry":{"type":"Polygon","coordinates":[[[120.7743772,23.1705562],[120.7745489,23.1705563],[120.7745534,23.1705156],[120.7743506,23.1705112],[120.7743537,23.1705562],[120.7743029,23.1705526],[120.7742953,23.1706371],[120.7745336,23.1706504],[120.7745396,23.1705669],[120.7743772,23.1705562]]]}},{"type":"Feature","properties":{"source":"NLSC_W84_BUILD_2023","record":755294,"settlement":"復興","risk":"high","height":22},"geometry":{"type":"Polygon","coordinates":[[[120.8053024,23.2195683],[120.805285,23.2194919],[120.8052715,23.2194955],[120.8052088,23.219295],[120.8050261,23.219335],[120.8050984,23.219502],[120.805183,23.2194867],[120.8051859,23.2194992],[120.8052138,23.2194903],[120.8052351,23.2195791],[120.8053024,23.2195683]]]}},{"type":"Feature","properties":{"source":"NLSC_W84_BUILD_2023","record":755242,"settlement":"復興","risk":"high","height":14},"geometry":{"type":"Polygon","coordinates":[[[120.8041033,23.2175261],[120.8040925,23.2174742],[120.8040023,23.2174907],[120.8040119,23.2175431],[120.8041033,23.2175261]]]}},{"type":"Feature","properties":{"source":"NLSC_W84_BUILD_2023","record":753847,"settlement":"高中","risk":"medium","height":24},"geometry":{"type":"Polygon","coordinates":[[[120.7750201,23.1722248],[120.775009,23.1721778],[120.7749717,23.1719953],[120.7749229,23.1720037],[120.7747941,23.1720249],[120.7747631,23.1720321],[120.7747801,23.1721127],[120.7748632,23.1720984],[120.7748825,23.1721982],[120.7749526,23.1721867],[120.7749618,23.1722345],[120.7750201,23.1722248]]]}},{"type":"Feature","properties":{"source":"NLSC_W84_BUILD_2023","record":755378,"settlement":"拉芙蘭","risk":"medium","height":14},"geometry":{"type":"Polygon","coordinates":[[[120.8137033,23.2448064],[120.8136982,23.2447579],[120.8136024,23.2447724],[120.8136095,23.2448225],[120.8137033,23.2448064]]]}},{"type":"Feature","properties":{"source":"NLSC_W84_BUILD_2023","record":755273,"settlement":"復興","risk":"high","height":12},"geometry":{"type":"Polygon","coordinates":[[[120.8052844,23.2188542],[120.8052701,23.2187941],[120.8051045,23.2188289],[120.8051383,23.2189591],[120.8052804,23.2189327],[120.8052655,23.2188586],[120.8052844,23.2188542]]]}},{"type":"Feature","properties":{"source":"NLSC_W84_BUILD_2023","record":753819,"settlement":"高中","risk":"medium","height":16},"geometry":{"type":"Polygon","coordinates":[[[120.7744042,23.1703878],[120.774292,23.1703831],[120.7742903,23.1704434],[120.7744023,23.17045],[120.7744042,23.1703878]]]}},{"type":"Feature","properties":{"source":"NLSC_W84_BUILD_2023","record":753624,"settlement":"建山","risk":"low","height":10},"geometry":{"type":"Polygon","coordinates":[[[120.7608626,23.1532646],[120.7608237,23.1532049],[120.760744,23.1532489],[120.7607822,23.1533113],[120.7608626,23.1532646]]]}},{"type":"Feature","properties":{"source":"NLSC_W84_BUILD_2023","record":755265,"settlement":"復興","risk":"high","height":12},"geometry":{"type":"Polygon","coordinates":[[[120.8052482,23.2187355],[120.8052359,23.2186795],[120.8051362,23.2187008],[120.805149,23.218756],[120.8052482,23.2187355]]]}},{"type":"Feature","properties":{"source":"NLSC_W84_BUILD_2023","record":755284,"settlement":"復興","risk":"high","height":18},"geometry":{"type":"Polygon","coordinates":[[[120.8052854,23.2192185],[120.8052846,23.2191292],[120.805227,23.2191295],[120.8052307,23.2192433],[120.8052656,23.219234],[120.8052854,23.2192185]]]}},{"type":"Feature","properties":{"source":"NLSC_W84_BUILD_2023","record":751494,"settlement":"勤和","risk":"high","height":22},"geometry":{"type":"Polygon","coordinates":[[[120.7943606,23.2056298],[120.7942241,23.2056208],[120.7942199,23.2056888],[120.7943558,23.205699],[120.7943606,23.2056298]]]}},{"type":"Feature","properties":{"source":"NLSC_W84_BUILD_2023","record":755254,"settlement":"復興","risk":"high","height":22},"geometry":{"type":"Polygon","coordinates":[[[120.8048448,23.2182154],[120.8050822,23.2181542],[120.8050783,23.2181372],[120.8050641,23.2180823],[120.80499,23.2181008],[120.8049789,23.2180685],[120.8048084,23.2181137],[120.8048321,23.2181993],[120.8048402,23.2181973],[120.8048448,23.2182154]]]}},{"type":"Feature","properties":{"source":"NLSC_W84_BUILD_2023","record":755301,"settlement":"復興","risk":"high","height":20},"geometry":{"type":"Polygon","coordinates":[[[120.8052586,23.2198301],[120.8051769,23.21978],[120.8050898,23.2198843],[120.805186,23.2199471],[120.8052109,23.2199175],[120.8051975,23.2199085],[120.8052586,23.2198301]]]}},{"type":"Feature","properties":{"source":"NLSC_W84_BUILD_2023","record":755244,"settlement":"復興","risk":"high","height":18},"geometry":{"type":"Polygon","coordinates":[[[120.8044651,23.2175578],[120.8044481,23.2174899],[120.8042727,23.2175268],[120.8042871,23.2175934],[120.8044651,23.2175578]]]}},{"type":"Feature","properties":{"source":"NLSC_W84_BUILD_2023","record":751402,"settlement":"高中","risk":"medium","height":14},"geometry":{"type":"Polygon","coordinates":[[[120.7747846,23.1708891],[120.7747855,23.1708824],[120.7748209,23.1708837],[120.7748257,23.1707732],[120.7748081,23.1707726],[120.7748097,23.1707252],[120.7748005,23.1707234],[120.7747822,23.1707198],[120.7747863,23.1707021],[120.7747816,23.1706996],[120.7747903,23.1706608],[120.7747955,23.170662],[120.7748069,23.1706126],[120.7747957,23.1706102],[120.7748023,23.1705821],[120.7747462,23.1705729],[120.7746911,23.1705647],[120.7746836,23.170597],[120.7746655,23.1705932],[120.77463,23.1705867],[120.7746122,23.1705818],[120.7746088,23.1706227],[120.7746006,23.1707212],[120.7746047,23.1707228],[120.7746046,23.1708164],[120.7746001,23.1708161],[120.7746002,23.1708208],[120.7746004,23.1708276],[120.7746017,23.1708802],[120.7746431,23.1708825],[120.7746998,23.1708856],[120.7747509,23.1708884],[120.7747846,23.1708891]]]}},{"type":"Feature","properties":{"source":"NLSC_W84_BUILD_2023","record":755235,"settlement":"復興","risk":"high","height":16},"geometry":{"type":"Polygon","coordinates":[[[120.8037077,23.2172876],[120.8036992,23.2172225],[120.8036665,23.2172261],[120.8036689,23.2172443],[120.8036513,23.2172488],[120.8036556,23.2172941],[120.8037077,23.2172876]]]}},{"type":"Feature","properties":{"source":"NLSC_W84_BUILD_2023","record":755241,"settlement":"復興","risk":"high","height":12},"geometry":{"type":"Polygon","coordinates":[[[120.8044492,23.2174146],[120.8044241,23.2173275],[120.8041425,23.217391],[120.8041792,23.2175224],[120.8042619,23.2175028],[120.8042503,23.2174584],[120.8044492,23.2174146]]]}},{"type":"Feature","properties":{"source":"NLSC_W84_BUILD_2023","record":755248,"settlement":"復興","risk":"high","height":10},"geometry":{"type":"Polygon","coordinates":[[[120.8047766,23.21775],[120.8047679,23.2177163],[120.804717,23.217727],[120.8047266,23.2177626],[120.8047766,23.21775]]]}},{"type":"Feature","properties":{"source":"NLSC_W84_BUILD_2023","record":755247,"settlement":"復興","risk":"high","height":24},"geometry":{"type":"Polygon","coordinates":[[[120.8046064,23.2176473],[120.8045671,23.217483],[120.8044989,23.2174973],[120.8045372,23.2176602],[120.8046064,23.2176473]]]}},{"type":"Feature","properties":{"source":"NLSC_W84_BUILD_2023","record":755280,"settlement":"復興","risk":"high","height":10},"geometry":{"type":"Polygon","coordinates":[[[120.8054316,23.2191728],[120.8054326,23.2191582],[120.805471,23.2191603],[120.8054766,23.2190794],[120.8053189,23.2190778],[120.8053143,23.2191667],[120.8054316,23.2191728]]]}},{"type":"Feature","properties":{"source":"NLSC_W84_BUILD_2023","record":755264,"settlement":"復興","risk":"high","height":10},"geometry":{"type":"Polygon","coordinates":[[[120.8053809,23.2187196],[120.8053673,23.2186272],[120.8052891,23.2186349],[120.8053056,23.2187256],[120.8053809,23.2187196]]]}},{"type":"Feature","properties":{"source":"NLSC_W84_BUILD_2023","record":755290,"settlement":"復興","risk":"high","height":14},"geometry":{"type":"Polygon","coordinates":[[[120.8053118,23.2194315],[120.8054271,23.2194153],[120.8054945,23.2194268],[120.8055002,23.2193939],[120.8055127,23.2193975],[120.8055337,23.2193032],[120.8054914,23.2192953],[120.8055009,23.2192295],[120.8053749,23.2192119],[120.8053664,23.219291],[120.805352,23.2192887],[120.8053463,23.2193396],[120.8053956,23.2193471],[120.8053944,23.219355],[120.8052579,23.2193747],[120.8052753,23.2194635],[120.8053185,23.2194581],[120.8053118,23.2194315]]]}},{"type":"Feature","properties":{"source":"NLSC_W84_BUILD_2023","record":755250,"settlement":"復興","risk":"high","height":14},"geometry":{"type":"Polygon","coordinates":[[[120.8050191,23.2178386],[120.8049939,23.2177604],[120.804744,23.2178194],[120.8047663,23.217902],[120.8050191,23.2178386]]]}},{"type":"Feature","properties":{"source":"NLSC_W84_BUILD_2023","record":755383,"settlement":"拉芙蘭","risk":"medium","height":24},"geometry":{"type":"Polygon","coordinates":[[[120.8138141,23.2452339],[120.813723,23.2451345],[120.8136916,23.2451596],[120.8137775,23.2452582],[120.8138141,23.2452339]]]}},{"type":"Feature","properties":{"source":"NLSC_W84_BUILD_2023","record":755246,"settlement":"復興","risk":"high","height":22},"geometry":{"type":"Polygon","coordinates":[[[120.8047688,23.2176461],[120.8047572,23.2176008],[120.8046915,23.2176139],[120.8047004,23.2176595],[120.8047688,23.2176461]]]}},{"type":"Feature","properties":{"source":"NLSC_W84_BUILD_2023","record":755239,"settlement":"復興","risk":"high","height":24},"geometry":{"type":"Polygon","coordinates":[[[120.8042145,23.2173234],[120.8041835,23.2171679],[120.8040393,23.2171947],[120.8040508,23.2172471],[120.8040335,23.21725],[120.8040463,23.2173056],[120.8040634,23.217303],[120.8040751,23.2173493],[120.8042145,23.2173234]]]}},{"type":"Feature","properties":{"source":"NLSC_W84_BUILD_2023","record":755272,"settlement":"復興","risk":"high","height":10},"geometry":{"type":"Polygon","coordinates":[[[120.8055254,23.2189229],[120.8054991,23.2187657],[120.8054298,23.2187683],[120.8054455,23.2188395],[120.8053176,23.218845],[120.8053206,23.2189143],[120.8054427,23.2189124],[120.8054427,23.2189248],[120.8055254,23.2189229]]]}},{"type":"Feature","properties":{"source":"NLSC_W84_BUILD_2023","record":753820,"settlement":"高中","risk":"medium","height":18},"geometry":{"type":"Polygon","coordinates":[[[120.7748057,23.1705602],[120.7748223,23.1704833],[120.7747161,23.1704648],[120.7747096,23.1704635],[120.7747193,23.170414],[120.7746415,23.1704014],[120.7746323,23.1704476],[120.774615,23.1705269],[120.7747021,23.1705447],[120.7747007,23.1705496],[120.7747331,23.1705545],[120.7747338,23.1705478],[120.7748057,23.1705602]]]}},{"type":"Feature","properties":{"source":"NLSC_W84_BUILD_2023","record":755251,"settlement":"復興","risk":"high","height":16},"geometry":{"type":"Polygon","coordinates":[[[120.8051738,23.2179692],[120.8050946,23.2179676],[120.8050934,23.2180052],[120.8051715,23.2180056],[120.8051738,23.2179692]]]}},{"type":"Feature","properties":{"source":"NLSC_W84_BUILD_2023","record":755257,"settlement":"復興","risk":"high","height":12},"geometry":{"type":"Polygon","coordinates":[[[120.8053264,23.2182441],[120.8053044,23.2180651],[120.8052943,23.2180655],[120.8052222,23.2180751],[120.8052324,23.2181623],[120.8052002,23.2181661],[120.8051891,23.2181674],[120.8052272,23.2183469],[120.8052797,23.2183377],[120.8053324,23.2183285],[120.8053408,23.2183271],[120.8053264,23.2182441]]]}},{"type":"Feature","properties":{"source":"NLSC_W84_BUILD_2023","record":755404,"settlement":"梅山","risk":"high","height":18},"geometry":{"type":"Polygon","coordinates":[[[120.8194733,23.251422],[120.8193636,23.2513719],[120.8193122,23.2514619],[120.8193379,23.2514758],[120.8193191,23.2515016],[120.8194124,23.2515837],[120.8194419,23.2515444],[120.8194456,23.2515179],[120.8194563,23.2515166],[120.8194733,23.251422]]]}},{"type":"Feature","properties":{"source":"NLSC_W84_BUILD_2023","record":755238,"settlement":"復興","risk":"high","height":22},"geometry":{"type":"Polygon","coordinates":[[[120.8044096,23.2172982],[120.8043971,23.2172511],[120.8042981,23.2172726],[120.8043087,23.2173197],[120.8044096,23.2172982]]]}},{"type":"Feature","properties":{"source":"NLSC_W84_BUILD_2023","record":755281,"settlement":"復興","risk":"high","height":12},"geometry":{"type":"Polygon","coordinates":[[[120.8055671,23.2191273],[120.8055026,23.2191158],[120.8054856,23.2192089],[120.8055528,23.2192197],[120.8055671,23.2191273]]]}},{"type":"Feature","properties":{"source":"NLSC_W84_BUILD_2023","record":755370,"settlement":"拉芙蘭","risk":"medium","height":14},"geometry":{"type":"Polygon","coordinates":[[[120.8134619,23.2429036],[120.8134072,23.2428839],[120.8133916,23.2429248],[120.8134452,23.2429452],[120.8134619,23.2429036]]]}},{"type":"Feature","properties":{"source":"NLSC_W84_BUILD_2023","record":755382,"settlement":"拉芙蘭","risk":"medium","height":22},"geometry":{"type":"Polygon","coordinates":[[[120.813958,23.24519],[120.8139564,23.2451436],[120.8138107,23.2451446],[120.8138161,23.2451963],[120.813958,23.24519]]]}},{"type":"Feature","properties":{"source":"NLSC_W84_BUILD_2023","record":755384,"settlement":"拉芙蘭","risk":"medium","height":10},"geometry":{"type":"Polygon","coordinates":[[[120.8139453,23.2454391],[120.8136988,23.2452942],[120.8136815,23.2453186],[120.8139241,23.2454653],[120.8139453,23.2454391]]]}},{"type":"Feature","properties":{"source":"NLSC_W84_BUILD_2023","record":755263,"settlement":"復興","risk":"high","height":24},"geometry":{"type":"Polygon","coordinates":[[[120.8055985,23.2187044],[120.8055952,23.2186172],[120.8055767,23.2184999],[120.8054412,23.2185116],[120.8054519,23.2186316],[120.8054875,23.2186289],[120.8054934,23.2187213],[120.8055936,23.2187122],[120.8055985,23.2187044]]]}},{"type":"Feature","properties":{"source":"NLSC_W84_BUILD_2023","record":755243,"settlement":"復興","risk":"high","height":16},"geometry":{"type":"Polygon","coordinates":[[[120.8047427,23.2175404],[120.8049185,23.2175147],[120.804939,23.217533],[120.8050193,23.2175206],[120.8050019,23.2174354],[120.8049064,23.2174499],[120.8048953,23.2173989],[120.8047214,23.2174293],[120.8046856,23.2174342],[120.8046945,23.2174764],[120.8046689,23.2174808],[120.8046923,23.2175864],[120.8047449,23.2175747],[120.8047388,23.217541],[120.8047427,23.2175404]]]}},{"type":"Feature","properties":{"source":"NLSC_W84_BUILD_2023","record":755369,"settlement":"拉芙蘭","risk":"medium","height":12},"geometry":{"type":"Polygon","coordinates":[[[120.8134838,23.2428238],[120.8134592,23.2427515],[120.8134055,23.2427712],[120.8134291,23.2428414],[120.8134838,23.2428238]]]}},{"type":"Feature","properties":{"source":"NLSC_W84_BUILD_2023","record":755232,"settlement":"復興","risk":"high","height":10},"geometry":{"type":"Polygon","coordinates":[[[120.8043907,23.2171358],[120.804382,23.2171102],[120.8042773,23.2171433],[120.8042849,23.2171666],[120.8043907,23.2171358]]]}},{"type":"Feature","properties":{"source":"NLSC_W84_BUILD_2023","record":751333,"settlement":"復興","risk":"high","height":20},"geometry":{"type":"Polygon","coordinates":[[[120.8049896,23.2176013],[120.8049733,23.2175382],[120.8049446,23.2175432],[120.8049589,23.2176067],[120.8049896,23.2176013]]]}},{"type":"Feature","properties":{"source":"NLSC_W84_BUILD_2023","record":753818,"settlement":"高中","risk":"medium","height":14},"geometry":{"type":"Polygon","coordinates":[[[120.7744447,23.1699663],[120.7744494,23.1699358],[120.7744666,23.1699377],[120.7744719,23.1699163],[120.7744719,23.1699169],[120.7745584,23.1699317],[120.7745636,23.1699329],[120.7745616,23.1699421],[120.7745663,23.1699427],[120.7745549,23.1699958],[120.7745536,23.1699956],[120.7744936,23.1699853],[120.7744691,23.1699792],[120.7744591,23.1700237],[120.7744869,23.1700298],[120.7745311,23.1700391],[120.7745231,23.1700781],[120.774502,23.1700744],[120.7744873,23.1701513],[120.774614,23.1701704],[120.7746193,23.1701497],[120.7746272,23.1701503],[120.7746346,23.1701143],[120.774622,23.1701119],[120.774626,23.1700942],[120.774634,23.1700582],[120.7746568,23.1700597],[120.7746575,23.1700562],[120.7746669,23.1700116],[120.774694,23.1698834],[120.7745691,23.1698591],[120.7745731,23.1698316],[120.7744286,23.1698033],[120.7744486,23.1697167],[120.7746564,23.1697537],[120.7746484,23.1698049],[120.7747032,23.1698124],[120.7747118,23.169769],[120.7747196,23.1697702],[120.7747285,23.1697313],[120.7747326,23.1697244],[120.7747397,23.1696842],[120.7747245,23.16968],[120.7747332,23.1696403],[120.7746428,23.1696212],[120.7744277,23.1695842],[120.7744004,23.169716],[120.7743436,23.1697037],[120.7742976,23.1699331],[120.7743537,23.1699423],[120.7743544,23.1699423],[120.7743557,23.1699472],[120.7742349,23.1699403],[120.774223,23.1702534],[120.7743623,23.1702634],[120.7743602,23.1703006],[120.7743813,23.1703037],[120.774382,23.1703104],[120.7744038,23.1703135],[120.7743997,23.1703574],[120.7745792,23.170379],[120.7745828,23.1703637],[120.7745865,23.1703483],[120.7745921,23.1703278],[120.7745999,23.1702742],[120.7744791,23.1702581],[120.7744846,23.1701672],[120.7744285,23.170161],[120.7744447,23.1699663]]]}},{"type":"Feature","properties":{"source":"NLSC_W84_BUILD_2023","record":755240,"settlement":"復興","risk":"high","height":10},"geometry":{"type":"Polygon","coordinates":[[[120.8046451,23.2174089],[120.8047845,23.217386],[120.8047847,23.2173935],[120.8048239,23.2173898],[120.8048168,23.2173225],[120.8047794,23.217328],[120.8047733,23.2172964],[120.8048025,23.2172928],[120.8047944,23.2172261],[120.8046059,23.217258],[120.8046071,23.2172664],[120.8046241,23.2173219],[120.8046251,23.2173263],[120.8046256,23.2173261],[120.8046259,23.2173297],[120.8046309,23.217351],[120.8046451,23.2174089]]]}},{"type":"Feature","properties":{"source":"NLSC_W84_BUILD_2023","record":753817,"settlement":"高中","risk":"medium","height":12},"geometry":{"type":"Polygon","coordinates":[[[120.7748769,23.1702844],[120.7748948,23.1702167],[120.7748969,23.1702173],[120.7749147,23.1701692],[120.774932,23.1701155],[120.7749149,23.17011],[120.7749215,23.1700935],[120.7748054,23.170064],[120.7747994,23.1700768],[120.7747809,23.1700719],[120.7747836,23.1700505],[120.7747275,23.1700382],[120.7747049,23.1701193],[120.7746936,23.1701547],[120.7748539,23.1702093],[120.7747583,23.1701866],[120.7747363,23.1702524],[120.7747509,23.1702561],[120.7747349,23.1703184],[120.7748616,23.1703418],[120.7748769,23.1702844]]]}},{"type":"Feature","properties":{"source":"NLSC_W84_BUILD_2023","record":755258,"settlement":"復興","risk":"high","height":14},"geometry":{"type":"Polygon","coordinates":[[[120.8055928,23.218443],[120.8055919,23.2183978],[120.8056323,23.2183967],[120.8056428,23.2183168],[120.8056398,23.2182563],[120.8056234,23.2181009],[120.80543,23.2181109],[120.8054497,23.2184014],[120.8055141,23.2183998],[120.805515,23.2184445],[120.8055928,23.218443]]]}},{"type":"Feature","properties":{"source":"NLSC_W84_BUILD_2023","record":755406,"settlement":"梅山","risk":"high","height":22},"geometry":{"type":"Polygon","coordinates":[[[120.8189272,23.2519533],[120.8189434,23.2519189],[120.8189504,23.2519224],[120.8190013,23.2518202],[120.8189229,23.2517915],[120.8188722,23.2518922],[120.8188827,23.2518947],[120.8188663,23.2519307],[120.8189272,23.2519533]]]}},{"type":"Feature","properties":{"source":"NLSC_W84_BUILD_2023","record":755234,"settlement":"復興","risk":"high","height":14},"geometry":{"type":"Polygon","coordinates":[[[120.8046478,23.217207],[120.8046328,23.2171477],[120.8045902,23.2171601],[120.8046059,23.2172172],[120.8046478,23.217207]]]}},{"type":"Feature","properties":{"source":"NLSC_W84_BUILD_2023","record":755405,"settlement":"梅山","risk":"high","height":20},"geometry":{"type":"Polygon","coordinates":[[[120.8191421,23.251825],[120.8190281,23.2518211],[120.8190265,23.2518701],[120.8191396,23.2518763],[120.8191421,23.251825]]]}},{"type":"Feature","properties":{"source":"NLSC_W84_BUILD_2023","record":753826,"settlement":"高中","risk":"medium","height":14},"geometry":{"type":"Polygon","coordinates":[[[120.775391,23.1710518],[120.7753386,23.1710492],[120.7753394,23.1710863],[120.7753918,23.171086],[120.775391,23.1710518]]]}},{"type":"Feature","properties":{"source":"NLSC_W84_BUILD_2023","record":755385,"settlement":"拉芙蘭","risk":"medium","height":12},"geometry":{"type":"Polygon","coordinates":[[[120.8140815,23.2454576],[120.8139979,23.2454078],[120.8139816,23.2454317],[120.8140625,23.2454816],[120.8140815,23.2454576]]]}},{"type":"Feature","properties":{"source":"NLSC_W84_BUILD_2023","record":753831,"settlement":"高中","risk":"medium","height":24},"geometry":{"type":"Polygon","coordinates":[[[120.7756218,23.1713366],[120.7756092,23.1712906],[120.7755101,23.1713132],[120.7755084,23.1713063],[120.7754084,23.1713281],[120.7754255,23.1713842],[120.7754105,23.1713875],[120.7754228,23.1714245],[120.7755394,23.1713932],[120.7755281,23.1713604],[120.7756218,23.1713366]]]}},{"type":"Feature","properties":{"source":"NLSC_W84_BUILD_2023","record":753830,"settlement":"高中","risk":"medium","height":22},"geometry":{"type":"Polygon","coordinates":[[[120.7754173,23.1712923],[120.7755018,23.1712912],[120.7755793,23.1712918],[120.7755785,23.1712486],[120.7755028,23.1712477],[120.7755006,23.1712257],[120.7755004,23.1712012],[120.7755003,23.1711858],[120.7754725,23.1711866],[120.775418,23.1711881],[120.7754179,23.171201],[120.7754173,23.1712923]]]}},{"type":"Feature","properties":{"source":"NLSC_W84_BUILD_2023","record":753828,"settlement":"高中","risk":"medium","height":18},"geometry":{"type":"Polygon","coordinates":[[[120.7755496,23.1711579],[120.775544,23.1711025],[120.775511,23.1711045],[120.7755062,23.1710707],[120.7754534,23.1710739],[120.7754538,23.1710775],[120.7754085,23.1710799],[120.775418,23.1711658],[120.7755179,23.1711606],[120.7755496,23.1711579]]]}},{"type":"Feature","properties":{"source":"NLSC_W84_BUILD_2023","record":753824,"settlement":"高中","risk":"medium","height":10},"geometry":{"type":"Polygon","coordinates":[[[120.7754152,23.1706627],[120.7753711,23.170653],[120.7753689,23.1706616],[120.7753412,23.1706569],[120.77534,23.1706593],[120.7753392,23.170661],[120.7753322,23.1706749],[120.7753256,23.1706897],[120.7753168,23.1707097],[120.7753049,23.1707366],[120.7752937,23.170762],[120.7752909,23.1707701],[120.775286,23.1707844],[120.7752768,23.1708114],[120.7752658,23.1708434],[120.7752622,23.1708615],[120.7752782,23.1708661],[120.7752737,23.1709149],[120.7754084,23.1709232],[120.7754411,23.1709252],[120.7754527,23.1707907],[120.7754558,23.1707431],[120.7754176,23.1707381],[120.7754266,23.1706757],[120.77542,23.1706682],[120.7754152,23.1706627]]]}},{"type":"Feature","properties":{"source":"NLSC_W84_BUILD_2023","record":753825,"settlement":"高中","risk":"medium","height":12},"geometry":{"type":"Polygon","coordinates":[[[120.7755366,23.1710534],[120.7755389,23.1709647],[120.7754812,23.1709635],[120.775484,23.1709364],[120.775374,23.1709281],[120.7753686,23.1709879],[120.7753493,23.1709866],[120.7753505,23.1710208],[120.7754042,23.1710221],[120.7754077,23.1710506],[120.7755366,23.1710534]]]}},{"type":"Feature","properties":{"source":"NLSC_W84_BUILD_2023","record":755407,"settlement":"梅山","risk":"high","height":24},"geometry":{"type":"Polygon","coordinates":[[[120.819166,23.2520314],[120.8191441,23.2518977],[120.8190449,23.2519113],[120.8190713,23.252044],[120.819166,23.2520314]]]}},{"type":"Feature","properties":{"source":"NLSC_W84_BUILD_2023","record":755367,"settlement":"拉芙蘭","risk":"medium","height":24},"geometry":{"type":"Polygon","coordinates":[[[120.8132309,23.2422723],[120.8132256,23.2422023],[120.8131434,23.2422072],[120.8131517,23.2422786],[120.8132309,23.2422723]]]}},{"type":"Feature","properties":{"source":"NLSC_W84_BUILD_2023","record":755409,"settlement":"梅山","risk":"high","height":12},"geometry":{"type":"Polygon","coordinates":[[[120.8189332,23.2519807],[120.8187988,23.2519448],[120.8187465,23.2521249],[120.8188792,23.2521622],[120.8189813,23.2521893],[120.8189972,23.2520903],[120.8189776,23.2520882],[120.8189867,23.252062],[120.8189119,23.2520446],[120.8189332,23.2519807]]]}},{"type":"Feature","properties":{"source":"NLSC_W84_BUILD_2023","record":753823,"settlement":"高中","risk":"medium","height":24},"geometry":{"type":"Polygon","coordinates":[[[120.7754838,23.1708591],[120.7754578,23.1708574],[120.7754586,23.1708786],[120.7754837,23.1708794],[120.7754838,23.1708591]]]}},{"type":"Feature","properties":{"source":"NLSC_W84_BUILD_2023","record":753834,"settlement":"高中","risk":"medium","height":14},"geometry":{"type":"Polygon","coordinates":[[[120.7757453,23.1716586],[120.7756748,23.1714571],[120.7756612,23.1714608],[120.7756656,23.171475],[120.7756141,23.1714867],[120.7756106,23.1714786],[120.7755638,23.1714891],[120.7756363,23.1716885],[120.7757453,23.1716586]]]}},{"type":"Feature","properties":{"source":"NLSC_W84_BUILD_2023","record":755397,"settlement":"梅山","risk":"high","height":20},"geometry":{"type":"Polygon","coordinates":[[[120.8159018,23.2493946],[120.8158621,23.2493561],[120.8158321,23.2493841],[120.8158764,23.2494203],[120.8159018,23.2493946]]]}},{"type":"Feature","properties":{"source":"NLSC_W84_BUILD_2023","record":753816,"settlement":"高中","risk":"medium","height":10},"geometry":{"type":"Polygon","coordinates":[[[120.7749453,23.170085],[120.7749698,23.1700283],[120.7749753,23.17003],[120.7749928,23.1699753],[120.7749924,23.1699752],[120.7749941,23.169971],[120.7750207,23.169888],[120.7750183,23.1698874],[120.7750435,23.1698111],[120.7749004,23.16977],[120.7748511,23.1697562],[120.7748398,23.1697927],[120.7748066,23.1697839],[120.774782,23.1698632],[120.7748005,23.1698687],[120.7747779,23.1699303],[120.7747601,23.1699241],[120.7747482,23.169965],[120.7748511,23.1699902],[120.7748338,23.1700488],[120.7749453,23.170085]]]}},{"type":"Feature","properties":{"source":"NLSC_W84_BUILD_2023","record":755396,"settlement":"梅山","risk":"high","height":18},"geometry":{"type":"Polygon","coordinates":[[[120.8158471,23.2492508],[120.81579,23.2491986],[120.8157496,23.2492337],[120.8158264,23.2493036],[120.8158449,23.2492859],[120.8158264,23.2492675],[120.8158471,23.2492508]]]}},{"type":"Feature","properties":{"source":"NLSC_W84_BUILD_2023","record":755408,"settlement":"梅山","risk":"high","height":10},"geometry":{"type":"Polygon","coordinates":[[[120.8194312,23.2520764],[120.81943,23.2520222],[120.8193745,23.2520235],[120.8193736,23.2520763],[120.8194312,23.2520764]]]}},{"type":"Feature","properties":{"source":"NLSC_W84_BUILD_2023","record":753837,"settlement":"高中","risk":"medium","height":20},"geometry":{"type":"Polygon","coordinates":[[[120.7758218,23.1719295],[120.7757878,23.1718631],[120.7757273,23.171894],[120.7757472,23.1719348],[120.7757313,23.1719379],[120.7757385,23.1719695],[120.7757892,23.1719596],[120.7757884,23.1719442],[120.7758218,23.1719295]]]}},{"type":"Feature","properties":{"source":"NLSC_W84_BUILD_2023","record":755410,"settlement":"梅山","risk":"high","height":14},"geometry":{"type":"Polygon","coordinates":[[[120.8191603,23.2522701],[120.8191607,23.252257],[120.8191979,23.2522577],[120.8192046,23.2522275],[120.8192071,23.2521831],[120.8191964,23.2520926],[120.8191662,23.2520923],[120.8190431,23.2520897],[120.8190414,23.2521528],[120.8190086,23.2521499],[120.8190067,23.2521948],[120.8190637,23.2521962],[120.8190604,23.2522661],[120.8191603,23.2522701]]]}},{"type":"Feature","properties":{"source":"NLSC_W84_BUILD_2023","record":755400,"settlement":"梅山","risk":"high","height":10},"geometry":{"type":"Polygon","coordinates":[[[120.8157662,23.2495673],[120.8157383,23.2495472],[120.8156984,23.2495934],[120.8157257,23.249614],[120.8157662,23.2495673]]]}},{"type":"Feature","properties":{"source":"NLSC_W84_BUILD_2023","record":755395,"settlement":"梅山","risk":"high","height":16},"geometry":{"type":"Polygon","coordinates":[[[120.8158097,23.2490512],[120.8158729,23.2489881],[120.8157396,23.2489012],[120.8156813,23.248976],[120.8157434,23.2490208],[120.8157532,23.2490119],[120.8158097,23.2490512]]]}},{"type":"Feature","properties":{"source":"NLSC_W84_BUILD_2023","record":755274,"settlement":"復興","risk":"high","height":14},"geometry":{"type":"Polygon","coordinates":[[[120.8060682,23.2190397],[120.8061421,23.2190046],[120.806153,23.2190226],[120.8062056,23.2189982],[120.8061531,23.2188771],[120.8060177,23.2189308],[120.8060682,23.2190397]]]}},{"type":"Feature","properties":{"source":"NLSC_W84_BUILD_2023","record":755368,"settlement":"拉芙蘭","risk":"medium","height":10},"geometry":{"type":"Polygon","coordinates":[[[120.813662,23.2423026],[120.8136349,23.2421121],[120.8135878,23.2421168],[120.8135961,23.2421676],[120.8135611,23.2421716],[120.8135644,23.242222],[120.8135452,23.2422256],[120.8135534,23.2423138],[120.813662,23.2423026]]]}},{"type":"Feature","properties":{"source":"NLSC_W84_BUILD_2023","record":755399,"settlement":"梅山","risk":"high","height":24},"geometry":{"type":"Polygon","coordinates":[[[120.8156915,23.2495279],[120.8156421,23.2494913],[120.8156257,23.2495091],[120.8155686,23.2494664],[120.8155352,23.2495106],[120.8155659,23.2495351],[120.8155729,23.2495276],[120.8156479,23.2495764],[120.8156915,23.2495279]]]}},{"type":"Feature","properties":{"source":"NLSC_W84_BUILD_2023","record":753815,"settlement":"高中","risk":"medium","height":24},"geometry":{"type":"Polygon","coordinates":[[[120.7752547,23.1699397],[120.7752177,23.1699257],[120.7752,23.1699727],[120.7752396,23.1699844],[120.7752275,23.1700204],[120.7752834,23.1700374],[120.7752809,23.170042],[120.7753186,23.170052],[120.7753471,23.1699724],[120.7752554,23.1699397],[120.7752547,23.1699397]]]}},{"type":"Feature","properties":{"source":"NLSC_W84_BUILD_2023","record":755266,"settlement":"復興","risk":"high","height":14},"geometry":{"type":"Polygon","coordinates":[[[120.8061406,23.2187831],[120.8062708,23.2187628],[120.806254,23.2186794],[120.8061253,23.2186985],[120.8061326,23.2187187],[120.8061165,23.2187227],[120.8061283,23.2187737],[120.8061393,23.2187721],[120.8061406,23.2187831]]]}},{"type":"Feature","properties":{"source":"NLSC_W84_BUILD_2023","record":753855,"settlement":"高中","risk":"medium","height":24},"geometry":{"type":"Polygon","coordinates":[[[120.7706417,23.1732991],[120.7706361,23.1732334],[120.7705925,23.1732372],[120.7706003,23.1733013],[120.7706417,23.1732991]]]}},{"type":"Feature","properties":{"source":"NLSC_W84_BUILD_2023","record":751502,"settlement":"復興","risk":"high","height":22},"geometry":{"type":"Polygon","coordinates":[[[120.8030947,23.2221574],[120.8030916,23.222099],[120.8030361,23.2221016],[120.8030416,23.2221602],[120.8030947,23.2221574]]]}},{"type":"Feature","properties":{"source":"NLSC_W84_BUILD_2023","record":755411,"settlement":"梅山","risk":"high","height":16},"geometry":{"type":"Polygon","coordinates":[[[120.8194574,23.252336],[120.8195568,23.2523321],[120.819562,23.2524518],[120.8196571,23.2524437],[120.8196512,23.2522333],[120.8193167,23.2522455],[120.8193303,23.2524581],[120.8194292,23.2524541],[120.8194267,23.2523587],[120.8194583,23.2523572],[120.8194574,23.252336]]]}},{"type":"Feature","properties":{"source":"NLSC_W84_BUILD_2023","record":755392,"settlement":"梅山","risk":"high","height":10},"geometry":{"type":"Polygon","coordinates":[[[120.8156511,23.2487055],[120.8156122,23.2486562],[120.8155174,23.2487338],[120.8155575,23.24878],[120.8156511,23.2487055]]]}},{"type":"Feature","properties":{"source":"NLSC_W84_BUILD_2023","record":755401,"settlement":"梅山","risk":"high","height":12},"geometry":{"type":"Polygon","coordinates":[[[120.8154836,23.2497504],[120.8154553,23.249685],[120.8153896,23.2497102],[120.8154184,23.2497766],[120.8154836,23.2497504]]]}},{"type":"Feature","properties":{"source":"NLSC_W84_BUILD_2023","record":753814,"settlement":"高中","risk":"medium","height":22},"geometry":{"type":"Polygon","coordinates":[[[120.775441,23.1698348],[120.7754827,23.1697494],[120.7753583,23.1696963],[120.7753571,23.1696992],[120.7753194,23.1696846],[120.7752783,23.1697683],[120.7752733,23.1697659],[120.7752607,23.1698014],[120.7752757,23.1698078],[120.7752682,23.1698258],[120.775417,23.1698859],[120.775441,23.1698348]]]}},{"type":"Feature","properties":{"source":"NLSC_W84_BUILD_2023","record":755412,"settlement":"梅山","risk":"high","height":18},"geometry":{"type":"Polygon","coordinates":[[[120.8191446,23.2526601],[120.8191486,23.2526236],[120.819187,23.2526271],[120.8192023,23.2525377],[120.8191622,23.2525337],[120.8191668,23.2525016],[120.8189163,23.2524712],[120.8188949,23.2526277],[120.8191446,23.2526601]]]}},{"type":"Feature","properties":{"source":"NLSC_W84_BUILD_2023","record":753849,"settlement":"高中","risk":"medium","height":12},"geometry":{"type":"Polygon","coordinates":[[[120.7701201,23.172394],[120.7700256,23.1723465],[120.7699944,23.1723991],[120.7700854,23.1724501],[120.7701201,23.172394]]]}},{"type":"Feature","properties":{"source":"NLSC_W84_BUILD_2023","record":755394,"settlement":"梅山","risk":"high","height":14},"geometry":{"type":"Polygon","coordinates":[[[120.8154241,23.2488315],[120.8153822,23.2487975],[120.8153052,23.2488874],[120.815347,23.2489199],[120.8154241,23.2488315]]]}},{"type":"Feature","properties":{"source":"NLSC_W84_BUILD_2023","record":755268,"settlement":"復興","risk":"high","height":18},"geometry":{"type":"Polygon","coordinates":[[[120.806629,23.2187758],[120.8066164,23.2187287],[120.8066065,23.2187305],[120.8065962,23.2186941],[120.8065053,23.2187125],[120.8065184,23.2187617],[120.806529,23.2187599],[120.8065367,23.218795],[120.806629,23.2187758]]]}},{"type":"Feature","properties":{"source":"NLSC_W84_BUILD_2023","record":751335,"settlement":"復興","risk":"high","height":24},"geometry":{"type":"Polygon","coordinates":[[[120.8066411,23.2196668],[120.8066038,23.2196028],[120.8065108,23.2196515],[120.8065498,23.2197091],[120.8066411,23.2196668]]]}},{"type":"Feature","properties":{"source":"NLSC_W84_BUILD_2023","record":755393,"settlement":"梅山","risk":"high","height":12},"geometry":{"type":"Polygon","coordinates":[[[120.8152969,23.2488349],[120.815397,23.2487068],[120.8153108,23.248647],[120.8152753,23.248692],[120.8152631,23.2486826],[120.8151906,23.2487763],[120.8152492,23.248816],[120.8152568,23.2488079],[120.8152969,23.2488349]]]}},{"type":"Feature","properties":{"source":"NLSC_W84_BUILD_2023","record":755364,"settlement":"拉芙蘭","risk":"medium","height":18},"geometry":{"type":"Polygon","coordinates":[[[120.8119613,23.2410804],[120.8118863,23.2410758],[120.8118817,23.2411211],[120.8119558,23.2411297],[120.8119613,23.2410804]]]}},{"type":"Feature","properties":{"source":"NLSC_W84_BUILD_2023","record":755236,"settlement":"復興","risk":"high","height":18},"geometry":{"type":"Polygon","coordinates":[[[120.8061364,23.2172685],[120.8060843,23.217137],[120.8059906,23.2171681],[120.806046,23.2172988],[120.8061364,23.2172685]]]}},{"type":"Feature","properties":{"source":"NLSC_W84_BUILD_2023","record":751336,"settlement":"復興","risk":"high","height":10},"geometry":{"type":"Polygon","coordinates":[[[120.8029027,23.2225283],[120.8028981,23.2224874],[120.8028211,23.2224989],[120.8028297,23.2225386],[120.8029027,23.2225283]]]}},{"type":"Feature","properties":{"source":"NLSC_W84_BUILD_2023","record":755413,"settlement":"梅山","risk":"high","height":20},"geometry":{"type":"Polygon","coordinates":[[[120.8197385,23.2528963],[120.8198226,23.2525149],[120.8198269,23.2524952],[120.8198226,23.2524945],[120.8197446,23.2524814],[120.8197359,23.2525362],[120.819688,23.2525267],[120.8196734,23.2526035],[120.819714,23.2526086],[120.8197108,23.2526328],[120.8196954,23.2526302],[120.819643,23.2528783],[120.8197385,23.2528963]]]}},{"type":"Feature","properties":{"source":"NLSC_W84_BUILD_2023","record":755415,"settlement":"梅山","risk":"high","height":24},"geometry":{"type":"Polygon","coordinates":[[[120.8194004,23.2530163],[120.8194346,23.2527024],[120.8196115,23.2527182],[120.8196218,23.2526216],[120.819347,23.2525898],[120.8192962,23.2525837],[120.8192807,23.2527232],[120.8193245,23.2527273],[120.8192893,23.2530046],[120.8194004,23.2530163]]]}},{"type":"Feature","properties":{"source":"NLSC_W84_BUILD_2023","record":755386,"settlement":"拉芙蘭","risk":"medium","height":14},"geometry":{"type":"Polygon","coordinates":[[[120.8098757,23.2472172],[120.8098288,23.2471677],[120.809766,23.2472218],[120.8098129,23.2472697],[120.8098757,23.2472172]]]}},{"type":"Feature","properties":{"source":"NLSC_W84_BUILD_2023","record":753839,"settlement":"高中","risk":"medium","height":24},"geometry":{"type":"Polygon","coordinates":[[[120.7695997,23.1719907],[120.7695974,23.1719468],[120.7695624,23.1719481],[120.7695624,23.1719929],[120.7695997,23.1719907]]]}},{"type":"Feature","properties":{"source":"NLSC_W84_BUILD_2023","record":751344,"settlement":"梅山","risk":"high","height":10},"geometry":{"type":"Polygon","coordinates":[[[120.81883,23.2530518],[120.8187615,23.253045],[120.8187501,23.2531289],[120.8188184,23.2531367],[120.81883,23.2530518]]]}},{"type":"Feature","properties":{"source":"NLSC_W84_BUILD_2023","record":755233,"settlement":"復興","risk":"high","height":12},"geometry":{"type":"Polygon","coordinates":[[[120.8063472,23.2171102],[120.806348,23.2170775],[120.8063357,23.2170785],[120.8063317,23.2170535],[120.8062606,23.2170589],[120.8062539,23.2170977],[120.8062054,23.2171086],[120.806232,23.2172064],[120.8063256,23.2171827],[120.8063154,23.2171174],[120.8063472,23.2171102]]]}},{"type":"Feature","properties":{"source":"NLSC_W84_BUILD_2023","record":755414,"settlement":"梅山","risk":"high","height":22},"geometry":{"type":"Polygon","coordinates":[[[120.8198223,23.2527072],[120.8198186,23.2527066],[120.8198005,23.2528258],[120.8198222,23.252831],[120.8198328,23.2528336],[120.8198221,23.2528866],[120.8198132,23.2529307],[120.819822,23.2529319],[120.8199518,23.2529484],[120.819963,23.2528628],[120.8198899,23.2528543],[120.8199122,23.2527223],[120.8198223,23.2527072]]]}},{"type":"Feature","properties":{"source":"NLSC_W84_BUILD_2023","record":753841,"settlement":"高中","risk":"medium","height":12},"geometry":{"type":"Polygon","coordinates":[[[120.7695602,23.172103],[120.7695587,23.1720385],[120.7694953,23.1720397],[120.7694969,23.1721066],[120.7695602,23.172103]]]}},{"type":"Feature","properties":{"source":"NLSC_W84_BUILD_2023","record":755314,"settlement":"復興","risk":"high","height":14},"geometry":{"type":"Polygon","coordinates":[[[120.8030611,23.2228958],[120.8030962,23.2228788],[120.8031026,23.222895],[120.8031525,23.2228741],[120.8031456,23.2228604],[120.8031779,23.2228465],[120.8031634,23.2228165],[120.8032236,23.2227915],[120.8031939,23.222717],[120.8031355,23.222737],[120.803114,23.222683],[120.802961,23.2227352],[120.8029249,23.2226541],[120.80286,23.2226788],[120.8029009,23.2227706],[120.8029585,23.2227487],[120.8029686,23.2227877],[120.802982,23.2228245],[120.8030125,23.2228098],[120.8030611,23.2228958]]]}},{"type":"Feature","properties":{"source":"NLSC_W84_BUILD_2023","record":755252,"settlement":"復興","risk":"high","height":18},"geometry":{"type":"Polygon","coordinates":[[[120.8068231,23.2180656],[120.8068268,23.2180109],[120.8068344,23.2180114],[120.8068387,23.2179479],[120.8068056,23.217946],[120.806807,23.2179223],[120.8067602,23.2179196],[120.8067584,23.2179459],[120.8067459,23.2179459],[120.8067373,23.2180641],[120.8068231,23.2180656]]]}},{"type":"Feature","properties":{"source":"NLSC_W84_BUILD_2023","record":751406,"settlement":"建山","risk":"low","height":22},"geometry":{"type":"Polygon","coordinates":[[[120.760252,23.155764],[120.7601961,23.1557545],[120.7601876,23.155799],[120.7602427,23.155809],[120.760252,23.155764]]]}},{"type":"Feature","properties":{"source":"NLSC_W84_BUILD_2023","record":753625,"settlement":"建山","risk":"low","height":12},"geometry":{"type":"Polygon","coordinates":[[[120.7576041,23.1555666],[120.757586,23.1555473],[120.7575586,23.1555694],[120.7575762,23.1555889],[120.7576041,23.1555666]]]}},{"type":"Feature","properties":{"source":"NLSC_W84_BUILD_2023","record":751405,"settlement":"建山","risk":"low","height":20},"geometry":{"type":"Polygon","coordinates":[[[120.7601848,23.1558162],[120.7601413,23.1558124],[120.7601398,23.1558415],[120.760135,23.1558417],[120.7601371,23.1558782],[120.7601812,23.1558786],[120.7602107,23.155889],[120.7602185,23.1558505],[120.7601848,23.1558452],[120.7601848,23.1558162]]]}},{"type":"Feature","properties":{"source":"NLSC_W84_BUILD_2023","record":753842,"settlement":"高中","risk":"medium","height":14},"geometry":{"type":"Polygon","coordinates":[[[120.7694523,23.172116],[120.7694463,23.1719167],[120.7693724,23.1719197],[120.7693817,23.1721189],[120.7694523,23.172116]]]}},{"type":"Feature","properties":{"source":"NLSC_W84_BUILD_2023","record":753846,"settlement":"高中","risk":"medium","height":22},"geometry":{"type":"Polygon","coordinates":[[[120.7694445,23.1721794],[120.7694396,23.1721432],[120.7693727,23.1721542],[120.7693762,23.17219],[120.7694445,23.1721794]]]}},{"type":"Feature","properties":{"source":"NLSC_W84_BUILD_2023","record":751338,"settlement":"復興","risk":"high","height":14},"geometry":{"type":"Polygon","coordinates":[[[120.8037059,23.2229532],[120.8037433,23.2229361],[120.8037469,23.2229407],[120.8037717,23.2229277],[120.8037529,23.2228968],[120.8037272,23.222909],[120.8037316,23.2229156],[120.8036946,23.2229335],[120.8037059,23.2229532]]]}},{"type":"Feature","properties":{"source":"NLSC_W84_BUILD_2023","record":755416,"settlement":"梅山","risk":"high","height":10},"geometry":{"type":"Polygon","coordinates":[[[120.8197144,23.2530629],[120.819599,23.2530491],[120.8195859,23.253191],[120.8196999,23.2532045],[120.8197144,23.2530629]]]}},{"type":"Feature","properties":{"source":"NLSC_W84_BUILD_2023","record":755237,"settlement":"復興","risk":"high","height":20},"geometry":{"type":"Polygon","coordinates":[[[120.8067051,23.2172013],[120.806673,23.217157],[120.8066273,23.2171885],[120.8066137,23.2171734],[120.8064878,23.2172447],[120.8065343,23.2173125],[120.8067051,23.2172013]]]}},{"type":"Feature","properties":{"source":"NLSC_W84_BUILD_2023","record":755418,"settlement":"梅山","risk":"high","height":14},"geometry":{"type":"Polygon","coordinates":[[[120.8194733,23.2531141],[120.8193761,23.2531105],[120.8193742,23.253312],[120.819472,23.2533123],[120.8194733,23.2531141]]]}},{"type":"Feature","properties":{"source":"NLSC_W84_BUILD_2023","record":755419,"settlement":"梅山","risk":"high","height":16},"geometry":{"type":"Polygon","coordinates":[[[120.8193568,23.2532],[120.8192385,23.2531994],[120.81924,23.2533141],[120.81936,23.253316],[120.8193568,23.2532]]]}},{"type":"Feature","properties":{"source":"NLSC_W84_BUILD_2023","record":753848,"settlement":"高中","risk":"medium","height":10},"geometry":{"type":"Polygon","coordinates":[[[120.7693382,23.172237],[120.7693351,23.1721896],[120.7693089,23.1721905],[120.7693118,23.1722375],[120.7693382,23.172237]]]}},{"type":"Feature","properties":{"source":"NLSC_W84_BUILD_2023","record":753843,"settlement":"高中","risk":"medium","height":16},"geometry":{"type":"Polygon","coordinates":[[[120.7693542,23.1720391],[120.7692688,23.1720373],[120.7692681,23.1721324],[120.7693523,23.1721335],[120.7693542,23.1720391]]]}},{"type":"Feature","properties":{"source":"NLSC_W84_BUILD_2023","record":755315,"settlement":"復興","risk":"high","height":16},"geometry":{"type":"Polygon","coordinates":[[[120.8037963,23.222966],[120.803778,23.2229417],[120.8037358,23.2229659],[120.8037001,23.2229863],[120.8037272,23.2230313],[120.8038088,23.2229825],[120.8037963,23.222966]]]}},{"type":"Feature","properties":{"source":"NLSC_W84_BUILD_2023","record":751496,"settlement":"復興","risk":"high","height":10},"geometry":{"type":"Polygon","coordinates":[[[120.8068102,23.2173615],[120.8067454,23.2172514],[120.8066152,23.2173175],[120.8066682,23.2174142],[120.8066539,23.2174225],[120.8066788,23.217449],[120.8067409,23.2174795],[120.8067803,23.2174853],[120.806773,23.2174683],[120.8068524,23.217438],[120.8068102,23.2173615]]]}},{"type":"Feature","properties":{"source":"NLSC_W84_BUILD_2023","record":753838,"settlement":"高中","risk":"medium","height":22},"geometry":{"type":"Polygon","coordinates":[[[120.7693592,23.1719681],[120.7693531,23.1716687],[120.7691766,23.1716733],[120.7691778,23.1719709],[120.7693592,23.1719681]]]}},{"type":"Feature","properties":{"source":"NLSC_W84_BUILD_2023","record":755420,"settlement":"梅山","risk":"high","height":18},"geometry":{"type":"Polygon","coordinates":[[[120.818285,23.2534176],[120.8182833,23.2533817],[120.8182362,23.2533833],[120.8182368,23.2534172],[120.818285,23.2534176]]]}},{"type":"Feature","properties":{"source":"NLSC_W84_BUILD_2023","record":751391,"settlement":"建山","risk":"low","height":24},"geometry":{"type":"Polygon","coordinates":[[[120.7601472,23.1560083],[120.7600494,23.1559859],[120.7600394,23.1560202],[120.7600749,23.1560299],[120.7600677,23.1560573],[120.7600677,23.1560573],[120.7601253,23.156072],[120.7601472,23.1560083]]]}},{"type":"Feature","properties":{"source":"NLSC_W84_BUILD_2023","record":755421,"settlement":"梅山","risk":"high","height":20},"geometry":{"type":"Polygon","coordinates":[[[120.8180904,23.2534412],[120.8180897,23.2533886],[120.8180441,23.2533895],[120.8180444,23.253442],[120.8180904,23.2534412]]]}},{"type":"Feature","properties":{"source":"NLSC_W84_BUILD_2023","record":755361,"settlement":"拉芙蘭","risk":"medium","height":12},"geometry":{"type":"Polygon","coordinates":[[[120.8126471,23.2405901],[120.8126245,23.2405504],[120.8125771,23.2405693],[120.8125997,23.2406089],[120.8126471,23.2405901]]]}},{"type":"Feature","properties":{"source":"NLSC_W84_BUILD_2023","record":755417,"settlement":"梅山","risk":"high","height":12},"geometry":{"type":"Polygon","coordinates":[[[120.8199933,23.2531326],[120.8198789,23.2531241],[120.8198654,23.253235],[120.8199798,23.2532554],[120.8199933,23.2531326]]]}},{"type":"Feature","properties":{"source":"NLSC_W84_BUILD_2023","record":755360,"settlement":"拉芙蘭","risk":"medium","height":10},"geometry":{"type":"Polygon","coordinates":[[[120.8127417,23.2405803],[120.8126955,23.2404931],[120.8126361,23.2405174],[120.8126796,23.2406032],[120.8127417,23.2405803]]]}},{"type":"Feature","properties":{"source":"NLSC_W84_BUILD_2023","record":755362,"settlement":"拉芙蘭","risk":"medium","height":14},"geometry":{"type":"Polygon","coordinates":[[[120.8128597,23.2405657],[120.8128049,23.2405187],[120.8127441,23.2405571],[120.8128139,23.2406187],[120.8128597,23.2405657]]]}},{"type":"Feature","properties":{"source":"NLSC_W84_BUILD_2023","record":753845,"settlement":"高中","risk":"medium","height":20},"geometry":{"type":"Polygon","coordinates":[[[120.7692464,23.1721576],[120.7692137,23.171991],[120.7690384,23.1720218],[120.7690724,23.1721884],[120.7692464,23.1721576]]]}},{"type":"Feature","properties":{"source":"NLSC_W84_BUILD_2023","record":751411,"settlement":"桃源","risk":"medium","height":16},"geometry":{"type":"Polygon","coordinates":[[[120.7826905,23.1830894],[120.7825772,23.1830632],[120.7825592,23.183129],[120.782694,23.183158],[120.7827047,23.1831252],[120.7826823,23.1831198],[120.7826905,23.1830894]]]}},{"type":"Feature","properties":{"source":"NLSC_W84_BUILD_2023","record":755216,"settlement":"勤和","risk":"high","height":10},"geometry":{"type":"Polygon","coordinates":[[[120.7990649,23.2080125],[120.7989449,23.2080062],[120.7989359,23.2081164],[120.7990559,23.2081243],[120.7990649,23.2080125]]]}},{"type":"Feature","properties":{"source":"NLSC_W84_BUILD_2023","record":751337,"settlement":"復興","risk":"high","height":12},"geometry":{"type":"Polygon","coordinates":[[[120.8056398,23.2225356],[120.805593,23.2225198],[120.8055749,23.2225673],[120.8056119,23.2225768],[120.8056319,23.2225679],[120.8056398,23.2225356]]]}},{"type":"Feature","properties":{"source":"NLSC_W84_BUILD_2023","record":755358,"settlement":"拉芙蘭","risk":"medium","height":22},"geometry":{"type":"Polygon","coordinates":[[[120.8111781,23.2404238],[120.8111293,23.240365],[120.8110665,23.2404105],[120.8111131,23.2404717],[120.8111781,23.2404238]]]}},{"type":"Feature","properties":{"source":"NLSC_W84_BUILD_2023","record":751513,"settlement":"拉芙蘭","risk":"medium","height":12},"geometry":{"type":"Polygon","coordinates":[[[120.8127067,23.2404007],[120.8126877,23.2403708],[120.8126176,23.2404111],[120.8126349,23.2404381],[120.8126159,23.2404479],[120.8126445,23.2404908],[120.8127218,23.2404528],[120.812692,23.2404084],[120.8127067,23.2404007]]]}},{"type":"Feature","properties":{"source":"NLSC_W84_BUILD_2023","record":755359,"settlement":"拉芙蘭","risk":"medium","height":24},"geometry":{"type":"Polygon","coordinates":[[[120.8124527,23.2404385],[120.8126338,23.2403141],[120.8125689,23.2402313],[120.8123982,23.2403518],[120.8123898,23.2403329],[120.812325,23.2403736],[120.8124062,23.2405132],[120.8124777,23.2404752],[120.8124527,23.2404385]]]}},{"type":"Feature","properties":{"source":"NLSC_W84_BUILD_2023","record":753836,"settlement":"高中","risk":"medium","height":18},"geometry":{"type":"Polygon","coordinates":[[[120.7690564,23.1719171],[120.7690554,23.1718583],[120.7690536,23.1718583],[120.7690535,23.1718495],[120.7689989,23.1718489],[120.7690001,23.1719153],[120.7690564,23.1719171]]]}},{"type":"Feature","properties":{"source":"NLSC_W84_BUILD_2023","record":753853,"settlement":"高中","risk":"medium","height":20},"geometry":{"type":"Polygon","coordinates":[[[120.7692543,23.1730085],[120.7692326,23.1729639],[120.7691286,23.1730085],[120.7691459,23.173052],[120.7692543,23.1730085]]]}},{"type":"Feature","properties":{"source":"NLSC_W84_BUILD_2023","record":753812,"settlement":"高中","risk":"medium","height":18},"geometry":{"type":"Polygon","coordinates":[[[120.7759077,23.1686942],[120.7758687,23.1686386],[120.7757412,23.1687055],[120.7757603,23.1687384],[120.7757783,23.1687691],[120.7758312,23.1687385],[120.7759077,23.1686942]]]}},{"type":"Feature","properties":{"source":"NLSC_W84_BUILD_2023","record":755388,"settlement":"拉芙蘭","risk":"medium","height":18},"geometry":{"type":"Polygon","coordinates":[[[120.8137816,23.2480501],[120.813733,23.2480144],[120.813688,23.2480674],[120.8137359,23.2481026],[120.8137816,23.2480501]]]}},{"type":"Feature","properties":{"source":"NLSC_W84_BUILD_2023","record":755422,"settlement":"梅山","risk":"high","height":22},"geometry":{"type":"Polygon","coordinates":[[[120.8199101,23.2534831],[120.8199073,23.2534165],[120.8198214,23.2534216],[120.8197891,23.2534235],[120.8197933,23.2534948],[120.8198213,23.253492],[120.8199101,23.2534831]]]}},{"type":"Feature","properties":{"source":"NLSC_W84_BUILD_2023","record":755210,"settlement":"勤和","risk":"high","height":14},"geometry":{"type":"Polygon","coordinates":[[[120.7991551,23.2067327],[120.7992198,23.206693],[120.7992024,23.2066688],[120.7992991,23.2066094],[120.7992309,23.2065237],[120.7991897,23.2065517],[120.7991864,23.2065544],[120.7991742,23.2065391],[120.7991577,23.2065503],[120.7990624,23.2066203],[120.7990688,23.206629],[120.7990274,23.206655],[120.7990895,23.2067251],[120.7991321,23.2067021],[120.7991551,23.2067327]]]}},{"type":"Feature","properties":{"source":"NLSC_W84_BUILD_2023","record":755356,"settlement":"拉芙蘭","risk":"medium","height":18},"geometry":{"type":"Polygon","coordinates":[[[120.8121847,23.2402683],[120.8122278,23.2402434],[120.8122108,23.2402199],[120.8121572,23.240149],[120.8120878,23.2401898],[120.8121379,23.2402648],[120.8121698,23.2402447],[120.8121847,23.2402683]]]}},{"type":"Feature","properties":{"source":"NLSC_W84_BUILD_2023","record":755228,"settlement":"復興","risk":"high","height":18},"geometry":{"type":"Polygon","coordinates":[[[120.8063166,23.2162687],[120.8063165,23.216257],[120.8063839,23.2162632],[120.8063876,23.2161894],[120.8063174,23.2161842],[120.8063158,23.2161984],[120.8062915,23.2161975],[120.8062877,23.216266],[120.8063166,23.2162687]]]}},{"type":"Feature","properties":{"source":"NLSC_W84_BUILD_2023","record":751331,"settlement":"勤和","risk":"high","height":16},"geometry":{"type":"Polygon","coordinates":[[[120.7992139,23.2063782],[120.7991618,23.2063461],[120.799123,23.2063983],[120.7991742,23.2064351],[120.7992139,23.2063782]]]}},{"type":"Feature","properties":{"source":"NLSC_W84_BUILD_2023","record":755355,"settlement":"拉芙蘭","risk":"medium","height":16},"geometry":{"type":"Polygon","coordinates":[[[120.8123416,23.2402083],[120.8123137,23.2401744],[120.8122927,23.2401866],[120.8123205,23.2402206],[120.8123416,23.2402083]]]}},{"type":"Feature","properties":{"source":"NLSC_W84_BUILD_2023","record":753810,"settlement":"高中","risk":"medium","height":14},"geometry":{"type":"Polygon","coordinates":[[[120.7758143,23.1685814],[120.7757829,23.1685325],[120.7757675,23.1685437],[120.77574,23.1684932],[120.7757914,23.1684652],[120.7756943,23.1682848],[120.7756125,23.1683197],[120.7756391,23.1683701],[120.7756317,23.1684966],[120.7756434,23.1685584],[120.775623,23.168571],[120.7756991,23.1686929],[120.7758384,23.1686209],[120.7758143,23.1685814]]]}},{"type":"Feature","properties":{"source":"NLSC_W84_BUILD_2023","record":755357,"settlement":"拉芙蘭","risk":"medium","height":20},"geometry":{"type":"Polygon","coordinates":[[[120.8125091,23.240165],[120.8124766,23.2401184],[120.8124636,23.2401265],[120.8124368,23.2400895],[120.8123244,23.240159],[120.8123547,23.2402013],[120.8123206,23.2402279],[120.8123575,23.240273],[120.8125091,23.240165]]]}},{"type":"Feature","properties":{"source":"NLSC_W84_BUILD_2023","record":755312,"settlement":"復興","risk":"high","height":10},"geometry":{"type":"Polygon","coordinates":[[[120.8064771,23.2221295],[120.8063732,23.2221157],[120.806366,23.2221612],[120.8064688,23.2221738],[120.8064771,23.2221295]]]}},{"type":"Feature","properties":{"source":"NLSC_W84_BUILD_2023","record":754897,"settlement":"桃源","risk":"medium","height":12},"geometry":{"type":"Polygon","coordinates":[[[120.7832359,23.1829246],[120.7831883,23.1827417],[120.7830833,23.182767],[120.7831288,23.1829485],[120.7832359,23.1829246]]]}},{"type":"Feature","properties":{"source":"NLSC_W84_BUILD_2023","record":755353,"settlement":"拉芙蘭","risk":"medium","height":12},"geometry":{"type":"Polygon","coordinates":[[[120.8123112,23.2401634],[120.8122491,23.2400659],[120.8122209,23.2400798],[120.812283,23.2401773],[120.8123112,23.2401634]]]}},{"type":"Feature","properties":{"source":"NLSC_W84_BUILD_2023","record":753852,"settlement":"高中","risk":"medium","height":18},"geometry":{"type":"Polygon","coordinates":[[[120.7690291,23.1730025],[120.7690901,23.1729786],[120.7690617,23.1728963],[120.7689893,23.1729226],[120.7689794,23.1728854],[120.7689546,23.1728917],[120.7689559,23.1729151],[120.7688432,23.1729363],[120.7688578,23.1730054],[120.7688647,23.1730077],[120.7688819,23.1730129],[120.7689632,23.1730003],[120.7689723,23.173026],[120.7690314,23.1730119],[120.7690291,23.1730025]]]}},{"type":"Feature","properties":{"source":"NLSC_W84_BUILD_2023","record":755354,"settlement":"拉芙蘭","risk":"medium","height":14},"geometry":{"type":"Polygon","coordinates":[[[120.8118815,23.2401832],[120.8119562,23.2401523],[120.8120901,23.2400681],[120.8120332,23.2399859],[120.8118905,23.2400695],[120.8118676,23.2400271],[120.8117118,23.2401019],[120.8117515,23.2401614],[120.811762,23.2401678],[120.8117707,23.2401703],[120.8118341,23.2401752],[120.8118734,23.2401703],[120.8118815,23.2401832]]]}},{"type":"Feature","properties":{"source":"NLSC_W84_BUILD_2023","record":755363,"settlement":"拉芙蘭","risk":"medium","height":16},"geometry":{"type":"Polygon","coordinates":[[[120.814526,23.240977],[120.8145219,23.2409296],[120.8144573,23.2409355],[120.8144616,23.2409847],[120.814526,23.240977]]]}},{"type":"Feature","properties":{"source":"NLSC_W84_BUILD_2023","record":753802,"settlement":"高中","risk":"medium","height":14},"geometry":{"type":"Polygon","coordinates":[[[120.7749546,23.1677929],[120.7748982,23.1677802],[120.7748821,23.1678386],[120.7749391,23.167853],[120.7749546,23.1677929]]]}},{"type":"Feature","properties":{"source":"NLSC_W84_BUILD_2023","record":753800,"settlement":"高中","risk":"medium","height":10},"geometry":{"type":"Polygon","coordinates":[[[120.7748797,23.1677682],[120.7748308,23.1677333],[120.7748079,23.1677676],[120.7748487,23.1677986],[120.7748797,23.1677682]]]}},{"type":"Feature","properties":{"source":"NLSC_W84_BUILD_2023","record":751514,"settlement":"拉芙蘭","risk":"medium","height":14},"geometry":{"type":"Polygon","coordinates":[[[120.8131826,23.240527],[120.8131684,23.2403387],[120.8131357,23.2403439],[120.8130878,23.2402151],[120.8130074,23.2402322],[120.8130161,23.2402661],[120.8129844,23.2402798],[120.8129252,23.2401635],[120.8129824,23.2401432],[120.812877,23.239921],[120.8128637,23.2399241],[120.8128384,23.2398675],[120.8127864,23.2398873],[120.8127728,23.2398659],[120.8127707,23.2398672],[120.8127332,23.2398125],[120.8127839,23.2397924],[120.8127652,23.2397528],[120.8126639,23.2397916],[120.8126053,23.2398366],[120.8125465,23.2397571],[120.812695,23.2396794],[120.8126547,23.2396128],[120.8124714,23.2397043],[120.8125188,23.239784],[120.8124699,23.239809],[120.8126549,23.2400773],[120.8127031,23.240064],[120.8126975,23.2400552],[120.8128201,23.239971],[120.8128412,23.2400091],[120.8126836,23.24008],[120.8127055,23.2401198],[120.8127876,23.240091],[120.8128471,23.2402058],[120.8127681,23.2402487],[120.8127935,23.2402861],[120.8128149,23.240277],[120.8128235,23.2402897],[120.8128192,23.2402927],[120.8128781,23.2403731],[120.8129382,23.2404444],[120.8129855,23.2404102],[120.8130398,23.2404304],[120.813062,23.2404478],[120.8130099,23.2404915],[120.813105,23.2405856],[120.8131597,23.2405331],[120.8131826,23.240527]]]}},{"type":"Feature","properties":{"source":"NLSC_W84_BUILD_2023","record":753811,"settlement":"高中","risk":"medium","height":16},"geometry":{"type":"Polygon","coordinates":[[[120.7762885,23.1686925],[120.7762006,23.1685969],[120.7761145,23.1686673],[120.776177,23.168739],[120.7761943,23.1687589],[120.7762226,23.168739],[120.7762885,23.1686925]]]}},{"type":"Feature","properties":{"source":"NLSC_W84_BUILD_2023","record":753854,"settlement":"高中","risk":"medium","height":22},"geometry":{"type":"Polygon","coordinates":[[[120.7690226,23.1731876],[120.7689861,23.1730909],[120.7689118,23.1731166],[120.7689131,23.1731492],[120.7688251,23.1731452],[120.7688233,23.1731338],[120.7687899,23.1731337],[120.768788,23.1732139],[120.7689273,23.1732179],[120.7690226,23.1731876]]]}},{"type":"Feature","properties":{"source":"NLSC_W84_BUILD_2023","record":755352,"settlement":"拉芙蘭","risk":"medium","height":10},"geometry":{"type":"Polygon","coordinates":[[[120.8121713,23.2400169],[120.8122074,23.2399999],[120.8121877,23.2399728],[120.8121643,23.239983],[120.8121432,23.2399527],[120.81211,23.2399689],[120.8121394,23.2400103],[120.8121613,23.240002],[120.8121713,23.2400169]]]}},{"type":"Feature","properties":{"source":"NLSC_W84_BUILD_2023","record":753809,"settlement":"高中","risk":"medium","height":12},"geometry":{"type":"Polygon","coordinates":[[[120.7761598,23.1685265],[120.776125,23.168436],[120.7761001,23.1684398],[120.7759736,23.1684649],[120.7759678,23.1684274],[120.7759105,23.1684402],[120.7759193,23.1684756],[120.775974,23.1685639],[120.7761598,23.1685265]]]}},{"type":"Feature","properties":{"source":"NLSC_W84_BUILD_2023","record":755365,"settlement":"拉芙蘭","risk":"medium","height":20},"geometry":{"type":"Polygon","coordinates":[[[120.8149159,23.2410461],[120.8148356,23.2410305],[120.8147985,23.2411703],[120.814881,23.2411841],[120.8149159,23.2410461]]]}},{"type":"Feature","properties":{"source":"NLSC_W84_BUILD_2023","record":753813,"settlement":"高中","risk":"medium","height":20},"geometry":{"type":"Polygon","coordinates":[[[120.7764147,23.1687393],[120.7764123,23.1687367],[120.7764085,23.1687393],[120.7763504,23.1687795],[120.776379,23.1688111],[120.7764399,23.1687666],[120.7764147,23.1687393]]]}},{"type":"Feature","properties":{"source":"NLSC_W84_BUILD_2023","record":755351,"settlement":"拉芙蘭","risk":"medium","height":24},"geometry":{"type":"Polygon","coordinates":[[[120.8113857,23.2399262],[120.811349,23.2398471],[120.8112369,23.2398948],[120.8112689,23.2399672],[120.8113857,23.2399262]]]}},{"type":"Feature","properties":{"source":"NLSC_W84_BUILD_2023","record":753801,"settlement":"高中","risk":"medium","height":12},"geometry":{"type":"Polygon","coordinates":[[[120.7752425,23.1678216],[120.7752425,23.1677798],[120.7751694,23.1677798],[120.7751706,23.1678244],[120.7752425,23.1678216]]]}},{"type":"Feature","properties":{"source":"NLSC_W84_BUILD_2023","record":754896,"settlement":"桃源","risk":"medium","height":10},"geometry":{"type":"Polygon","coordinates":[[[120.7824809,23.1826528],[120.7824955,23.182615],[120.7825836,23.1826404],[120.782647,23.1824634],[120.7825391,23.182434],[120.7824869,23.182571],[120.7825029,23.1825757],[120.7824884,23.1826079],[120.7823981,23.1825838],[120.7823839,23.1826247],[120.7824809,23.1826528]]]}},{"type":"Feature","properties":{"source":"NLSC_W84_BUILD_2023","record":753807,"settlement":"高中","risk":"medium","height":24},"geometry":{"type":"Polygon","coordinates":[[[120.7760967,23.1683731],[120.7760936,23.168317],[120.7760831,23.168317],[120.7760837,23.1682695],[120.7761012,23.1682705],[120.7760972,23.1681726],[120.7760398,23.168171],[120.7759395,23.1681738],[120.7759432,23.1681257],[120.7759574,23.1681257],[120.775955,23.1680771],[120.775956,23.1680248],[120.7756945,23.1680255],[120.7757036,23.1680747],[120.7757147,23.1681211],[120.7757246,23.1681194],[120.7757482,23.168172],[120.7757971,23.1681744],[120.7758261,23.1682642],[120.7758088,23.1682671],[120.7758459,23.1683312],[120.7758862,23.1683272],[120.7758899,23.1683759],[120.7760967,23.1683731]]]}},{"type":"Feature","properties":{"source":"NLSC_W84_BUILD_2023","record":755350,"settlement":"拉芙蘭","risk":"medium","height":22},"geometry":{"type":"Polygon","coordinates":[[[120.8116722,23.2399601],[120.8117734,23.2399102],[120.8117756,23.2399145],[120.8118073,23.2398989],[120.8118328,23.2399486],[120.8119661,23.2398888],[120.8119349,23.2398438],[120.8118193,23.2398927],[120.8117981,23.2398454],[120.8117518,23.2398648],[120.8117068,23.239781],[120.8118084,23.2397384],[120.8117825,23.2396894],[120.8117413,23.2397099],[120.8117224,23.2396734],[120.8115565,23.2397476],[120.8115973,23.2398312],[120.8116474,23.239806],[120.8116749,23.2398572],[120.811632,23.2398769],[120.8116722,23.2399601]]]}},{"type":"Feature","properties":{"source":"NLSC_W84_BUILD_2023","record":755347,"settlement":"拉芙蘭","risk":"medium","height":16},"geometry":{"type":"Polygon","coordinates":[[[120.8114449,23.2398455],[120.8114219,23.2398004],[120.8113888,23.2398157],[120.8114102,23.239862],[120.8114449,23.2398455]]]}},{"type":"Feature","properties":{"source":"NLSC_W84_BUILD_2023","record":753798,"settlement":"高中","risk":"medium","height":22},"geometry":{"type":"Polygon","coordinates":[[[120.7750475,23.1675943],[120.7749794,23.1675851],[120.7749701,23.1676452],[120.7750401,23.1676515],[120.7750475,23.1675943]]]}},{"type":"Feature","properties":{"source":"NLSC_W84_BUILD_2023","record":753805,"settlement":"高中","risk":"medium","height":20},"geometry":{"type":"Polygon","coordinates":[[[120.7759816,23.1679597],[120.7759563,23.1678578],[120.7759448,23.1678602],[120.7759323,23.167807],[120.7758155,23.1678305],[120.7758296,23.1678838],[120.7758027,23.1678893],[120.7757685,23.1677743],[120.7756728,23.1678017],[120.775669,23.1677862],[120.7755256,23.1678305],[120.775554,23.1678744],[120.7756721,23.1678412],[120.7757241,23.1680152],[120.7759816,23.1679597]]]}},{"type":"Feature","properties":{"source":"NLSC_W84_BUILD_2023","record":753850,"settlement":"高中","risk":"medium","height":14},"geometry":{"type":"Polygon","coordinates":[[[120.768595,23.1729101],[120.768558,23.172885],[120.7685526,23.1728885],[120.7684952,23.1728538],[120.7684688,23.1728941],[120.7684327,23.172865],[120.7684161,23.172878],[120.7684453,23.1729147],[120.7684629,23.1729032],[120.7685122,23.1729509],[120.7685477,23.1729824],[120.768595,23.1729101]]]}},{"type":"Feature","properties":{"source":"NLSC_W84_BUILD_2023","record":753794,"settlement":"高中","risk":"medium","height":14},"geometry":{"type":"Polygon","coordinates":[[[120.7750359,23.1674492],[120.7750254,23.1673915],[120.77488,23.1674148],[120.7748905,23.1674718],[120.7750359,23.1674492]]]}},{"type":"Feature","properties":{"source":"NLSC_W84_BUILD_2023","record":755209,"settlement":"勤和","risk":"high","height":12},"geometry":{"type":"Polygon","coordinates":[[[120.799836,23.2066119],[120.7997574,23.2065686],[120.7997286,23.2066083],[120.7998026,23.2066552],[120.799836,23.2066119]]]}},{"type":"Feature","properties":{"source":"NLSC_W84_BUILD_2023","record":755345,"settlement":"拉芙蘭","risk":"medium","height":12},"geometry":{"type":"Polygon","coordinates":[[[120.8127661,23.2396512],[120.8127322,23.2395678],[120.8126797,23.2395864],[120.8127115,23.2396682],[120.8127661,23.2396512]]]}},{"type":"Feature","properties":{"source":"NLSC_W84_BUILD_2023","record":753806,"settlement":"高中","risk":"medium","height":22},"geometry":{"type":"Polygon","coordinates":[[[120.7697965,23.168285],[120.7698551,23.1682237],[120.7698948,23.1682482],[120.7699645,23.1681624],[120.7698419,23.1680745],[120.7697247,23.1682063],[120.7697424,23.1682441],[120.7697965,23.168285]]]}},{"type":"Feature","properties":{"source":"NLSC_W84_BUILD_2023","record":755346,"settlement":"拉芙蘭","risk":"medium","height":14},"geometry":{"type":"Polygon","coordinates":[[[120.811477,23.2396819],[120.8117199,23.239543],[120.8116526,23.2394489],[120.8116257,23.2394641],[120.8115861,23.2394075],[120.8116014,23.2393973],[120.8115801,23.239367],[120.8115024,23.2394146],[120.8115678,23.2394995],[120.8115124,23.2395368],[120.8114433,23.2394439],[120.8113212,23.2395174],[120.811341,23.2395471],[120.811358,23.2395379],[120.8113792,23.2395748],[120.8113953,23.2396014],[120.8114207,23.2395874],[120.8114266,23.2395962],[120.8113942,23.2396139],[120.8114512,23.2396974],[120.811477,23.2396819]]]}},{"type":"Feature","properties":{"source":"NLSC_W84_BUILD_2023","record":751512,"settlement":"拉芙蘭","risk":"medium","height":10},"geometry":{"type":"Polygon","coordinates":[[[120.8121445,23.2399292],[120.8121678,23.2399174],[120.812132,23.239869],[120.8122292,23.239813],[120.8122201,23.2397991],[120.8122318,23.239792],[120.8120744,23.2395652],[120.8120897,23.2395555],[120.8120361,23.2394814],[120.8120054,23.2395009],[120.8117108,23.2390691],[120.8115312,23.2391848],[120.8119729,23.2397994],[120.8120734,23.2399368],[120.8121082,23.2399189],[120.8121235,23.2399398],[120.8121445,23.2399292]]]}},{"type":"Feature","properties":{"source":"NLSC_W84_BUILD_2023","record":753804,"settlement":"高中","risk":"medium","height":18},"geometry":{"type":"Polygon","coordinates":[[[120.7761605,23.1679449],[120.7761054,23.1679353],[120.7760956,23.1679694],[120.7761514,23.1679802],[120.7761605,23.1679449]]]}},{"type":"Feature","properties":{"source":"NLSC_W84_BUILD_2023","record":753604,"settlement":"建山","risk":"low","height":18},"geometry":{"type":"Polygon","coordinates":[[[120.7608545,23.1476551],[120.7606709,23.1475914],[120.7606394,23.1476581],[120.7608342,23.1477146],[120.7608545,23.1476551]]]}},{"type":"Feature","properties":{"source":"NLSC_W84_BUILD_2023","record":753796,"settlement":"高中","risk":"medium","height":18},"geometry":{"type":"Polygon","coordinates":[[[120.7754867,23.1675072],[120.7754558,23.1674516],[120.7753996,23.1674755],[120.7754295,23.1675299],[120.7754867,23.1675072]]]}},{"type":"Feature","properties":{"source":"NLSC_W84_BUILD_2023","record":753808,"settlement":"高中","risk":"medium","height":10},"geometry":{"type":"Polygon","coordinates":[[[120.7696127,23.1683508],[120.769579,23.1683285],[120.7695114,23.1684157],[120.7695415,23.1684347],[120.7696127,23.1683508]]]}},{"type":"Feature","properties":{"source":"NLSC_W84_BUILD_2023","record":753851,"settlement":"高中","risk":"medium","height":16},"geometry":{"type":"Polygon","coordinates":[[[120.7683139,23.1730021],[120.7683212,23.172976],[120.7683604,23.1729843],[120.7683759,23.1729299],[120.768275,23.172903],[120.7682577,23.1729855],[120.7683139,23.1730021]]]}},{"type":"Feature","properties":{"source":"NLSC_W84_BUILD_2023","record":753803,"settlement":"高中","risk":"medium","height":16},"geometry":{"type":"Polygon","coordinates":[[[120.7760782,23.167942],[120.7760343,23.1677623],[120.7760257,23.1677657],[120.7759403,23.1675968],[120.7758957,23.1676116],[120.7758568,23.1676487],[120.7759216,23.1678023],[120.7759774,23.1677852],[120.7760176,23.1679552],[120.7760782,23.167942]]]}},{"type":"Feature","properties":{"source":"NLSC_W84_BUILD_2023","record":751511,"settlement":"拉芙蘭","risk":"medium","height":24},"geometry":{"type":"Polygon","coordinates":[[[120.812377,23.2396961],[120.8125147,23.2396183],[120.8125195,23.2396283],[120.8126305,23.2395766],[120.8126371,23.2395943],[120.8126774,23.2395797],[120.8126608,23.2395426],[120.8126215,23.2395583],[120.8125914,23.2394966],[120.8126534,23.2394667],[120.8126032,23.2393865],[120.8126795,23.2393576],[120.812633,23.2392429],[120.8125419,23.2392811],[120.8124736,23.2393087],[120.8125387,23.2394192],[120.8125062,23.2394385],[120.8125098,23.2394452],[120.8122896,23.2395497],[120.812377,23.2396961]]]}},{"type":"Feature","properties":{"source":"NLSC_W84_BUILD_2023","record":755211,"settlement":"勤和","risk":"high","height":16},"geometry":{"type":"Polygon","coordinates":[[[120.800033,23.2068052],[120.7999881,23.2067847],[120.7999737,23.206811],[120.8000195,23.2068278],[120.800033,23.2068052]]]}},{"type":"Feature","properties":{"source":"NLSC_W84_BUILD_2023","record":755222,"settlement":"勤和","risk":"high","height":22},"geometry":{"type":"Polygon","coordinates":[[[120.7919402,23.2111498],[120.7919188,23.2111046],[120.7918116,23.2111464],[120.79188,23.211279],[120.7918939,23.2112716],[120.7919404,23.2112483],[120.7919122,23.2112001],[120.7919351,23.211194],[120.7919219,23.2111674],[120.791931,23.2111635],[120.7919269,23.2111552],[120.7919402,23.2111498]]]}},{"type":"Feature","properties":{"source":"NLSC_W84_BUILD_2023","record":751250,"settlement":"高中","risk":"medium","height":14},"geometry":{"type":"Polygon","coordinates":[[[120.7752731,23.1673367],[120.7752519,23.1672576],[120.7752166,23.1672648],[120.7752375,23.1673413],[120.7752731,23.1673367]]]}},{"type":"Feature","properties":{"source":"NLSC_W84_BUILD_2023","record":751510,"settlement":"拉芙蘭","risk":"medium","height":22},"geometry":{"type":"Polygon","coordinates":[[[120.8123072,23.2395108],[120.8124919,23.2394125],[120.8124713,23.2393751],[120.8124374,23.2393943],[120.8124051,23.2393415],[120.8124303,23.2393262],[120.8124084,23.2392958],[120.8121966,23.2394016],[120.8122214,23.2394399],[120.8122537,23.2394842],[120.8122858,23.2394721],[120.8123072,23.2395108]]]}},{"type":"Feature","properties":{"source":"NLSC_W84_BUILD_2023","record":754894,"settlement":"桃源","risk":"medium","height":22},"geometry":{"type":"Polygon","coordinates":[[[120.782787,23.182057],[120.7827525,23.1820493],[120.7827359,23.1821102],[120.7827691,23.1821167],[120.782787,23.182057]]]}},{"type":"Feature","properties":{"source":"NLSC_W84_BUILD_2023","record":755212,"settlement":"勤和","risk":"high","height":18},"geometry":{"type":"Polygon","coordinates":[[[120.8001093,23.2069026],[120.8000697,23.2068884],[120.8000543,23.2069284],[120.8000967,23.2069408],[120.8001093,23.2069026]]]}},{"type":"Feature","properties":{"source":"NLSC_W84_BUILD_2023","record":754893,"settlement":"桃源","risk":"medium","height":20},"geometry":{"type":"Polygon","coordinates":[[[120.7827115,23.1820425],[120.7826875,23.182034],[120.7826682,23.1820774],[120.7826919,23.1820865],[120.7827115,23.1820425]]]}},{"type":"Feature","properties":{"source":"NLSC_W84_BUILD_2023","record":751236,"settlement":"寶山","risk":"low","height":18},"geometry":{"type":"Polygon","coordinates":[[[120.7385854,23.1365665],[120.7385625,23.1365071],[120.7385257,23.1365188],[120.7385471,23.1365773],[120.7385854,23.1365665]]]}},{"type":"Feature","properties":{"source":"NLSC_W84_BUILD_2023","record":751328,"settlement":"桃源","risk":"medium","height":10},"geometry":{"type":"Polygon","coordinates":[[[120.7871083,23.1844289],[120.7870541,23.184427],[120.7870407,23.1848086],[120.7870991,23.1848102],[120.7871083,23.1844289]]]}},{"type":"Feature","properties":{"source":"NLSC_W84_BUILD_2023","record":755343,"settlement":"拉芙蘭","risk":"medium","height":24},"geometry":{"type":"Polygon","coordinates":[[[120.8115494,23.2393057],[120.8115248,23.2392705],[120.8114701,23.2393024],[120.8114942,23.2393371],[120.8115494,23.2393057]]]}},{"type":"Feature","properties":{"source":"NLSC_W84_BUILD_2023","record":753561,"settlement":"寶山","risk":"low","height":12},"geometry":{"type":"Polygon","coordinates":[[[120.7383542,23.1362414],[120.7383061,23.1362078],[120.738279,23.1362423],[120.7383257,23.1362744],[120.7383542,23.1362414]]]}},{"type":"Feature","properties":{"source":"NLSC_W84_BUILD_2023","record":753793,"settlement":"高中","risk":"medium","height":12},"geometry":{"type":"Polygon","coordinates":[[[120.775676,23.1673346],[120.7756061,23.1672109],[120.7755355,23.1672395],[120.7755287,23.1672275],[120.7754934,23.1672441],[120.7754996,23.1672595],[120.7754463,23.1672858],[120.7755144,23.1674135],[120.775676,23.1673346]]]}},{"type":"Feature","properties":{"source":"NLSC_W84_BUILD_2023","record":753795,"settlement":"高中","risk":"medium","height":16},"geometry":{"type":"Polygon","coordinates":[[[120.7758487,23.1674376],[120.7758178,23.1673701],[120.7757323,23.167413],[120.7757608,23.1674743],[120.7758487,23.1674376]]]}},{"type":"Feature","properties":{"source":"NLSC_W84_BUILD_2023","record":753612,"settlement":"建山","risk":"low","height":18},"geometry":{"type":"Polygon","coordinates":[[[120.7640684,23.1504666],[120.7640668,23.1504162],[120.7640039,23.1504165],[120.7640026,23.1504209],[120.7639229,23.1504236],[120.7639255,23.1504846],[120.7640075,23.1504796],[120.7640076,23.1504673],[120.7640684,23.1504666]]]}},{"type":"Feature","properties":{"source":"NLSC_W84_BUILD_2023","record":751407,"settlement":"建山","risk":"low","height":24},"geometry":{"type":"Polygon","coordinates":[[[120.7614864,23.1569222],[120.7614443,23.1568971],[120.7614137,23.156941],[120.7614534,23.1569652],[120.7614864,23.1569222]]]}},{"type":"Feature","properties":{"source":"NLSC_W84_BUILD_2023","record":755190,"settlement":"桃源","risk":"medium","height":22},"geometry":{"type":"Polygon","coordinates":[[[120.7869573,23.1843924],[120.786959,23.1843706],[120.7870729,23.1843751],[120.7870725,23.1843608],[120.7870816,23.1842432],[120.7869573,23.1842345],[120.7869589,23.1841967],[120.7869042,23.1841926],[120.7868917,23.184388],[120.7869573,23.1843924]]]}},{"type":"Feature","properties":{"source":"NLSC_W84_BUILD_2023","record":751237,"settlement":"寶山","risk":"low","height":20},"geometry":{"type":"Polygon","coordinates":[[[120.7387813,23.136937],[120.7387488,23.1369286],[120.7387116,23.1370458],[120.7387462,23.1370543],[120.7387813,23.136937]]]}},{"type":"Feature","properties":{"source":"NLSC_W84_BUILD_2023","record":755344,"settlement":"拉芙蘭","risk":"medium","height":10},"geometry":{"type":"Polygon","coordinates":[[[120.81109,23.2392898],[120.8110397,23.2392217],[120.8109387,23.2392908],[120.810962,23.2393251],[120.8109494,23.2393349],[120.8109759,23.2393719],[120.81109,23.2392898]]]}},{"type":"Feature","properties":{"source":"NLSC_W84_BUILD_2023","record":753799,"settlement":"高中","risk":"medium","height":24},"geometry":{"type":"Polygon","coordinates":[[[120.7762634,23.1676982],[120.7762362,23.1676633],[120.7762015,23.1676958],[120.7762303,23.1677242],[120.7762634,23.1676982]]]}},{"type":"Feature","properties":{"source":"NLSC_W84_BUILD_2023","record":751408,"settlement":"建山","risk":"low","height":10},"geometry":{"type":"Polygon","coordinates":[[[120.7618391,23.1567804],[120.7616726,23.1566961],[120.7615725,23.1568443],[120.7617473,23.1569375],[120.7618391,23.1567804]]]}},{"type":"Feature","properties":{"source":"NLSC_W84_BUILD_2023","record":755316,"settlement":"復興","risk":"high","height":18},"geometry":{"type":"Polygon","coordinates":[[[120.8055201,23.2238094],[120.8054368,23.2237934],[120.8054236,23.2238555],[120.8054145,23.2238874],[120.8053951,23.2239558],[120.8053943,23.2239587],[120.8053938,23.2239603],[120.8056062,23.2240072],[120.8056296,23.2239225],[120.8056152,23.2239195],[120.8056233,23.223877],[120.805512,23.223859],[120.8055201,23.2238094]]]}},{"type":"Feature","properties":{"source":"NLSC_W84_BUILD_2023","record":753792,"settlement":"高中","risk":"medium","height":10},"geometry":{"type":"Polygon","coordinates":[[[120.7753678,23.1671227],[120.7753412,23.1670385],[120.7751845,23.167074],[120.7752111,23.1671667],[120.7753678,23.1671227]]]}},{"type":"Feature","properties":{"source":"NLSC_W84_BUILD_2023","record":755229,"settlement":"復興","risk":"high","height":20},"geometry":{"type":"Polygon","coordinates":[[[120.807675,23.2162298],[120.8076179,23.2162259],[120.8076149,23.2162784],[120.8076726,23.2162825],[120.807675,23.2162298]]]}},{"type":"Feature","properties":{"source":"NLSC_W84_BUILD_2023","record":755342,"settlement":"拉芙蘭","risk":"medium","height":22},"geometry":{"type":"Polygon","coordinates":[[[120.8121615,23.2392829],[120.8123026,23.2391976],[120.8123072,23.2392116],[120.8124054,23.2391652],[120.8123843,23.239119],[120.8123981,23.2391137],[120.8123829,23.2390837],[120.8123113,23.2391182],[120.8121253,23.2392064],[120.8120694,23.2392463],[120.8120897,23.2392774],[120.8121087,23.2393088],[120.8121615,23.2392829]]]}},{"type":"Feature","properties":{"source":"NLSC_W84_BUILD_2023","record":755186,"settlement":"桃源","risk":"medium","height":14},"geometry":{"type":"Polygon","coordinates":[[[120.7863987,23.183389],[120.7863792,23.1833663],[120.7863077,23.1834211],[120.7863256,23.1834406],[120.7863987,23.183389]]]}},{"type":"Feature","properties":{"source":"NLSC_W84_BUILD_2023","record":753606,"settlement":"建山","risk":"low","height":22},"geometry":{"type":"Polygon","coordinates":[[[120.761906,23.1477826],[120.7618794,23.1477364],[120.7618237,23.1477613],[120.7618346,23.1477886],[120.7618148,23.1478058],[120.7618376,23.1478167],[120.761906,23.1477826]]]}},{"type":"Feature","properties":{"source":"NLSC_W84_BUILD_2023","record":755349,"settlement":"拉芙蘭","risk":"medium","height":20},"geometry":{"type":"Polygon","coordinates":[[[120.8146429,23.2399474],[120.814627,23.239857],[120.814555,23.2398745],[120.8145731,23.2399605],[120.8146429,23.2399474]]]}},{"type":"Feature","properties":{"source":"NLSC_W84_BUILD_2023","record":751254,"settlement":"桃源","risk":"medium","height":22},"geometry":{"type":"Polygon","coordinates":[[[120.7813613,23.1922147],[120.7812961,23.1920747],[120.78113,23.1921378],[120.7811914,23.1922749],[120.7813613,23.1922147]]]}},{"type":"Feature","properties":{"source":"NLSC_W84_BUILD_2023","record":755341,"settlement":"拉芙蘭","risk":"medium","height":20},"geometry":{"type":"Polygon","coordinates":[[[120.8122059,23.2390723],[120.8121489,23.2389869],[120.8120156,23.2390718],[120.8119837,23.2390279],[120.8119298,23.2390593],[120.811962,23.239106],[120.8120266,23.2392066],[120.812099,23.2391637],[120.8122228,23.2390944],[120.8122059,23.2390723]]]}},{"type":"Feature","properties":{"source":"NLSC_W84_BUILD_2023","record":755271,"settlement":"復興","risk":"high","height":24},"geometry":{"type":"Polygon","coordinates":[[[120.808696,23.2188381],[120.8086461,23.2188357],[120.8086378,23.2189219],[120.8086851,23.2189265],[120.808696,23.2188381]]]}},{"type":"Feature","properties":{"source":"NLSC_W84_BUILD_2023","record":755340,"settlement":"拉芙蘭","risk":"medium","height":18},"geometry":{"type":"Polygon","coordinates":[[[120.8116782,23.239045],[120.8116131,23.2389503],[120.8113602,23.2391061],[120.8114279,23.2392033],[120.8116782,23.239045]]]}},{"type":"Feature","properties":{"source":"NLSC_W84_BUILD_2023","record":751343,"settlement":"拉芙蘭","risk":"medium","height":24},"geometry":{"type":"Polygon","coordinates":[[[120.8112588,23.2497165],[120.8112507,23.2496636],[120.811194,23.2496706],[120.8112016,23.2497242],[120.8112588,23.2497165]]]}},{"type":"Feature","properties":{"source":"NLSC_W84_BUILD_2023","record":754892,"settlement":"桃源","risk":"medium","height":18},"geometry":{"type":"Polygon","coordinates":[[[120.7814685,23.1817718],[120.7813581,23.1817546],[120.7813302,23.1820295],[120.7813286,23.1820459],[120.7814409,23.1820565],[120.7814639,23.1818197],[120.7814685,23.1817718]]]}},{"type":"Feature","properties":{"source":"NLSC_W84_BUILD_2023","record":753797,"settlement":"高中","risk":"medium","height":20},"geometry":{"type":"Polygon","coordinates":[[[120.7762989,23.1675217],[120.7763008,23.1674604],[120.7762449,23.167485],[120.7762078,23.1673914],[120.7762821,23.167266],[120.7762543,23.1672542],[120.7762036,23.1673325],[120.7761754,23.1673709],[120.7761886,23.1673942],[120.7761449,23.1674125],[120.7761372,23.1674233],[120.7761213,23.1674337],[120.7761366,23.1674721],[120.7761118,23.1674807],[120.776165,23.1676072],[120.7762759,23.1675631],[120.7762639,23.167533],[120.7762989,23.1675217]]]}},{"type":"Feature","properties":{"source":"NLSC_W84_BUILD_2023","record":751392,"settlement":"建山","risk":"low","height":10},"geometry":{"type":"Polygon","coordinates":[[[120.7617455,23.1570423],[120.7616784,23.1570176],[120.7616583,23.1570614],[120.7617259,23.1570867],[120.7617455,23.1570423]]]}},{"type":"Feature","properties":{"source":"NLSC_W84_BUILD_2023","record":755231,"settlement":"復興","risk":"high","height":24},"geometry":{"type":"Polygon","coordinates":[[[120.8080551,23.2164049],[120.8079597,23.2163831],[120.8079374,23.2164612],[120.8080407,23.2164858],[120.8080551,23.2164371],[120.8080555,23.2164358],[120.8080641,23.2164069],[120.8080555,23.2164049],[120.8080551,23.2164049]]]}},{"type":"Feature","properties":{"source":"NLSC_W84_BUILD_2023","record":755223,"settlement":"勤和","risk":"high","height":24},"geometry":{"type":"Polygon","coordinates":[[[120.7919226,23.2117302],[120.7918964,23.2116954],[120.7918735,23.211706],[120.7918416,23.2116617],[120.7918073,23.211687],[120.7918678,23.211764],[120.7919226,23.2117302]]]}},{"type":"Feature","properties":{"source":"NLSC_W84_BUILD_2023","record":755339,"settlement":"拉芙蘭","risk":"medium","height":16},"geometry":{"type":"Polygon","coordinates":[[[120.812482,23.2390445],[120.8124487,23.2389606],[120.8123595,23.2389927],[120.8123949,23.2390764],[120.812482,23.2390445]]]}},{"type":"Feature","properties":{"source":"NLSC_W84_BUILD_2023","record":753563,"settlement":"寶山","risk":"low","height":16},"geometry":{"type":"Polygon","coordinates":[[[120.7384868,23.1369805],[120.7384506,23.1369677],[120.7384245,23.1370433],[120.7384616,23.1370535],[120.7384868,23.1369805]]]}},{"type":"Feature","properties":{"source":"NLSC_W84_BUILD_2023","record":751509,"settlement":"拉芙蘭","risk":"medium","height":20},"geometry":{"type":"Polygon","coordinates":[[[120.8123692,23.2390495],[120.8123568,23.2390226],[120.812363,23.2390196],[120.812308,23.2389076],[120.8122323,23.2389497],[120.8122901,23.2390537],[120.8123026,23.2390474],[120.8123165,23.2390741],[120.8123692,23.2390495]]]}},{"type":"Feature","properties":{"source":"NLSC_W84_BUILD_2023","record":751390,"settlement":"寶山","risk":"low","height":22},"geometry":{"type":"Polygon","coordinates":[[[120.7387228,23.1372189],[120.7386252,23.1372066],[120.7386172,23.1372491],[120.7386054,23.1372497],[120.7386018,23.1372751],[120.7386121,23.1372768],[120.7386021,23.1373388],[120.738638,23.1373467],[120.7386321,23.1373833],[120.7386913,23.1373928],[120.7387228,23.1372189]]]}},{"type":"Feature","properties":{"source":"NLSC_W84_BUILD_2023","record":755336,"settlement":"拉芙蘭","risk":"medium","height":10},"geometry":{"type":"Polygon","coordinates":[[[120.8116081,23.2389466],[120.8115869,23.2389165],[120.8115451,23.2389391],[120.8115661,23.2389676],[120.8116081,23.2389466]]]}},{"type":"Feature","properties":{"source":"NLSC_W84_BUILD_2023","record":755317,"settlement":"復興","risk":"high","height":20},"geometry":{"type":"Polygon","coordinates":[[[120.8058929,23.2239899],[120.8058317,23.223987],[120.8058278,23.2241153],[120.8058883,23.2241171],[120.8058929,23.2239899]]]}},{"type":"Feature","properties":{"source":"NLSC_W84_BUILD_2023","record":755188,"settlement":"桃源","risk":"medium","height":18},"geometry":{"type":"Polygon","coordinates":[[[120.7870132,23.1836682],[120.7869545,23.183631],[120.7868845,23.1837712],[120.7869981,23.1838495],[120.7870727,23.1837609],[120.7870501,23.1837394],[120.7870573,23.1837294],[120.7870132,23.1836682]]]}},{"type":"Feature","properties":{"source":"NLSC_W84_BUILD_2023","record":755337,"settlement":"拉芙蘭","risk":"medium","height":12},"geometry":{"type":"Polygon","coordinates":[[[120.8113173,23.2389823],[120.8112584,23.2388581],[120.8111848,23.2388881],[120.8111297,23.2389071],[120.8111683,23.2389929],[120.8112221,23.2389704],[120.8112401,23.2390102],[120.8113173,23.2389823]]]}},{"type":"Feature","properties":{"source":"NLSC_W84_BUILD_2023","record":755189,"settlement":"桃源","risk":"medium","height":20},"geometry":{"type":"Polygon","coordinates":[[[120.7874363,23.18427],[120.7873704,23.1842656],[120.787364,23.1843268],[120.7874283,23.1843328],[120.7874363,23.18427]]]}},{"type":"Feature","properties":{"source":"NLSC_W84_BUILD_2023","record":755348,"settlement":"拉芙蘭","risk":"medium","height":18},"geometry":{"type":"Polygon","coordinates":[[[120.8150833,23.2399281],[120.8150711,23.2398652],[120.8150068,23.239878],[120.8150195,23.2399425],[120.8150833,23.2399281]]]}},{"type":"Feature","properties":{"source":"NLSC_W84_BUILD_2023","record":755191,"settlement":"桃源","risk":"medium","height":24},"geometry":{"type":"Polygon","coordinates":[[[120.7875067,23.1843338],[120.7874346,23.1843337],[120.7874343,23.1844446],[120.7875088,23.184443],[120.7875067,23.1843338]]]}},{"type":"Feature","properties":{"source":"NLSC_W84_BUILD_2023","record":755334,"settlement":"拉芙蘭","risk":"medium","height":22},"geometry":{"type":"Polygon","coordinates":[[[120.8111666,23.2388764],[120.8111187,23.2387759],[120.811011,23.2388163],[120.8110577,23.2389168],[120.8111666,23.2388764]]]}},{"type":"Feature","properties":{"source":"NLSC_W84_BUILD_2023","record":754890,"settlement":"桃源","risk":"medium","height":14},"geometry":{"type":"Polygon","coordinates":[[[120.7815378,23.181653],[120.7815328,23.1815982],[120.7814367,23.1816062],[120.7814414,23.181659],[120.7815378,23.181653]]]}},{"type":"Feature","properties":{"source":"NLSC_W84_BUILD_2023","record":755192,"settlement":"桃源","risk":"medium","height":10},"geometry":{"type":"Polygon","coordinates":[[[120.787597,23.1843901],[120.787597,23.1843595],[120.787565,23.1843594],[120.787565,23.1843853],[120.787553,23.1843853],[120.7875511,23.1844629],[120.7876174,23.184464],[120.7876175,23.1843901],[120.787597,23.1843901]]]}},{"type":"Feature","properties":{"source":"NLSC_W84_BUILD_2023","record":755333,"settlement":"拉芙蘭","risk":"medium","height":20},"geometry":{"type":"Polygon","coordinates":[[[120.8124263,23.2388614],[120.8123968,23.2387921],[120.8123593,23.2387084],[120.8122605,23.2387412],[120.8122967,23.2388268],[120.8123201,23.2388157],[120.8123543,23.2388921],[120.8124051,23.2388693],[120.8124263,23.2388614]]]}},{"type":"Feature","properties":{"source":"NLSC_W84_BUILD_2023","record":753857,"settlement":"高中","risk":"medium","height":12},"geometry":{"type":"Polygon","coordinates":[[[120.7676864,23.1732813],[120.7676498,23.1732784],[120.7676384,23.1733316],[120.767638,23.1733335],[120.7676379,23.1733338],[120.7676337,23.1733534],[120.7677049,23.1733626],[120.7677109,23.1733338],[120.7677109,23.1733335],[120.7677113,23.1733316],[120.767713,23.1733236],[120.7676833,23.1733179],[120.7676864,23.1732813]]]}},{"type":"Feature","properties":{"source":"NLSC_W84_BUILD_2023","record":755185,"settlement":"桃源","risk":"medium","height":12},"geometry":{"type":"Polygon","coordinates":[[[120.7868265,23.1831921],[120.7867293,23.1831019],[120.7866346,23.1831764],[120.7866779,23.1832239],[120.7866554,23.1832465],[120.7867134,23.1833013],[120.7868265,23.1831921]]]}},{"type":"Feature","properties":{"source":"NLSC_W84_BUILD_2023","record":755214,"settlement":"勤和","risk":"high","height":22},"geometry":{"type":"Polygon","coordinates":[[[120.8008123,23.207388],[120.8008693,23.2073285],[120.8007889,23.2072589],[120.8007925,23.2072549],[120.8008043,23.2072401],[120.8006606,23.207117],[120.8006411,23.2071363],[120.8006063,23.2071088],[120.8005456,23.2071724],[120.8006099,23.2072275],[120.8006024,23.2072377],[120.8006796,23.2072985],[120.8006882,23.2072922],[120.8007004,23.2073043],[120.8007027,23.2073023],[120.8007536,23.207344],[120.8007386,23.2073597],[120.8007681,23.2073838],[120.8007853,23.2073658],[120.8008123,23.207388]]]}},{"type":"Feature","properties":{"source":"NLSC_W84_BUILD_2023","record":755338,"settlement":"拉芙蘭","risk":"medium","height":14},"geometry":{"type":"Polygon","coordinates":[[[120.8120975,23.2389168],[120.8120402,23.2388289],[120.8119724,23.2388642],[120.811958,23.2388389],[120.8120146,23.2388056],[120.8119925,23.2387654],[120.812044,23.2387346],[120.812011,23.2386705],[120.8119683,23.2386941],[120.8119351,23.2386344],[120.8118863,23.2386605],[120.8118734,23.2386392],[120.811932,23.238609],[120.8119076,23.2385598],[120.8119039,23.2385529],[120.8118775,23.2385663],[120.8118443,23.2384798],[120.8117958,23.2385002],[120.8118338,23.2385885],[120.8117904,23.2386106],[120.8117333,23.2385233],[120.8116125,23.2385916],[120.8117777,23.2388465],[120.8119429,23.2387432],[120.8119683,23.2387924],[120.8118126,23.2388798],[120.8118403,23.2389201],[120.8118598,23.2389091],[120.8118991,23.2389645],[120.8118796,23.238977],[120.8119106,23.2390165],[120.8120445,23.2389406],[120.8120975,23.2389168]]]}},{"type":"Feature","properties":{"source":"NLSC_W84_BUILD_2023","record":755213,"settlement":"勤和","risk":"high","height":20},"geometry":{"type":"Polygon","coordinates":[[[120.8007703,23.2070202],[120.8008335,23.2069601],[120.8008066,23.2069399],[120.8008181,23.2069267],[120.8007505,23.2068761],[120.8007722,23.2068499],[120.8007153,23.2068096],[120.8006888,23.2068352],[120.8006633,23.2068161],[120.8005989,23.2068894],[120.8006192,23.2069046],[120.8006128,23.206912],[120.8007456,23.2070113],[120.8007529,23.2070044],[120.8007703,23.2070202]]]}},{"type":"Feature","properties":{"source":"NLSC_W84_BUILD_2023","record":755224,"settlement":"勤和","risk":"high","height":10},"geometry":{"type":"Polygon","coordinates":[[[120.7986428,23.21184],[120.7986392,23.2117945],[120.7985593,23.2118013],[120.7985633,23.2118473],[120.7986428,23.21184]]]}},{"type":"Feature","properties":{"source":"NLSC_W84_BUILD_2023","record":753866,"settlement":"高中","risk":"medium","height":14},"geometry":{"type":"Polygon","coordinates":[[[120.7701589,23.1766302],[120.7701307,23.1766266],[120.7701273,23.1766665],[120.770156,23.1766685],[120.7701589,23.1766302]]]}},{"type":"Feature","properties":{"source":"NLSC_W84_BUILD_2023","record":751508,"settlement":"拉芙蘭","risk":"medium","height":18},"geometry":{"type":"Polygon","coordinates":[[[120.8115659,23.2388687],[120.8115256,23.2388089],[120.811462,23.2386853],[120.8114349,23.2386265],[120.8113936,23.2386457],[120.8112971,23.2386769],[120.8112505,23.2385561],[120.8113586,23.2385147],[120.811334,23.2384432],[120.8112478,23.2384684],[120.8112547,23.2384801],[120.8112095,23.2384941],[120.8111763,23.2385008],[120.811182,23.2385318],[120.8110921,23.2385587],[120.8111247,23.2386668],[120.8111424,23.2387229],[120.8112059,23.2387023],[120.8112299,23.2386938],[120.8112629,23.2387787],[120.811273,23.2387738],[120.8112997,23.2388388],[120.8113205,23.2388296],[120.8113406,23.2388662],[120.8113797,23.2388459],[120.8114421,23.2389364],[120.8115659,23.2388687]]]}},{"type":"Feature","properties":{"source":"NLSC_W84_BUILD_2023","record":754860,"settlement":"高中","risk":"medium","height":18},"geometry":{"type":"Polygon","coordinates":[[[120.7720764,23.17741],[120.7720337,23.1773934],[120.7720046,23.17745],[120.7720454,23.1774661],[120.7720764,23.17741]]]}},{"type":"Feature","properties":{"source":"NLSC_W84_BUILD_2023","record":755184,"settlement":"桃源","risk":"medium","height":10},"geometry":{"type":"Polygon","coordinates":[[[120.7868052,23.1829456],[120.7867586,23.1828662],[120.7865515,23.1829915],[120.7866035,23.1830648],[120.7868052,23.1829456]]]}},{"type":"Feature","properties":{"source":"NLSC_W84_BUILD_2023","record":751507,"settlement":"拉芙蘭","risk":"medium","height":16},"geometry":{"type":"Polygon","coordinates":[[[120.812366,23.2386921],[120.8123295,23.2385962],[120.8123203,23.238597],[120.812288,23.2384991],[120.8121815,23.238526],[120.8121937,23.2385692],[120.8122202,23.2385609],[120.8122587,23.2386749],[120.8122812,23.238668],[120.8122906,23.2387083],[120.812366,23.2386921]]]}},{"type":"Feature","properties":{"source":"NLSC_W84_BUILD_2023","record":755313,"settlement":"復興","risk":"high","height":12},"geometry":{"type":"Polygon","coordinates":[[[120.8080551,23.2226435],[120.8079722,23.2226368],[120.8079647,23.2227084],[120.8080551,23.2227181],[120.8080555,23.2227181],[120.8080573,23.2227183],[120.8080673,23.2226445],[120.8080555,23.2226435],[120.8080551,23.2226435]]]}},{"type":"Feature","properties":{"source":"NLSC_W84_BUILD_2023","record":754862,"settlement":"高中","risk":"medium","height":22},"geometry":{"type":"Polygon","coordinates":[[[120.7731438,23.1776107],[120.7730447,23.1775895],[120.7730205,23.177657],[120.7731221,23.1776782],[120.7731438,23.1776107]]]}},{"type":"Feature","properties":{"source":"NLSC_W84_BUILD_2023","record":754861,"settlement":"高中","risk":"medium","height":20},"geometry":{"type":"Polygon","coordinates":[[[120.7724924,23.1775776],[120.7724435,23.1775634],[120.7724157,23.1776286],[120.7724641,23.1776429],[120.7724924,23.1775776]]]}},{"type":"Feature","properties":{"source":"NLSC_W84_BUILD_2023","record":755183,"settlement":"桃源","risk":"medium","height":24},"geometry":{"type":"Polygon","coordinates":[[[120.7867627,23.1827953],[120.7867256,23.1827185],[120.7865157,23.1828437],[120.786564,23.1829166],[120.7867627,23.1827953]]]}},{"type":"Feature","properties":{"source":"NLSC_W84_BUILD_2023","record":755335,"settlement":"拉芙蘭","risk":"medium","height":24},"geometry":{"type":"Polygon","coordinates":[[[120.8127392,23.2385557],[120.8127238,23.2384556],[120.812642,23.2384675],[120.812596,23.2383167],[120.8125756,23.2383201],[120.8125296,23.2381921],[120.8124481,23.238214],[120.8124578,23.2382525],[120.8124389,23.2382588],[120.8124457,23.2382806],[120.8124616,23.238275],[120.8124702,23.238304],[120.8124265,23.2383128],[120.8124326,23.2383489],[120.8124556,23.2383446],[120.8124917,23.2384954],[120.8124771,23.2384979],[120.8125164,23.2386698],[120.812482,23.2386785],[120.8125735,23.2389674],[120.8127708,23.2389135],[120.8126771,23.2386279],[120.8127224,23.2386182],[120.8127106,23.2385624],[120.8127392,23.2385557]]]}},{"type":"Feature","properties":{"source":"NLSC_W84_BUILD_2023","record":754887,"settlement":"桃源","risk":"medium","height":24},"geometry":{"type":"Polygon","coordinates":[[[120.7811428,23.1814659],[120.7811113,23.1813805],[120.7810656,23.1813964],[120.7810977,23.1814824],[120.7811428,23.1814659]]]}},{"type":"Feature","properties":{"source":"NLSC_W84_BUILD_2023","record":753564,"settlement":"寶山","risk":"low","height":18},"geometry":{"type":"Polygon","coordinates":[[[120.7475171,23.1374189],[120.7475148,23.1373568],[120.7474168,23.1373575],[120.7474196,23.1374199],[120.7475171,23.1374189]]]}},{"type":"Feature","properties":{"source":"NLSC_W84_BUILD_2023","record":755179,"settlement":"桃源","risk":"medium","height":16},"geometry":{"type":"Polygon","coordinates":[[[120.7867258,23.1826756],[120.7866791,23.1825994],[120.7864749,23.1827219],[120.7865218,23.182793],[120.7867258,23.1826756]]]}},{"type":"Feature","properties":{"source":"NLSC_W84_BUILD_2023","record":751506,"settlement":"拉芙蘭","risk":"medium","height":14},"geometry":{"type":"Polygon","coordinates":[[[120.8121702,23.2385011],[120.8121434,23.2384261],[120.8120202,23.2384572],[120.8120475,23.2385241],[120.8121702,23.2385011]]]}},{"type":"Feature","properties":{"source":"NLSC_W84_BUILD_2023","record":755332,"settlement":"拉芙蘭","risk":"medium","height":18},"geometry":{"type":"Polygon","coordinates":[[[120.8118251,23.2384571],[120.8117913,23.2383789],[120.8116368,23.2384454],[120.8116704,23.2385194],[120.8118251,23.2384571]]]}},{"type":"Feature","properties":{"source":"NLSC_W84_BUILD_2023","record":755187,"settlement":"桃源","risk":"medium","height":16},"geometry":{"type":"Polygon","coordinates":[[[120.7876058,23.1836432],[120.7875244,23.1835562],[120.7873974,23.1836586],[120.7874813,23.1837447],[120.7876058,23.1836432]]]}},{"type":"Feature","properties":{"source":"NLSC_W84_BUILD_2023","record":755331,"settlement":"拉芙蘭","risk":"medium","height":16},"geometry":{"type":"Polygon","coordinates":[[[120.8119777,23.2384567],[120.8119495,23.2383809],[120.8118706,23.238406],[120.8118977,23.238483],[120.8119419,23.238469],[120.8119777,23.2384567]]]}},{"type":"Feature","properties":{"source":"NLSC_W84_BUILD_2023","record":754886,"settlement":"桃源","risk":"medium","height":22},"geometry":{"type":"Polygon","coordinates":[[[120.7815972,23.181157],[120.7815656,23.1811527],[120.7815462,23.1812923],[120.7815791,23.181297],[120.7815972,23.181157]]]}},{"type":"Feature","properties":{"source":"NLSC_W84_BUILD_2023","record":755177,"settlement":"桃源","risk":"medium","height":12},"geometry":{"type":"Polygon","coordinates":[[[120.7866777,23.1825319],[120.7866309,23.1824594],[120.7864244,23.1825818],[120.7864737,23.18265],[120.7866777,23.1825319]]]}},{"type":"Feature","properties":{"source":"NLSC_W84_BUILD_2023","record":755182,"settlement":"桃源","risk":"medium","height":22},"geometry":{"type":"Polygon","coordinates":[[[120.786974,23.1828418],[120.786951,23.1828114],[120.7868997,23.1828419],[120.7869233,23.1828732],[120.786974,23.1828418]]]}},{"type":"Feature","properties":{"source":"NLSC_W84_BUILD_2023","record":754891,"settlement":"桃源","risk":"medium","height":16},"geometry":{"type":"Polygon","coordinates":[[[120.7855511,23.1817858],[120.7855295,23.1817529],[120.7854981,23.1817704],[120.7855219,23.1818046],[120.7855511,23.1817858]]]}},{"type":"Feature","properties":{"source":"NLSC_W84_BUILD_2023","record":755180,"settlement":"桃源","risk":"medium","height":18},"geometry":{"type":"Polygon","coordinates":[[[120.7870361,23.1827438],[120.7869609,23.1826304],[120.7868683,23.1826856],[120.7869422,23.1827987],[120.7870361,23.1827438]]]}},{"type":"Feature","properties":{"source":"NLSC_W84_BUILD_2023","record":755329,"settlement":"拉芙蘭","risk":"medium","height":12},"geometry":{"type":"Polygon","coordinates":[[[120.8120212,23.2382899],[120.8120175,23.2382769],[120.8120595,23.2382719],[120.8120372,23.2381906],[120.8119419,23.2382132],[120.811948,23.2382369],[120.8118893,23.238247],[120.8119026,23.2382948],[120.8119323,23.2382892],[120.8119352,23.238303],[120.8119636,23.238297],[120.8120212,23.2382899]]]}},{"type":"Feature","properties":{"source":"NLSC_W84_BUILD_2023","record":755206,"settlement":"勤和","risk":"high","height":22},"geometry":{"type":"Polygon","coordinates":[[[120.7907362,23.2030573],[120.7907073,23.2030227],[120.7906622,23.2030556],[120.790693,23.2030911],[120.7907362,23.2030573]]]}},{"type":"Feature","properties":{"source":"NLSC_W84_BUILD_2023","record":755330,"settlement":"拉芙蘭","risk":"medium","height":14},"geometry":{"type":"Polygon","coordinates":[[[120.8123721,23.2383341],[120.8123549,23.2382626],[120.8123882,23.2382531],[120.8123625,23.238168],[120.8123316,23.2381771],[120.8123362,23.2381941],[120.8122405,23.2382229],[120.8122623,23.238289],[120.8122839,23.2382829],[120.812306,23.2383497],[120.8123721,23.2383341]]]}},{"type":"Feature","properties":{"source":"NLSC_W84_BUILD_2023","record":755328,"settlement":"拉芙蘭","risk":"medium","height":10},"geometry":{"type":"Polygon","coordinates":[[[120.811661,23.2382359],[120.811652,23.2382005],[120.8114905,23.2382365],[120.8115007,23.2382777],[120.811661,23.2382359]]]}},{"type":"Feature","properties":{"source":"NLSC_W84_BUILD_2023","record":751400,"settlement":"高中","risk":"medium","height":10},"geometry":{"type":"Polygon","coordinates":[[[120.771867,23.1657656],[120.7718146,23.1657165],[120.7717946,23.1657383],[120.7717887,23.1657331],[120.7717385,23.1657831],[120.771801,23.1658438],[120.7718566,23.1657899],[120.7718503,23.1657808],[120.771867,23.1657656]]]}},{"type":"Feature","properties":{"source":"NLSC_W84_BUILD_2023","record":755176,"settlement":"桃源","risk":"medium","height":10},"geometry":{"type":"Polygon","coordinates":[[[120.7869118,23.1825502],[120.7868793,23.182501],[120.7868416,23.1825217],[120.7868739,23.1825718],[120.7869118,23.1825502]]]}},{"type":"Feature","properties":{"source":"NLSC_W84_BUILD_2023","record":753622,"settlement":"建山","risk":"low","height":22},"geometry":{"type":"Polygon","coordinates":[[[120.7653726,23.153143],[120.7654214,23.153112],[120.7654444,23.1531424],[120.7654656,23.1531284],[120.7653715,23.1530132],[120.7653073,23.1530593],[120.7653726,23.153143]]]}},{"type":"Feature","properties":{"source":"NLSC_W84_BUILD_2023","record":754889,"settlement":"桃源","risk":"medium","height":12},"geometry":{"type":"Polygon","coordinates":[[[120.7855465,23.1815452],[120.7855124,23.1815013],[120.7854756,23.1815261],[120.7855101,23.1815703],[120.7855465,23.1815452]]]}},{"type":"Feature","properties":{"source":"NLSC_W84_BUILD_2023","record":755169,"settlement":"桃源","risk":"medium","height":12},"geometry":{"type":"Polygon","coordinates":[[[120.786202,23.1818549],[120.7861085,23.1817358],[120.7859578,23.1818306],[120.7860462,23.1819506],[120.786202,23.1818549]]]}},{"type":"Feature","properties":{"source":"NLSC_W84_BUILD_2023","record":754888,"settlement":"桃源","risk":"medium","height":10},"geometry":{"type":"Polygon","coordinates":[[[120.7856827,23.1815209],[120.7856596,23.181494],[120.7856305,23.1815155],[120.7856524,23.1815426],[120.7856827,23.1815209]]]}},{"type":"Feature","properties":{"source":"NLSC_W84_BUILD_2023","record":755168,"settlement":"桃源","risk":"medium","height":10},"geometry":{"type":"Polygon","coordinates":[[[120.7858735,23.1815801],[120.7858519,23.1815502],[120.7858224,23.1815685],[120.7858473,23.1815984],[120.7858735,23.1815801]]]}},{"type":"Feature","properties":{"source":"NLSC_W84_BUILD_2023","record":755172,"settlement":"桃源","risk":"medium","height":18},"geometry":{"type":"Polygon","coordinates":[[[120.7870072,23.182375],[120.7869746,23.1823062],[120.7868664,23.1823483],[120.7869003,23.1824187],[120.7870072,23.182375]]]}},{"type":"Feature","properties":{"source":"NLSC_W84_BUILD_2023","record":755181,"settlement":"桃源","risk":"medium","height":20},"geometry":{"type":"Polygon","coordinates":[[[120.7874613,23.182729],[120.7873597,23.1826394],[120.7872208,23.1827676],[120.7873169,23.1828566],[120.7874613,23.182729]]]}},{"type":"Feature","properties":{"source":"NLSC_W84_BUILD_2023","record":753599,"settlement":"建山","risk":"low","height":24},"geometry":{"type":"Polygon","coordinates":[[[120.7605512,23.1460574],[120.7605266,23.1459647],[120.7604528,23.1459815],[120.7604594,23.1460063],[120.7603608,23.1460287],[120.7603798,23.1461003],[120.7605512,23.1460574]]]}},{"type":"Feature","properties":{"source":"NLSC_W84_BUILD_2023","record":755217,"settlement":"勤和","risk":"high","height":12},"geometry":{"type":"Polygon","coordinates":[[[120.8014602,23.2083323],[120.8014487,23.2082993],[120.8013988,23.2083141],[120.8014139,23.2083473],[120.8014602,23.2083323]]]}},{"type":"Feature","properties":{"source":"NLSC_W84_BUILD_2023","record":753566,"settlement":"寶山","risk":"low","height":22},"geometry":{"type":"Polygon","coordinates":[[[120.7386938,23.1386988],[120.7386321,23.138661],[120.7385834,23.1387313],[120.7386448,23.138769],[120.7386938,23.1386988]]]}},{"type":"Feature","properties":{"source":"NLSC_W84_BUILD_2023","record":753598,"settlement":"建山","risk":"low","height":22},"geometry":{"type":"Polygon","coordinates":[[[120.7604173,23.1459829],[120.7604031,23.1459348],[120.7603405,23.1459506],[120.7603556,23.1460019],[120.7604173,23.1459829]]]}},{"type":"Feature","properties":{"source":"NLSC_W84_BUILD_2023","record":755170,"settlement":"桃源","risk":"medium","height":14},"geometry":{"type":"Polygon","coordinates":[[[120.7868841,23.1821103],[120.7867765,23.1820144],[120.786681,23.1820929],[120.7867305,23.1821341],[120.7867108,23.1821536],[120.7867312,23.1821712],[120.7867015,23.1821953],[120.7867568,23.182244],[120.7867857,23.1822175],[120.7867709,23.1822063],[120.7868841,23.1821103]]]}},{"type":"Feature","properties":{"source":"NLSC_W84_BUILD_2023","record":751410,"settlement":"桃源","risk":"medium","height":14},"geometry":{"type":"Polygon","coordinates":[[[120.7815201,23.1806228],[120.7815032,23.1805802],[120.7814657,23.1805928],[120.7814721,23.1806045],[120.7813983,23.1806259],[120.7814794,23.1808614],[120.7815713,23.1808384],[120.7815074,23.1806289],[120.7815201,23.1806228]]]}},{"type":"Feature","properties":{"source":"NLSC_W84_BUILD_2023","record":754905,"settlement":"桃源","risk":"medium","height":12},"geometry":{"type":"Polygon","coordinates":[[[120.7855153,23.1929582],[120.7854959,23.1929137],[120.7854718,23.1929219],[120.7854672,23.1929127],[120.785419,23.1929325],[120.7854445,23.1929875],[120.7855153,23.1929582]]]}},{"type":"Feature","properties":{"source":"NLSC_W84_BUILD_2023","record":753762,"settlement":"高中","risk":"medium","height":14},"geometry":{"type":"Polygon","coordinates":[[[120.7719714,23.1654819],[120.7719494,23.1653413],[120.7718937,23.1653489],[120.7719151,23.1654901],[120.7719714,23.1654819]]]}},{"type":"Feature","properties":{"source":"NLSC_W84_BUILD_2023","record":753765,"settlement":"高中","risk":"medium","height":20},"geometry":{"type":"Polygon","coordinates":[[[120.7717379,23.1655913],[120.7717586,23.1655571],[120.7717937,23.1655767],[120.7718234,23.1655279],[120.7717862,23.1655062],[120.7718084,23.1654715],[120.7715618,23.1653376],[120.7714741,23.1654785],[120.7715127,23.1655009],[120.7715265,23.1654794],[120.7717379,23.1655913]]]}},{"type":"Feature","properties":{"source":"NLSC_W84_BUILD_2023","record":755227,"settlement":"復興","risk":"high","height":16},"geometry":{"type":"Polygon","coordinates":[[[120.8088216,23.2155425],[120.8087664,23.2155122],[120.8087158,23.2155989],[120.808768,23.2156243],[120.8088216,23.2155425]]]}},{"type":"Feature","properties":{"source":"NLSC_W84_BUILD_2023","record":753860,"settlement":"高中","risk":"medium","height":18},"geometry":{"type":"Polygon","coordinates":[[[120.7671973,23.1745925],[120.7671968,23.1744878],[120.767216,23.1744884],[120.7672166,23.1744357],[120.7671881,23.1744357],[120.7671862,23.17447],[120.7671064,23.1744717],[120.7671026,23.1745908],[120.7671973,23.1745925]]]}},{"type":"Feature","properties":{"source":"NLSC_W84_BUILD_2023","record":753600,"settlement":"建山","risk":"low","height":10},"geometry":{"type":"Polygon","coordinates":[[[120.7613121,23.1460939],[120.7613067,23.1460229],[120.761104,23.1460439],[120.7611159,23.1461192],[120.7613121,23.1460939]]]}},{"type":"Feature","properties":{"source":"NLSC_W84_BUILD_2023","record":754884,"settlement":"桃源","risk":"medium","height":18},"geometry":{"type":"Polygon","coordinates":[[[120.7811423,23.1807282],[120.7811336,23.1806617],[120.781118,23.1806627],[120.7811154,23.1806466],[120.7810727,23.1806512],[120.781091,23.1807338],[120.7811423,23.1807282]]]}},{"type":"Feature","properties":{"source":"NLSC_W84_BUILD_2023","record":755205,"settlement":"勤和","risk":"high","height":20},"geometry":{"type":"Polygon","coordinates":[[[120.7900902,23.20301],[120.7900329,23.2029944],[120.7900166,23.2030442],[120.7900939,23.2030658],[120.7901101,23.2030155],[120.7900902,23.20301]]]}},{"type":"Feature","properties":{"source":"NLSC_W84_BUILD_2023","record":753775,"settlement":"高中","risk":"medium","height":24},"geometry":{"type":"Polygon","coordinates":[[[120.7765521,23.1661804],[120.7764756,23.1659733],[120.7763942,23.1659919],[120.7764814,23.1661949],[120.7764815,23.1661952],[120.7765521,23.1661804]]]}},{"type":"Feature","properties":{"source":"NLSC_W84_BUILD_2023","record":755175,"settlement":"桃源","risk":"medium","height":24},"geometry":{"type":"Polygon","coordinates":[[[120.7873735,23.1825178],[120.7874733,23.1824438],[120.787398,23.1823554],[120.7873336,23.1824103],[120.7873482,23.1824245],[120.7873137,23.1824523],[120.7873345,23.1824769],[120.7873183,23.1824874],[120.7873372,23.1825078],[120.7873529,23.182496],[120.7873735,23.1825178]]]}},{"type":"Feature","properties":{"source":"NLSC_W84_BUILD_2023","record":755327,"settlement":"拉芙蘭","risk":"medium","height":24},"geometry":{"type":"Polygon","coordinates":[[[120.8129588,23.2377919],[120.8128784,23.2377852],[120.8128712,23.237865],[120.8129515,23.2378756],[120.8129588,23.2377919]]]}},{"type":"Feature","properties":{"source":"NLSC_W84_BUILD_2023","record":755249,"settlement":"復興","risk":"high","height":12},"geometry":{"type":"Polygon","coordinates":[[[120.8099906,23.2178596],[120.8099797,23.2178175],[120.809901,23.2178276],[120.8099029,23.217839],[120.8098695,23.2178392],[120.8098662,23.2178723],[120.8099141,23.2178735],[120.8099906,23.2178596]]]}},{"type":"Feature","properties":{"source":"NLSC_W84_BUILD_2023","record":754882,"settlement":"桃源","risk":"medium","height":14},"geometry":{"type":"Polygon","coordinates":[[[120.7809405,23.1806376],[120.7809331,23.1805902],[120.7808427,23.1806001],[120.7808535,23.1806492],[120.7809405,23.1806376]]]}},{"type":"Feature","properties":{"source":"NLSC_W84_BUILD_2023","record":754883,"settlement":"桃源","risk":"medium","height":16},"geometry":{"type":"Polygon","coordinates":[[[120.780844,23.1806551],[120.7808374,23.1806169],[120.7808071,23.1806199],[120.7808164,23.1806592],[120.780844,23.1806551]]]}},{"type":"Feature","properties":{"source":"NLSC_W84_BUILD_2023","record":755310,"settlement":"復興","risk":"high","height":22},"geometry":{"type":"Polygon","coordinates":[[[120.8098683,23.2210303],[120.8097964,23.2210243],[120.809796,23.2210696],[120.8098653,23.2210748],[120.8098683,23.2210303]]]}},{"type":"Feature","properties":{"source":"NLSC_W84_BUILD_2023","record":753774,"settlement":"高中","risk":"medium","height":22},"geometry":{"type":"Polygon","coordinates":[[[120.7694223,23.1661582],[120.7694412,23.1661287],[120.7694617,23.1661399],[120.769502,23.1660669],[120.76943,23.1660329],[120.7693741,23.1661318],[120.7694223,23.1661582]]]}},{"type":"Feature","properties":{"source":"NLSC_W84_BUILD_2023","record":755171,"settlement":"桃源","risk":"medium","height":16},"geometry":{"type":"Polygon","coordinates":[[[120.7876101,23.1823304],[120.7875738,23.1822944],[120.7874966,23.1823587],[120.7875336,23.1823975],[120.7876101,23.1823304]]]}},{"type":"Feature","properties":{"source":"NLSC_W84_BUILD_2023","record":755167,"settlement":"桃源","risk":"medium","height":24},"geometry":{"type":"Polygon","coordinates":[[[120.7865985,23.1814593],[120.7865787,23.1813733],[120.7865632,23.1813759],[120.786556,23.1813334],[120.7864271,23.1813592],[120.7864406,23.1813973],[120.7864179,23.1814039],[120.786442,23.1814988],[120.786553,23.1814704],[120.7865985,23.1814593]]]}},{"type":"Feature","properties":{"source":"NLSC_W84_BUILD_2023","record":751332,"settlement":"復興","risk":"high","height":18},"geometry":{"type":"Polygon","coordinates":[[[120.808994,23.2152009],[120.8089901,23.2151613],[120.8089261,23.2151656],[120.8089292,23.2152062],[120.808994,23.2152009]]]}},{"type":"Feature","properties":{"source":"NLSC_W84_BUILD_2023","record":753859,"settlement":"高中","risk":"medium","height":16},"geometry":{"type":"Polygon","coordinates":[[[120.7664599,23.1734938],[120.7664145,23.1734906],[120.7664111,23.1735291],[120.7664571,23.1735308],[120.7664599,23.1734938]]]}},{"type":"Feature","properties":{"source":"NLSC_W84_BUILD_2023","record":751247,"settlement":"高中","risk":"medium","height":24},"geometry":{"type":"Polygon","coordinates":[[[120.7712399,23.1652201],[120.7713021,23.1651482],[120.7712368,23.1651049],[120.7711861,23.1651643],[120.7711633,23.1651536],[120.7711513,23.16517],[120.7712399,23.1652201]]]}},{"type":"Feature","properties":{"source":"NLSC_W84_BUILD_2023","record":753608,"settlement":"建山","risk":"low","height":10},"geometry":{"type":"Polygon","coordinates":[[[120.765113,23.1486385],[120.7650898,23.1486262],[120.7650987,23.1486076],[120.7650665,23.1485951],[120.7650516,23.1486268],[120.7650206,23.1486152],[120.7649999,23.148668],[120.7650811,23.1486991],[120.765113,23.1486385]]]}},{"type":"Feature","properties":{"source":"NLSC_W84_BUILD_2023","record":753858,"settlement":"高中","risk":"medium","height":14},"geometry":{"type":"Polygon","coordinates":[[[120.7663362,23.1734283],[120.7662899,23.1733939],[120.7662888,23.173395],[120.7662804,23.1734039],[120.7662697,23.1734152],[120.7662526,23.1734331],[120.7662482,23.1734378],[120.7663432,23.1735123],[120.7663861,23.1734654],[120.7663362,23.1734283]]]}},{"type":"Feature","properties":{"source":"NLSC_W84_BUILD_2023","record":754868,"settlement":"高中","risk":"medium","height":18},"geometry":{"type":"Polygon","coordinates":[[[120.7710116,23.1785339],[120.7710184,23.1785199],[120.7710483,23.1785294],[120.7710666,23.1784605],[120.7709227,23.178424],[120.7708945,23.1785073],[120.7710116,23.1785339]]]}},{"type":"Feature","properties":{"source":"NLSC_W84_BUILD_2023","record":755318,"settlement":"復興","risk":"high","height":22},"geometry":{"type":"Polygon","coordinates":[[[120.8075042,23.2248048],[120.8074933,23.2247968],[120.807439,23.224854],[120.8075111,23.2249091],[120.8075664,23.2248506],[120.8075156,23.2248132],[120.8075042,23.2248048]]]}},{"type":"Feature","properties":{"source":"NLSC_W84_BUILD_2023","record":755225,"settlement":"復興","risk":"high","height":12},"geometry":{"type":"Polygon","coordinates":[[[120.8056196,23.212543],[120.8055968,23.2124981],[120.8055534,23.2125192],[120.8055751,23.212563],[120.8056196,23.212543]]]}},{"type":"Feature","properties":{"source":"NLSC_W84_BUILD_2023","record":753769,"settlement":"高中","risk":"medium","height":12},"geometry":{"type":"Polygon","coordinates":[[[120.7691462,23.1659504],[120.7690851,23.165911],[120.7690355,23.1659788],[120.7690954,23.1660184],[120.7691462,23.1659504]]]}},{"type":"Feature","properties":{"source":"NLSC_W84_BUILD_2023","record":754906,"settlement":"桃源","risk":"medium","height":14},"geometry":{"type":"Polygon","coordinates":[[[120.7843058,23.1940319],[120.7842639,23.1939655],[120.7841346,23.1940231],[120.7841785,23.1940999],[120.7843058,23.1940319]]]}},{"type":"Feature","properties":{"source":"NLSC_W84_BUILD_2023","record":755326,"settlement":"拉芙蘭","risk":"medium","height":22},"geometry":{"type":"Polygon","coordinates":[[[120.8111302,23.2373568],[120.8111435,23.2373241],[120.8112095,23.2373465],[120.8112323,23.2372929],[120.8111273,23.2372575],[120.8110931,23.2373418],[120.8111302,23.2373568]]]}},{"type":"Feature","properties":{"source":"NLSC_W84_BUILD_2023","record":751251,"settlement":"高中","risk":"medium","height":16},"geometry":{"type":"Polygon","coordinates":[[[120.7661334,23.1733157],[120.7661294,23.1732574],[120.766073,23.1732589],[120.7660781,23.1733188],[120.7661334,23.1733157]]]}},{"type":"Feature","properties":{"source":"NLSC_W84_BUILD_2023","record":753610,"settlement":"建山","risk":"low","height":14},"geometry":{"type":"Polygon","coordinates":[[[120.765809,23.1494775],[120.7657895,23.1494094],[120.7657161,23.1494329],[120.765738,23.149479],[120.765756,23.1494692],[120.7657655,23.1494908],[120.765809,23.1494775]]]}},{"type":"Feature","properties":{"source":"NLSC_W84_BUILD_2023","record":753788,"settlement":"高中","risk":"medium","height":18},"geometry":{"type":"Polygon","coordinates":[[[120.7679493,23.1669302],[120.7678754,23.166824],[120.7678158,23.16687],[120.7678941,23.1669716],[120.7679493,23.1669302]]]}},{"type":"Feature","properties":{"source":"NLSC_W84_BUILD_2023","record":753761,"settlement":"高中","risk":"medium","height":12},"geometry":{"type":"Polygon","coordinates":[[[120.7698138,23.1654831],[120.7698346,23.1654567],[120.7697879,23.1654103],[120.7698043,23.1653854],[120.7697737,23.1653647],[120.7697557,23.1653832],[120.7697405,23.1653739],[120.7697084,23.1654113],[120.7697805,23.1654717],[120.7697905,23.165461],[120.7698138,23.1654831]]]}},{"type":"Feature","properties":{"source":"NLSC_W84_BUILD_2023","record":754880,"settlement":"桃源","risk":"medium","height":10},"geometry":{"type":"Polygon","coordinates":[[[120.7807597,23.1801576],[120.7807541,23.1801285],[120.7807059,23.1801371],[120.7807129,23.1801672],[120.7807597,23.1801576]]]}},{"type":"Feature","properties":{"source":"NLSC_W84_BUILD_2023","record":753791,"settlement":"高中","risk":"medium","height":24},"geometry":{"type":"Polygon","coordinates":[[[120.767695,23.1670662],[120.7676509,23.1670285],[120.7675735,23.1671124],[120.7676129,23.1671519],[120.767695,23.1670662]]]}},{"type":"Feature","properties":{"source":"NLSC_W84_BUILD_2023","record":753856,"settlement":"高中","risk":"medium","height":10},"geometry":{"type":"Polygon","coordinates":[[[120.766035,23.1733337],[120.7660168,23.1732502],[120.7659665,23.173257],[120.7659825,23.1733337],[120.7659855,23.1733484],[120.7660362,23.1733394],[120.766035,23.1733337]]]}},{"type":"Feature","properties":{"source":"NLSC_W84_BUILD_2023","record":753758,"settlement":"高中","risk":"medium","height":22},"geometry":{"type":"Polygon","coordinates":[[[120.7697055,23.1653737],[120.7697118,23.1652731],[120.7696274,23.1652668],[120.7696266,23.1652873],[120.7696,23.1652863],[120.7695987,23.165316],[120.76962,23.1653168],[120.7696177,23.1653715],[120.7697055,23.1653737]]]}},{"type":"Feature","properties":{"source":"NLSC_W84_BUILD_2023","record":753631,"settlement":"建山","risk":"low","height":24},"geometry":{"type":"Polygon","coordinates":[[[120.7642956,23.1576459],[120.7642144,23.1575924],[120.7641161,23.1577026],[120.7641935,23.1577634],[120.7642956,23.1576459]]]}},{"type":"Feature","properties":{"source":"NLSC_W84_BUILD_2023","record":753790,"settlement":"高中","risk":"medium","height":22},"geometry":{"type":"Polygon","coordinates":[[[120.7675797,23.1670562],[120.7676474,23.1670113],[120.7675874,23.1669444],[120.7676474,23.166896],[120.7675874,23.1668396],[120.7674531,23.1669505],[120.7674998,23.1670069],[120.7675379,23.167047],[120.7675485,23.1670402],[120.7675554,23.1670489],[120.7675595,23.1670442],[120.7675729,23.1670624],[120.7675797,23.1670562]]]}},{"type":"Feature","properties":{"source":"NLSC_W84_BUILD_2023","record":753783,"settlement":"高中","risk":"medium","height":24},"geometry":{"type":"Polygon","coordinates":[[[120.768075,23.1664551],[120.7680195,23.166391],[120.7679597,23.1664393],[120.7680081,23.1665017],[120.768075,23.1664551]]]}},{"type":"Feature","properties":{"source":"NLSC_W84_BUILD_2023","record":755207,"settlement":"勤和","risk":"high","height":24},"geometry":{"type":"Polygon","coordinates":[[[120.7882298,23.2046651],[120.7882117,23.204629],[120.7881349,23.2046574],[120.7881517,23.2046922],[120.7882298,23.2046651]]]}},{"type":"Feature","properties":{"source":"NLSC_W84_BUILD_2023","record":755220,"settlement":"勤和","risk":"high","height":18},"geometry":{"type":"Polygon","coordinates":[[[120.8017866,23.2107428],[120.8017585,23.2106149],[120.801673,23.210631],[120.8017049,23.2107598],[120.8017866,23.2107428]]]}},{"type":"Feature","properties":{"source":"NLSC_W84_BUILD_2023","record":755199,"settlement":"勤和","risk":"high","height":24},"geometry":{"type":"Polygon","coordinates":[[[120.797589,23.2003791],[120.7976072,23.2003729],[120.7975995,23.2003515],[120.7976264,23.2003435],[120.79761,23.2002938],[120.7974678,23.2003393],[120.79748,23.2003794],[120.7974947,23.2003746],[120.7975081,23.2004201],[120.7975928,23.2003889],[120.797589,23.2003791]]]}},{"type":"Feature","properties":{"source":"NLSC_W84_BUILD_2023","record":753753,"settlement":"高中","risk":"medium","height":12},"geometry":{"type":"Polygon","coordinates":[[[120.7700897,23.1649811],[120.7700495,23.1649359],[120.7699942,23.1649762],[120.7700303,23.1650231],[120.7700897,23.1649811]]]}},{"type":"Feature","properties":{"source":"NLSC_W84_BUILD_2023","record":753632,"settlement":"建山","risk":"low","height":10},"geometry":{"type":"Polygon","coordinates":[[[120.7644564,23.1577465],[120.7643357,23.1576543],[120.7642942,23.1577126],[120.7644111,23.157802],[120.7644564,23.1577465]]]}},{"type":"Feature","properties":{"source":"NLSC_W84_BUILD_2023","record":753635,"settlement":"建山","risk":"low","height":16},"geometry":{"type":"Polygon","coordinates":[[[120.7641968,23.1580543],[120.7642123,23.1580252],[120.7642321,23.1580343],[120.7642544,23.157992],[120.7642396,23.1579863],[120.7642576,23.1579553],[120.7641381,23.1578929],[120.7641183,23.1579232],[120.7640638,23.1578997],[120.7640204,23.1579753],[120.7641968,23.1580543]]]}},{"type":"Feature","properties":{"source":"NLSC_W84_BUILD_2023","record":751246,"settlement":"高中","risk":"medium","height":22},"geometry":{"type":"Polygon","coordinates":[[[120.7758529,23.1647678],[120.7758134,23.164744],[120.7757862,23.1647785],[120.7758266,23.1648031],[120.7758529,23.1647678]]]}},{"type":"Feature","properties":{"source":"NLSC_W84_BUILD_2023","record":755204,"settlement":"勤和","risk":"high","height":18},"geometry":{"type":"Polygon","coordinates":[[[120.7903037,23.2016359],[120.7902807,23.2015314],[120.790164,23.2015528],[120.790186,23.2016541],[120.7903037,23.2016359]]]}},{"type":"Feature","properties":{"source":"NLSC_W84_BUILD_2023","record":753789,"settlement":"高中","risk":"medium","height":20},"geometry":{"type":"Polygon","coordinates":[[[120.7673622,23.1669529],[120.7673126,23.1668754],[120.7672777,23.1668969],[120.7673287,23.1669721],[120.7673622,23.1669529]]]}},{"type":"Feature","properties":{"source":"NLSC_W84_BUILD_2023","record":753779,"settlement":"高中","risk":"medium","height":16},"geometry":{"type":"Polygon","coordinates":[[[120.7680726,23.1662884],[120.7680049,23.1662136],[120.7679811,23.1662312],[120.767942,23.1662065],[120.7679383,23.1662099],[120.767821,23.1661404],[120.7677632,23.1662051],[120.7677827,23.1662186],[120.7677877,23.1662126],[120.7679305,23.1663932],[120.7680372,23.1663157],[120.7680726,23.1662884]]]}},{"type":"Feature","properties":{"source":"NLSC_W84_BUILD_2023","record":753787,"settlement":"高中","risk":"medium","height":16},"geometry":{"type":"Polygon","coordinates":[[[120.7675312,23.1668607],[120.7675074,23.1668431],[120.7675217,23.1668228],[120.7674832,23.1667871],[120.7675174,23.1667563],[120.7674673,23.1667029],[120.7673855,23.1666203],[120.767378,23.1666281],[120.767358,23.1666105],[120.7672856,23.1666774],[120.7672531,23.1667072],[120.7672918,23.1667469],[120.767312,23.1667281],[120.7673307,23.1667471],[120.7672645,23.1668129],[120.767335,23.1668724],[120.7673531,23.1668555],[120.7673913,23.1668885],[120.7673764,23.1669054],[120.7674406,23.1669562],[120.7675312,23.1668607]]]}},{"type":"Feature","properties":{"source":"NLSC_W84_BUILD_2023","record":753634,"settlement":"建山","risk":"low","height":14},"geometry":{"type":"Polygon","coordinates":[[[120.7645213,23.1579257],[120.7644037,23.1578392],[120.7643597,23.1578861],[120.764343,23.1578718],[120.764387,23.1578231],[120.7642744,23.1577367],[120.7642242,23.1577905],[120.7643257,23.1578752],[120.7643145,23.1578912],[120.7644525,23.1579995],[120.7645213,23.1579257]]]}},{"type":"Feature","properties":{"source":"NLSC_W84_BUILD_2023","record":753639,"settlement":"建山","risk":"low","height":24},"geometry":{"type":"Polygon","coordinates":[[[120.7639504,23.1581447],[120.763969,23.1581104],[120.7639306,23.1580949],[120.763922,23.1581138],[120.763886,23.1581023],[120.7638253,23.1582139],[120.7638371,23.1582214],[120.7638173,23.1582671],[120.7638587,23.1582849],[120.7638178,23.1583828],[120.7639497,23.1584378],[120.7640036,23.1583067],[120.7639206,23.1582752],[120.7639851,23.1581624],[120.7639504,23.1581447]]]}},{"type":"Feature","properties":{"source":"NLSC_W84_BUILD_2023","record":753636,"settlement":"建山","risk":"low","height":18},"geometry":{"type":"Polygon","coordinates":[[[120.7642494,23.1581362],[120.7640563,23.1580331],[120.7640353,23.1580682],[120.7639703,23.1580336],[120.7639401,23.1580871],[120.7640049,23.1581189],[120.7641943,23.1582243],[120.7642494,23.1581362]]]}},{"type":"Feature","properties":{"source":"NLSC_W84_BUILD_2023","record":755425,"settlement":"梅山","risk":"high","height":12},"geometry":{"type":"Polygon","coordinates":[[[120.8152591,23.2564925],[120.8152178,23.2564906],[120.815216,23.2565259],[120.815258,23.2565291],[120.8152591,23.2564925]]]}},{"type":"Feature","properties":{"source":"NLSC_W84_BUILD_2023","record":753780,"settlement":"高中","risk":"medium","height":18},"geometry":{"type":"Polygon","coordinates":[[[120.7678277,23.1662945],[120.7677344,23.1662425],[120.7676772,23.1663438],[120.767721,23.1663667],[120.7677191,23.1663782],[120.7677667,23.1664019],[120.7678277,23.1662945]]]}},{"type":"Feature","properties":{"source":"NLSC_W84_BUILD_2023","record":755163,"settlement":"桃源","risk":"medium","height":16},"geometry":{"type":"Polygon","coordinates":[[[120.7870822,23.1808408],[120.787085,23.1808297],[120.7871146,23.1808381],[120.7871272,23.1808015],[120.7871034,23.1807931],[120.7870449,23.180742],[120.7869735,23.1807382],[120.7869377,23.180647],[120.7868959,23.1806521],[120.7868574,23.1806835],[120.7868942,23.1807571],[120.7868262,23.1807808],[120.7868643,23.1809085],[120.7870822,23.1808408]]]}},{"type":"Feature","properties":{"source":"NLSC_W84_BUILD_2023","record":753633,"settlement":"建山","risk":"low","height":12},"geometry":{"type":"Polygon","coordinates":[[[120.7645838,23.1578518],[120.7644712,23.1577602],[120.7644272,23.1578151],[120.764543,23.1579045],[120.7645838,23.1578518]]]}},{"type":"Feature","properties":{"source":"NLSC_W84_BUILD_2023","record":753786,"settlement":"高中","risk":"medium","height":14},"geometry":{"type":"Polygon","coordinates":[[[120.7674615,23.1664907],[120.7673681,23.1664599],[120.7673596,23.1664687],[120.7673334,23.1664442],[120.7672872,23.1664871],[120.7673853,23.1665788],[120.7675052,23.16674],[120.7675347,23.1667594],[120.7676052,23.1666748],[120.767618,23.1666748],[120.7675945,23.1666232],[120.7675119,23.1665674],[120.7675367,23.166541],[120.7674615,23.1664907]]]}},{"type":"Feature","properties":{"source":"NLSC_W84_BUILD_2023","record":753764,"settlement":"高中","risk":"medium","height":18},"geometry":{"type":"Polygon","coordinates":[[[120.7686919,23.1655342],[120.7686563,23.1654952],[120.7686158,23.1655244],[120.7686573,23.1655679],[120.7686919,23.1655342]]]}},{"type":"Feature","properties":{"source":"NLSC_W84_BUILD_2023","record":753638,"settlement":"建山","risk":"low","height":22},"geometry":{"type":"Polygon","coordinates":[[[120.7641151,23.1582192],[120.7640197,23.1581682],[120.7639689,23.1582535],[120.7641255,23.1583451],[120.7641565,23.1582988],[120.764089,23.1582627],[120.7641151,23.1582192]]]}},{"type":"Feature","properties":{"source":"NLSC_W84_BUILD_2023","record":753754,"settlement":"高中","risk":"medium","height":14},"geometry":{"type":"Polygon","coordinates":[[[120.7767388,23.1649921],[120.7766642,23.1649525],[120.7766338,23.1650063],[120.7767066,23.165042],[120.7767388,23.1649921]]]}},{"type":"Feature","properties":{"source":"NLSC_W84_BUILD_2023","record":755226,"settlement":"復興","risk":"high","height":14},"geometry":{"type":"Polygon","coordinates":[[[120.8088269,23.2137577],[120.8088093,23.2137086],[120.8087655,23.2137221],[120.8087833,23.2137709],[120.8088269,23.2137577]]]}},{"type":"Feature","properties":{"source":"NLSC_W84_BUILD_2023","record":755423,"settlement":"梅山","risk":"high","height":24},"geometry":{"type":"Polygon","coordinates":[[[120.8139163,23.2557122],[120.8136934,23.2556911],[120.8136882,23.2557372],[120.8139101,23.2557628],[120.8139163,23.2557122]]]}},{"type":"Feature","properties":{"source":"NLSC_W84_BUILD_2023","record":753641,"settlement":"建山","risk":"low","height":12},"geometry":{"type":"Polygon","coordinates":[[[120.7638487,23.1586278],[120.763915,23.1585208],[120.7639458,23.1585358],[120.7639727,23.1584878],[120.7638754,23.1584425],[120.763851,23.1584896],[120.7637689,23.1584497],[120.7637757,23.1584417],[120.7636253,23.1583713],[120.763595,23.1584273],[120.7636655,23.1584629],[120.7636178,23.1585561],[120.7636865,23.1585854],[120.7637014,23.158555],[120.7638487,23.1586278]]]}},{"type":"Feature","properties":{"source":"NLSC_W84_BUILD_2023","record":753611,"settlement":"建山","risk":"low","height":16},"geometry":{"type":"Polygon","coordinates":[[[120.7664266,23.1496323],[120.7664878,23.1495819],[120.7665179,23.1496015],[120.7665491,23.1495606],[120.7664302,23.1494831],[120.7663978,23.1495125],[120.7663583,23.1494903],[120.7663159,23.1495548],[120.7663604,23.1495859],[120.7663639,23.1495821],[120.7664266,23.1496323]]]}},{"type":"Feature","properties":{"source":"NLSC_W84_BUILD_2023","record":751394,"settlement":"建山","risk":"low","height":14},"geometry":{"type":"Polygon","coordinates":[[[120.7643548,23.1580996],[120.7643774,23.1580883],[120.7643789,23.1580913],[120.7643932,23.158083],[120.764416,23.1580587],[120.764424,23.1580501],[120.7644357,23.1580377],[120.7644204,23.1580172],[120.7644386,23.1580039],[120.7644151,23.1579752],[120.7643552,23.1580128],[120.7643768,23.1580412],[120.7643584,23.1580528],[120.7643666,23.1580651],[120.7643418,23.1580795],[120.7643548,23.1580996]]]}},{"type":"Feature","properties":{"source":"NLSC_W84_BUILD_2023","record":753763,"settlement":"高中","risk":"medium","height":16},"geometry":{"type":"Polygon","coordinates":[[[120.768614,23.1654713],[120.7685589,23.1654131],[120.7684731,23.1654889],[120.7685461,23.1655626],[120.7685761,23.1655384],[120.7685584,23.165516],[120.768614,23.1654713]]]}},{"type":"Feature","properties":{"source":"NLSC_W84_BUILD_2023","record":753755,"settlement":"高中","risk":"medium","height":16},"geometry":{"type":"Polygon","coordinates":[[[120.7769901,23.1649648],[120.776849,23.1648989],[120.7768076,23.1649676],[120.7768351,23.1649769],[120.7768097,23.165058],[120.7769526,23.1651063],[120.7770025,23.1649819],[120.776986,23.1649765],[120.7769901,23.1649648]]]}},{"type":"Feature","properties":{"source":"NLSC_W84_BUILD_2023","record":755319,"settlement":"復興","risk":"high","height":24},"geometry":{"type":"Polygon","coordinates":[[[120.8058795,23.2265018],[120.8058173,23.2264647],[120.8057975,23.2264946],[120.8057206,23.2266112],[120.8057289,23.2266626],[120.8057117,23.2266905],[120.805785,23.2267327],[120.8059238,23.2265255],[120.8058795,23.2265018]]]}},{"type":"Feature","properties":{"source":"NLSC_W84_BUILD_2023","record":755424,"settlement":"梅山","risk":"high","height":10},"geometry":{"type":"Polygon","coordinates":[[[120.8136511,23.255728],[120.8136006,23.2557278],[120.8135991,23.2557741],[120.8136502,23.2557756],[120.8136511,23.255728]]]}},{"type":"Feature","properties":{"source":"NLSC_W84_BUILD_2023","record":751401,"settlement":"高中","risk":"medium","height":12},"geometry":{"type":"Polygon","coordinates":[[[120.7674305,23.1664247],[120.7675076,23.1663517],[120.7674894,23.166334],[120.7674521,23.1663674],[120.76743,23.1663459],[120.7673895,23.1663833],[120.7674305,23.1664247]]]}},{"type":"Feature","properties":{"source":"NLSC_W84_BUILD_2023","record":753759,"settlement":"高中","risk":"medium","height":24},"geometry":{"type":"Polygon","coordinates":[[[120.7686312,23.1653989],[120.7685787,23.1653361],[120.7685334,23.1653651],[120.768592,23.1654269],[120.7686312,23.1653989]]]}},{"type":"Feature","properties":{"source":"NLSC_W84_BUILD_2023","record":755165,"settlement":"桃源","risk":"medium","height":20},"geometry":{"type":"Polygon","coordinates":[[[120.7875045,23.1809122],[120.7874381,23.1807808],[120.7873477,23.1808209],[120.7873982,23.1809205],[120.7874379,23.1809035],[120.7874561,23.1809341],[120.7875045,23.1809122]]]}},{"type":"Feature","properties":{"source":"NLSC_W84_BUILD_2023","record":753647,"settlement":"建山","risk":"low","height":24},"geometry":{"type":"Polygon","coordinates":[[[120.763858,23.1586518],[120.7638072,23.1586272],[120.7637465,23.1587285],[120.7637972,23.1587526],[120.763858,23.1586518]]]}},{"type":"Feature","properties":{"source":"NLSC_W84_BUILD_2023","record":753752,"settlement":"高中","risk":"medium","height":10},"geometry":{"type":"Polygon","coordinates":[[[120.7768362,23.1647875],[120.7767997,23.1647672],[120.776786,23.1647862],[120.7767765,23.1647817],[120.7767413,23.1648337],[120.7768168,23.1648743],[120.776848,23.1648209],[120.7768239,23.1648088],[120.7768362,23.1647875]]]}},{"type":"Feature","properties":{"source":"NLSC_W84_BUILD_2023","record":755156,"settlement":"桃源","risk":"medium","height":18},"geometry":{"type":"Polygon","coordinates":[[[120.7861989,23.1800753],[120.7862349,23.1799758],[120.78619,23.1799628],[120.7861805,23.1799109],[120.7861245,23.1799438],[120.7861092,23.179992],[120.7860877,23.1799847],[120.7860662,23.1799774],[120.7860459,23.1799705],[120.786023,23.1800261],[120.7861989,23.1800753]]]}},{"type":"Feature","properties":{"source":"NLSC_W84_BUILD_2023","record":753778,"settlement":"高中","risk":"medium","height":14},"geometry":{"type":"Polygon","coordinates":[[[120.7674534,23.1662847],[120.7674029,23.1662318],[120.7673315,23.1662943],[120.7673914,23.1663525],[120.7674534,23.1662847]]]}},{"type":"Feature","properties":{"source":"NLSC_W84_BUILD_2023","record":753784,"settlement":"高中","risk":"medium","height":10},"geometry":{"type":"Polygon","coordinates":[[[120.7672466,23.1663512],[120.7671952,23.1663265],[120.767139,23.1663617],[120.7671685,23.1663899],[120.767058,23.1665396],[120.7671999,23.1666286],[120.7672951,23.1665062],[120.767247,23.1664694],[120.7673085,23.1664005],[120.7672466,23.1663512]]]}},{"type":"Feature","properties":{"source":"NLSC_W84_BUILD_2023","record":753766,"settlement":"高中","risk":"medium","height":22},"geometry":{"type":"Polygon","coordinates":[[[120.7681466,23.1656092],[120.7680928,23.165558],[120.7680327,23.1656165],[120.7680859,23.165667],[120.7681466,23.1656092]]]}},{"type":"Feature","properties":{"source":"NLSC_W84_BUILD_2023","record":755311,"settlement":"復興","risk":"high","height":24},"geometry":{"type":"Polygon","coordinates":[[[120.8110495,23.2214698],[120.81101,23.2214448],[120.8109655,23.221505],[120.8110051,23.22153],[120.8110495,23.2214698]]]}},{"type":"Feature","properties":{"source":"NLSC_W84_BUILD_2023","record":753648,"settlement":"建山","risk":"low","height":10},"geometry":{"type":"Polygon","coordinates":[[[120.7640672,23.1587601],[120.7641111,23.1586966],[120.7641489,23.1587183],[120.7642523,23.1585879],[120.7642455,23.158581],[120.7643068,23.158498],[120.7643477,23.1584414],[120.7642747,23.1583789],[120.7642363,23.1584293],[120.7641954,23.1584711],[120.7641694,23.1584516],[120.7641457,23.1584324],[120.764048,23.1585672],[120.7639557,23.1587005],[120.7640672,23.1587601]]]}},{"type":"Feature","properties":{"source":"NLSC_W84_BUILD_2023","record":753637,"settlement":"建山","risk":"low","height":20},"geometry":{"type":"Polygon","coordinates":[[[120.7646809,23.1582497],[120.7647533,23.1581576],[120.7647614,23.1581656],[120.7648784,23.1580374],[120.7647992,23.1579664],[120.764772,23.1579985],[120.764759,23.157987],[120.764733,23.1580173],[120.7647707,23.1580517],[120.7647243,23.1580992],[120.7646915,23.1580694],[120.7646617,23.1581043],[120.7645961,23.1580556],[120.7645893,23.1580648],[120.7645788,23.1580556],[120.764528,23.1581146],[120.7645361,23.1581209],[120.764528,23.1581363],[120.7646809,23.1582497]]]}},{"type":"Feature","properties":{"source":"NLSC_W84_BUILD_2023","record":755164,"settlement":"桃源","risk":"medium","height":18},"geometry":{"type":"Polygon","coordinates":[[[120.7876693,23.1809263],[120.7877402,23.1808841],[120.7876675,23.1807779],[120.7875943,23.1808237],[120.7876455,23.1809012],[120.7876516,23.1808994],[120.7876693,23.1809263]]]}},{"type":"Feature","properties":{"source":"NLSC_W84_BUILD_2023","record":753757,"settlement":"高中","risk":"medium","height":20},"geometry":{"type":"Polygon","coordinates":[[[120.7684852,23.1652292],[120.7684495,23.1651997],[120.768409,23.1652456],[120.7684461,23.1652744],[120.7684852,23.1652292]]]}},{"type":"Feature","properties":{"source":"NLSC_W84_BUILD_2023","record":753776,"settlement":"高中","risk":"medium","height":10},"geometry":{"type":"Polygon","coordinates":[[[120.7673601,23.166223],[120.7672896,23.1661622],[120.7672248,23.1662106],[120.7672258,23.16623],[120.7672962,23.1662917],[120.7673601,23.166223]]]}},{"type":"Feature","properties":{"source":"NLSC_W84_BUILD_2023","record":755161,"settlement":"桃源","risk":"medium","height":12},"geometry":{"type":"Polygon","coordinates":[[[120.7873661,23.1804607],[120.7873217,23.1804603],[120.7873228,23.1804887],[120.787233,23.1804908],[120.7872317,23.1805863],[120.7873702,23.1805813],[120.7873661,23.1804607]]]}},{"type":"Feature","properties":{"source":"NLSC_W84_BUILD_2023","record":753590,"settlement":"建山","risk":"low","height":22},"geometry":{"type":"Polygon","coordinates":[[[120.7594114,23.1442519],[120.7593396,23.1441925],[120.7593029,23.1442312],[120.7593084,23.1442446],[120.7593689,23.144296],[120.7594114,23.1442519]]]}},{"type":"Feature","properties":{"source":"NLSC_W84_BUILD_2023","record":755221,"settlement":"勤和","risk":"high","height":20},"geometry":{"type":"Polygon","coordinates":[[[120.8022102,23.2111908],[120.8021986,23.2111473],[120.8021603,23.2111544],[120.8021739,23.2111993],[120.8022102,23.2111908]]]}},{"type":"Feature","properties":{"source":"NLSC_W84_BUILD_2023","record":755201,"settlement":"勤和","risk":"high","height":12},"geometry":{"type":"Polygon","coordinates":[[[120.7908459,23.2005388],[120.7909468,23.2005084],[120.7909511,23.2005212],[120.7910084,23.2005047],[120.7909784,23.200401],[120.7908175,23.2004407],[120.7908459,23.2005388]]]}},{"type":"Feature","properties":{"source":"NLSC_W84_BUILD_2023","record":755202,"settlement":"勤和","risk":"high","height":14},"geometry":{"type":"Polygon","coordinates":[[[120.7906472,23.200699],[120.790648,23.2006285],[120.7906245,23.2006294],[120.79062,23.2005962],[120.7905675,23.2006114],[120.7905784,23.2007106],[120.7906472,23.200699]]]}},{"type":"Feature","properties":{"source":"NLSC_W84_BUILD_2023","record":753697,"settlement":"建山","risk":"low","height":12},"geometry":{"type":"Polygon","coordinates":[[[120.760401,23.1603217],[120.7604271,23.160286],[120.7603931,23.1602653],[120.7603651,23.160296],[120.7603835,23.1603144],[120.7603875,23.1603079],[120.760401,23.1603217]]]}},{"type":"Feature","properties":{"source":"NLSC_W84_BUILD_2023","record":753768,"settlement":"高中","risk":"medium","height":10},"geometry":{"type":"Polygon","coordinates":[[[120.7678215,23.1656771],[120.7677999,23.165661],[120.7677235,23.1657484],[120.7677455,23.1657648],[120.7678215,23.1656771]]]}},{"type":"Feature","properties":{"source":"NLSC_W84_BUILD_2023","record":754876,"settlement":"桃源","risk":"medium","height":18},"geometry":{"type":"Polygon","coordinates":[[[120.7808767,23.1792783],[120.7809234,23.1791612],[120.7807995,23.1791213],[120.7807758,23.1791832],[120.7807673,23.1791799],[120.7807462,23.1792344],[120.7808767,23.1792783]]]}},{"type":"Feature","properties":{"source":"NLSC_W84_BUILD_2023","record":751249,"settlement":"高中","risk":"medium","height":12},"geometry":{"type":"Polygon","coordinates":[[[120.7669136,23.1665312],[120.7668736,23.1665176],[120.7668657,23.1665387],[120.7669061,23.1665517],[120.7669136,23.1665312]]]}},{"type":"Feature","properties":{"source":"NLSC_W84_BUILD_2023","record":753770,"settlement":"高中","risk":"medium","height":14},"geometry":{"type":"Polygon","coordinates":[[[120.7674086,23.1659934],[120.7673832,23.1659727],[120.7673547,23.1660086],[120.7673805,23.1660263],[120.7674086,23.1659934]]]}},{"type":"Feature","properties":{"source":"NLSC_W84_BUILD_2023","record":753640,"settlement":"建山","risk":"low","height":10},"geometry":{"type":"Polygon","coordinates":[[[120.7645179,23.1585416],[120.764635,23.1584306],[120.7646709,23.1584632],[120.7647043,23.1584312],[120.7646109,23.1583396],[120.7645768,23.1583682],[120.7645471,23.1583378],[120.7644499,23.1584265],[120.7644753,23.1584517],[120.7644554,23.1584809],[120.7645179,23.1585416]]]}},{"type":"Feature","properties":{"source":"NLSC_W84_BUILD_2023","record":753645,"settlement":"建山","risk":"low","height":20},"geometry":{"type":"Polygon","coordinates":[[[120.7645402,23.1586326],[120.764461,23.1585696],[120.7644628,23.158545],[120.7643774,23.1584568],[120.7643062,23.1585472],[120.7644442,23.1586417],[120.7644547,23.1586297],[120.7644733,23.1586412],[120.7644299,23.1587133],[120.7644764,23.1587322],[120.7645402,23.1586326]]]}},{"type":"Feature","properties":{"source":"NLSC_W84_BUILD_2023","record":754878,"settlement":"桃源","risk":"medium","height":22},"geometry":{"type":"Polygon","coordinates":[[[120.785748,23.1794728],[120.7856652,23.1794348],[120.7856256,23.1795202],[120.7857132,23.1795562],[120.785748,23.1794728]]]}},{"type":"Feature","properties":{"source":"NLSC_W84_BUILD_2023","record":754877,"settlement":"桃源","risk":"medium","height":20},"geometry":{"type":"Polygon","coordinates":[[[120.7856417,23.1794256],[120.7855603,23.179388],[120.7855554,23.179399],[120.7855306,23.1793891],[120.785513,23.1794226],[120.7855365,23.1794334],[120.7855178,23.1794715],[120.7856026,23.1795081],[120.7856417,23.1794256]]]}},{"type":"Feature","properties":{"source":"NLSC_W84_BUILD_2023","record":754873,"settlement":"桃源","risk":"medium","height":12},"geometry":{"type":"Polygon","coordinates":[[[120.7807225,23.1790808],[120.780592,23.1790405],[120.7805481,23.1791611],[120.7806809,23.1792007],[120.7807225,23.1790808]]]}},{"type":"Feature","properties":{"source":"NLSC_W84_BUILD_2023","record":754879,"settlement":"高中","risk":"medium","height":24},"geometry":{"type":"Polygon","coordinates":[[[120.7746704,23.1798814],[120.7746283,23.1798671],[120.7746097,23.1799215],[120.77465,23.1799346],[120.7746704,23.1798814]]]}},{"type":"Feature","properties":{"source":"NLSC_W84_BUILD_2023","record":753664,"settlement":"建山","risk":"low","height":10},"geometry":{"type":"Polygon","coordinates":[[[120.7637868,23.1593789],[120.7638557,23.1592073],[120.7637862,23.1591848],[120.7637922,23.1591688],[120.7637452,23.1591539],[120.7636626,23.1591276],[120.763533,23.1590863],[120.7634764,23.1592219],[120.763599,23.1592651],[120.7636068,23.1592457],[120.763672,23.1592673],[120.7636517,23.1593398],[120.7637868,23.1593789]]]}},{"type":"Feature","properties":{"source":"NLSC_W84_BUILD_2023","record":753777,"settlement":"高中","risk":"medium","height":12},"geometry":{"type":"Polygon","coordinates":[[[120.7671095,23.1663075],[120.7671395,23.1662882],[120.7671469,23.1662998],[120.7672038,23.1662709],[120.7671481,23.1661844],[120.7671362,23.1661904],[120.7670686,23.1660808],[120.7669877,23.166126],[120.7669522,23.1661478],[120.7669396,23.1661289],[120.7669575,23.1661175],[120.7669342,23.1660872],[120.7668801,23.1661229],[120.7668893,23.1661345],[120.7668934,23.1661321],[120.7669733,23.1662572],[120.7669905,23.1662722],[120.76703,23.1662472],[120.7670846,23.1663224],[120.7671095,23.1663075]]]}},{"type":"Feature","properties":{"source":"NLSC_W84_BUILD_2023","record":753771,"settlement":"高中","risk":"medium","height":16},"geometry":{"type":"Polygon","coordinates":[[[120.7673335,23.165928],[120.7672211,23.1658804],[120.7671735,23.1659535],[120.767222,23.1659808],[120.7672125,23.1659975],[120.7672599,23.1660235],[120.7672444,23.1660515],[120.7672686,23.1660634],[120.7672852,23.1660338],[120.7672704,23.1660258],[120.7673335,23.165928]]]}},{"type":"Feature","properties":{"source":"NLSC_W84_BUILD_2023","record":753651,"settlement":"建山","risk":"low","height":16},"geometry":{"type":"Polygon","coordinates":[[[120.764396,23.1588041],[120.7642465,23.1587266],[120.7642372,23.1587421],[120.7642072,23.1587274],[120.7641642,23.1588031],[120.7643476,23.1588879],[120.764396,23.1588041]]]}},{"type":"Feature","properties":{"source":"NLSC_W84_BUILD_2023","record":753781,"settlement":"高中","risk":"medium","height":20},"geometry":{"type":"Polygon","coordinates":[[[120.7669808,23.1663808],[120.7669227,23.1663139],[120.766905,23.1663284],[120.7668825,23.1662994],[120.766871,23.1663072],[120.766825,23.166247],[120.7667869,23.1662754],[120.7668695,23.1663895],[120.7669236,23.1664124],[120.7669808,23.1663808]]]}},{"type":"Feature","properties":{"source":"NLSC_W84_BUILD_2023","record":755162,"settlement":"桃源","risk":"medium","height":14},"geometry":{"type":"Polygon","coordinates":[[[120.7879979,23.1807658],[120.7879644,23.1805849],[120.7878723,23.1806051],[120.7878745,23.1806095],[120.7878788,23.1806317],[120.7878416,23.1806405],[120.7878641,23.1807276],[120.7878966,23.1807202],[120.7879104,23.180781],[120.7879979,23.1807658]]]}},{"type":"Feature","properties":{"source":"NLSC_W84_BUILD_2023","record":755366,"settlement":"梅山","risk":"high","height":22},"geometry":{"type":"Polygon","coordinates":[[[120.8202344,23.2414885],[120.8201977,23.2413953],[120.8201306,23.2414206],[120.8201758,23.2415111],[120.8202344,23.2414885]]]}},{"type":"Feature","properties":{"source":"NLSC_W84_BUILD_2023","record":753782,"settlement":"高中","risk":"medium","height":22},"geometry":{"type":"Polygon","coordinates":[[[120.766819,23.1664028],[120.7667354,23.1663575],[120.7667162,23.1663991],[120.7668087,23.1664379],[120.7668171,23.1664208],[120.7668113,23.1664184],[120.766819,23.1664028]]]}},{"type":"Feature","properties":{"source":"NLSC_W84_BUILD_2023","record":753619,"settlement":"建山","risk":"low","height":16},"geometry":{"type":"Polygon","coordinates":[[[120.7675134,23.1528478],[120.7676021,23.1527938],[120.7675578,23.1527257],[120.767515,23.1527556],[120.7674915,23.1527216],[120.7674446,23.152749],[120.7674733,23.15279],[120.7674595,23.1527996],[120.7674844,23.1528327],[120.7674978,23.1528273],[120.7675134,23.1528478]]]}},{"type":"Feature","properties":{"source":"NLSC_W84_BUILD_2023","record":755159,"settlement":"桃源","risk":"medium","height":24},"geometry":{"type":"Polygon","coordinates":[[[120.7874698,23.1801887],[120.7874207,23.1801818],[120.7874116,23.1802218],[120.7874615,23.1802281],[120.7874698,23.1801887]]]}},{"type":"Feature","properties":{"source":"NLSC_W84_BUILD_2023","record":754875,"settlement":"桃源","risk":"medium","height":16},"geometry":{"type":"Polygon","coordinates":[[[120.7855941,23.1791522],[120.7854783,23.1791257],[120.785447,23.1792259],[120.7855591,23.179253],[120.7855941,23.1791522]]]}},{"type":"Feature","properties":{"source":"NLSC_W84_BUILD_2023","record":754871,"settlement":"桃源","risk":"medium","height":24},"geometry":{"type":"Polygon","coordinates":[[[120.7806859,23.1788256],[120.7805901,23.1787921],[120.7805358,23.1789215],[120.7805644,23.1789304],[120.7805529,23.1789568],[120.7806263,23.1789823],[120.780612,23.1790167],[120.7807223,23.1790541],[120.7807587,23.1789603],[120.7806825,23.1789348],[120.7806882,23.1789154],[120.7806787,23.1788978],[120.7806606,23.1788907],[120.7806859,23.1788256]]]}},{"type":"Feature","properties":{"source":"NLSC_W84_BUILD_2023","record":754872,"settlement":"桃源","risk":"medium","height":10},"geometry":{"type":"Polygon","coordinates":[[[120.7808724,23.1791054],[120.7808832,23.1790799],[120.7809558,23.1791022],[120.7809787,23.1790405],[120.7810082,23.1790485],[120.78106,23.1789199],[120.7810502,23.1789164],[120.7810798,23.1788345],[120.7811131,23.1788451],[120.7812027,23.1786161],[120.7810694,23.1785773],[120.7809883,23.178786],[120.7809521,23.1787737],[120.780913,23.1788723],[120.7809549,23.1788855],[120.7809197,23.1789798],[120.7809016,23.1789806],[120.7808797,23.1789868],[120.7808701,23.1790027],[120.7808301,23.1789894],[120.7807949,23.179081],[120.7808724,23.1791054]]]}},{"type":"Feature","properties":{"source":"NLSC_W84_BUILD_2023","record":753751,"settlement":"高中","risk":"medium","height":24},"geometry":{"type":"Polygon","coordinates":[[[120.7773353,23.1645048],[120.7772922,23.1644651],[120.7772686,23.1644907],[120.7773121,23.1645274],[120.7773353,23.1645048]]]}},{"type":"Feature","properties":{"source":"NLSC_W84_BUILD_2023","record":751248,"settlement":"高中","risk":"medium","height":10},"geometry":{"type":"Polygon","coordinates":[[[120.7667399,23.1663041],[120.7667305,23.1662731],[120.7666955,23.1662819],[120.7667072,23.1663124],[120.7667399,23.1663041]]]}},{"type":"Feature","properties":{"source":"NLSC_W84_BUILD_2023","record":755160,"settlement":"桃源","risk":"medium","height":10},"geometry":{"type":"Polygon","coordinates":[[[120.7875223,23.1803137],[120.787526,23.1802913],[120.7875764,23.1803023],[120.7875865,23.1802622],[120.7875983,23.1802647],[120.7876103,23.1802168],[120.7875966,23.1802139],[120.7876139,23.1801448],[120.7875136,23.180121],[120.7874613,23.1803051],[120.7875223,23.1803137]]]}},{"type":"Feature","properties":{"source":"NLSC_W84_BUILD_2023","record":753656,"settlement":"建山","risk":"low","height":10},"geometry":{"type":"Polygon","coordinates":[[[120.7645356,23.1589838],[120.7645536,23.1589468],[120.7646087,23.1589738],[120.7647246,23.1587821],[120.7645154,23.1586824],[120.7643971,23.1588701],[120.7644378,23.1588901],[120.7644148,23.1589331],[120.764451,23.1589486],[120.7645356,23.1589838]]]}},{"type":"Feature","properties":{"source":"NLSC_W84_BUILD_2023","record":753772,"settlement":"高中","risk":"medium","height":18},"geometry":{"type":"Polygon","coordinates":[[[120.7669251,23.1660706],[120.766964,23.1660361],[120.7669764,23.1660452],[120.7670686,23.1659376],[120.7670322,23.1659093],[120.7670249,23.1659174],[120.7669836,23.1658853],[120.7670504,23.1658117],[120.7670042,23.1657757],[120.7669113,23.1658779],[120.7669607,23.1659163],[120.7669543,23.1659232],[120.7669445,23.1659163],[120.7668981,23.1659687],[120.7669065,23.1659758],[120.7668992,23.1659838],[120.7669257,23.1660068],[120.766891,23.166041],[120.7669251,23.1660706]]]}},{"type":"Feature","properties":{"source":"NLSC_W84_BUILD_2023","record":753773,"settlement":"高中","risk":"medium","height":20},"geometry":{"type":"Polygon","coordinates":[[[120.7668351,23.1660679],[120.7668135,23.166051],[120.766783,23.1660833],[120.7668053,23.1661022],[120.7668351,23.1660679]]]}},{"type":"Feature","properties":{"source":"NLSC_W84_BUILD_2023","record":754874,"settlement":"桃源","risk":"medium","height":14},"geometry":{"type":"Polygon","coordinates":[[[120.7857889,23.1790892],[120.7856821,23.1790622],[120.785643,23.1791927],[120.7857541,23.179217],[120.7857499,23.1792381],[120.7857872,23.1792458],[120.7857886,23.1792414],[120.7858328,23.1791003],[120.7857889,23.1790892]]]}},{"type":"Feature","properties":{"source":"NLSC_W84_BUILD_2023","record":755150,"settlement":"桃源","risk":"medium","height":22},"geometry":{"type":"Polygon","coordinates":[[[120.7860802,23.1793264],[120.7861006,23.1792083],[120.7860628,23.1792031],[120.7860583,23.1792264],[120.7860408,23.1792234],[120.7860368,23.1792482],[120.7860542,23.1792518],[120.7860427,23.1793219],[120.7860802,23.1793264]]]}},{"type":"Feature","properties":{"source":"NLSC_W84_BUILD_2023","record":753609,"settlement":"建山","risk":"low","height":12},"geometry":{"type":"Polygon","coordinates":[[[120.7514777,23.1486735],[120.7514442,23.14863],[120.7514001,23.1486605],[120.7514327,23.1487028],[120.7514777,23.1486735]]]}},{"type":"Feature","properties":{"source":"NLSC_W84_BUILD_2023","record":753670,"settlement":"建山","risk":"low","height":22},"geometry":{"type":"Polygon","coordinates":[[[120.7641371,23.159492],[120.7641526,23.1594604],[120.7641687,23.1594667],[120.764227,23.1593296],[120.7641618,23.1593049],[120.7641649,23.1592953],[120.7640781,23.1592636],[120.7640745,23.1592754],[120.7639965,23.1592489],[120.7638936,23.1594835],[120.7641177,23.1595681],[120.7641536,23.1594982],[120.7641371,23.159492]]]}},{"type":"Feature","properties":{"source":"NLSC_W84_BUILD_2023","record":755325,"settlement":"拉芙蘭","risk":"medium","height":20},"geometry":{"type":"Polygon","coordinates":[[[120.8123757,23.2358034],[120.8123552,23.2357433],[120.8122642,23.2357731],[120.8122877,23.235832],[120.8123757,23.2358034]]]}},{"type":"Feature","properties":{"source":"NLSC_W84_BUILD_2023","record":753642,"settlement":"建山","risk":"low","height":14},"geometry":{"type":"Polygon","coordinates":[[[120.7654868,23.1585706],[120.7653171,23.158535],[120.765312,23.1585534],[120.7649197,23.1584624],[120.7649162,23.1584756],[120.7648234,23.1584542],[120.7648077,23.1585285],[120.7648949,23.1585469],[120.7648984,23.1585335],[120.7652963,23.1586239],[120.7652948,23.158634],[120.7654644,23.1586719],[120.7654868,23.1585706]]]}},{"type":"Feature","properties":{"source":"NLSC_W84_BUILD_2023","record":753760,"settlement":"高中","risk":"medium","height":10},"geometry":{"type":"Polygon","coordinates":[[[120.7788013,23.1654496],[120.7788115,23.165401],[120.7788269,23.1654036],[120.7788383,23.1653472],[120.7788429,23.1653516],[120.7789168,23.1652728],[120.7788125,23.1651781],[120.77874,23.1652526],[120.7788059,23.165316],[120.7787575,23.1653077],[120.7787543,23.1653236],[120.7787431,23.1653217],[120.7787201,23.1654356],[120.7788013,23.1654496]]]}},{"type":"Feature","properties":{"source":"NLSC_W84_BUILD_2023","record":754881,"settlement":"高中","risk":"medium","height":12},"geometry":{"type":"Polygon","coordinates":[[[120.7711245,23.1802685],[120.7711568,23.1802632],[120.7711583,23.1802678],[120.7712236,23.1802595],[120.7712209,23.1802287],[120.7712459,23.1802244],[120.7712402,23.1802005],[120.7711186,23.1802215],[120.7711245,23.1802685]]]}},{"type":"Feature","properties":{"source":"NLSC_W84_BUILD_2023","record":753756,"settlement":"高中","risk":"medium","height":18},"geometry":{"type":"Polygon","coordinates":[[[120.7787634,23.1652095],[120.7787197,23.1651819],[120.7786769,23.1652399],[120.7787217,23.165266],[120.7787634,23.1652095]]]}},{"type":"Feature","properties":{"source":"NLSC_W84_BUILD_2023","record":753767,"settlement":"高中","risk":"medium","height":24},"geometry":{"type":"Polygon","coordinates":[[[120.7670546,23.1656427],[120.7669955,23.1656011],[120.7669669,23.1656379],[120.7670259,23.165678],[120.7670546,23.1656427]]]}},{"type":"Feature","properties":{"source":"NLSC_W84_BUILD_2023","record":753607,"settlement":"建山","risk":"low","height":24},"geometry":{"type":"Polygon","coordinates":[[[120.7669904,23.1484296],[120.7669806,23.1483574],[120.7669467,23.1483604],[120.7669515,23.1483874],[120.7669395,23.1483879],[120.766944,23.1484343],[120.7669904,23.1484296]]]}},{"type":"Feature","properties":{"source":"NLSC_W84_BUILD_2023","record":755152,"settlement":"桃源","risk":"medium","height":10},"geometry":{"type":"Polygon","coordinates":[[[120.7873053,23.179631],[120.7872888,23.1795401],[120.7871359,23.1795611],[120.7871486,23.1796573],[120.7872608,23.1796446],[120.7872593,23.1796377],[120.7873053,23.179631]]]}},{"type":"Feature","properties":{"source":"NLSC_W84_BUILD_2023","record":753587,"settlement":"建山","risk":"low","height":16},"geometry":{"type":"Polygon","coordinates":[[[120.7577822,23.143683],[120.7577906,23.1436547],[120.7578301,23.1436637],[120.7578526,23.1435833],[120.7577654,23.1435627],[120.7577329,23.143673],[120.7577822,23.143683]]]}},{"type":"Feature","properties":{"source":"NLSC_W84_BUILD_2023","record":753674,"settlement":"建山","risk":"low","height":14},"geometry":{"type":"Polygon","coordinates":[[[120.7642032,23.159624],[120.7639925,23.1595429],[120.76396,23.1596168],[120.7641682,23.1596968],[120.7642032,23.159624]]]}},{"type":"Feature","properties":{"source":"NLSC_W84_BUILD_2023","record":753671,"settlement":"建山","risk":"low","height":24},"geometry":{"type":"Polygon","coordinates":[[[120.7643341,23.1594568],[120.7642318,23.1594241],[120.7641909,23.1595397],[120.764297,23.1595765],[120.764328,23.1594999],[120.7643341,23.1594568]]]}},{"type":"Feature","properties":{"source":"NLSC_W84_BUILD_2023","record":754870,"settlement":"桃源","risk":"medium","height":22},"geometry":{"type":"Polygon","coordinates":[[[120.7856887,23.1788566],[120.7856808,23.1787374],[120.7855594,23.1787415],[120.7855641,23.1788591],[120.7856887,23.1788566]]]}},{"type":"Feature","properties":{"source":"NLSC_W84_BUILD_2023","record":753742,"settlement":"高中","risk":"medium","height":22},"geometry":{"type":"Polygon","coordinates":[[[120.7735392,23.1630029],[120.7735031,23.1629504],[120.7734751,23.1629668],[120.7735113,23.1630193],[120.7735392,23.1630029]]]}},{"type":"Feature","properties":{"source":"NLSC_W84_BUILD_2023","record":754903,"settlement":"桃源","risk":"medium","height":24},"geometry":{"type":"Polygon","coordinates":[[[120.7739128,23.1861655],[120.7738927,23.1861354],[120.7738242,23.1861642],[120.7738403,23.1861989],[120.7739128,23.1861655]]]}},{"type":"Feature","properties":{"source":"NLSC_W84_BUILD_2023","record":753596,"settlement":"建山","risk":"low","height":18},"geometry":{"type":"Polygon","coordinates":[[[120.7649227,23.1454162],[120.7648878,23.1453972],[120.7648256,23.1454717],[120.7648684,23.1454937],[120.7648519,23.1455493],[120.7648471,23.1455651],[120.7648616,23.1455686],[120.7648608,23.1455719],[120.7649127,23.1455826],[120.7649498,23.1454533],[120.7649296,23.145439],[120.7649167,23.1454296],[120.7649227,23.1454162]]]}},{"type":"Feature","properties":{"source":"NLSC_W84_BUILD_2023","record":753677,"settlement":"建山","risk":"low","height":20},"geometry":{"type":"Polygon","coordinates":[[[120.764122,23.1596904],[120.7640034,23.1596498],[120.7639456,23.1598],[120.7640611,23.1598408],[120.764122,23.1596904]]]}},{"type":"Feature","properties":{"source":"NLSC_W84_BUILD_2023","record":754885,"settlement":"高中","risk":"medium","height":20},"geometry":{"type":"Polygon","coordinates":[[[120.7721099,23.1807548],[120.7721358,23.1807181],[120.772048,23.1806545],[120.7720082,23.1806956],[120.7720709,23.1807443],[120.7720834,23.1807319],[120.7721099,23.1807548]]]}},{"type":"Feature","properties":{"source":"NLSC_W84_BUILD_2023","record":753746,"settlement":"高中","risk":"medium","height":14},"geometry":{"type":"Polygon","coordinates":[[[120.7705684,23.1632882],[120.7705701,23.16323],[120.7705285,23.1632294],[120.7705296,23.1631691],[120.7704181,23.1631674],[120.7704173,23.1632101],[120.7704742,23.1632109],[120.7704738,23.1632391],[120.7703846,23.1632379],[120.7703838,23.1632857],[120.7705684,23.1632882]]]}},{"type":"Feature","properties":{"source":"NLSC_W84_BUILD_2023","record":755151,"settlement":"桃源","risk":"medium","height":24},"geometry":{"type":"Polygon","coordinates":[[[120.7871722,23.1793778],[120.7871662,23.1793122],[120.787149,23.1793141],[120.7871363,23.1791941],[120.7869998,23.1792104],[120.7870244,23.1793986],[120.7871722,23.1793778]]]}},{"type":"Feature","properties":{"source":"NLSC_W84_BUILD_2023","record":754869,"settlement":"桃源","risk":"medium","height":20},"geometry":{"type":"Polygon","coordinates":[[[120.7800478,23.1785168],[120.7800389,23.1784935],[120.7799247,23.17853],[120.779937,23.1785553],[120.7800478,23.1785168]]]}},{"type":"Feature","properties":{"source":"NLSC_W84_BUILD_2023","record":753643,"settlement":"建山","risk":"low","height":16},"geometry":{"type":"Polygon","coordinates":[[[120.7657801,23.158553],[120.7657783,23.1585482],[120.7657731,23.1585441],[120.7657568,23.1585379],[120.7657119,23.1585237],[120.7657017,23.1585521],[120.7655803,23.1585117],[120.7655629,23.1585123],[120.7655477,23.1585152],[120.7655362,23.1585253],[120.7655296,23.1585364],[120.7655267,23.1585576],[120.765532,23.1585801],[120.7655395,23.1585957],[120.7655521,23.1586079],[120.7656613,23.1586438],[120.7656522,23.1586716],[120.7657198,23.1586911],[120.7657617,23.1585692],[120.7657687,23.1585692],[120.7657714,23.1585684],[120.7657749,23.1585676],[120.7657757,23.1585652],[120.7657784,23.1585611],[120.7657801,23.1585571],[120.7657801,23.158553]]]}},{"type":"Feature","properties":{"source":"NLSC_W84_BUILD_2023","record":755324,"settlement":"拉芙蘭","risk":"medium","height":18},"geometry":{"type":"Polygon","coordinates":[[[120.8114715,23.235335],[120.8114012,23.2353276],[120.8113942,23.2353814],[120.8114622,23.2353888],[120.8114715,23.235335]]]}},{"type":"Feature","properties":{"source":"NLSC_W84_BUILD_2023","record":755426,"settlement":"梅山","risk":"high","height":14},"geometry":{"type":"Polygon","coordinates":[[[120.8139288,23.2573796],[120.8138763,23.2573794],[120.8138755,23.2574288],[120.8139283,23.2574297],[120.8139288,23.2573796]]]}},{"type":"Feature","properties":{"source":"NLSC_W84_BUILD_2023","record":753605,"settlement":"建山","risk":"low","height":20},"geometry":{"type":"Polygon","coordinates":[[[120.7670284,23.147677],[120.7669761,23.1476759],[120.7669759,23.147752],[120.7670283,23.1477521],[120.7670284,23.147677]]]}},{"type":"Feature","properties":{"source":"NLSC_W84_BUILD_2023","record":755153,"settlement":"桃源","risk":"medium","height":12},"geometry":{"type":"Polygon","coordinates":[[[120.7877921,23.1796495],[120.7877499,23.1794927],[120.7876192,23.1795224],[120.7876661,23.1796797],[120.7877921,23.1796495]]]}},{"type":"Feature","properties":{"source":"NLSC_W84_BUILD_2023","record":754866,"settlement":"桃源","risk":"medium","height":14},"geometry":{"type":"Polygon","coordinates":[[[120.7804207,23.1782334],[120.7803471,23.1782145],[120.7802872,23.17838],[120.7803563,23.1783993],[120.7803432,23.1784413],[120.7804111,23.1784593],[120.7804716,23.178296],[120.7804056,23.1782778],[120.7804207,23.1782334]]]}},{"type":"Feature","properties":{"source":"NLSC_W84_BUILD_2023","record":755200,"settlement":"勤和","risk":"high","height":10},"geometry":{"type":"Polygon","coordinates":[[[120.7893737,23.2004582],[120.7893523,23.2003036],[120.7892649,23.2003108],[120.7892862,23.2004663],[120.7893737,23.2004582]]]}},{"type":"Feature","properties":{"source":"NLSC_W84_BUILD_2023","record":751341,"settlement":"拉芙蘭","risk":"medium","height":20},"geometry":{"type":"Polygon","coordinates":[[[120.8117051,23.235308],[120.8116642,23.2353002],[120.8116572,23.2353548],[120.8117022,23.2353613],[120.8117051,23.235308]]]}},{"type":"Feature","properties":{"source":"NLSC_W84_BUILD_2023","record":751245,"settlement":"高中","risk":"medium","height":20},"geometry":{"type":"Polygon","coordinates":[[[120.771717,23.1628147],[120.7716769,23.1628042],[120.7716627,23.1628507],[120.7717041,23.1628612],[120.771717,23.1628147]]]}},{"type":"Feature","properties":{"source":"NLSC_W84_BUILD_2023","record":754867,"settlement":"桃源","risk":"medium","height":16},"geometry":{"type":"Polygon","coordinates":[[[120.7799387,23.1785101],[120.7798787,23.1783049],[120.7797835,23.178326],[120.7798406,23.1785321],[120.7799387,23.1785101]]]}},{"type":"Feature","properties":{"source":"NLSC_W84_BUILD_2023","record":753739,"settlement":"高中","risk":"medium","height":16},"geometry":{"type":"Polygon","coordinates":[[[120.7720159,23.1627339],[120.771947,23.162702],[120.7719246,23.1627434],[120.7719953,23.1627762],[120.7720159,23.1627339]]]}},{"type":"Feature","properties":{"source":"NLSC_W84_BUILD_2023","record":753678,"settlement":"建山","risk":"low","height":22},"geometry":{"type":"Polygon","coordinates":[[[120.7647532,23.1597274],[120.7646942,23.1596912],[120.7647385,23.1596194],[120.7647498,23.1596258],[120.7647715,23.1595976],[120.7646365,23.1595365],[120.7646255,23.1595579],[120.7646327,23.1595606],[120.7646244,23.1595714],[120.7645999,23.1595567],[120.7646102,23.1595397],[120.7645529,23.159514],[120.7645427,23.1595377],[120.7645232,23.1595263],[120.7644603,23.1596449],[120.7644217,23.1596245],[120.7644093,23.1596463],[120.7644249,23.1596531],[120.7644,23.1596898],[120.7645012,23.1597495],[120.7645218,23.1597213],[120.7645678,23.1597507],[120.7645411,23.1597914],[120.7646515,23.1598569],[120.7647532,23.1597274]]]}},{"type":"Feature","properties":{"source":"NLSC_W84_BUILD_2023","record":753615,"settlement":"建山","risk":"low","height":24},"geometry":{"type":"Polygon","coordinates":[[[120.7684074,23.1521318],[120.768315,23.1519737],[120.7682737,23.1519978],[120.7683659,23.1521518],[120.7684074,23.1521318]]]}},{"type":"Feature","properties":{"source":"NLSC_W84_BUILD_2023","record":753865,"settlement":"高中","risk":"medium","height":12},"geometry":{"type":"Polygon","coordinates":[[[120.7809953,23.1764995],[120.7809444,23.176451],[120.7809166,23.1764762],[120.7809647,23.1765245],[120.7809953,23.1764995]]]}},{"type":"Feature","properties":{"source":"NLSC_W84_BUILD_2023","record":753613,"settlement":"建山","risk":"low","height":20},"geometry":{"type":"Polygon","coordinates":[[[120.7684109,23.151866],[120.7683875,23.151805],[120.7683356,23.1518188],[120.76836,23.1518798],[120.7684109,23.151866]]]}},{"type":"Feature","properties":{"source":"NLSC_W84_BUILD_2023","record":753578,"settlement":"寶山","risk":"low","height":14},"geometry":{"type":"Polygon","coordinates":[[[120.745486,23.1426012],[120.7453498,23.1425341],[120.74529,23.1426342],[120.7454251,23.1427048],[120.745486,23.1426012]]]}},{"type":"Feature","properties":{"source":"NLSC_W84_BUILD_2023","record":753689,"settlement":"建山","risk":"low","height":12},"geometry":{"type":"Polygon","coordinates":[[[120.7642906,23.1601071],[120.7642776,23.1599386],[120.7641804,23.1599441],[120.7641798,23.1599275],[120.7641241,23.1599298],[120.7641323,23.1600501],[120.7641095,23.1600519],[120.7641155,23.1601134],[120.7642906,23.1601071]]]}},{"type":"Feature","properties":{"source":"NLSC_W84_BUILD_2023","record":754864,"settlement":"桃源","risk":"medium","height":10},"geometry":{"type":"Polygon","coordinates":[[[120.7845194,23.178101],[120.7845139,23.1780639],[120.784468,23.1780717],[120.7844751,23.1781081],[120.7845194,23.178101]]]}},{"type":"Feature","properties":{"source":"NLSC_W84_BUILD_2023","record":754900,"settlement":"桃源","risk":"medium","height":18},"geometry":{"type":"Polygon","coordinates":[[[120.7739711,23.1841742],[120.7739689,23.1841302],[120.7739184,23.1841306],[120.7739201,23.184176],[120.7739711,23.1841742]]]}},{"type":"Feature","properties":{"source":"NLSC_W84_BUILD_2023","record":753520,"settlement":"寶山","risk":"low","height":10},"geometry":{"type":"Polygon","coordinates":[[[120.7337606,23.1323019],[120.733717,23.1322184],[120.7336979,23.1322269],[120.7336874,23.1322316],[120.7336768,23.1322362],[120.7336707,23.1322389],[120.733714,23.1323237],[120.7337606,23.1323019]]]}},{"type":"Feature","properties":{"source":"NLSC_W84_BUILD_2023","record":753649,"settlement":"建山","risk":"low","height":12},"geometry":{"type":"Polygon","coordinates":[[[120.7660552,23.1588008],[120.7660983,23.1586841],[120.766109,23.1586878],[120.7661845,23.1584905],[120.765922,23.1584273],[120.7659182,23.1584478],[120.765803,23.1584148],[120.7657827,23.1584673],[120.7658223,23.1584814],[120.7658373,23.1584867],[120.7658523,23.158492],[120.7657938,23.1586692],[120.7659485,23.158723],[120.7659345,23.1587619],[120.7659432,23.1587646],[120.7660543,23.1588005],[120.7660552,23.1588008]]]}},{"type":"Feature","properties":{"source":"NLSC_W84_BUILD_2023","record":754865,"settlement":"桃源","risk":"medium","height":12},"geometry":{"type":"Polygon","coordinates":[[[120.7852998,23.1783364],[120.7852918,23.1782721],[120.785267,23.1782759],[120.7852436,23.1781764],[120.785268,23.1781708],[120.7852417,23.1780502],[120.7852166,23.1780523],[120.7852066,23.1780144],[120.7851151,23.1780328],[120.7851018,23.1780765],[120.7851526,23.1783636],[120.7852998,23.1783364]]]}},{"type":"Feature","properties":{"source":"NLSC_W84_BUILD_2023","record":753614,"settlement":"建山","risk":"low","height":22},"geometry":{"type":"Polygon","coordinates":[[[120.7685269,23.1520552],[120.7684496,23.1519092],[120.7684025,23.1519298],[120.768431,23.1519899],[120.7684012,23.1520025],[120.7684192,23.1520397],[120.7684255,23.1520371],[120.768436,23.1520328],[120.7684478,23.152028],[120.7684693,23.1520385],[120.768491,23.1520729],[120.7685269,23.1520552]]]}},{"type":"Feature","properties":{"source":"NLSC_W84_BUILD_2023","record":753684,"settlement":"建山","risk":"low","height":18},"geometry":{"type":"Polygon","coordinates":[[[120.7645031,23.1598349],[120.7644704,23.1598178],[120.7644139,23.1599029],[120.7644293,23.159913],[120.764421,23.1599275],[120.7644445,23.1599408],[120.7644322,23.1599644],[120.764487,23.1599937],[120.764473,23.1600137],[120.7645099,23.1600365],[120.7645817,23.1599353],[120.7644789,23.1598759],[120.7645031,23.1598349]]]}},{"type":"Feature","properties":{"source":"NLSC_W84_BUILD_2023","record":753673,"settlement":"建山","risk":"low","height":12},"geometry":{"type":"Polygon","coordinates":[[[120.7656689,23.1596955],[120.7656816,23.1596684],[120.7656275,23.1596313],[120.7656343,23.1596067],[120.7656136,23.1595623],[120.7653301,23.1595003],[120.7650353,23.1594524],[120.7649985,23.1594419],[120.7649483,23.1594267],[120.7648972,23.1594086],[120.7647683,23.1593497],[120.7647289,23.1593328],[120.7645859,23.1592706],[120.764518,23.1594438],[120.7645878,23.1594726],[120.7646183,23.159383],[120.764691,23.1594203],[120.7646676,23.159488],[120.7646626,23.159503],[120.7648721,23.1595861],[120.7649212,23.1595964],[120.7649316,23.1595999],[120.7651578,23.1596458],[120.7652813,23.1596665],[120.7653,23.1596697],[120.7654014,23.1596841],[120.7654326,23.1596868],[120.7654498,23.159633],[120.765529,23.1596468],[120.7655222,23.1596742],[120.7656113,23.1596932],[120.7656144,23.1596851],[120.7656689,23.1596955]]]}},{"type":"Feature","properties":{"source":"NLSC_W84_BUILD_2023","record":753676,"settlement":"建山","risk":"low","height":18},"geometry":{"type":"Polygon","coordinates":[[[120.7647868,23.1597918],[120.7648156,23.1597578],[120.764837,23.1597777],[120.7648545,23.1597531],[120.7648729,23.1597674],[120.7649273,23.1597012],[120.7649298,23.1596987],[120.7649191,23.1596851],[120.7648793,23.1596471],[120.7648384,23.1596149],[120.7648351,23.1596129],[120.7648179,23.1596043],[120.7647409,23.159698],[120.7647706,23.1597198],[120.7647418,23.1597596],[120.7647868,23.1597918]]]}},{"type":"Feature","properties":{"source":"NLSC_W84_BUILD_2023","record":754904,"settlement":"桃源","risk":"medium","height":10},"geometry":{"type":"Polygon","coordinates":[[[120.7734773,23.1862207],[120.7734912,23.1861888],[120.7735222,23.1861999],[120.7735382,23.1861588],[120.7734999,23.1861461],[120.7734925,23.1861638],[120.7734264,23.1861403],[120.7734474,23.1860885],[120.7733197,23.1860473],[120.773281,23.1861469],[120.7734026,23.18619],[120.7734009,23.1861953],[120.7734773,23.1862207]]]}},{"type":"Feature","properties":{"source":"NLSC_W84_BUILD_2023","record":751403,"settlement":"建山","risk":"low","height":16},"geometry":{"type":"Polygon","coordinates":[[[120.7660463,23.1594694],[120.7662397,23.1589604],[120.7659424,23.1588602],[120.7657294,23.159419],[120.7656837,23.1594118],[120.765684,23.1594103],[120.7656904,23.1593842],[120.7649891,23.1592551],[120.7647904,23.1591538],[120.7647793,23.1591702],[120.7646763,23.159123],[120.7646761,23.1591233],[120.7646589,23.1591469],[120.7649637,23.1592987],[120.7649742,23.1593033],[120.76526,23.1593602],[120.7656803,23.1594434],[120.7658512,23.159469],[120.7660366,23.1594978],[120.7661883,23.1595213],[120.7661945,23.159493],[120.7660463,23.1594694]]]}},{"type":"Feature","properties":{"source":"NLSC_W84_BUILD_2023","record":755166,"settlement":"桃源","risk":"medium","height":22},"geometry":{"type":"Polygon","coordinates":[[[120.7897059,23.180936],[120.7896866,23.1808868],[120.7895813,23.1809219],[120.7895992,23.1809657],[120.7897059,23.180936]]]}},{"type":"Feature","properties":{"source":"NLSC_W84_BUILD_2023","record":754901,"settlement":"桃源","risk":"medium","height":20},"geometry":{"type":"Polygon","coordinates":[[[120.7734353,23.1858818],[120.7734066,23.1858587],[120.7733806,23.1858828],[120.7734088,23.1859082],[120.7734243,23.1858927],[120.7734353,23.1858818]]]}},{"type":"Feature","properties":{"source":"NLSC_W84_BUILD_2023","record":753581,"settlement":"建山","risk":"low","height":20},"geometry":{"type":"Polygon","coordinates":[[[120.7578215,23.1430341],[120.7577924,23.1430328],[120.7577909,23.1430718],[120.7578197,23.1430728],[120.7578215,23.1430341]]]}},{"type":"Feature","properties":{"source":"NLSC_W84_BUILD_2023","record":754899,"settlement":"桃源","risk":"medium","height":16},"geometry":{"type":"Polygon","coordinates":[[[120.7739526,23.183776],[120.7739397,23.1836959],[120.7738567,23.1837107],[120.7738709,23.1837897],[120.7739526,23.183776]]]}},{"type":"Feature","properties":{"source":"NLSC_W84_BUILD_2023","record":753583,"settlement":"寶山","risk":"low","height":24},"geometry":{"type":"Polygon","coordinates":[[[120.7444954,23.1430489],[120.7444558,23.1430247],[120.7444265,23.1430645],[120.7444685,23.1430884],[120.7444954,23.1430489]]]}},{"type":"Feature","properties":{"source":"NLSC_W84_BUILD_2023","record":753584,"settlement":"寶山","risk":"low","height":10},"geometry":{"type":"Polygon","coordinates":[[[120.7447183,23.1429291],[120.7447115,23.1429252],[120.7446159,23.1430573],[120.7447269,23.1431243],[120.7448274,23.1429913],[120.7447183,23.1429291]]]}},{"type":"Feature","properties":{"source":"NLSC_W84_BUILD_2023","record":751253,"settlement":"桃源","risk":"medium","height":20},"geometry":{"type":"Polygon","coordinates":[[[120.7733036,23.1862761],[120.773245,23.1862686],[120.7732393,23.1863182],[120.7732955,23.1863236],[120.7733036,23.1862761]]]}},{"type":"Feature","properties":{"source":"NLSC_W84_BUILD_2023","record":754902,"settlement":"桃源","risk":"medium","height":22},"geometry":{"type":"Polygon","coordinates":[[[120.773314,23.1859672],[120.7732744,23.1859571],[120.773255,23.1860225],[120.7732952,23.1860323],[120.773314,23.1859672]]]}},{"type":"Feature","properties":{"source":"NLSC_W84_BUILD_2023","record":753690,"settlement":"建山","risk":"low","height":14},"geometry":{"type":"Polygon","coordinates":[[[120.7646491,23.160051],[120.7645929,23.1599997],[120.7645118,23.1600716],[120.7645258,23.1600843],[120.7644951,23.1601164],[120.7645404,23.1601507],[120.764568,23.1601228],[120.7646491,23.160051]]]}},{"type":"Feature","properties":{"source":"NLSC_W84_BUILD_2023","record":753680,"settlement":"建山","risk":"low","height":10},"geometry":{"type":"Polygon","coordinates":[[[120.7650007,23.1598594],[120.764963,23.1597789],[120.7648915,23.1598109],[120.7648183,23.1598411],[120.7648653,23.159929],[120.764932,23.1598992],[120.7649289,23.1598905],[120.7650007,23.1598594]]]}},{"type":"Feature","properties":{"source":"NLSC_W84_BUILD_2023","record":753743,"settlement":"高中","risk":"medium","height":24},"geometry":{"type":"Polygon","coordinates":[[[120.769524,23.1631451],[120.7695878,23.1629533],[120.7696044,23.1629581],[120.7696346,23.1629653],[120.7696298,23.1629877],[120.7696804,23.163001],[120.7696976,23.1629388],[120.7696182,23.1629168],[120.7695638,23.1629014],[120.7695513,23.1629389],[120.7694189,23.1629012],[120.7693847,23.1630039],[120.7692872,23.1629834],[120.7692581,23.1630695],[120.769524,23.1631451]]]}},{"type":"Feature","properties":{"source":"NLSC_W84_BUILD_2023","record":753582,"settlement":"建山","risk":"low","height":22},"geometry":{"type":"Polygon","coordinates":[[[120.7568721,23.1430599],[120.7568425,23.143055],[120.7568319,23.1430968],[120.7568623,23.1431014],[120.7568721,23.1430599]]]}},{"type":"Feature","properties":{"source":"NLSC_W84_BUILD_2023","record":753679,"settlement":"建山","risk":"low","height":24},"geometry":{"type":"Polygon","coordinates":[[[120.7651082,23.1598691],[120.7651204,23.1598445],[120.765169,23.1598641],[120.7652788,23.1597337],[120.7652344,23.1597189],[120.7652382,23.1597041],[120.7652233,23.1597008],[120.7650891,23.1596712],[120.7649724,23.1596483],[120.7649632,23.1596482],[120.764956,23.159653],[120.7649519,23.1596643],[120.7649519,23.1596776],[120.7649635,23.1596997],[120.7650376,23.1597984],[120.7650829,23.1598189],[120.7650648,23.1598492],[120.7651082,23.1598691]]]}},{"type":"Feature","properties":{"source":"NLSC_W84_BUILD_2023","record":751239,"settlement":"建山","risk":"low","height":24},"geometry":{"type":"Polygon","coordinates":[[[120.7568292,23.1430464],[120.7568056,23.1430406],[120.756787,23.143098],[120.7568105,23.1431036],[120.7568292,23.1430464]]]}},{"type":"Feature","properties":{"source":"NLSC_W84_BUILD_2023","record":753646,"settlement":"建山","risk":"low","height":22},"geometry":{"type":"Polygon","coordinates":[[[120.7664142,23.1587406],[120.7664705,23.1585955],[120.7663755,23.1585666],[120.76636,23.1586101],[120.7662367,23.1585747],[120.7661986,23.1586664],[120.7664142,23.1587406]]]}},{"type":"Feature","properties":{"source":"NLSC_W84_BUILD_2023","record":755322,"settlement":"拉芙蘭","risk":"medium","height":14},"geometry":{"type":"Polygon","coordinates":[[[120.8113602,23.2348544],[120.8113537,23.234776],[120.8112918,23.2347839],[120.8112987,23.2348579],[120.8113602,23.2348544]]]}},{"type":"Feature","properties":{"source":"NLSC_W84_BUILD_2023","record":753580,"settlement":"寶山","risk":"low","height":18},"geometry":{"type":"Polygon","coordinates":[[[120.7460103,23.142813],[120.7458355,23.1427763],[120.7458171,23.1428504],[120.7460015,23.1428969],[120.7459957,23.1429317],[120.7460392,23.1429398],[120.7460805,23.1429459],[120.7460962,23.1428469],[120.7460083,23.1428299],[120.7460103,23.142813]]]}},{"type":"Feature","properties":{"source":"NLSC_W84_BUILD_2023","record":753652,"settlement":"建山","risk":"low","height":18},"geometry":{"type":"Polygon","coordinates":[[[120.7663995,23.1587797],[120.7661857,23.1587112],[120.7661431,23.1588301],[120.7663554,23.1589011],[120.7663995,23.1587797]]]}},{"type":"Feature","properties":{"source":"NLSC_W84_BUILD_2023","record":751399,"settlement":"高中","risk":"medium","height":24},"geometry":{"type":"Polygon","coordinates":[[[120.7686328,23.1633039],[120.7685353,23.1632563],[120.768505,23.1633093],[120.7686064,23.1633588],[120.7686104,23.1633517],[120.7686328,23.1633039]]]}},{"type":"Feature","properties":{"source":"NLSC_W84_BUILD_2023","record":753745,"settlement":"高中","risk":"medium","height":12},"geometry":{"type":"Polygon","coordinates":[[[120.768745,23.1632303],[120.7686438,23.1631909],[120.7686279,23.1632234],[120.7687264,23.1632677],[120.768745,23.1632303]]]}},{"type":"Feature","properties":{"source":"NLSC_W84_BUILD_2023","record":753688,"settlement":"建山","risk":"low","height":10},"geometry":{"type":"Polygon","coordinates":[[[120.7650555,23.1600915],[120.7651498,23.1599979],[120.7651097,23.1599602],[120.7650602,23.1600061],[120.7649606,23.1599029],[120.7648919,23.1599577],[120.7649134,23.1599805],[120.7649216,23.1599767],[120.7649594,23.1600194],[120.7649522,23.1600241],[120.7649961,23.1600658],[120.7650146,23.1600507],[120.7650555,23.1600915]]]}},{"type":"Feature","properties":{"source":"NLSC_W84_BUILD_2023","record":754863,"settlement":"桃源","risk":"medium","height":24},"geometry":{"type":"Polygon","coordinates":[[[120.7851681,23.177874],[120.7852581,23.1777929],[120.7852891,23.1778512],[120.785392,23.1778065],[120.7853964,23.1777344],[120.7852758,23.1777239],[120.7852202,23.1777447],[120.7851365,23.1778263],[120.7851681,23.177874]]]}},{"type":"Feature","properties":{"source":"NLSC_W84_BUILD_2023","record":753695,"settlement":"建山","risk":"low","height":24},"geometry":{"type":"Polygon","coordinates":[[[120.7647182,23.1602925],[120.7646589,23.1602413],[120.7646312,23.1602725],[120.7646925,23.1603237],[120.7647182,23.1602925]]]}},{"type":"Feature","properties":{"source":"NLSC_W84_BUILD_2023","record":753696,"settlement":"建山","risk":"low","height":10},"geometry":{"type":"Polygon","coordinates":[[[120.7648194,23.1603251],[120.7650046,23.1602076],[120.7650193,23.1602211],[120.7650901,23.1601493],[120.7650012,23.1600687],[120.7649732,23.1600923],[120.7649635,23.1601158],[120.7649529,23.1601413],[120.7649344,23.1601347],[120.7649315,23.1601405],[120.7649656,23.1601718],[120.7649249,23.1602056],[120.7648895,23.1601518],[120.7648977,23.1601489],[120.7648637,23.1601024],[120.7648504,23.1600941],[120.7648263,23.1600769],[120.7648075,23.1600634],[120.7647652,23.1600291],[120.7647652,23.1600291],[120.7647559,23.1600215],[120.7647548,23.1600206],[120.7646652,23.1600824],[120.7647125,23.1601257],[120.7646273,23.1601749],[120.7646559,23.1602129],[120.7646743,23.1602025],[120.7647111,23.1602565],[120.7647746,23.1602216],[120.7648226,23.1602908],[120.7648014,23.1603015],[120.7648194,23.1603251]]]}},{"type":"Feature","properties":{"source":"NLSC_W84_BUILD_2023","record":755193,"settlement":"桃源","risk":"medium","height":12},"geometry":{"type":"Polygon","coordinates":[[[120.7924214,23.1877691],[120.7923686,23.1877389],[120.7923411,23.1877745],[120.792395,23.1878061],[120.7924214,23.1877691]]]}},{"type":"Feature","properties":{"source":"NLSC_W84_BUILD_2023","record":753740,"settlement":"高中","risk":"medium","height":18},"geometry":{"type":"Polygon","coordinates":[[[120.7693906,23.1627902],[120.7693672,23.162762],[120.7692757,23.1628271],[120.7693037,23.1628572],[120.7693906,23.1627902]]]}},{"type":"Feature","properties":{"source":"NLSC_W84_BUILD_2023","record":755157,"settlement":"桃源","risk":"medium","height":20},"geometry":{"type":"Polygon","coordinates":[[[120.789514,23.1800569],[120.7894934,23.1800199],[120.7893827,23.1800616],[120.7894032,23.1800986],[120.789514,23.1800569]]]}},{"type":"Feature","properties":{"source":"NLSC_W84_BUILD_2023","record":753686,"settlement":"建山","risk":"low","height":22},"geometry":{"type":"Polygon","coordinates":[[[120.7654295,23.1599977],[120.7654769,23.1599298],[120.7654421,23.1598966],[120.7654307,23.1598888],[120.7654322,23.1598871],[120.76543,23.159885],[120.7653513,23.1599646],[120.7652233,23.1598325],[120.7651502,23.1598937],[120.7652705,23.1600135],[120.7652571,23.1600259],[120.7652809,23.1600471],[120.7652971,23.1600616],[120.7653135,23.1600617],[120.7653883,23.1600476],[120.7653986,23.1600419],[120.7654295,23.1599977]]]}},{"type":"Feature","properties":{"source":"NLSC_W84_BUILD_2023","record":753650,"settlement":"建山","risk":"low","height":14},"geometry":{"type":"Polygon","coordinates":[[[120.7667234,23.1586883],[120.7665024,23.1586299],[120.7664923,23.1586563],[120.7664566,23.1587551],[120.7666676,23.1588277],[120.7667234,23.1586883]]]}},{"type":"Feature","properties":{"source":"NLSC_W84_BUILD_2023","record":753675,"settlement":"建山","risk":"low","height":16},"geometry":{"type":"Polygon","coordinates":[[[120.7656515,23.1597762],[120.7656506,23.1597384],[120.7656144,23.1597336],[120.7655986,23.1597315],[120.7655219,23.1597239],[120.7655191,23.1597658],[120.7655482,23.1597647],[120.7655463,23.1597842],[120.7656515,23.1597762]]]}},{"type":"Feature","properties":{"source":"NLSC_W84_BUILD_2023","record":755321,"settlement":"拉芙蘭","risk":"medium","height":12},"geometry":{"type":"Polygon","coordinates":[[[120.8112712,23.2346055],[120.8112581,23.2345612],[120.8112071,23.2345718],[120.8112213,23.2346143],[120.8112712,23.2346055]]]}},{"type":"Feature","properties":{"source":"NLSC_W84_BUILD_2023","record":753701,"settlement":"建山","risk":"low","height":20},"geometry":{"type":"Polygon","coordinates":[[[120.7648265,23.1603921],[120.7647723,23.1603636],[120.7647189,23.1604497],[120.7647751,23.1604782],[120.7648265,23.1603921]]]}},{"type":"Feature","properties":{"source":"NLSC_W84_BUILD_2023","record":753692,"settlement":"建山","risk":"low","height":18},"geometry":{"type":"Polygon","coordinates":[[[120.7652704,23.1601061],[120.765202,23.1600482],[120.7651383,23.1601181],[120.7652037,23.1601713],[120.7652704,23.1601061]]]}},{"type":"Feature","properties":{"source":"NLSC_W84_BUILD_2023","record":753655,"settlement":"建山","risk":"low","height":24},"geometry":{"type":"Polygon","coordinates":[[[120.7666531,23.1588608],[120.7664429,23.1587935],[120.7663976,23.1589152],[120.766603,23.1589839],[120.7666531,23.1588608]]]}},{"type":"Feature","properties":{"source":"NLSC_W84_BUILD_2023","record":753661,"settlement":"建山","risk":"low","height":20},"geometry":{"type":"Polygon","coordinates":[[[120.7664665,23.1590518],[120.7662604,23.1589904],[120.7661854,23.1591793],[120.7663984,23.1592441],[120.7664665,23.1590518]]]}},{"type":"Feature","properties":{"source":"NLSC_W84_BUILD_2023","record":753666,"settlement":"建山","risk":"low","height":14},"geometry":{"type":"Polygon","coordinates":[[[120.7662221,23.1592769],[120.7662047,23.1592401],[120.7661478,23.1592699],[120.7661303,23.1592953],[120.7661156,23.1593403],[120.7661158,23.159363],[120.7661284,23.1594062],[120.766141,23.1594247],[120.7661521,23.1594399],[120.7661792,23.1594561],[120.7662049,23.1594673],[120.7662348,23.1594699],[120.7662544,23.1594726],[120.7662542,23.1594353],[120.7662284,23.1594313],[120.7662071,23.1594243],[120.7661884,23.1594117],[120.76617,23.1593915],[120.7661614,23.1593737],[120.7661592,23.1593578],[120.7661625,23.1593331],[120.7661666,23.1593189],[120.766175,23.1593071],[120.766182,23.1592992],[120.7662,23.1592853],[120.7662221,23.1592769]]]}},{"type":"Feature","properties":{"source":"NLSC_W84_BUILD_2023","record":755323,"settlement":"拉芙蘭","risk":"medium","height":16},"geometry":{"type":"Polygon","coordinates":[[[120.8154644,23.2351483],[120.8154549,23.2350938],[120.8154171,23.2350996],[120.8154274,23.2351557],[120.8154644,23.2351483]]]}},{"type":"Feature","properties":{"source":"NLSC_W84_BUILD_2023","record":753687,"settlement":"建山","risk":"low","height":24},"geometry":{"type":"Polygon","coordinates":[[[120.7656045,23.1599628],[120.7655575,23.1599305],[120.7654754,23.1600373],[120.7655244,23.1600696],[120.7656045,23.1599628]]]}},{"type":"Feature","properties":{"source":"NLSC_W84_BUILD_2023","record":753700,"settlement":"建山","risk":"low","height":18},"geometry":{"type":"Polygon","coordinates":[[[120.7651876,23.1603942],[120.7652465,23.1603067],[120.7651575,23.1602545],[120.7651483,23.1602658],[120.7650716,23.1602193],[120.7649946,23.1603243],[120.7649703,23.1603659],[120.7650423,23.1604038],[120.7650367,23.1604122],[120.7650687,23.1604292],[120.7651008,23.1603831],[120.7651694,23.1604211],[120.7652494,23.1604613],[120.765268,23.1604338],[120.7651876,23.1603942]]]}},{"type":"Feature","properties":{"source":"NLSC_W84_BUILD_2023","record":753744,"settlement":"高中","risk":"medium","height":10},"geometry":{"type":"Polygon","coordinates":[[[120.768254,23.1630332],[120.7682016,23.1630094],[120.7681416,23.1631204],[120.768194,23.163145],[120.768254,23.1630332]]]}},{"type":"Feature","properties":{"source":"NLSC_W84_BUILD_2023","record":751395,"settlement":"建山","risk":"low","height":16},"geometry":{"type":"Polygon","coordinates":[[[120.7655547,23.1602013],[120.7655887,23.1601389],[120.7655399,23.1601201],[120.76555,23.1601009],[120.7654074,23.1600448],[120.7653574,23.1601261],[120.7655037,23.1601889],[120.765507,23.1601825],[120.7655547,23.1602013]]]}},{"type":"Feature","properties":{"source":"NLSC_W84_BUILD_2023","record":753665,"settlement":"建山","risk":"low","height":12},"geometry":{"type":"Polygon","coordinates":[[[120.7663756,23.159326],[120.7663548,23.1592841],[120.7663174,23.1593038],[120.7663308,23.1593368],[120.7663345,23.1593563],[120.7663311,23.1593761],[120.7663232,23.1593972],[120.7663618,23.1594115],[120.766378,23.1593727],[120.7663784,23.1593708],[120.7663793,23.1593485],[120.7663756,23.159326]]]}},{"type":"Feature","properties":{"source":"NLSC_W84_BUILD_2023","record":755198,"settlement":"勤和","risk":"high","height":22},"geometry":{"type":"Polygon","coordinates":[[[120.790426,23.1984804],[120.7903588,23.1984796],[120.7903593,23.1985149],[120.7904261,23.1985151],[120.790426,23.1984804]]]}},{"type":"Feature","properties":{"source":"NLSC_W84_BUILD_2023","record":751243,"settlement":"高中","risk":"medium","height":16},"geometry":{"type":"Polygon","coordinates":[[[120.7718854,23.1618031],[120.7718592,23.1617956],[120.7718391,23.1618479],[120.7718657,23.1618561],[120.7718854,23.1618031]]]}},{"type":"Feature","properties":{"source":"NLSC_W84_BUILD_2023","record":753653,"settlement":"建山","risk":"low","height":20},"geometry":{"type":"Polygon","coordinates":[[[120.7670163,23.1587665],[120.7667818,23.1586917],[120.7667208,23.1588401],[120.7669581,23.1589166],[120.7670163,23.1587665]]]}},{"type":"Feature","properties":{"source":"NLSC_W84_BUILD_2023","record":751244,"settlement":"高中","risk":"medium","height":18},"geometry":{"type":"Polygon","coordinates":[[[120.7714882,23.1618331],[120.7714612,23.1618241],[120.7714543,23.1618425],[120.7714619,23.1618441],[120.7714497,23.1618761],[120.7715718,23.1619132],[120.7715897,23.1618619],[120.7715437,23.1618501],[120.7714882,23.1618331]]]}},{"type":"Feature","properties":{"source":"NLSC_W84_BUILD_2023","record":753658,"settlement":"建山","risk":"low","height":14},"geometry":{"type":"Polygon","coordinates":[[[120.7668216,23.158915],[120.7667061,23.1588767],[120.7666515,23.1590088],[120.7667713,23.1590487],[120.7668216,23.158915]]]}},{"type":"Feature","properties":{"source":"NLSC_W84_BUILD_2023","record":753682,"settlement":"建山","risk":"low","height":14},"geometry":{"type":"Polygon","coordinates":[[[120.7659527,23.1599662],[120.7658431,23.1598475],[120.7658367,23.1598419],[120.7658086,23.1598174],[120.7657247,23.1597765],[120.7656805,23.1598711],[120.7657146,23.1598991],[120.7656961,23.1599213],[120.7657311,23.1599597],[120.7657744,23.1599876],[120.7657857,23.1599764],[120.7658108,23.1599578],[120.7658829,23.1600286],[120.7659434,23.1599738],[120.7659527,23.1599662]]]}},{"type":"Feature","properties":{"source":"NLSC_W84_BUILD_2023","record":753667,"settlement":"建山","risk":"low","height":16},"geometry":{"type":"Polygon","coordinates":[[[120.7663557,23.1594263],[120.7663359,23.1594139],[120.766326,23.1594283],[120.7663023,23.159449],[120.7662705,23.1594611],[120.7662769,23.1594813],[120.7663058,23.1594727],[120.7663222,23.1594615],[120.7663363,23.1594502],[120.7663463,23.1594374],[120.7663556,23.1594265],[120.7663557,23.1594263]]]}},{"type":"Feature","properties":{"source":"NLSC_W84_BUILD_2023","record":753435,"settlement":"寶山","risk":"low","height":16},"geometry":{"type":"Polygon","coordinates":[[[120.7338785,23.129165],[120.7338871,23.1291571],[120.7338999,23.129165],[120.733931,23.1291226],[120.7338095,23.1290434],[120.7337725,23.1290949],[120.7338296,23.1291378],[120.7338134,23.1291555],[120.7338739,23.1291988],[120.7338955,23.1291779],[120.7338785,23.129165]]]}},{"type":"Feature","properties":{"source":"NLSC_W84_BUILD_2023","record":755427,"settlement":"梅山","risk":"high","height":16},"geometry":{"type":"Polygon","coordinates":[[[120.8138488,23.2584695],[120.8136806,23.2584612],[120.8136698,23.2585778],[120.8138395,23.2585891],[120.8138488,23.2584695]]]}},{"type":"Feature","properties":{"source":"NLSC_W84_BUILD_2023","record":753691,"settlement":"建山","risk":"low","height":16},"geometry":{"type":"Polygon","coordinates":[[[120.7656747,23.1601579],[120.7657107,23.1601116],[120.7657159,23.1601152],[120.7657385,23.1600848],[120.7657183,23.1600722],[120.7656959,23.1601026],[120.765681,23.1600936],[120.7657098,23.1600557],[120.76572,23.1600631],[120.7657373,23.1600447],[120.7656985,23.1600155],[120.7656873,23.1600273],[120.7656554,23.1600045],[120.7656499,23.160014],[120.7656157,23.1599912],[120.7655613,23.1600687],[120.7656216,23.1601077],[120.7656523,23.1601276],[120.7656456,23.160137],[120.7656747,23.1601579]]]}},{"type":"Feature","properties":{"source":"NLSC_W84_BUILD_2023","record":753685,"settlement":"建山","risk":"low","height":20},"geometry":{"type":"Polygon","coordinates":[[[120.7657897,23.1600192],[120.7657458,23.1599829],[120.765715,23.1600169],[120.7657599,23.160053],[120.7657897,23.1600192]]]}},{"type":"Feature","properties":{"source":"NLSC_W84_BUILD_2023","record":753449,"settlement":"寶山","risk":"low","height":12},"geometry":{"type":"Polygon","coordinates":[[[120.7335893,23.129593],[120.7335215,23.1295817],[120.7335135,23.129611],[120.7335823,23.129622],[120.7335893,23.129593]]]}},{"type":"Feature","properties":{"source":"NLSC_W84_BUILD_2023","record":753707,"settlement":"建山","risk":"low","height":16},"geometry":{"type":"Polygon","coordinates":[[[120.7652226,23.1605685],[120.7650585,23.1604985],[120.7650078,23.1605964],[120.7651724,23.160669],[120.7652226,23.1605685]]]}},{"type":"Feature","properties":{"source":"NLSC_W84_BUILD_2023","record":753659,"settlement":"建山","risk":"low","height":16},"geometry":{"type":"Polygon","coordinates":[[[120.7669485,23.158957],[120.7668455,23.1589229],[120.7667917,23.1590554],[120.7668987,23.159091],[120.7669485,23.158957]]]}},{"type":"Feature","properties":{"source":"NLSC_W84_BUILD_2023","record":753662,"settlement":"建山","risk":"low","height":22},"geometry":{"type":"Polygon","coordinates":[[[120.7668769,23.1591504],[120.7666281,23.1590671],[120.7665704,23.1591989],[120.7668225,23.1592827],[120.7668769,23.1591504]]]}},{"type":"Feature","properties":{"source":"NLSC_W84_BUILD_2023","record":751398,"settlement":"高中","risk":"medium","height":22},"geometry":{"type":"Polygon","coordinates":[[[120.7714199,23.1617414],[120.7713187,23.1616919],[120.7712949,23.1617276],[120.7713301,23.1617473],[120.7713438,23.1617285],[120.7713791,23.1617446],[120.7713754,23.1617519],[120.7714047,23.1617655],[120.7714199,23.1617414]]]}},{"type":"Feature","properties":{"source":"NLSC_W84_BUILD_2023","record":753703,"settlement":"建山","risk":"low","height":24},"geometry":{"type":"Polygon","coordinates":[[[120.7653683,23.1604962],[120.7652984,23.1604624],[120.7652742,23.160511],[120.7653374,23.1605403],[120.7653683,23.1604962]]]}},{"type":"Feature","properties":{"source":"NLSC_W84_BUILD_2023","record":753654,"settlement":"建山","risk":"low","height":22},"geometry":{"type":"Polygon","coordinates":[[[120.7671653,23.1588129],[120.7670508,23.1587773],[120.7670153,23.1588699],[120.7670281,23.1588745],[120.7670041,23.1589315],[120.7671,23.1589624],[120.7671653,23.1588129]]]}},{"type":"Feature","properties":{"source":"NLSC_W84_BUILD_2023","record":753683,"settlement":"建山","risk":"low","height":16},"geometry":{"type":"Polygon","coordinates":[[[120.7659873,23.1600203],[120.7659679,23.1600004],[120.7659464,23.1600164],[120.7659658,23.1600363],[120.7659873,23.1600203]]]}},{"type":"Feature","properties":{"source":"NLSC_W84_BUILD_2023","record":753736,"settlement":"建山","risk":"low","height":10},"geometry":{"type":"Polygon","coordinates":[[[120.7613645,23.1623805],[120.7613185,23.1623075],[120.7612825,23.1623269],[120.7613266,23.162398],[120.7613645,23.1623805]]]}},{"type":"Feature","properties":{"source":"NLSC_W84_BUILD_2023","record":751397,"settlement":"高中","risk":"medium","height":20},"geometry":{"type":"Polygon","coordinates":[[[120.7712962,23.1616795],[120.7712308,23.161649],[120.7712249,23.1616605],[120.7712214,23.1616592],[120.7711979,23.161699],[120.7712675,23.1617312],[120.7712962,23.1616795]]]}},{"type":"Feature","properties":{"source":"NLSC_W84_BUILD_2023","record":753668,"settlement":"建山","risk":"low","height":18},"geometry":{"type":"Polygon","coordinates":[[[120.7668174,23.1593203],[120.7665713,23.1592357],[120.7664763,23.1594599],[120.7667249,23.1595399],[120.7667335,23.1595195],[120.7667586,23.1594531],[120.7667865,23.1593879],[120.7668174,23.1593203]]]}},{"type":"Feature","properties":{"source":"NLSC_W84_BUILD_2023","record":753586,"settlement":"寶山","risk":"low","height":14},"geometry":{"type":"Polygon","coordinates":[[[120.7465286,23.1434381],[120.7463481,23.1433872],[120.7463258,23.1434595],[120.7465064,23.1435105],[120.7465286,23.1434381]]]}},{"type":"Feature","properties":{"source":"NLSC_W84_BUILD_2023","record":751396,"settlement":"建山","risk":"low","height":18},"geometry":{"type":"Polygon","coordinates":[[[120.7659696,23.1602077],[120.7660201,23.1601548],[120.7659993,23.1601405],[120.766023,23.1601122],[120.765981,23.1600799],[120.7659749,23.1600865],[120.7659095,23.1600324],[120.7658823,23.1600622],[120.7658706,23.1600522],[120.76581,23.1601153],[120.7658989,23.1601877],[120.7659199,23.1601671],[120.7659696,23.1602077]]]}},{"type":"Feature","properties":{"source":"NLSC_W84_BUILD_2023","record":753738,"settlement":"建山","risk":"low","height":14},"geometry":{"type":"Polygon","coordinates":[[[120.7611972,23.1624612],[120.7611329,23.1623792],[120.7611229,23.1623869],[120.7611086,23.1623698],[120.7610823,23.1623876],[120.7611593,23.1624859],[120.7611972,23.1624612]]]}},{"type":"Feature","properties":{"source":"NLSC_W84_BUILD_2023","record":753698,"settlement":"建山","risk":"low","height":14},"geometry":{"type":"Polygon","coordinates":[[[120.7658167,23.1603475],[120.7658587,23.1603022],[120.7658996,23.1603373],[120.765915,23.1603203],[120.7658854,23.1602937],[120.7658939,23.1602854],[120.7657311,23.1601561],[120.7656674,23.160228],[120.7656329,23.1602609],[120.7656593,23.1602793],[120.7656879,23.1602507],[120.7658167,23.1603475]]]}},{"type":"Feature","properties":{"source":"NLSC_W84_BUILD_2023","record":753660,"settlement":"建山","risk":"low","height":18},"geometry":{"type":"Polygon","coordinates":[[[120.7670825,23.1590136],[120.7669773,23.158981],[120.7669322,23.1591021],[120.7670382,23.1591374],[120.7670639,23.1590663],[120.7670825,23.1590136]]]}},{"type":"Feature","properties":{"source":"NLSC_W84_BUILD_2023","record":751404,"settlement":"寶山","risk":"low","height":18},"geometry":{"type":"Polygon","coordinates":[[[120.7337306,23.1289128],[120.7336953,23.1289014],[120.7336609,23.1289042],[120.7336477,23.1289456],[120.7337094,23.128969],[120.7337144,23.1289463],[120.7337243,23.1289379],[120.7337306,23.1289128]]]}},{"type":"Feature","properties":{"source":"NLSC_W84_BUILD_2023","record":753460,"settlement":"寶山","risk":"low","height":18},"geometry":{"type":"Polygon","coordinates":[[[120.7332446,23.1299341],[120.7331406,23.1299257],[120.7331352,23.1299826],[120.7332392,23.129991],[120.7332446,23.1299341]]]}},{"type":"Feature","properties":{"source":"NLSC_W84_BUILD_2023","record":751241,"settlement":"建山","risk":"low","height":12},"geometry":{"type":"Polygon","coordinates":[[[120.765928,23.1602406],[120.7658662,23.1601922],[120.7658377,23.1602226],[120.7658987,23.1602706],[120.765928,23.1602406]]]}},{"type":"Feature","properties":{"source":"NLSC_W84_BUILD_2023","record":753663,"settlement":"建山","risk":"low","height":24},"geometry":{"type":"Polygon","coordinates":[[[120.7670211,23.1591824],[120.7669067,23.1591449],[120.7668461,23.1592906],[120.7669615,23.1593289],[120.7670211,23.1591824]]]}},{"type":"Feature","properties":{"source":"NLSC_W84_BUILD_2023","record":755521,"settlement":"建山","risk":"low","height":12},"geometry":{"type":"Polygon","coordinates":[[[120.7664853,23.1602161],[120.7665565,23.1601325],[120.7665196,23.1601074],[120.7665633,23.1600593],[120.7665186,23.1600206],[120.7665083,23.1599865],[120.7665419,23.1599749],[120.7665293,23.1599466],[120.7664967,23.1599513],[120.7664934,23.1599363],[120.7664775,23.1599403],[120.7664748,23.1599282],[120.7664566,23.1599332],[120.7664374,23.1598814],[120.7664656,23.1598681],[120.7664526,23.1598469],[120.7664767,23.159852],[120.7665578,23.1598864],[120.7665634,23.1599076],[120.7666451,23.1599145],[120.7666426,23.1599431],[120.766681,23.1599471],[120.7666791,23.1599706],[120.7666965,23.1599718],[120.7666958,23.1599872],[120.7667478,23.1599918],[120.7667993,23.1597274],[120.7667855,23.1597245],[120.7663863,23.159665],[120.7660035,23.1596132],[120.7659179,23.159603],[120.7657507,23.1595816],[120.7657476,23.1596039],[120.7657531,23.159632],[120.7657754,23.1596566],[120.765846,23.1597282],[120.7658868,23.1597322],[120.7658874,23.1597505],[120.7659202,23.1597528],[120.7659029,23.1597757],[120.7659382,23.1598186],[120.7659282,23.1598272],[120.7659629,23.159865],[120.7659938,23.1599005],[120.7659889,23.1599068],[120.7660291,23.1599492],[120.7660524,23.1599339],[120.766079,23.1599709],[120.7661108,23.1599498],[120.7661226,23.1599423],[120.7661411,23.159975],[120.7660854,23.1600158],[120.7661415,23.1600754],[120.7662179,23.1600391],[120.7662499,23.1599886],[120.7662677,23.1599937],[120.7663562,23.1599643],[120.7663636,23.1599914],[120.7662765,23.1600087],[120.7662253,23.160056],[120.766165,23.1601004],[120.7662932,23.1602367],[120.7663301,23.1602746],[120.7663621,23.1602321],[120.7663354,23.1602046],[120.7663642,23.1601773],[120.7664322,23.1602273],[120.7663595,23.1602968],[120.7664029,23.1603386],[120.7665137,23.160243],[120.7664853,23.1602161]]]}},{"type":"Feature","properties":{"source":"NLSC_W84_BUILD_2023","record":753577,"settlement":"建山","risk":"low","height":12},"geometry":{"type":"Polygon","coordinates":[[[120.7556029,23.1425626],[120.7555794,23.1424727],[120.755558,23.1424766],[120.7555764,23.1425393],[120.7555607,23.1425566],[120.7555636,23.1425647],[120.7555813,23.1425687],[120.7556029,23.1425626]]]}},{"type":"Feature","properties":{"source":"NLSC_W84_BUILD_2023","record":753657,"settlement":"建山","risk":"low","height":12},"geometry":{"type":"Polygon","coordinates":[[[120.7673797,23.1589078],[120.7671861,23.1588377],[120.7671531,23.1589167],[120.7671748,23.1589244],[120.7671537,23.1589809],[120.767303,23.1590324],[120.7673797,23.1589078]]]}},{"type":"Feature","properties":{"source":"NLSC_W84_BUILD_2023","record":755145,"settlement":"桃源","risk":"medium","height":12},"geometry":{"type":"Polygon","coordinates":[[[120.7859561,23.177151],[120.785912,23.1770701],[120.7857978,23.1771201],[120.7858537,23.1772279],[120.7859596,23.1771791],[120.7859448,23.177155],[120.7859561,23.177151]]]}},{"type":"Feature","properties":{"source":"NLSC_W84_BUILD_2023","record":753669,"settlement":"建山","risk":"low","height":20},"geometry":{"type":"Polygon","coordinates":[[[120.7669461,23.1593647],[120.7668406,23.1593283],[120.7667648,23.1595103],[120.7667716,23.1595121],[120.7667629,23.1595407],[120.7668638,23.1595631],[120.7669461,23.1593647]]]}},{"type":"Feature","properties":{"source":"NLSC_W84_BUILD_2023","record":753575,"settlement":"建山","risk":"low","height":24},"geometry":{"type":"Polygon","coordinates":[[[120.7560333,23.1423013],[120.7558952,23.1422584],[120.7558692,23.1423155],[120.7558933,23.1423387],[120.7558827,23.1423637],[120.7559889,23.1424039],[120.7560333,23.1423013]]]}},{"type":"Feature","properties":{"source":"NLSC_W84_BUILD_2023","record":755155,"settlement":"桃源","risk":"medium","height":16},"geometry":{"type":"Polygon","coordinates":[[[120.7903541,23.1799099],[120.7902769,23.1798845],[120.7902583,23.1799414],[120.7903299,23.1799635],[120.7903541,23.1799099]]]}},{"type":"Feature","properties":{"source":"NLSC_W84_BUILD_2023","record":755158,"settlement":"桃源","risk":"medium","height":22},"geometry":{"type":"Polygon","coordinates":[[[120.7904983,23.1800065],[120.7903886,23.1799994],[120.7903841,23.1801409],[120.7904993,23.1801422],[120.7904983,23.1800065]]]}},{"type":"Feature","properties":{"source":"NLSC_W84_BUILD_2023","record":753706,"settlement":"建山","risk":"low","height":14},"geometry":{"type":"Polygon","coordinates":[[[120.7657822,23.1606679],[120.7658231,23.160614],[120.765894,23.160664],[120.7659602,23.1605827],[120.7658391,23.1605039],[120.7658759,23.1604716],[120.7657437,23.160387],[120.7657199,23.160411],[120.7655969,23.1603341],[120.7655328,23.1604235],[120.7656709,23.1605147],[120.7656265,23.1605735],[120.7655998,23.1605559],[120.7655722,23.1605838],[120.7656778,23.1606618],[120.7657112,23.1606239],[120.7657822,23.1606679]]]}},{"type":"Feature","properties":{"source":"NLSC_W84_BUILD_2023","record":754895,"settlement":"高中","risk":"medium","height":24},"geometry":{"type":"Polygon","coordinates":[[[120.7712864,23.1821397],[120.7712251,23.1820933],[120.771196,23.1821323],[120.7712579,23.1821769],[120.7712864,23.1821397]]]}},{"type":"Feature","properties":{"source":"NLSC_W84_BUILD_2023","record":753576,"settlement":"建山","risk":"low","height":10},"geometry":{"type":"Polygon","coordinates":[[[120.7557594,23.1424162],[120.7556927,23.1423365],[120.7556704,23.1423535],[120.7556653,23.1423478],[120.7556435,23.1423637],[120.7557116,23.142448],[120.7557353,23.1424364],[120.7557309,23.142431],[120.7557594,23.1424162]]]}},{"type":"Feature","properties":{"source":"NLSC_W84_BUILD_2023","record":753574,"settlement":"建山","risk":"low","height":22},"geometry":{"type":"Polygon","coordinates":[[[120.7558229,23.1423287],[120.7557791,23.1423199],[120.7557703,23.1423484],[120.7558158,23.1423573],[120.7558229,23.1423287]]]}},{"type":"Feature","properties":{"source":"NLSC_W84_BUILD_2023","record":753672,"settlement":"建山","risk":"low","height":10},"geometry":{"type":"Polygon","coordinates":[[[120.7671492,23.1594224],[120.7672967,23.1590767],[120.7672835,23.1590721],[120.7671162,23.1590135],[120.7670943,23.1590766],[120.766991,23.1593392],[120.7670548,23.1593623],[120.7670397,23.1593977],[120.7669665,23.1593717],[120.7669183,23.1595064],[120.7669022,23.1595454],[120.766987,23.1595723],[120.7669839,23.159582],[120.7670328,23.1595975],[120.767021,23.1596295],[120.7670705,23.1596593],[120.7670925,23.1596684],[120.7671292,23.1595629],[120.7671492,23.1594224]]]}},{"type":"Feature","properties":{"source":"NLSC_W84_BUILD_2023","record":753705,"settlement":"建山","risk":"low","height":12},"geometry":{"type":"Polygon","coordinates":[[[120.7660706,23.1603167],[120.765993,23.1602608],[120.7659529,23.1603132],[120.7658862,23.1604007],[120.7660549,23.1605193],[120.7660313,23.1605477],[120.7660517,23.1605676],[120.7661365,23.1604809],[120.7661366,23.1604808],[120.7661476,23.1604696],[120.7660876,23.160423],[120.7660557,23.1603982],[120.7660803,23.1603682],[120.7660491,23.1603465],[120.7660706,23.1603167]]]}},{"type":"Feature","properties":{"source":"NLSC_W84_BUILD_2023","record":753573,"settlement":"建山","risk":"low","height":20},"geometry":{"type":"Polygon","coordinates":[[[120.7556298,23.1422908],[120.7555986,23.1422889],[120.7555973,23.1423316],[120.7556277,23.142332],[120.7556298,23.1422908]]]}},{"type":"Feature","properties":{"source":"NLSC_W84_BUILD_2023","record":753741,"settlement":"建山","risk":"low","height":20},"geometry":{"type":"Polygon","coordinates":[[[120.7608817,23.162876],[120.7608497,23.1627846],[120.7607725,23.1628146],[120.7607511,23.1627658],[120.7606962,23.1628065],[120.7607281,23.1628744],[120.7607659,23.16286],[120.7607903,23.1629101],[120.7608817,23.162876]]]}},{"type":"Feature","properties":{"source":"NLSC_W84_BUILD_2023","record":753439,"settlement":"寶山","risk":"low","height":24},"geometry":{"type":"Polygon","coordinates":[[[120.7330534,23.12918],[120.7330349,23.129173],[120.7329949,23.1292697],[120.7330534,23.1292917],[120.7330544,23.129292],[120.7330555,23.1292925],[120.7331107,23.1293132],[120.7331281,23.1293197],[120.7331671,23.1292228],[120.7331106,23.1292015],[120.7330555,23.1291808],[120.7330544,23.1291804],[120.7330534,23.12918]]]}},{"type":"Feature","properties":{"source":"NLSC_W84_BUILD_2023","record":753712,"settlement":"建山","risk":"low","height":10},"geometry":{"type":"Polygon","coordinates":[[[120.7659286,23.1608002],[120.7657351,23.1606752],[120.7656964,23.1607236],[120.765895,23.160847],[120.7659286,23.1608002]]]}},{"type":"Feature","properties":{"source":"NLSC_W84_BUILD_2023","record":753864,"settlement":"桃源","risk":"medium","height":10},"geometry":{"type":"Polygon","coordinates":[[[120.7843932,23.1764628],[120.7842536,23.1763379],[120.784202,23.1763934],[120.784217,23.1764054],[120.7842093,23.1764136],[120.7843415,23.1765188],[120.7843932,23.1764628]]]}},{"type":"Feature","properties":{"source":"NLSC_W84_BUILD_2023","record":753694,"settlement":"建山","risk":"low","height":22},"geometry":{"type":"Polygon","coordinates":[[[120.7665645,23.1602911],[120.7666735,23.1601772],[120.766706,23.1602041],[120.7667775,23.1601211],[120.7666916,23.1600613],[120.7667127,23.1600262],[120.7666506,23.1599912],[120.7665868,23.1600994],[120.7666401,23.1601309],[120.7665286,23.1602533],[120.7665645,23.1602911]]]}},{"type":"Feature","properties":{"source":"NLSC_W84_BUILD_2023","record":753484,"settlement":"寶山","risk":"low","height":18},"geometry":{"type":"Polygon","coordinates":[[[120.732581,23.1304026],[120.7325216,23.1303187],[120.7325026,23.130341],[120.732482,23.1303651],[120.7325092,23.130403],[120.7324577,23.1304339],[120.732486,23.1304772],[120.7325751,23.1304225],[120.7325871,23.1304111],[120.732581,23.1304026]]]}},{"type":"Feature","properties":{"source":"NLSC_W84_BUILD_2023","record":753516,"settlement":"寶山","risk":"low","height":18},"geometry":{"type":"Polygon","coordinates":[[[120.732248,23.1314111],[120.7322067,23.13141],[120.7322108,23.1314503],[120.7322089,23.1314753],[120.7322506,23.1314757],[120.732248,23.1314111]]]}},{"type":"Feature","properties":{"source":"NLSC_W84_BUILD_2023","record":753681,"settlement":"建山","risk":"low","height":12},"geometry":{"type":"Polygon","coordinates":[[[120.7669162,23.1600045],[120.7669268,23.1599438],[120.7669676,23.1599495],[120.7669753,23.1599125],[120.7669753,23.1599105],[120.7668022,23.1598802],[120.7667938,23.1599218],[120.7668166,23.159926],[120.7668066,23.1599907],[120.7669162,23.1600045]]]}},{"type":"Feature","properties":{"source":"NLSC_W84_BUILD_2023","record":753699,"settlement":"建山","risk":"low","height":16},"geometry":{"type":"Polygon","coordinates":[[[120.7665781,23.1603615],[120.7664982,23.1602802],[120.7664264,23.160338],[120.7665056,23.1604182],[120.7665781,23.1603615]]]}},{"type":"Feature","properties":{"source":"NLSC_W84_BUILD_2023","record":753560,"settlement":"寶山","risk":"low","height":10},"geometry":{"type":"Polygon","coordinates":[[[120.753495,23.1358995],[120.7534801,23.1358956],[120.7534381,23.1360263],[120.7534608,23.1360324],[120.7535442,23.1360537],[120.7535814,23.1359247],[120.753495,23.1358995]]]}},{"type":"Feature","properties":{"source":"NLSC_W84_BUILD_2023","record":755219,"settlement":"復興","risk":"high","height":16},"geometry":{"type":"Polygon","coordinates":[[[120.8092408,23.2099493],[120.8092107,23.2099021],[120.8091709,23.2099266],[120.8091997,23.2099732],[120.8092408,23.2099493]]]}},{"type":"Feature","properties":{"source":"NLSC_W84_BUILD_2023","record":753844,"settlement":"高中","risk":"medium","height":18},"geometry":{"type":"Polygon","coordinates":[[[120.7841057,23.1721472],[120.7839793,23.1721263],[120.7839676,23.1721844],[120.7840967,23.1722041],[120.7841057,23.1721472]]]}},{"type":"Feature","properties":{"source":"NLSC_W84_BUILD_2023","record":753713,"settlement":"建山","risk":"low","height":12},"geometry":{"type":"Polygon","coordinates":[[[120.7663308,23.1607508],[120.7661119,23.1606605],[120.7661068,23.1606709],[120.7660716,23.160658],[120.7660545,23.1606964],[120.766037,23.160738],[120.7660708,23.1607532],[120.7660648,23.1607622],[120.7662866,23.1608511],[120.7663216,23.1607726],[120.7663308,23.1607508]]]}},{"type":"Feature","properties":{"source":"NLSC_W84_BUILD_2023","record":753733,"settlement":"高中","risk":"medium","height":20},"geometry":{"type":"Polygon","coordinates":[[[120.768163,23.1620468],[120.7681097,23.1619755],[120.7680601,23.1620072],[120.7681144,23.1620794],[120.768163,23.1620468]]]}},{"type":"Feature","properties":{"source":"NLSC_W84_BUILD_2023","record":755154,"settlement":"桃源","risk":"medium","height":14},"geometry":{"type":"Polygon","coordinates":[[[120.7909462,23.1798836],[120.7909242,23.1798155],[120.7908616,23.1798326],[120.7908821,23.1798988],[120.7909462,23.1798836]]]}},{"type":"Feature","properties":{"source":"NLSC_W84_BUILD_2023","record":753737,"settlement":"高中","risk":"medium","height":12},"geometry":{"type":"Polygon","coordinates":[[[120.7674901,23.1624722],[120.7674964,23.162357],[120.7672596,23.1623484],[120.7672587,23.1623619],[120.7672019,23.1623607],[120.7672021,23.1623882],[120.7672607,23.1623891],[120.7672629,23.1624054],[120.7673425,23.162412],[120.7673358,23.1624669],[120.7674901,23.1624722]]]}},{"type":"Feature","properties":{"source":"NLSC_W84_BUILD_2023","record":753729,"settlement":"高中","risk":"medium","height":12},"geometry":{"type":"Polygon","coordinates":[[[120.7772256,23.1615796],[120.7771828,23.1615337],[120.7771504,23.161561],[120.7771663,23.1615795],[120.7771972,23.1616155],[120.7772327,23.1615873],[120.7772256,23.1615796]]]}},{"type":"Feature","properties":{"source":"NLSC_W84_BUILD_2023","record":753693,"settlement":"建山","risk":"low","height":20},"geometry":{"type":"Polygon","coordinates":[[[120.7670009,23.1600778],[120.7669379,23.1600701],[120.7668835,23.1600883],[120.7668557,23.1602224],[120.7669738,23.1602499],[120.7670009,23.1600778]]]}},{"type":"Feature","properties":{"source":"NLSC_W84_BUILD_2023","record":753708,"settlement":"建山","risk":"low","height":18},"geometry":{"type":"Polygon","coordinates":[[[120.766467,23.1607388],[120.7665429,23.160684],[120.7665082,23.1606442],[120.7665205,23.1606347],[120.7664051,23.160502],[120.7663179,23.1605652],[120.7663547,23.1606032],[120.7663376,23.1606174],[120.7663799,23.1606596],[120.7663548,23.1606801],[120.7663999,23.1607257],[120.7664273,23.1607011],[120.766467,23.1607388]]]}},{"type":"Feature","properties":{"source":"NLSC_W84_BUILD_2023","record":753735,"settlement":"高中","risk":"medium","height":24},"geometry":{"type":"Polygon","coordinates":[[[120.7675154,23.1622712],[120.7674883,23.1622638],[120.7674681,23.1623281],[120.767498,23.1623364],[120.7675154,23.1622712]]]}},{"type":"Feature","properties":{"source":"NLSC_W84_BUILD_2023","record":753725,"settlement":"高中","risk":"medium","height":20},"geometry":{"type":"Polygon","coordinates":[[[120.7770189,23.1614456],[120.776992,23.1613914],[120.7769222,23.1614243],[120.776958,23.1614795],[120.7770189,23.1614456]]]}},{"type":"Feature","properties":{"source":"NLSC_W84_BUILD_2023","record":753572,"settlement":"寶山","risk":"low","height":18},"geometry":{"type":"Polygon","coordinates":[[[120.7345133,23.1410925],[120.7345147,23.1410662],[120.7344733,23.1410668],[120.7344714,23.1410923],[120.7344427,23.1410923],[120.7344388,23.1411377],[120.7344678,23.1411391],[120.7344671,23.1411546],[120.7345106,23.1411549],[120.7345133,23.1410925]]]}},{"type":"Feature","properties":{"source":"NLSC_W84_BUILD_2023","record":753704,"settlement":"建山","risk":"low","height":10},"geometry":{"type":"Polygon","coordinates":[[[120.7665897,23.1605578],[120.766791,23.1604074],[120.7668956,23.1605076],[120.7669086,23.1604973],[120.7669612,23.1605494],[120.7670231,23.1604968],[120.766964,23.1604499],[120.7669929,23.1604284],[120.7669709,23.1604042],[120.7669418,23.1604302],[120.7668542,23.1603644],[120.766837,23.1603853],[120.7667552,23.1603018],[120.7665325,23.1604907],[120.7665807,23.1605466],[120.7665897,23.1605578],[120.7665897,23.1605578]]]}},{"type":"Feature","properties":{"source":"NLSC_W84_BUILD_2023","record":753863,"settlement":"桃源","risk":"medium","height":24},"geometry":{"type":"Polygon","coordinates":[[[120.7850198,23.1762124],[120.7849699,23.1760671],[120.7848374,23.1761127],[120.7848917,23.1762515],[120.7850198,23.1762124]]]}},{"type":"Feature","properties":{"source":"NLSC_W84_BUILD_2023","record":755195,"settlement":"桃源","risk":"medium","height":16},"geometry":{"type":"Polygon","coordinates":[[[120.7937229,23.1888878],[120.793723,23.1888373],[120.7936767,23.1888384],[120.793678,23.1888878],[120.7937229,23.1888878]]]}},{"type":"Feature","properties":{"source":"NLSC_W84_BUILD_2023","record":753480,"settlement":"寶山","risk":"low","height":10},"geometry":{"type":"Polygon","coordinates":[[[120.7322429,23.1302437],[120.7321186,23.1302204],[120.7321064,23.130276],[120.7321421,23.1302827],[120.7321294,23.1303406],[120.732218,23.1303573],[120.7322429,23.1302437]]]}},{"type":"Feature","properties":{"source":"NLSC_W84_BUILD_2023","record":753732,"settlement":"高中","risk":"medium","height":18},"geometry":{"type":"Polygon","coordinates":[[[120.7680884,23.1618062],[120.7680594,23.1617825],[120.7680346,23.161805],[120.7680652,23.1618329],[120.7680884,23.1618062]]]}},{"type":"Feature","properties":{"source":"NLSC_W84_BUILD_2023","record":753453,"settlement":"寶山","risk":"low","height":20},"geometry":{"type":"Polygon","coordinates":[[[120.7324715,23.1296986],[120.7324317,23.1295939],[120.7323849,23.1296086],[120.7324001,23.1296556],[120.7323259,23.1296775],[120.7323424,23.1297315],[120.7324715,23.1296986]]]}},{"type":"Feature","properties":{"source":"NLSC_W84_BUILD_2023","record":753734,"settlement":"高中","risk":"medium","height":22},"geometry":{"type":"Polygon","coordinates":[[[120.7673366,23.1621941],[120.7672927,23.1621677],[120.7671768,23.1623006],[120.7672263,23.1623346],[120.7673006,23.1622454],[120.7673366,23.1621941]]]}},{"type":"Feature","properties":{"source":"NLSC_W84_BUILD_2023","record":753710,"settlement":"建山","risk":"low","height":22},"geometry":{"type":"Polygon","coordinates":[[[120.7665249,23.1608036],[120.7665556,23.1607796],[120.7665781,23.1608011],[120.7666027,23.1607768],[120.7665817,23.1607592],[120.7665988,23.1607459],[120.7665584,23.1607014],[120.766484,23.1607566],[120.7665249,23.1608036]]]}},{"type":"Feature","properties":{"source":"NLSC_W84_BUILD_2023","record":755148,"settlement":"桃源","risk":"medium","height":18},"geometry":{"type":"Polygon","coordinates":[[[120.7896591,23.1783289],[120.7896338,23.1783156],[120.7896117,23.1783528],[120.7896393,23.178367],[120.7896591,23.1783289]]]}},{"type":"Feature","properties":{"source":"NLSC_W84_BUILD_2023","record":753862,"settlement":"桃源","risk":"medium","height":22},"geometry":{"type":"Polygon","coordinates":[[[120.7851765,23.1761598],[120.7851319,23.176019],[120.785006,23.1760549],[120.7850603,23.1761979],[120.7851765,23.1761598]]]}},{"type":"Feature","properties":{"source":"NLSC_W84_BUILD_2023","record":753724,"settlement":"高中","risk":"medium","height":18},"geometry":{"type":"Polygon","coordinates":[[[120.7687061,23.1613931],[120.7686548,23.1613898],[120.7686521,23.1614167],[120.7686666,23.1614185],[120.768666,23.161429],[120.7687039,23.1614315],[120.7687061,23.1613931]]]}},{"type":"Feature","properties":{"source":"NLSC_W84_BUILD_2023","record":753717,"settlement":"建山","risk":"low","height":20},"geometry":{"type":"Polygon","coordinates":[[[120.7665505,23.1609832],[120.7664718,23.1609196],[120.7664081,23.1609867],[120.7664827,23.1610493],[120.7665505,23.1609832]]]}},{"type":"Feature","properties":{"source":"NLSC_W84_BUILD_2023","record":755197,"settlement":"勤和","risk":"high","height":20},"geometry":{"type":"Polygon","coordinates":[[[120.7897591,23.1973911],[120.7897592,23.1973491],[120.789753,23.1973504],[120.7897531,23.1973314],[120.7897128,23.1973314],[120.7897123,23.1973771],[120.7897369,23.1973772],[120.7897369,23.197391],[120.7897591,23.1973911]]]}},{"type":"Feature","properties":{"source":"NLSC_W84_BUILD_2023","record":753715,"settlement":"建山","risk":"low","height":16},"geometry":{"type":"Polygon","coordinates":[[[120.7667266,23.1608762],[120.7666665,23.1608063],[120.7665824,23.1608668],[120.7666401,23.1609353],[120.7667266,23.1608762]]]}},{"type":"Feature","properties":{"source":"NLSC_W84_BUILD_2023","record":751495,"settlement":"復興","risk":"high","height":24},"geometry":{"type":"Polygon","coordinates":[[[120.8107748,23.2105305],[120.8106988,23.2105132],[120.8107005,23.2105437],[120.8107634,23.2105643],[120.8107748,23.2105305]]]}},{"type":"Feature","properties":{"source":"NLSC_W84_BUILD_2023","record":753714,"settlement":"建山","risk":"low","height":14},"geometry":{"type":"Polygon","coordinates":[[[120.7669794,23.1609203],[120.7670817,23.1608622],[120.767043,23.1608097],[120.7670585,23.1607999],[120.767046,23.1607773],[120.7670258,23.1607892],[120.7670148,23.160773],[120.7670238,23.1607654],[120.7669955,23.160725],[120.7669692,23.160739],[120.7669673,23.160736],[120.7668064,23.1604984],[120.7666652,23.1605894],[120.7667061,23.1606415],[120.7666894,23.1606661],[120.7667822,23.1607892],[120.7667896,23.1607864],[120.7668385,23.1608608],[120.7668404,23.160866],[120.7668284,23.160871],[120.7668572,23.1609159],[120.7668789,23.1609049],[120.7669441,23.1608672],[120.7669794,23.1609203]]]}},{"type":"Feature","properties":{"source":"NLSC_W84_BUILD_2023","record":753593,"settlement":"寶山","risk":"low","height":12},"geometry":{"type":"Polygon","coordinates":[[[120.7461871,23.1447096],[120.7461716,23.1446494],[120.7461004,23.1446645],[120.7461118,23.1447207],[120.7461871,23.1447096]]]}},{"type":"Feature","properties":{"source":"NLSC_W84_BUILD_2023","record":753589,"settlement":"寶山","risk":"low","height":20},"geometry":{"type":"Polygon","coordinates":[[[120.7482767,23.1439035],[120.7482613,23.1437934],[120.7482138,23.1437966],[120.7482102,23.1437779],[120.7481562,23.1437836],[120.7481593,23.1438048],[120.7480528,23.1438127],[120.7480641,23.1439206],[120.7482767,23.1439035]]]}},{"type":"Feature","properties":{"source":"NLSC_W84_BUILD_2023","record":753425,"settlement":"寶山","risk":"low","height":12},"geometry":{"type":"Polygon","coordinates":[[[120.7325147,23.1289421],[120.7324952,23.128894],[120.7324884,23.1288772],[120.7324673,23.128825],[120.7324658,23.1288254],[120.7324227,23.128837],[120.7324208,23.1288375],[120.7324208,23.1288377],[120.7324512,23.1289103],[120.732464,23.1289409],[120.7324733,23.1289376],[120.7324812,23.1289552],[120.7325147,23.1289421]]]}},{"type":"Feature","properties":{"source":"NLSC_W84_BUILD_2023","record":751327,"settlement":"桃源","risk":"medium","height":24},"geometry":{"type":"Polygon","coordinates":[[[120.7914236,23.1796642],[120.791402,23.1796142],[120.7913032,23.1796518],[120.7913269,23.1797044],[120.7914236,23.1796642]]]}},{"type":"Feature","properties":{"source":"NLSC_W84_BUILD_2023","record":753861,"settlement":"桃源","risk":"medium","height":20},"geometry":{"type":"Polygon","coordinates":[[[120.7851186,23.1758216],[120.7849442,23.1758166],[120.7849418,23.175872],[120.7849873,23.175876],[120.7849856,23.1758913],[120.7850967,23.1758952],[120.785099,23.1758836],[120.7851131,23.1758798],[120.7851186,23.1758216]]]}},{"type":"Feature","properties":{"source":"NLSC_W84_BUILD_2023","record":753747,"settlement":"建山","risk":"low","height":16},"geometry":{"type":"Polygon","coordinates":[[[120.7586583,23.1638209],[120.7586377,23.1637818],[120.7585672,23.1638154],[120.7585891,23.1638562],[120.7586583,23.1638209]]]}},{"type":"Feature","properties":{"source":"NLSC_W84_BUILD_2023","record":753720,"settlement":"建山","risk":"low","height":10},"geometry":{"type":"Polygon","coordinates":[[[120.7667352,23.1612789],[120.7668039,23.161226],[120.7667814,23.1612042],[120.7667855,23.1611976],[120.7667569,23.1611691],[120.7667805,23.1611398],[120.7667727,23.1611333],[120.766756,23.161121],[120.766757,23.1611202],[120.7667253,23.1610937],[120.7667589,23.1610639],[120.7667347,23.1610407],[120.7667553,23.1610257],[120.7667817,23.1610546],[120.7668297,23.1610122],[120.7668171,23.1609931],[120.7667687,23.160918],[120.7666754,23.1609816],[120.7666085,23.1610275],[120.76658,23.1610533],[120.7665123,23.1611194],[120.7666224,23.1612192],[120.7666543,23.1612484],[120.7666841,23.1612286],[120.7667352,23.1612789]]]}},{"type":"Feature","properties":{"source":"NLSC_W84_BUILD_2023","record":751505,"settlement":"拉芙蘭","risk":"medium","height":12},"geometry":{"type":"Polygon","coordinates":[[[120.8079798,23.2335426],[120.8079335,23.2334841],[120.8078768,23.2335158],[120.8079219,23.2335729],[120.8079798,23.2335426]]]}},{"type":"Feature","properties":{"source":"NLSC_W84_BUILD_2023","record":753711,"settlement":"高中","risk":"medium","height":24},"geometry":{"type":"Polygon","coordinates":[[[120.7694608,23.1607717],[120.7694212,23.1607506],[120.769381,23.1608111],[120.7694215,23.1608338],[120.7694608,23.1607717]]]}},{"type":"Feature","properties":{"source":"NLSC_W84_BUILD_2023","record":753748,"settlement":"建山","risk":"low","height":18},"geometry":{"type":"Polygon","coordinates":[[[120.7584891,23.1638841],[120.7584241,23.1638642],[120.7584133,23.1638946],[120.7584779,23.1639139],[120.7584891,23.1638841]]]}},{"type":"Feature","properties":{"source":"NLSC_W84_BUILD_2023","record":751339,"settlement":"復興","risk":"high","height":16},"geometry":{"type":"Polygon","coordinates":[[[120.8044774,23.2307619],[120.8043766,23.2307565],[120.8043745,23.2308143],[120.8044751,23.2308177],[120.8044774,23.2307619]]]}},{"type":"Feature","properties":{"source":"NLSC_W84_BUILD_2023","record":754898,"settlement":"桃源","risk":"medium","height":14},"geometry":{"type":"Polygon","coordinates":[[[120.7715648,23.1836468],[120.7715505,23.1835946],[120.771501,23.1836082],[120.7715167,23.1836607],[120.7715648,23.1836468]]]}},{"type":"Feature","properties":{"source":"NLSC_W84_BUILD_2023","record":751242,"settlement":"高中","risk":"medium","height":14},"geometry":{"type":"Polygon","coordinates":[[[120.7690036,23.1608671],[120.7689495,23.1608559],[120.7689437,23.1608808],[120.769,23.1608926],[120.7690036,23.1608671]]]}},{"type":"Feature","properties":{"source":"NLSC_W84_BUILD_2023","record":755194,"settlement":"桃源","risk":"medium","height":14},"geometry":{"type":"Polygon","coordinates":[[[120.7943555,23.1883542],[120.7943239,23.1882755],[120.7942295,23.1883104],[120.7942622,23.1883872],[120.7943555,23.1883542]]]}},{"type":"Feature","properties":{"source":"NLSC_W84_BUILD_2023","record":753716,"settlement":"建山","risk":"low","height":18},"geometry":{"type":"Polygon","coordinates":[[[120.7671362,23.1609536],[120.7670929,23.1608987],[120.7670062,23.1609582],[120.7670489,23.1610108],[120.7671362,23.1609536]]]}},{"type":"Feature","properties":{"source":"NLSC_W84_BUILD_2023","record":751503,"settlement":"復興","risk":"high","height":24},"geometry":{"type":"Polygon","coordinates":[[[120.8046835,23.2307946],[120.8046512,23.2307896],[120.8046423,23.2308272],[120.8046819,23.2308348],[120.8047587,23.2308405],[120.8047614,23.2307992],[120.8046835,23.2307946]]]}},{"type":"Feature","properties":{"source":"NLSC_W84_BUILD_2023","record":753731,"settlement":"高中","risk":"medium","height":16},"geometry":{"type":"Polygon","coordinates":[[[120.7671924,23.1616515],[120.7671504,23.1615949],[120.7670677,23.1616496],[120.7670484,23.1616628],[120.7670975,23.1617254],[120.7671174,23.1617128],[120.7671115,23.1617054],[120.7671924,23.1616515]]]}},{"type":"Feature","properties":{"source":"NLSC_W84_BUILD_2023","record":753723,"settlement":"建山","risk":"low","height":16},"geometry":{"type":"Polygon","coordinates":[[[120.766823,23.1613908],[120.7669424,23.1612965],[120.7669522,23.1613071],[120.7669869,23.1612804],[120.7669505,23.1612404],[120.7669263,23.16126],[120.7669205,23.1612537],[120.7668487,23.1613132],[120.7668232,23.1612885],[120.7667719,23.1613348],[120.766823,23.1613908]]]}},{"type":"Feature","properties":{"source":"NLSC_W84_BUILD_2023","record":755178,"settlement":"桃源","risk":"medium","height":14},"geometry":{"type":"Polygon","coordinates":[[[120.7936003,23.1827311],[120.7936347,23.1826911],[120.7936398,23.1826967],[120.7937217,23.1826022],[120.7936685,23.1825604],[120.7935464,23.1826882],[120.7936003,23.1827311]]]}},{"type":"Feature","properties":{"source":"NLSC_W84_BUILD_2023","record":755428,"settlement":"梅山","risk":"high","height":18},"geometry":{"type":"Polygon","coordinates":[[[120.8216131,23.2610679],[120.8216121,23.2609123],[120.8215716,23.2609123],[120.8215726,23.2610679],[120.8216131,23.2610679]]]}},{"type":"Feature","properties":{"source":"NLSC_W84_BUILD_2023","record":753749,"settlement":"建山","risk":"low","height":20},"geometry":{"type":"Polygon","coordinates":[[[120.7604751,23.1640701],[120.7603958,23.1640651],[120.7603941,23.1641136],[120.7604711,23.1641166],[120.7604751,23.1640701]]]}},{"type":"Feature","properties":{"source":"NLSC_W84_BUILD_2023","record":753718,"settlement":"建山","risk":"low","height":22},"geometry":{"type":"Polygon","coordinates":[[[120.7671463,23.1611679],[120.7670983,23.1611095],[120.7670339,23.1611581],[120.7670812,23.1612142],[120.7671463,23.1611679]]]}},{"type":"Feature","properties":{"source":"NLSC_W84_BUILD_2023","record":753570,"settlement":"建山","risk":"low","height":14},"geometry":{"type":"Polygon","coordinates":[[[120.7583358,23.1404642],[120.758282,23.1404171],[120.7582338,23.1404663],[120.7582894,23.140513],[120.7583358,23.1404642]]]}},{"type":"Feature","properties":{"source":"NLSC_W84_BUILD_2023","record":753727,"settlement":"高中","risk":"medium","height":24},"geometry":{"type":"Polygon","coordinates":[[[120.7672703,23.1614577],[120.7672361,23.1614116],[120.7671845,23.1614427],[120.7672214,23.1614932],[120.7672703,23.1614577]]]}},{"type":"Feature","properties":{"source":"NLSC_W84_BUILD_2023","record":753618,"settlement":"建山","risk":"low","height":14},"geometry":{"type":"Polygon","coordinates":[[[120.7711471,23.1526937],[120.7711038,23.1526382],[120.7710462,23.1526794],[120.771092,23.1527372],[120.7711471,23.1526937]]]}},{"type":"Feature","properties":{"source":"NLSC_W84_BUILD_2023","record":753726,"settlement":"建山","risk":"low","height":22},"geometry":{"type":"Polygon","coordinates":[[[120.7668905,23.1614764],[120.7670509,23.1613494],[120.7670278,23.161314],[120.7670065,23.1612894],[120.7668987,23.1613745],[120.7668821,23.1613557],[120.766825,23.1614007],[120.7668421,23.1614191],[120.7668905,23.1614764]]]}},{"type":"Feature","properties":{"source":"NLSC_W84_BUILD_2023","record":753750,"settlement":"建山","risk":"low","height":22},"geometry":{"type":"Polygon","coordinates":[[[120.7603992,23.1641461],[120.760247,23.1641251],[120.7602298,23.1642315],[120.7603835,23.1642508],[120.7603992,23.1641461]]]}},{"type":"Feature","properties":{"source":"NLSC_W84_BUILD_2023","record":751504,"settlement":"復興","risk":"high","height":10},"geometry":{"type":"Polygon","coordinates":[[[120.8045779,23.231128],[120.804584,23.2311115],[120.8046189,23.231117],[120.8046384,23.2310283],[120.8045846,23.2310212],[120.804576,23.2310476],[120.8045337,23.2310397],[120.804515,23.2311175],[120.8045779,23.231128]]]}},{"type":"Feature","properties":{"source":"NLSC_W84_BUILD_2023","record":753719,"settlement":"建山","risk":"low","height":24},"geometry":{"type":"Polygon","coordinates":[[[120.7672346,23.1612181],[120.767302,23.1611655],[120.7672385,23.1611003],[120.7671863,23.1611466],[120.7671516,23.161178],[120.7671745,23.1612027],[120.7671962,23.1611872],[120.7672346,23.1612181]]]}},{"type":"Feature","properties":{"source":"NLSC_W84_BUILD_2023","record":753730,"settlement":"高中","risk":"medium","height":14},"geometry":{"type":"Polygon","coordinates":[[[120.767054,23.1615531],[120.7669549,23.1614563],[120.7669057,23.1614979],[120.7668759,23.1615224],[120.766916,23.1615631],[120.7669176,23.1615647],[120.7669744,23.1616223],[120.7670099,23.1615908],[120.7670403,23.1615649],[120.7670421,23.1615633],[120.767054,23.1615531]]]}},{"type":"Feature","properties":{"source":"NLSC_W84_BUILD_2023","record":755196,"settlement":"桃源","risk":"medium","height":18},"geometry":{"type":"Polygon","coordinates":[[[120.7945037,23.1891817],[120.7944731,23.1891001],[120.7944608,23.1891039],[120.7944465,23.189065],[120.7943952,23.1890848],[120.7944391,23.1892062],[120.7945037,23.1891817]]]}},{"type":"Feature","properties":{"source":"NLSC_W84_BUILD_2023","record":753721,"settlement":"建山","risk":"low","height":12},"geometry":{"type":"Polygon","coordinates":[[[120.7672389,23.1612433],[120.7672026,23.1612056],[120.7671003,23.1612802],[120.7671368,23.1613239],[120.7672389,23.1612433]]]}},{"type":"Feature","properties":{"source":"NLSC_W84_BUILD_2023","record":753722,"settlement":"高中","risk":"medium","height":14},"geometry":{"type":"Polygon","coordinates":[[[120.7673652,23.1612711],[120.7672942,23.1612271],[120.7672222,23.1613286],[120.7673062,23.1613724],[120.7673652,23.1612711]]]}},{"type":"Feature","properties":{"source":"NLSC_W84_BUILD_2023","record":753728,"settlement":"高中","risk":"medium","height":10},"geometry":{"type":"Polygon","coordinates":[[[120.7671222,23.1614578],[120.7670511,23.1613498],[120.766959,23.1614374],[120.7670488,23.1615308],[120.7671266,23.1614645],[120.7671222,23.1614578]]]}},{"type":"Feature","properties":{"source":"NLSC_W84_BUILD_2023","record":753709,"settlement":"高中","risk":"medium","height":20},"geometry":{"type":"Polygon","coordinates":[[[120.7685342,23.1607111],[120.7685342,23.1606758],[120.7683748,23.1606822],[120.7683852,23.1607667],[120.7684093,23.1607653],[120.7684068,23.1607536],[120.7684608,23.1607534],[120.7684563,23.1607159],[120.7685342,23.1607111]]]}},{"type":"Feature","properties":{"source":"NLSC_W84_BUILD_2023","record":753402,"settlement":"寶山","risk":"low","height":14},"geometry":{"type":"Polygon","coordinates":[[[120.7338294,23.1258121],[120.7337912,23.1257866],[120.7337719,23.1258072],[120.7338113,23.1258338],[120.7338294,23.1258121]]]}},{"type":"Feature","properties":{"source":"NLSC_W84_BUILD_2023","record":753504,"settlement":"寶山","risk":"low","height":10},"geometry":{"type":"Polygon","coordinates":[[[120.7310685,23.1310584],[120.7310587,23.1310567],[120.7310279,23.1311259],[120.7310755,23.1311441],[120.7311072,23.1310731],[120.7310685,23.1310584]]]}},{"type":"Feature","properties":{"source":"NLSC_W84_BUILD_2023","record":755173,"settlement":"桃源","risk":"medium","height":20},"geometry":{"type":"Polygon","coordinates":[[[120.7937957,23.1823893],[120.7937504,23.182349],[120.793701,23.1823966],[120.7937456,23.1824359],[120.7937957,23.1823893]]]}},{"type":"Feature","properties":{"source":"NLSC_W84_BUILD_2023","record":755230,"settlement":"復興","risk":"high","height":22},"geometry":{"type":"Polygon","coordinates":[[[120.8150815,23.2162183],[120.8150813,23.2162181],[120.8150812,23.216292],[120.8151345,23.2162942],[120.8151372,23.216222],[120.8150815,23.2162183]]]}},{"type":"Feature","properties":{"source":"NLSC_W84_BUILD_2023","record":753702,"settlement":"高中","risk":"medium","height":22},"geometry":{"type":"Polygon","coordinates":[[[120.7686827,23.1604741],[120.7685636,23.160423],[120.7685322,23.1604838],[120.768652,23.1605366],[120.7686827,23.1604741]]]}},{"type":"Feature","properties":{"source":"NLSC_W84_BUILD_2023","record":753515,"settlement":"寶山","risk":"low","height":16},"geometry":{"type":"Polygon","coordinates":[[[120.7308792,23.1314307],[120.7308146,23.1314257],[120.7308138,23.1314663],[120.7308764,23.1314718],[120.7308792,23.1314307]]]}},{"type":"Feature","properties":{"source":"NLSC_W84_BUILD_2023","record":753511,"settlement":"寶山","risk":"low","height":24},"geometry":{"type":"Polygon","coordinates":[[[120.73093,23.1313304],[120.7309276,23.1312639],[120.7309381,23.1312652],[120.7309419,23.131176],[120.7309668,23.1311779],[120.7309839,23.1310493],[120.7308946,23.1310464],[120.7308414,23.1310479],[120.7308389,23.1310797],[120.7308955,23.1310871],[120.7308862,23.1311716],[120.7308299,23.1311737],[120.7308283,23.1312324],[120.7307972,23.1312326],[120.7307971,23.1313381],[120.73093,23.1313304]]]}},{"type":"Feature","properties":{"source":"NLSC_W84_BUILD_2023","record":755203,"settlement":"勤和","risk":"high","height":16},"geometry":{"type":"Polygon","coordinates":[[[120.8054692,23.2008862],[120.8054189,23.2008792],[120.8054097,23.2009245],[120.8054606,23.2009325],[120.8054692,23.2008862]]]}},{"type":"Feature","properties":{"source":"NLSC_W84_BUILD_2023","record":753500,"settlement":"寶山","risk":"low","height":18},"geometry":{"type":"Polygon","coordinates":[[[120.7309728,23.1310041],[120.7309935,23.1308788],[120.7310132,23.1308793],[120.7310175,23.1308342],[120.7309917,23.1308287],[120.7309558,23.1308258],[120.7308738,23.130827],[120.7308654,23.1308298],[120.7308593,23.130868],[120.7307901,23.1308657],[120.730779,23.1309256],[120.730787,23.1309266],[120.7307777,23.1309922],[120.7309197,23.1310063],[120.7309728,23.1310041]]]}},{"type":"Feature","properties":{"source":"NLSC_W84_BUILD_2023","record":753877,"settlement":"桃源","risk":"medium","height":20},"geometry":{"type":"Polygon","coordinates":[[[120.7878933,23.1758807],[120.7877922,23.1758667],[120.7877798,23.1759674],[120.7878788,23.1759783],[120.7878933,23.1758807]]]}},{"type":"Feature","properties":{"source":"NLSC_W84_BUILD_2023","record":753878,"settlement":"桃源","risk":"medium","height":22},"geometry":{"type":"Polygon","coordinates":[[[120.788126,23.1760094],[120.7880505,23.1759732],[120.7880441,23.1759817],[120.788026,23.1760131],[120.7881014,23.176047],[120.7881576,23.1760915],[120.7881902,23.1760556],[120.788126,23.1760094]]]}},{"type":"Feature","properties":{"source":"NLSC_W84_BUILD_2023","record":753597,"settlement":"建山","risk":"low","height":20},"geometry":{"type":"Polygon","coordinates":[[[120.7487331,23.1458124],[120.7486944,23.1457908],[120.748668,23.1458316],[120.7487077,23.1458535],[120.7487331,23.1458124]]]}},{"type":"Feature","properties":{"source":"NLSC_W84_BUILD_2023","record":753512,"settlement":"寶山","risk":"low","height":10},"geometry":{"type":"Polygon","coordinates":[[[120.7306678,23.1313743],[120.7306457,23.1313189],[120.7305976,23.1313354],[120.7306197,23.1313907],[120.7306678,23.1313743]]]}},{"type":"Feature","properties":{"source":"NLSC_W84_BUILD_2023","record":755174,"settlement":"桃源","risk":"medium","height":22},"geometry":{"type":"Polygon","coordinates":[[[120.7942635,23.1823265],[120.7942204,23.1822776],[120.7941682,23.1823173],[120.7941552,23.1823038],[120.7940846,23.1823582],[120.7940915,23.1823711],[120.794029,23.1824179],[120.794069,23.1824715],[120.79422,23.1823705],[120.794211,23.1823597],[120.7942635,23.1823265]]]}},{"type":"Feature","properties":{"source":"NLSC_W84_BUILD_2023","record":753445,"settlement":"寶山","risk":"low","height":20},"geometry":{"type":"Polygon","coordinates":[[[120.7312421,23.1294612],[120.7312644,23.129338],[120.7312385,23.129334],[120.7312418,23.1293157],[120.7311564,23.1293025],[120.7311424,23.1292997],[120.731082,23.12931],[120.7310624,23.1293725],[120.731099,23.129382],[120.7311072,23.1293444],[120.7311245,23.1293482],[120.7311056,23.1294216],[120.7311338,23.1294272],[120.7311308,23.129444],[120.7312421,23.1294612]]]}},{"type":"Feature","properties":{"source":"NLSC_W84_BUILD_2023","record":753493,"settlement":"寶山","risk":"low","height":20},"geometry":{"type":"Polygon","coordinates":[[[120.730733,23.1308215],[120.7307632,23.1307373],[120.7307865,23.1307437],[120.7308301,23.1305987],[120.7306793,23.1305593],[120.7306766,23.1305749],[120.7305978,23.1305535],[120.7306023,23.1305409],[120.7305635,23.130529],[120.7305087,23.1306936],[120.7305453,23.1307025],[120.7305376,23.1307246],[120.7306233,23.1307494],[120.7306098,23.130787],[120.730672,23.1308045],[120.730733,23.1308215]]]}},{"type":"Feature","properties":{"source":"NLSC_W84_BUILD_2023","record":753505,"settlement":"寶山","risk":"low","height":12},"geometry":{"type":"Polygon","coordinates":[[[120.7306403,23.1310619],[120.7306511,23.1310229],[120.7306863,23.1310386],[120.730724,23.1308941],[120.730516,23.1308207],[120.730486,23.1308999],[120.7305624,23.1309275],[120.7305415,23.131005],[120.7304635,23.130972],[120.7304158,23.1310588],[120.7305894,23.1311395],[120.7306313,23.1311592],[120.7306827,23.1310812],[120.7306403,23.1310619]]]}},{"type":"Feature","properties":{"source":"NLSC_W84_BUILD_2023","record":751330,"settlement":"桃源","risk":"medium","height":14},"geometry":{"type":"Polygon","coordinates":[[[120.7951976,23.189337],[120.7951492,23.1892235],[120.7950316,23.1892675],[120.7950792,23.189383],[120.7951976,23.189337]]]}},{"type":"Feature","properties":{"source":"NLSC_W84_BUILD_2023","record":755429,"settlement":"梅山","risk":"high","height":20},"geometry":{"type":"Polygon","coordinates":[[[120.8133795,23.2612078],[120.8133691,23.2611137],[120.813307,23.2611216],[120.8133205,23.261213],[120.8133795,23.2612078]]]}},{"type":"Feature","properties":{"source":"NLSC_W84_BUILD_2023","record":753567,"settlement":"寶山","risk":"low","height":24},"geometry":{"type":"Polygon","coordinates":[[[120.7313894,23.1393956],[120.7313511,23.139391],[120.73135,23.1393973],[120.7313464,23.1394641],[120.7313794,23.139468],[120.7314167,23.1394742],[120.7314268,23.1394006],[120.7313894,23.1393956]]]}},{"type":"Feature","properties":{"source":"NLSC_W84_BUILD_2023","record":753490,"settlement":"寶山","risk":"low","height":14},"geometry":{"type":"Polygon","coordinates":[[[120.730388,23.1306121],[120.7303701,23.1306071],[120.7303695,23.1306089],[120.7303527,23.130667],[120.7303928,23.1306788],[120.7303944,23.1306735],[120.7304107,23.1306183],[120.7303992,23.1306151],[120.730388,23.1306121]]]}},{"type":"Feature","properties":{"source":"NLSC_W84_BUILD_2023","record":753497,"settlement":"寶山","risk":"low","height":12},"geometry":{"type":"Polygon","coordinates":[[[120.7304172,23.1307747],[120.7303669,23.1307342],[120.7303546,23.1307473],[120.7303324,23.1307295],[120.730252,23.130815],[120.7302843,23.1308409],[120.7302751,23.1308507],[120.7303153,23.1308831],[120.7304172,23.1307747]]]}},{"type":"Feature","properties":{"source":"NLSC_W84_BUILD_2023","record":751329,"settlement":"桃源","risk":"medium","height":12},"geometry":{"type":"Polygon","coordinates":[[[120.7953559,23.1892489],[120.7953406,23.1892157],[120.795266,23.1892471],[120.7952828,23.189279],[120.7953559,23.1892489]]]}},{"type":"Feature","properties":{"source":"NLSC_W84_BUILD_2023","record":753785,"settlement":"高中","risk":"medium","height":12},"geometry":{"type":"Polygon","coordinates":[[[120.7613607,23.1665912],[120.7613386,23.1665758],[120.7613065,23.1666097],[120.7613269,23.1666276],[120.7613607,23.1665912]]]}},{"type":"Feature","properties":{"source":"NLSC_W84_BUILD_2023","record":755391,"settlement":"梅山","risk":"high","height":24},"geometry":{"type":"Polygon","coordinates":[[[120.8313131,23.2486142],[120.8312943,23.2485629],[120.8312556,23.2485729],[120.8312746,23.2486254],[120.8313131,23.2486142]]]}},{"type":"Feature","properties":{"source":"NLSC_W84_BUILD_2023","record":753396,"settlement":"寶山","risk":"low","height":18},"geometry":{"type":"Polygon","coordinates":[[[120.7331986,23.1252189],[120.7331622,23.1251846],[120.7331157,23.1252227],[120.7331639,23.1252667],[120.7332082,23.1252286],[120.7331986,23.1252189]]]}},{"type":"Feature","properties":{"source":"NLSC_W84_BUILD_2023","record":755320,"settlement":"拉芙蘭","risk":"medium","height":10},"geometry":{"type":"Polygon","coordinates":[[[120.8066524,23.2325938],[120.8065745,23.2325342],[120.806523,23.2325953],[120.806597,23.2326484],[120.8066524,23.2325938]]]}},{"type":"Feature","properties":{"source":"NLSC_W84_BUILD_2023","record":753569,"settlement":"寶山","risk":"low","height":12},"geometry":{"type":"Polygon","coordinates":[[[120.7315066,23.1399988],[120.7314425,23.1399896],[120.7314357,23.1400301],[120.7314999,23.1400392],[120.7315066,23.1399988]]]}},{"type":"Feature","properties":{"source":"NLSC_W84_BUILD_2023","record":753495,"settlement":"寶山","risk":"low","height":24},"geometry":{"type":"Polygon","coordinates":[[[120.7302181,23.1308523],[120.730321,23.1307272],[120.7301371,23.1307326],[120.7301102,23.1307734],[120.7302181,23.1308523]]]}},{"type":"Feature","properties":{"source":"NLSC_W84_BUILD_2023","record":751340,"settlement":"復興","risk":"high","height":18},"geometry":{"type":"Polygon","coordinates":[[[120.8072259,23.2315769],[120.8071716,23.2315757],[120.8071656,23.231626],[120.8072204,23.2316298],[120.8072259,23.2315769]]]}},{"type":"Feature","properties":{"source":"NLSC_W84_BUILD_2023","record":753489,"settlement":"寶山","risk":"low","height":12},"geometry":{"type":"Polygon","coordinates":[[[120.7302698,23.130653],[120.7303059,23.1305418],[120.7302275,23.13052],[120.7302308,23.1305097],[120.7301682,23.1304924],[120.730155,23.1305333],[120.7301498,23.1305319],[120.7301244,23.1306151],[120.7301912,23.1306326],[120.7301916,23.1306313],[120.7302698,23.130653]]]}},{"type":"Feature","properties":{"source":"NLSC_W84_BUILD_2023","record":753509,"settlement":"寶山","risk":"low","height":20},"geometry":{"type":"Polygon","coordinates":[[[120.7300539,23.1311852],[120.7300356,23.1311537],[120.7299195,23.1312336],[120.7299478,23.1312708],[120.7300517,23.1311879],[120.7300539,23.1311852]]]}},{"type":"Feature","properties":{"source":"NLSC_W84_BUILD_2023","record":755430,"settlement":"梅山","risk":"high","height":22},"geometry":{"type":"Polygon","coordinates":[[[120.8132783,23.2616019],[120.8132067,23.2615965],[120.8131978,23.2616906],[120.8132684,23.2616955],[120.8132783,23.2616019]]]}},{"type":"Feature","properties":{"source":"NLSC_W84_BUILD_2023","record":753644,"settlement":"高中","risk":"medium","height":18},"geometry":{"type":"Polygon","coordinates":[[[120.7724066,23.1586672],[120.7723291,23.1586094],[120.7722704,23.1586768],[120.7723537,23.1587349],[120.7724066,23.1586672]]]}},{"type":"Feature","properties":{"source":"NLSC_W84_BUILD_2023","record":753602,"settlement":"建山","risk":"low","height":14},"geometry":{"type":"Polygon","coordinates":[[[120.7711154,23.1466066],[120.7710364,23.1465014],[120.7709917,23.1465271],[120.7710496,23.1466004],[120.7710669,23.1465887],[120.7710874,23.1466272],[120.7711154,23.1466066]]]}},{"type":"Feature","properties":{"source":"NLSC_W84_BUILD_2023","record":753568,"settlement":"寶山","risk":"low","height":10},"geometry":{"type":"Polygon","coordinates":[[[120.7309105,23.1395888],[120.7308969,23.139523],[120.7308386,23.1395336],[120.7308515,23.1396018],[120.7309105,23.1395888]]]}},{"type":"Feature","properties":{"source":"NLSC_W84_BUILD_2023","record":753562,"settlement":"寶山","risk":"low","height":14},"geometry":{"type":"Polygon","coordinates":[[[120.7559304,23.136367],[120.7558106,23.1361866],[120.7557586,23.1362185],[120.7558699,23.1364015],[120.7559304,23.136367]]]}},{"type":"Feature","properties":{"source":"NLSC_W84_BUILD_2023","record":753482,"settlement":"寶山","risk":"low","height":14},"geometry":{"type":"Polygon","coordinates":[[[120.7300099,23.1304028],[120.7299651,23.1303311],[120.7298839,23.1303744],[120.7299287,23.1304461],[120.7300099,23.1304028]]]}},{"type":"Feature","properties":{"source":"NLSC_W84_BUILD_2023","record":751393,"settlement":"建山","risk":"low","height":12},"geometry":{"type":"Polygon","coordinates":[[[120.7715929,23.1577212],[120.7715701,23.1576353],[120.771518,23.1576495],[120.7714913,23.1575941],[120.7715068,23.1575873],[120.7714794,23.1575261],[120.7714193,23.1575479],[120.7714458,23.1576027],[120.7714399,23.1576057],[120.771473,23.1576968],[120.7715497,23.1577293],[120.7715929,23.1577212]]]}},{"type":"Feature","properties":{"source":"NLSC_W84_BUILD_2023","record":753630,"settlement":"建山","risk":"low","height":22},"geometry":{"type":"Polygon","coordinates":[[[120.7719443,23.156753],[120.7718068,23.1567256],[120.7717848,23.1567971],[120.771927,23.156828],[120.7719443,23.156753]]]}},{"type":"Feature","properties":{"source":"NLSC_W84_BUILD_2023","record":755432,"settlement":"梅山","risk":"high","height":10},"geometry":{"type":"Polygon","coordinates":[[[120.8133568,23.2621069],[120.8133696,23.2620742],[120.8133821,23.2620822],[120.8133918,23.2620512],[120.8133461,23.2620323],[120.8133165,23.262093],[120.8133568,23.2621069]]]}},{"type":"Feature","properties":{"source":"NLSC_W84_BUILD_2023","record":751240,"settlement":"建山","risk":"low","height":10},"geometry":{"type":"Polygon","coordinates":[[[120.7716494,23.1575914],[120.7716308,23.1575193],[120.7715983,23.1575256],[120.7716171,23.1575982],[120.7716494,23.1575914]]]}},{"type":"Feature","properties":{"source":"NLSC_W84_BUILD_2023","record":755431,"settlement":"梅山","risk":"high","height":24},"geometry":{"type":"Polygon","coordinates":[[[120.8132679,23.2620503],[120.8131922,23.2620003],[120.8131588,23.2620444],[120.8132324,23.2620959],[120.8132679,23.2620503]]]}},{"type":"Feature","properties":{"source":"NLSC_W84_BUILD_2023","record":755142,"settlement":"桃源","risk":"medium","height":22},"geometry":{"type":"Polygon","coordinates":[[[120.7919986,23.1769679],[120.7919812,23.17693],[120.7919402,23.1769479],[120.7919559,23.1769853],[120.7919986,23.1769679]]]}},{"type":"Feature","properties":{"source":"NLSC_W84_BUILD_2023","record":753628,"settlement":"建山","risk":"low","height":18},"geometry":{"type":"Polygon","coordinates":[[[120.7723526,23.1566027],[120.7723404,23.1565722],[120.7722918,23.1565886],[120.7723077,23.1566188],[120.7723526,23.1566027]]]}},{"type":"Feature","properties":{"source":"NLSC_W84_BUILD_2023","record":753592,"settlement":"建山","risk":"low","height":10},"geometry":{"type":"Polygon","coordinates":[[[120.7708188,23.1445733],[120.7707722,23.1445573],[120.7707438,23.1446147],[120.7707911,23.1446322],[120.7708188,23.1445733]]]}},{"type":"Feature","properties":{"source":"NLSC_W84_BUILD_2023","record":753626,"settlement":"建山","risk":"low","height":14},"geometry":{"type":"Polygon","coordinates":[[[120.7725677,23.1565181],[120.7725563,23.1564586],[120.7724331,23.1564817],[120.7724446,23.1565402],[120.7725677,23.1565181]]]}},{"type":"Feature","properties":{"source":"NLSC_W84_BUILD_2023","record":751345,"settlement":"梅山","risk":"high","height":12},"geometry":{"type":"Polygon","coordinates":[[[120.8254259,23.2617948],[120.8254152,23.2617395],[120.8253388,23.261753],[120.8253474,23.2618095],[120.8254259,23.2617948]]]}},{"type":"Feature","properties":{"source":"NLSC_W84_BUILD_2023","record":753463,"settlement":"寶山","risk":"low","height":24},"geometry":{"type":"Polygon","coordinates":[[[120.7292897,23.1299067],[120.7292316,23.1298966],[120.7292017,23.1300429],[120.7292598,23.130053],[120.7292897,23.1299067]]]}},{"type":"Feature","properties":{"source":"NLSC_W84_BUILD_2023","record":753476,"settlement":"寶山","risk":"low","height":18},"geometry":{"type":"Polygon","coordinates":[[[120.7291697,23.1302164],[120.7291219,23.1301881],[120.729071,23.1302616],[120.7291188,23.1302899],[120.7291697,23.1302164]]]}},{"type":"Feature","properties":{"source":"NLSC_W84_BUILD_2023","record":753371,"settlement":"寶山","risk":"low","height":16},"geometry":{"type":"Polygon","coordinates":[[[120.7469421,23.1200773],[120.7469608,23.1200269],[120.7469779,23.1199822],[120.7469561,23.1199721],[120.7469592,23.1199635],[120.7469421,23.119952],[120.7469171,23.1199419],[120.7469203,23.1199304],[120.7468611,23.1199045],[120.7468346,23.1199549],[120.7468424,23.1199592],[120.7468347,23.1199779],[120.7469,23.1200096],[120.7468876,23.1200499],[120.7468549,23.1200355],[120.7468082,23.1200831],[120.746953,23.120142],[120.7469686,23.1200902],[120.7469421,23.1200773]]]}},{"type":"Feature","properties":{"source":"NLSC_W84_BUILD_2023","record":755398,"settlement":"梅山","risk":"high","height":22},"geometry":{"type":"Polygon","coordinates":[[[120.8329054,23.2495427],[120.832881,23.2495199],[120.8328392,23.2495567],[120.8328631,23.2495791],[120.8329054,23.2495427]]]}},{"type":"Feature","properties":{"source":"NLSC_W84_BUILD_2023","record":755309,"settlement":"復興","risk":"high","height":20},"geometry":{"type":"Polygon","coordinates":[[[120.817782,23.2206384],[120.817756,23.22062],[120.817721,23.2206522],[120.8177464,23.2206718],[120.817782,23.2206384]]]}},{"type":"Feature","properties":{"source":"NLSC_W84_BUILD_2023","record":753370,"settlement":"寶山","risk":"low","height":14},"geometry":{"type":"Polygon","coordinates":[[[120.746981,23.1199102],[120.7469545,23.1199073],[120.7469529,23.1199275],[120.7469468,23.1199276],[120.7469467,23.119952],[120.746981,23.1199606],[120.746981,23.1199102]]]}},{"type":"Feature","properties":{"source":"NLSC_W84_BUILD_2023","record":753616,"settlement":"建山","risk":"low","height":10},"geometry":{"type":"Polygon","coordinates":[[[120.7739711,23.1523082],[120.7739474,23.1521649],[120.7739256,23.1521668],[120.7739213,23.1521485],[120.7738804,23.1521536],[120.7738816,23.1521771],[120.7738748,23.1521794],[120.773902,23.1523139],[120.7738457,23.1523254],[120.7738611,23.1523906],[120.773972,23.1523712],[120.7739602,23.1523094],[120.7739711,23.1523082]]]}},{"type":"Feature","properties":{"source":"NLSC_W84_BUILD_2023","record":753365,"settlement":"寶山","risk":"low","height":20},"geometry":{"type":"Polygon","coordinates":[[[120.7473877,23.1195668],[120.7473763,23.1195161],[120.7473221,23.119527],[120.7473343,23.1195788],[120.7473877,23.1195668]]]}},{"type":"Feature","properties":{"source":"NLSC_W84_BUILD_2023","record":755215,"settlement":"復興","risk":"high","height":24},"geometry":{"type":"Polygon","coordinates":[[[120.8129984,23.2075261],[120.8129621,23.2074976],[120.8129365,23.2075244],[120.8129745,23.2075528],[120.8129984,23.2075261]]]}},{"type":"Feature","properties":{"source":"NLSC_W84_BUILD_2023","record":753579,"settlement":"建山","risk":"low","height":16},"geometry":{"type":"Polygon","coordinates":[[[120.7711296,23.1428977],[120.7710093,23.1428164],[120.7709545,23.1428837],[120.7710731,23.1429656],[120.7711296,23.1428977]]]}},{"type":"Feature","properties":{"source":"NLSC_W84_BUILD_2023","record":753601,"settlement":"寶山","risk":"low","height":12},"geometry":{"type":"Polygon","coordinates":[[[120.7339677,23.1460963],[120.7339583,23.1460444],[120.7339147,23.1460504],[120.7339242,23.1461034],[120.7339677,23.1460963]]]}},{"type":"Feature","properties":{"source":"NLSC_W84_BUILD_2023","record":753629,"settlement":"高中","risk":"medium","height":20},"geometry":{"type":"Polygon","coordinates":[[[120.7749424,23.1567323],[120.7749399,23.1566653],[120.7748811,23.1566676],[120.7748823,23.1567328],[120.7749424,23.1567323]]]}},{"type":"Feature","properties":{"source":"NLSC_W84_BUILD_2023","record":753870,"settlement":"高中","risk":"medium","height":22},"geometry":{"type":"Polygon","coordinates":[[[120.7869213,23.165343],[120.7868678,23.1653344],[120.7868617,23.1653771],[120.7869159,23.1653845],[120.7869213,23.165343]]]}},{"type":"Feature","properties":{"source":"NLSC_W84_BUILD_2023","record":753462,"settlement":"寶山","risk":"low","height":22},"geometry":{"type":"Polygon","coordinates":[[[120.72813,23.1299917],[120.728081,23.1298815],[120.7280012,23.1298922],[120.7280284,23.1300145],[120.72813,23.1299917]]]}},{"type":"Feature","properties":{"source":"NLSC_W84_BUILD_2023","record":753472,"settlement":"寶山","risk":"low","height":10},"geometry":{"type":"Polygon","coordinates":[[[120.7280818,23.1302307],[120.7280443,23.13005],[120.7279214,23.1300718],[120.727958,23.1302478],[120.7279624,23.1302519],[120.7280818,23.1302307]]]}},{"type":"Feature","properties":{"source":"NLSC_W84_BUILD_2023","record":753403,"settlement":"寶山","risk":"low","height":16},"geometry":{"type":"Polygon","coordinates":[[[120.7294842,23.1258599],[120.7294301,23.1258579],[120.7294401,23.1259295],[120.7294733,23.1259294],[120.7294842,23.1258599]]]}},{"type":"Feature","properties":{"source":"NLSC_W84_BUILD_2023","record":755434,"settlement":"梅山","risk":"high","height":14},"geometry":{"type":"Polygon","coordinates":[[[120.8264268,23.2631318],[120.8263994,23.2629738],[120.8263047,23.2629872],[120.8262758,23.2628261],[120.8261904,23.2628375],[120.8262271,23.2630483],[120.8263245,23.2630388],[120.8263429,23.2631418],[120.8264268,23.2631318]]]}},{"type":"Feature","properties":{"source":"NLSC_W84_BUILD_2023","record":753627,"settlement":"高中","risk":"medium","height":16},"geometry":{"type":"Polygon","coordinates":[[[120.776331,23.1565822],[120.7763,23.1565238],[120.7762499,23.1565518],[120.7762783,23.1566073],[120.776331,23.1565822]]]}},{"type":"Feature","properties":{"source":"NLSC_W84_BUILD_2023","record":755433,"settlement":"梅山","risk":"high","height":12},"geometry":{"type":"Polygon","coordinates":[[[120.8265333,23.2629544],[120.8265177,23.2628639],[120.8264308,23.262878],[120.8264457,23.2629671],[120.8265333,23.2629544]]]}},{"type":"Feature","properties":{"source":"NLSC_W84_BUILD_2023","record":755436,"settlement":"梅山","risk":"high","height":18},"geometry":{"type":"Polygon","coordinates":[[[120.8262034,23.2634811],[120.8261778,23.2633294],[120.826286,23.263311],[120.8262692,23.2632182],[120.8262385,23.2632212],[120.8262292,23.2631786],[120.8261789,23.2631856],[120.8261692,23.2631412],[120.8261415,23.263145],[120.8261229,23.2630584],[120.826012,23.2630735],[120.8260157,23.2631069],[120.8260094,23.2631082],[120.8259985,23.2631123],[120.8259905,23.2631172],[120.8259856,23.2631271],[120.8259847,23.2631329],[120.8259857,23.2631422],[120.8259869,23.2631479],[120.8259917,23.2631566],[120.8260006,23.2631645],[120.826012,23.2631691],[120.8260225,23.2631713],[120.8260382,23.2632486],[120.8260229,23.2632504],[120.8260253,23.2632657],[120.826012,23.2632683],[120.8260265,23.2633375],[120.826036,23.2633364],[120.8260574,23.263459],[120.8261178,23.2634475],[120.8261235,23.2634864],[120.8262034,23.2634811]]]}},{"type":"Feature","properties":{"source":"NLSC_W84_BUILD_2023","record":755435,"settlement":"梅山","risk":"high","height":16},"geometry":{"type":"Polygon","coordinates":[[[120.8265699,23.2631562],[120.8265317,23.262977],[120.8264774,23.2629852],[120.8265173,23.2631635],[120.8265699,23.2631562]]]}},{"type":"Feature","properties":{"source":"NLSC_W84_BUILD_2023","record":753477,"settlement":"寶山","risk":"low","height":20},"geometry":{"type":"Polygon","coordinates":[[[120.7274811,23.1302308],[120.7274448,23.1301862],[120.7273625,23.1302435],[120.7273988,23.1302881],[120.7274811,23.1302308]]]}},{"type":"Feature","properties":{"source":"NLSC_W84_BUILD_2023","record":753457,"settlement":"寶山","risk":"low","height":12},"geometry":{"type":"Polygon","coordinates":[[[120.7276016,23.1297136],[120.7274363,23.1296741],[120.7274154,23.1297504],[120.7275805,23.1297933],[120.7276016,23.1297136]]]}},{"type":"Feature","properties":{"source":"NLSC_W84_BUILD_2023","record":755387,"settlement":"梅山","risk":"high","height":16},"geometry":{"type":"Polygon","coordinates":[[[120.8342878,23.2477845],[120.8342786,23.2477516],[120.834247,23.2477588],[120.8342564,23.2477913],[120.8342878,23.2477845]]]}},{"type":"Feature","properties":{"source":"NLSC_W84_BUILD_2023","record":755389,"settlement":"梅山","risk":"high","height":20},"geometry":{"type":"Polygon","coordinates":[[[120.834488,23.2482317],[120.8344313,23.2481625],[120.8343402,23.2482261],[120.8344021,23.2483022],[120.834488,23.2482317]]]}},{"type":"Feature","properties":{"source":"NLSC_W84_BUILD_2023","record":755439,"settlement":"梅山","risk":"high","height":24},"geometry":{"type":"Polygon","coordinates":[[[120.8262261,23.2637709],[120.8262023,23.2636293],[120.8261161,23.2636439],[120.8261223,23.2636958],[120.8260386,23.2637058],[120.8260469,23.2637343],[120.8259905,23.2637416],[120.8259977,23.263789],[120.8259698,23.263795],[120.825978,23.2638453],[120.8259452,23.2638503],[120.8259568,23.2639342],[120.8261499,23.2639077],[120.8261456,23.263878],[120.8262184,23.2638673],[120.8261978,23.2637756],[120.8262261,23.2637709]]]}},{"type":"Feature","properties":{"source":"NLSC_W84_BUILD_2023","record":755390,"settlement":"梅山","risk":"high","height":22},"geometry":{"type":"Polygon","coordinates":[[[120.8345781,23.2483314],[120.8345288,23.248273],[120.8344885,23.2483059],[120.8345088,23.2483314],[120.8345104,23.2483334],[120.8345105,23.2483334],[120.8345403,23.2483707],[120.8345816,23.2483356],[120.8345798,23.2483335],[120.8345797,23.2483334],[120.8345781,23.2483314]]]}},{"type":"Feature","properties":{"source":"NLSC_W84_BUILD_2023","record":755149,"settlement":"桃源","risk":"medium","height":20},"geometry":{"type":"Polygon","coordinates":[[[120.7964794,23.1785695],[120.7964569,23.178536],[120.7963345,23.1786064],[120.7963509,23.1786347],[120.7964794,23.1785695]]]}},{"type":"Feature","properties":{"source":"NLSC_W84_BUILD_2023","record":753348,"settlement":"寶山","risk":"low","height":18},"geometry":{"type":"Polygon","coordinates":[[[120.7451178,23.1177574],[120.7450978,23.1176652],[120.7449903,23.1176856],[120.7450119,23.1177811],[120.7451178,23.1177574]]]}},{"type":"Feature","properties":{"source":"NLSC_W84_BUILD_2023","record":755443,"settlement":"梅山","risk":"high","height":16},"geometry":{"type":"Polygon","coordinates":[[[120.8252145,23.2644765],[120.8251906,23.2644175],[120.8250464,23.2644748],[120.8250769,23.2645395],[120.8252145,23.2644765]]]}},{"type":"Feature","properties":{"source":"NLSC_W84_BUILD_2023","record":753355,"settlement":"寶山","risk":"low","height":16},"geometry":{"type":"Polygon","coordinates":[[[120.7378446,23.1181756],[120.7378439,23.1181755],[120.7377822,23.1181954],[120.7378023,23.1182503],[120.7378639,23.1182296],[120.7378446,23.1181756]]]}},{"type":"Feature","properties":{"source":"NLSC_W84_BUILD_2023","record":753357,"settlement":"寶山","risk":"low","height":20},"geometry":{"type":"Polygon","coordinates":[[[120.7370283,23.1185121],[120.7369879,23.1184545],[120.7368991,23.1185076],[120.7369377,23.1185633],[120.7370283,23.1185121]]]}},{"type":"Feature","properties":{"source":"NLSC_W84_BUILD_2023","record":755440,"settlement":"梅山","risk":"high","height":10},"geometry":{"type":"Polygon","coordinates":[[[120.826473,23.2637793],[120.8263792,23.2637726],[120.8263675,23.2639309],[120.8264617,23.2639365],[120.826473,23.2637793]]]}},{"type":"Feature","properties":{"source":"NLSC_W84_BUILD_2023","record":753356,"settlement":"寶山","risk":"low","height":18},"geometry":{"type":"Polygon","coordinates":[[[120.7375441,23.1183582],[120.7375239,23.1182675],[120.7373355,23.118305],[120.7373433,23.1183554],[120.7373713,23.1183496],[120.7373807,23.1183928],[120.7375441,23.1183582]]]}},{"type":"Feature","properties":{"source":"NLSC_W84_BUILD_2023","record":755449,"settlement":"梅山","risk":"high","height":12},"geometry":{"type":"Polygon","coordinates":[[[120.822224,23.2655144],[120.8221685,23.2654969],[120.8221552,23.2655409],[120.8222111,23.2655541],[120.822224,23.2655144]]]}},{"type":"Feature","properties":{"source":"NLSC_W84_BUILD_2023","record":753354,"settlement":"寶山","risk":"low","height":14},"geometry":{"type":"Polygon","coordinates":[[[120.7382475,23.117873],[120.7381773,23.1178619],[120.7381343,23.1178674],[120.7381046,23.1178861],[120.7380805,23.1180626],[120.7382382,23.1181411],[120.7383656,23.117931],[120.7382475,23.117873]]]}},{"type":"Feature","properties":{"source":"NLSC_W84_BUILD_2023","record":755438,"settlement":"梅山","risk":"high","height":22},"geometry":{"type":"Polygon","coordinates":[[[120.8265635,23.2639227],[120.8265608,23.2638752],[120.8265042,23.2638762],[120.8265056,23.2639227],[120.8265635,23.2639227]]]}},{"type":"Feature","properties":{"source":"NLSC_W84_BUILD_2023","record":753559,"settlement":"寶山","risk":"low","height":24},"geometry":{"type":"Polygon","coordinates":[[[120.7262641,23.1357398],[120.7262245,23.1357325],[120.7262153,23.1357757],[120.7262549,23.1357829],[120.7262641,23.1357398]]]}},{"type":"Feature","properties":{"source":"NLSC_W84_BUILD_2023","record":755446,"settlement":"梅山","risk":"high","height":22},"geometry":{"type":"Polygon","coordinates":[[[120.8261441,23.264615],[120.8261449,23.2645543],[120.8261619,23.2645551],[120.8261607,23.2644311],[120.8260889,23.2644316],[120.8260768,23.2641577],[120.8260867,23.2641576],[120.8260707,23.2639603],[120.8259195,23.2639709],[120.8259294,23.2641843],[120.8258611,23.2641853],[120.825865,23.2642813],[120.825958,23.2642781],[120.8259669,23.2643908],[120.8258736,23.2643951],[120.8258755,23.2644308],[120.8259747,23.2644234],[120.8259755,23.2644379],[120.8259797,23.264438],[120.8259867,23.264559],[120.8259913,23.2645593],[120.8259874,23.2646565],[120.825979,23.2648955],[120.8261111,23.2649009],[120.8261107,23.2648901],[120.8261353,23.2648892],[120.8261375,23.2646655],[120.8261582,23.2646653],[120.8261576,23.2646151],[120.8261441,23.264615]]]}},{"type":"Feature","properties":{"source":"NLSC_W84_BUILD_2023","record":755447,"settlement":"梅山","risk":"high","height":24},"geometry":{"type":"Polygon","coordinates":[[[120.8254608,23.2646541],[120.825354,23.2646464],[120.8253226,23.2648842],[120.8254305,23.2649005],[120.8254608,23.2646541]]]}},{"type":"Feature","properties":{"source":"NLSC_W84_BUILD_2023","record":753350,"settlement":"寶山","risk":"low","height":22},"geometry":{"type":"Polygon","coordinates":[[[120.7377273,23.1178776],[120.7377021,23.1178353],[120.7376463,23.1178637],[120.7376707,23.1179051],[120.7377273,23.1178776]]]}},{"type":"Feature","properties":{"source":"NLSC_W84_BUILD_2023","record":755218,"settlement":"復興","risk":"high","height":14},"geometry":{"type":"Polygon","coordinates":[[[120.8166845,23.2089545],[120.8166673,23.208894],[120.8165931,23.208912],[120.8166103,23.2089726],[120.8166845,23.2089545]]]}},{"type":"Feature","properties":{"source":"NLSC_W84_BUILD_2023","record":753349,"settlement":"寶山","risk":"low","height":20},"geometry":{"type":"Polygon","coordinates":[[[120.7377562,23.1178181],[120.7377787,23.1177953],[120.7378009,23.1177958],[120.7378012,23.1177705],[120.7377773,23.1177573],[120.737753,23.117773],[120.7377376,23.1177575],[120.7377143,23.1177763],[120.7377562,23.1178181]]]}},{"type":"Feature","properties":{"source":"NLSC_W84_BUILD_2023","record":755444,"settlement":"梅山","risk":"high","height":18},"geometry":{"type":"Polygon","coordinates":[[[120.8264703,23.2645882],[120.8264721,23.2644893],[120.8264173,23.2644895],[120.8264152,23.2645877],[120.8264703,23.2645882]]]}},{"type":"Feature","properties":{"source":"NLSC_W84_BUILD_2023","record":755445,"settlement":"梅山","risk":"high","height":20},"geometry":{"type":"Polygon","coordinates":[[[120.8263615,23.2645543],[120.8262303,23.2645508],[120.8262295,23.2647781],[120.826356,23.264782],[120.8263615,23.2645543]]]}},{"type":"Feature","properties":{"source":"NLSC_W84_BUILD_2023","record":753558,"settlement":"寶山","risk":"low","height":22},"geometry":{"type":"Polygon","coordinates":[[[120.72588,23.1356754],[120.7258247,23.1356737],[120.7258234,23.1357089],[120.7258787,23.1357106],[120.72588,23.1356754]]]}},{"type":"Feature","properties":{"source":"NLSC_W84_BUILD_2023","record":753342,"settlement":"寶山","risk":"low","height":22},"geometry":{"type":"Polygon","coordinates":[[[120.7420332,23.1168234],[120.7420601,23.1168087],[120.7420661,23.1168195],[120.7421037,23.1168021],[120.7420998,23.1167962],[120.7421933,23.1167487],[120.7421658,23.1167041],[120.742074,23.1167495],[120.742086,23.1167191],[120.7419349,23.1166636],[120.7419089,23.1167203],[120.7419579,23.1167391],[120.7419433,23.116772],[120.7420208,23.1168002],[120.7420332,23.1168234]]]}},{"type":"Feature","properties":{"source":"NLSC_W84_BUILD_2023","record":753340,"settlement":"寶山","risk":"low","height":18},"geometry":{"type":"Polygon","coordinates":[[[120.7423703,23.1166643],[120.7423479,23.1166379],[120.7423252,23.1166508],[120.7423224,23.1166526],[120.742302,23.1166687],[120.7423296,23.1166982],[120.7423703,23.1166643]]]}},{"type":"Feature","properties":{"source":"NLSC_W84_BUILD_2023","record":755448,"settlement":"梅山","risk":"high","height":10},"geometry":{"type":"Polygon","coordinates":[[[120.8260998,23.2650458],[120.8260993,23.2650333],[120.8261298,23.265034],[120.8261296,23.2650256],[120.8261465,23.2650257],[120.8261475,23.264955],[120.825972,23.2649519],[120.8259725,23.2650431],[120.8260998,23.2650458]]]}},{"type":"Feature","properties":{"source":"NLSC_W84_BUILD_2023","record":753339,"settlement":"寶山","risk":"low","height":16},"geometry":{"type":"Polygon","coordinates":[[[120.742683,23.1165954],[120.7426619,23.1165378],[120.7425988,23.1165603],[120.742622,23.1166175],[120.742683,23.1165954]]]}},{"type":"Feature","properties":{"source":"NLSC_W84_BUILD_2023","record":753341,"settlement":"寶山","risk":"low","height":20},"geometry":{"type":"Polygon","coordinates":[[[120.7428912,23.1166129],[120.743086,23.1164713],[120.743,23.1163706],[120.7427549,23.1164927],[120.7426942,23.1165335],[120.7427403,23.1165935],[120.7427487,23.1165877],[120.7428451,23.1167059],[120.7429142,23.1166477],[120.7428912,23.1166129]]]}},{"type":"Feature","properties":{"source":"NLSC_W84_BUILD_2023","record":751516,"settlement":"梅山","risk":"high","height":18},"geometry":{"type":"Polygon","coordinates":[[[120.8262246,23.265154],[120.8262276,23.2651096],[120.8262509,23.26511],[120.8262499,23.2651381],[120.826322,23.2651393],[120.8263217,23.2651245],[120.8263536,23.2651254],[120.8263497,23.2648363],[120.8262202,23.2648309],[120.8262204,23.2648862],[120.8262324,23.2648866],[120.8262314,23.264944],[120.8262082,23.2649421],[120.8262045,23.2650524],[120.8262172,23.2650527],[120.826217,23.2650694],[120.826195,23.2650679],[120.8261857,23.2650673],[120.8261844,23.2650886],[120.8261729,23.2650883],[120.8261726,23.2650939],[120.8261701,23.2651501],[120.8262246,23.265154]]]}},{"type":"Feature","properties":{"source":"NLSC_W84_BUILD_2023","record":755451,"settlement":"梅山","risk":"high","height":16},"geometry":{"type":"Polygon","coordinates":[[[120.8249175,23.2659351],[120.8249143,23.2658516],[120.8250246,23.2658434],[120.825022,23.2657194],[120.8246989,23.2657406],[120.8246849,23.2655843],[120.8248069,23.2655756],[120.824818,23.2657032],[120.8248545,23.2657018],[120.8248498,23.2656231],[120.8249817,23.2656105],[120.8249695,23.2653937],[120.8245832,23.2654234],[120.8245948,23.2656249],[120.824565,23.2656277],[120.8245827,23.2658652],[120.8246699,23.265859],[120.8246708,23.2658741],[120.8246816,23.2658738],[120.8246827,23.2658892],[120.8247751,23.2658831],[120.824781,23.2659429],[120.8249175,23.2659351]]]}},{"type":"Feature","properties":{"source":"NLSC_W84_BUILD_2023","record":753537,"settlement":"寶山","risk":"low","height":12},"geometry":{"type":"Polygon","coordinates":[[[120.7254325,23.134046],[120.7253759,23.1339555],[120.7253142,23.1339885],[120.7253708,23.134079],[120.7254325,23.134046]]]}},{"type":"Feature","properties":{"source":"NLSC_W84_BUILD_2023","record":753540,"settlement":"寶山","risk":"low","height":18},"geometry":{"type":"Polygon","coordinates":[[[120.7254184,23.1342175],[120.7253953,23.1341325],[120.7253577,23.1341402],[120.7253507,23.134119],[120.7252834,23.1341349],[120.7252411,23.1341472],[120.7252619,23.1342074],[120.7252839,23.1342019],[120.7252933,23.1342477],[120.7254184,23.1342175]]]}},{"type":"Feature","properties":{"source":"NLSC_W84_BUILD_2023","record":753557,"settlement":"寶山","risk":"low","height":20},"geometry":{"type":"Polygon","coordinates":[[[120.7253467,23.1355122],[120.7253473,23.1354293],[120.7253132,23.1354293],[120.7252701,23.1354293],[120.7252444,23.1354293],[120.7252443,23.1354481],[120.7252302,23.1354481],[120.7252299,23.1354821],[120.725244,23.1354821],[120.7252438,23.1355122],[120.7253467,23.1355122]]]}},{"type":"Feature","properties":{"source":"NLSC_W84_BUILD_2023","record":753565,"settlement":"建山","risk":"low","height":20},"geometry":{"type":"Polygon","coordinates":[[[120.770327,23.1386468],[120.7703362,23.1386048],[120.7703193,23.1386015],[120.7703179,23.1386154],[120.7702977,23.1386117],[120.7703013,23.1385961],[120.77028,23.1385924],[120.7702773,23.1386078],[120.7702701,23.138606],[120.7702404,23.1386013],[120.7702373,23.1386163],[120.7702683,23.1386208],[120.7702664,23.1386366],[120.770327,23.1386468]]]}},{"type":"Feature","properties":{"source":"NLSC_W84_BUILD_2023","record":755452,"settlement":"梅山","risk":"high","height":18},"geometry":{"type":"Polygon","coordinates":[[[120.8247663,23.2660448],[120.8246874,23.2660372],[120.8246792,23.2660895],[120.8247569,23.2660993],[120.8247663,23.2660448]]]}},{"type":"Feature","properties":{"source":"NLSC_W84_BUILD_2023","record":753595,"settlement":"寶山","risk":"low","height":16},"geometry":{"type":"Polygon","coordinates":[[[120.7291522,23.1450027],[120.7290948,23.1449928],[120.7290871,23.1450334],[120.7290869,23.1450348],[120.7291494,23.1450466],[120.7291567,23.1450034],[120.7291522,23.1450027]]]}},{"type":"Feature","properties":{"source":"NLSC_W84_BUILD_2023","record":753553,"settlement":"寶山","risk":"low","height":12},"geometry":{"type":"Polygon","coordinates":[[[120.7251217,23.1350416],[120.7251162,23.1349996],[120.7250878,23.1350028],[120.7250934,23.1350448],[120.7251217,23.1350416]]]}},{"type":"Feature","properties":{"source":"NLSC_W84_BUILD_2023","record":753556,"settlement":"寶山","risk":"low","height":18},"geometry":{"type":"Polygon","coordinates":[[[120.7251185,23.1353509],[120.7249798,23.1353441],[120.7249779,23.1354104],[120.7251183,23.1354162],[120.7251185,23.1353509]]]}},{"type":"Feature","properties":{"source":"NLSC_W84_BUILD_2023","record":753554,"settlement":"寶山","risk":"low","height":14},"geometry":{"type":"Polygon","coordinates":[[[120.7250359,23.1350594],[120.7250256,23.13501],[120.7249694,23.1350208],[120.7249782,23.135069],[120.7250359,23.1350594]]]}},{"type":"Feature","properties":{"source":"NLSC_W84_BUILD_2023","record":753358,"settlement":"寶山","risk":"low","height":22},"geometry":{"type":"Polygon","coordinates":[[[120.7324379,23.1190353],[120.7325343,23.1189814],[120.7324964,23.1189161],[120.7323995,23.1189719],[120.7324155,23.1189954],[120.7324,23.1190042],[120.7324185,23.119033],[120.7324322,23.1190251],[120.7324379,23.1190353]]]}},{"type":"Feature","properties":{"source":"NLSC_W84_BUILD_2023","record":753337,"settlement":"寶山","risk":"low","height":12},"geometry":{"type":"Polygon","coordinates":[[[120.7437928,23.1155635],[120.7438463,23.115436],[120.7437839,23.115415],[120.7437648,23.115461],[120.7437465,23.1154551],[120.7437314,23.1154944],[120.7437156,23.1154894],[120.743701,23.1155312],[120.7437928,23.1155635]]]}},{"type":"Feature","properties":{"source":"NLSC_W84_BUILD_2023","record":753336,"settlement":"寶山","risk":"low","height":10},"geometry":{"type":"Polygon","coordinates":[[[120.7430895,23.1154725],[120.7431185,23.1153414],[120.743068,23.1153334],[120.743054,23.1153892],[120.7430404,23.1153866],[120.743036,23.1154028],[120.7430266,23.1154001],[120.7430296,23.1153846],[120.7430174,23.1153833],[120.7430129,23.1154143],[120.7430055,23.1154135],[120.7429986,23.1154505],[120.743016,23.1154528],[120.7430156,23.1154574],[120.7430895,23.1154725]]]}},{"type":"Feature","properties":{"source":"NLSC_W84_BUILD_2023","record":753334,"settlement":"寶山","risk":"low","height":22},"geometry":{"type":"Polygon","coordinates":[[[120.7442137,23.1152931],[120.7441713,23.1152283],[120.7440646,23.1152893],[120.7441092,23.1153585],[120.7442137,23.1152931]]]}},{"type":"Feature","properties":{"source":"NLSC_W84_BUILD_2023","record":753335,"settlement":"寶山","risk":"low","height":24},"geometry":{"type":"Polygon","coordinates":[[[120.7436269,23.1151609],[120.7436127,23.115139],[120.74349,23.1152039],[120.7435868,23.1153622],[120.7436889,23.1153065],[120.7436059,23.1151709],[120.7436269,23.1151609]]]}},{"type":"Feature","properties":{"source":"NLSC_W84_BUILD_2023","record":753872,"settlement":"桃源","risk":"medium","height":10},"geometry":{"type":"Polygon","coordinates":[[[120.7927651,23.1713802],[120.7927337,23.17134],[120.7926777,23.1713736],[120.7926814,23.1713795],[120.7926682,23.1713899],[120.7926933,23.1714284],[120.7927651,23.1713802]]]}},{"type":"Feature","properties":{"source":"NLSC_W84_BUILD_2023","record":751517,"settlement":"梅山","risk":"high","height":20},"geometry":{"type":"Polygon","coordinates":[[[120.8235856,23.2676572],[120.823535,23.2675345],[120.8234248,23.2675748],[120.8234156,23.267551],[120.8233622,23.2675729],[120.8234267,23.2677416],[120.8235118,23.2677103],[120.8235021,23.2676841],[120.8235856,23.2676572]]]}},{"type":"Feature","properties":{"source":"NLSC_W84_BUILD_2023","record":753555,"settlement":"寶山","risk":"low","height":16},"geometry":{"type":"Polygon","coordinates":[[[120.7239341,23.1350923],[120.7238876,23.1350295],[120.7237351,23.1351275],[120.723785,23.1351882],[120.7239341,23.1350923]]]}},{"type":"Feature","properties":{"source":"NLSC_W84_BUILD_2023","record":753545,"settlement":"寶山","risk":"low","height":12},"geometry":{"type":"Polygon","coordinates":[[[120.7237828,23.1346465],[120.7237322,23.1345921],[120.723702,23.1346144],[120.7237518,23.1346713],[120.7237828,23.1346465]]]}},{"type":"Feature","properties":{"source":"NLSC_W84_BUILD_2023","record":753399,"settlement":"寶山","risk":"low","height":24},"geometry":{"type":"Polygon","coordinates":[[[120.725683,23.1254333],[120.7256057,23.1254131],[120.7255861,23.1254771],[120.7256634,23.1254973],[120.725683,23.1254333]]]}},{"type":"Feature","properties":{"source":"NLSC_W84_BUILD_2023","record":755453,"settlement":"梅山","risk":"high","height":20},"geometry":{"type":"Polygon","coordinates":[[[120.8163471,23.2686162],[120.8163467,23.2685828],[120.8163021,23.2685845],[120.8163006,23.2685394],[120.8162539,23.2685426],[120.8162571,23.2686202],[120.8163471,23.2686162]]]}},{"type":"Feature","properties":{"source":"NLSC_W84_BUILD_2023","record":753412,"settlement":"寶山","risk":"low","height":18},"geometry":{"type":"Polygon","coordinates":[[[120.7248293,23.1272752],[120.7247572,23.1272531],[120.7247409,23.1273114],[120.7248129,23.1273327],[120.7248293,23.1272752]]]}},{"type":"Feature","properties":{"source":"NLSC_W84_BUILD_2023","record":753530,"settlement":"寶山","risk":"low","height":14},"geometry":{"type":"Polygon","coordinates":[[[120.7236067,23.1334783],[120.7234845,23.1334185],[120.7234616,23.1334623],[120.7235842,23.1335202],[120.7236067,23.1334783]]]}},{"type":"Feature","properties":{"source":"NLSC_W84_BUILD_2023","record":753547,"settlement":"寶山","risk":"low","height":16},"geometry":{"type":"Polygon","coordinates":[[[120.7234755,23.1347589],[120.7235902,23.134675],[120.7236407,23.1347345],[120.7236958,23.1346942],[120.7235797,23.1345362],[120.7235762,23.134532],[120.7235854,23.134525],[120.7235313,23.1344541],[120.7234772,23.1344921],[120.7234553,23.1344645],[120.7233846,23.1345227],[120.7234036,23.1345467],[120.723388,23.1345591],[120.723445,23.1346266],[120.7233974,23.1346585],[120.7234755,23.1347589]]]}},{"type":"Feature","properties":{"source":"NLSC_W84_BUILD_2023","record":753534,"settlement":"寶山","risk":"low","height":22},"geometry":{"type":"Polygon","coordinates":[[[120.723511,23.133819],[120.7235419,23.1337538],[120.7235489,23.1337574],[120.7235823,23.1336978],[120.7235413,23.1336787],[120.723506,23.1336602],[120.7234822,23.1337087],[120.7234762,23.1337205],[120.7234552,23.1337639],[120.7234821,23.1337771],[120.7234725,23.1338004],[120.723511,23.133819]]]}},{"type":"Feature","properties":{"source":"NLSC_W84_BUILD_2023","record":751347,"settlement":"梅山","risk":"high","height":16},"geometry":{"type":"Polygon","coordinates":[[[120.8237037,23.2680883],[120.8236634,23.2680873],[120.8236666,23.2682092],[120.8237096,23.2682093],[120.8237037,23.2680883]]]}},{"type":"Feature","properties":{"source":"NLSC_W84_BUILD_2023","record":753531,"settlement":"寶山","risk":"low","height":16},"geometry":{"type":"Polygon","coordinates":[[[120.723452,23.1336284],[120.7233879,23.1336035],[120.7233672,23.1336492],[120.7234312,23.1336741],[120.723452,23.1336284]]]}},{"type":"Feature","properties":{"source":"NLSC_W84_BUILD_2023","record":753373,"settlement":"寶山","risk":"low","height":20},"geometry":{"type":"Polygon","coordinates":[[[120.7290635,23.1201619],[120.7290238,23.1201006],[120.7289647,23.1201334],[120.7290044,23.1201947],[120.7290635,23.1201619]]]}},{"type":"Feature","properties":{"source":"NLSC_W84_BUILD_2023","record":753536,"settlement":"寶山","risk":"low","height":10},"geometry":{"type":"Polygon","coordinates":[[[120.7234279,23.1339567],[120.723463,23.1339097],[120.7234319,23.1338915],[120.7234378,23.1338841],[120.7233634,23.1338337],[120.7233108,23.1339001],[120.7233851,23.1339505],[120.7233958,23.1339371],[120.7234279,23.1339567]]]}},{"type":"Feature","properties":{"source":"NLSC_W84_BUILD_2023","record":751389,"settlement":"寶山","risk":"low","height":20},"geometry":{"type":"Polygon","coordinates":[[[120.7234095,23.1342527],[120.7234493,23.1341589],[120.7234117,23.1341455],[120.7233992,23.134177],[120.7232863,23.1341371],[120.7232605,23.1342014],[120.7234095,23.1342527]]]}},{"type":"Feature","properties":{"source":"NLSC_W84_BUILD_2023","record":753522,"settlement":"寶山","risk":"low","height":14},"geometry":{"type":"Polygon","coordinates":[[[120.7234159,23.1323643],[120.7233837,23.1323312],[120.7233619,23.1323538],[120.7233879,23.132391],[120.7234159,23.1323643]]]}},{"type":"Feature","properties":{"source":"NLSC_W84_BUILD_2023","record":751387,"settlement":"寶山","risk":"low","height":16},"geometry":{"type":"Polygon","coordinates":[[[120.7231992,23.1341303],[120.723215,23.134094],[120.7232404,23.1341025],[120.7232481,23.1340819],[120.7232609,23.1340859],[120.7232964,23.1340045],[120.7233494,23.1340221],[120.7233734,23.1339622],[120.7233788,23.1339497],[120.7232673,23.1338963],[120.7232269,23.1339831],[120.723218,23.1339808],[120.7231877,23.1340647],[120.7231643,23.1341165],[120.7231992,23.1341303]]]}},{"type":"Feature","properties":{"source":"NLSC_W84_BUILD_2023","record":753543,"settlement":"寶山","risk":"low","height":24},"geometry":{"type":"Polygon","coordinates":[[[120.7233647,23.1343437],[120.7233877,23.1343168],[120.723309,23.1342755],[120.7232472,23.1343215],[120.7232135,23.1342808],[120.7231534,23.1343346],[120.7232711,23.1344955],[120.7233102,23.134542],[120.7233526,23.1345127],[120.7233434,23.134501],[120.7233246,23.1344713],[120.7233821,23.1344254],[120.7234002,23.1343801],[120.7233647,23.1343437]]]}},{"type":"Feature","properties":{"source":"NLSC_W84_BUILD_2023","record":753550,"settlement":"寶山","risk":"low","height":22},"geometry":{"type":"Polygon","coordinates":[[[120.723337,23.1347989],[120.7233092,23.1347618],[120.7232472,23.1348015],[120.723275,23.1348386],[120.723337,23.1347989]]]}},{"type":"Feature","properties":{"source":"NLSC_W84_BUILD_2023","record":753372,"settlement":"寶山","risk":"low","height":18},"geometry":{"type":"Polygon","coordinates":[[[120.7289397,23.1201303],[120.7290249,23.1200949],[120.7289426,23.1199253],[120.7288573,23.1199606],[120.728904,23.1200568],[120.7288728,23.1200687],[120.7288978,23.1201244],[120.7289307,23.1201118],[120.7289397,23.1201303]]]}},{"type":"Feature","properties":{"source":"NLSC_W84_BUILD_2023","record":753331,"settlement":"寶山","risk":"low","height":16},"geometry":{"type":"Polygon","coordinates":[[[120.7422496,23.1142963],[120.7422546,23.1141853],[120.7421897,23.1141854],[120.7421876,23.1142744],[120.7421555,23.1142752],[120.7421568,23.1143002],[120.7422496,23.1142963]]]}},{"type":"Feature","properties":{"source":"NLSC_W84_BUILD_2023","record":753533,"settlement":"寶山","risk":"low","height":20},"geometry":{"type":"Polygon","coordinates":[[[120.7232958,23.1336986],[120.7233616,23.1335644],[120.7232609,23.133528],[120.7232269,23.1336015],[120.7231589,23.133574],[120.7231548,23.1335834],[120.723121,23.1335712],[120.7231026,23.1336132],[120.7231345,23.1336298],[120.7231162,23.1336628],[120.7232802,23.1337331],[120.7232958,23.1336986]]]}},{"type":"Feature","properties":{"source":"NLSC_W84_BUILD_2023","record":751384,"settlement":"寶山","risk":"low","height":10},"geometry":{"type":"Polygon","coordinates":[[[120.7235515,23.1306365],[120.7234868,23.1305601],[120.7232075,23.1305931],[120.7232117,23.1306887],[120.723315,23.1307063],[120.7233159,23.1307166],[120.7233539,23.1307184],[120.7233539,23.1307304],[120.7233854,23.1307313],[120.723391,23.1307425],[120.7234178,23.1307442],[120.7234373,23.1307562],[120.7234604,23.1307571],[120.7235355,23.130789],[120.7236189,23.130784],[120.7236433,23.1306384],[120.7235515,23.1306365]]]}},{"type":"Feature","properties":{"source":"NLSC_W84_BUILD_2023","record":753535,"settlement":"寶山","risk":"low","height":24},"geometry":{"type":"Polygon","coordinates":[[[120.7232592,23.1337795],[120.7231008,23.133723],[120.7230666,23.1337983],[120.7232268,23.1338554],[120.723241,23.1338197],[120.7232592,23.1337795]]]}},{"type":"Feature","properties":{"source":"NLSC_W84_BUILD_2023","record":753603,"settlement":"寶山","risk":"low","height":16},"geometry":{"type":"Polygon","coordinates":[[[120.7281477,23.1468578],[120.728111,23.1468274],[120.7280855,23.1468536],[120.7281216,23.1468843],[120.7281272,23.1468891],[120.7281524,23.1468617],[120.7281477,23.1468578]]]}},{"type":"Feature","properties":{"source":"NLSC_W84_BUILD_2023","record":753532,"settlement":"寶山","risk":"low","height":18},"geometry":{"type":"Polygon","coordinates":[[[120.7231659,23.1337053],[120.7231395,23.1336931],[120.7231277,23.1337151],[120.7231541,23.1337273],[120.7231659,23.1337053]]]}},{"type":"Feature","properties":{"source":"NLSC_W84_BUILD_2023","record":753548,"settlement":"寶山","risk":"low","height":18},"geometry":{"type":"Polygon","coordinates":[[[120.7231306,23.1347804],[120.7231519,23.1347566],[120.7231681,23.1347687],[120.723218,23.1347098],[120.7232039,23.1346986],[120.723148,23.1346568],[120.7230753,23.1347381],[120.7231306,23.1347804]]]}},{"type":"Feature","properties":{"source":"NLSC_W84_BUILD_2023","record":755454,"settlement":"梅山","risk":"high","height":22},"geometry":{"type":"Polygon","coordinates":[[[120.8156992,23.2691162],[120.8156819,23.2690937],[120.8156368,23.2691188],[120.8156528,23.2691441],[120.8156992,23.2691162]]]}},{"type":"Feature","properties":{"source":"NLSC_W84_BUILD_2023","record":751388,"settlement":"寶山","risk":"low","height":18},"geometry":{"type":"Polygon","coordinates":[[[120.7231185,23.1340635],[120.7231612,23.1340098],[120.7231459,23.133977],[120.7231304,23.1339831],[120.7230959,23.1339628],[120.7230823,23.1339838],[120.7230659,23.1339758],[120.723065,23.1339217],[120.7230679,23.1339226],[120.723085,23.133882],[120.7230761,23.1338789],[120.7230873,23.1338526],[120.7231124,23.1338608],[120.7231076,23.1338742],[120.7231441,23.1338866],[120.7231625,23.1338419],[120.7230083,23.1337866],[120.7229645,23.1338358],[120.7229395,23.1338628],[120.7229623,23.1338725],[120.7229388,23.1339176],[120.7228981,23.1339796],[120.7229543,23.1340167],[120.7229415,23.1340351],[120.722923,23.1340247],[120.7228926,23.1340548],[120.7230413,23.1342113],[120.723103,23.1341428],[120.7231468,23.1340815],[120.7231185,23.1340635]]]}},{"type":"Feature","properties":{"source":"NLSC_W84_BUILD_2023","record":753544,"settlement":"寶山","risk":"low","height":10},"geometry":{"type":"Polygon","coordinates":[[[120.7230724,23.1344011],[120.7230379,23.1343634],[120.7230056,23.1343962],[120.7229987,23.1343906],[120.7229474,23.1344864],[120.7229592,23.1344986],[120.7229313,23.1345302],[120.7229738,23.1345631],[120.7230008,23.1345358],[120.7229945,23.1345308],[120.7230697,23.1344493],[120.7230447,23.1344286],[120.7230724,23.1344011]]]}},{"type":"Feature","properties":{"source":"NLSC_W84_BUILD_2023","record":753546,"settlement":"寶山","risk":"low","height":14},"geometry":{"type":"Polygon","coordinates":[[[120.7230946,23.1345987],[120.7230338,23.134552],[120.7229135,23.1346856],[120.7229742,23.1347324],[120.7230946,23.1345987]]]}},{"type":"Feature","properties":{"source":"NLSC_W84_BUILD_2023","record":753542,"settlement":"寶山","risk":"low","height":22},"geometry":{"type":"Polygon","coordinates":[[[120.7229996,23.1343628],[120.7229138,23.1342723],[120.7228098,23.1343648],[120.7229087,23.1344737],[120.7229217,23.1344667],[120.7229509,23.1344509],[120.7229731,23.1344227],[120.7229996,23.1343628]]]}},{"type":"Feature","properties":{"source":"NLSC_W84_BUILD_2023","record":753588,"settlement":"寶山","risk":"low","height":18},"geometry":{"type":"Polygon","coordinates":[[[120.7254142,23.1436372],[120.7253599,23.1436331],[120.7253591,23.1436419],[120.7253564,23.1436722],[120.7253984,23.1436756],[120.7254088,23.1436765],[120.7254142,23.1436372]]]}},{"type":"Feature","properties":{"source":"NLSC_W84_BUILD_2023","record":753541,"settlement":"寶山","risk":"low","height":20},"geometry":{"type":"Polygon","coordinates":[[[120.7227869,23.1342976],[120.722813,23.1342519],[120.7227777,23.1342273],[120.7228039,23.1341859],[120.7227498,23.134153],[120.7227098,23.1341991],[120.7226757,23.1342522],[120.7227386,23.1342829],[120.7227434,23.1342761],[120.7227869,23.1342976]]]}},{"type":"Feature","properties":{"source":"NLSC_W84_BUILD_2023","record":753539,"settlement":"寶山","risk":"low","height":16},"geometry":{"type":"Polygon","coordinates":[[[120.7227116,23.1340787],[120.7226949,23.1340702],[120.7226344,23.1341334],[120.7226596,23.1341491],[120.7227136,23.1341832],[120.7227655,23.1341128],[120.7227116,23.1340787]]]}},{"type":"Feature","properties":{"source":"NLSC_W84_BUILD_2023","record":753538,"settlement":"寶山","risk":"low","height":14},"geometry":{"type":"Polygon","coordinates":[[[120.722641,23.1339033],[120.7225061,23.133875],[120.7224881,23.1339614],[120.7225326,23.1339709],[120.7225125,23.1340606],[120.7225802,23.1340778],[120.72256,23.134139],[120.7225896,23.1341487],[120.722678,23.1340762],[120.7227026,23.1339791],[120.722641,23.1339033]]]}},{"type":"Feature","properties":{"source":"NLSC_W84_BUILD_2023","record":753377,"settlement":"寶山","risk":"low","height":12},"geometry":{"type":"Polygon","coordinates":[[[120.7267319,23.1211851],[120.7267146,23.121143],[120.7266657,23.1211602],[120.7266829,23.1212023],[120.7267319,23.1211851]]]}},{"type":"Feature","properties":{"source":"NLSC_W84_BUILD_2023","record":753551,"settlement":"寶山","risk":"low","height":24},"geometry":{"type":"Polygon","coordinates":[[[120.7223328,23.1348034],[120.7222973,23.1347901],[120.7222777,23.1348329],[120.722275,23.1348411],[120.7223094,23.1348538],[120.7223328,23.1348034]]]}},{"type":"Feature","properties":{"source":"NLSC_W84_BUILD_2023","record":753549,"settlement":"寶山","risk":"low","height":20},"geometry":{"type":"Polygon","coordinates":[[[120.7222793,23.1347834],[120.7222298,23.1347648],[120.7222104,23.1348062],[120.7222595,23.1348259],[120.7222793,23.1347834]]]}},{"type":"Feature","properties":{"source":"NLSC_W84_BUILD_2023","record":753552,"settlement":"寶山","risk":"low","height":10},"geometry":{"type":"Polygon","coordinates":[[[120.7222727,23.1349308],[120.7222026,23.1349023],[120.7221565,23.1349871],[120.7222327,23.1350172],[120.7222727,23.1349308]]]}},{"type":"Feature","properties":{"source":"NLSC_W84_BUILD_2023","record":755147,"settlement":"桃源","risk":"medium","height":16},"geometry":{"type":"Polygon","coordinates":[[[120.8013177,23.1781286],[120.8012456,23.1779843],[120.801196,23.1780038],[120.8012086,23.1780311],[120.8011786,23.1780421],[120.8011916,23.1780982],[120.8012253,23.1781635],[120.8013177,23.1781286]]]}},{"type":"Feature","properties":{"source":"NLSC_W84_BUILD_2023","record":753406,"settlement":"寶山","risk":"low","height":22},"geometry":{"type":"Polygon","coordinates":[[[120.7235405,23.1263609],[120.7234818,23.1263442],[120.7234639,23.1263983],[120.7235225,23.126415],[120.7235405,23.1263609]]]}},{"type":"Feature","properties":{"source":"NLSC_W84_BUILD_2023","record":753529,"settlement":"寶山","risk":"low","height":12},"geometry":{"type":"Polygon","coordinates":[[[120.7222241,23.1331516],[120.7221351,23.1331098],[120.7220319,23.1332344],[120.7221066,23.1332903],[120.7222241,23.1331516]]]}},{"type":"Feature","properties":{"source":"NLSC_W84_BUILD_2023","record":755455,"settlement":"梅山","risk":"high","height":24},"geometry":{"type":"Polygon","coordinates":[[[120.823567,23.2697042],[120.823559,23.2695574],[120.8235133,23.2695583],[120.8235224,23.2697067],[120.823567,23.2697042]]]}},{"type":"Feature","properties":{"source":"NLSC_W84_BUILD_2023","record":751518,"settlement":"梅山","risk":"high","height":22},"geometry":{"type":"Polygon","coordinates":[[[120.8236969,23.2696305],[120.8236875,23.2695273],[120.8236003,23.2695321],[120.8236041,23.2696955],[120.8236829,23.269693],[120.8236838,23.2696313],[120.8236969,23.2696305]]]}},{"type":"Feature","properties":{"source":"NLSC_W84_BUILD_2023","record":753343,"settlement":"寶山","risk":"low","height":24},"geometry":{"type":"Polygon","coordinates":[[[120.7307421,23.1169184],[120.7306663,23.1168629],[120.7306334,23.1169014],[120.7306147,23.1168898],[120.7305816,23.1169354],[120.7305964,23.1169446],[120.7305649,23.1169815],[120.7306407,23.1170369],[120.7307421,23.1169184]]]}},{"type":"Feature","properties":{"source":"NLSC_W84_BUILD_2023","record":751370,"settlement":"寶山","risk":"low","height":14},"geometry":{"type":"Polygon","coordinates":[[[120.7307704,23.1167799],[120.7307309,23.1167454],[120.730703,23.1167755],[120.7307095,23.1167826],[120.7306942,23.1167987],[120.7307261,23.1168274],[120.7307704,23.1167799]]]}},{"type":"Feature","properties":{"source":"NLSC_W84_BUILD_2023","record":755456,"settlement":"梅山","risk":"high","height":10},"geometry":{"type":"Polygon","coordinates":[[[120.8237124,23.2697983],[120.8237008,23.2697443],[120.8236505,23.2697618],[120.8236632,23.2698119],[120.8237124,23.2697983]]]}},{"type":"Feature","properties":{"source":"NLSC_W84_BUILD_2023","record":753527,"settlement":"寶山","risk":"low","height":24},"geometry":{"type":"Polygon","coordinates":[[[120.7219895,23.1327409],[120.7219065,23.1327174],[120.7218933,23.1327489],[120.721975,23.1327768],[120.7219895,23.1327409]]]}},{"type":"Feature","properties":{"source":"NLSC_W84_BUILD_2023","record":755457,"settlement":"梅山","risk":"high","height":12},"geometry":{"type":"Polygon","coordinates":[[[120.8236505,23.2699356],[120.8236291,23.2698718],[120.8235511,23.2698983],[120.8235621,23.2699182],[120.823538,23.2699239],[120.8235496,23.2699633],[120.8235804,23.2699582],[120.8236505,23.2699356]]]}},{"type":"Feature","properties":{"source":"NLSC_W84_BUILD_2023","record":755459,"settlement":"梅山","risk":"high","height":16},"geometry":{"type":"Polygon","coordinates":[[[120.8161358,23.2704947],[120.8161261,23.2704508],[120.8160788,23.2704608],[120.8160884,23.2705054],[120.8161358,23.2704947]]]}},{"type":"Feature","properties":{"source":"NLSC_W84_BUILD_2023","record":753528,"settlement":"寶山","risk":"low","height":10},"geometry":{"type":"Polygon","coordinates":[[[120.7218024,23.132986],[120.721903,23.1329146],[120.7219206,23.1329361],[120.721949,23.1329164],[120.7219096,23.1328702],[120.7218577,23.1328042],[120.72182,23.1328313],[120.7217497,23.1327534],[120.7216949,23.1327957],[120.7216029,23.1328748],[120.7216317,23.1329054],[120.7216288,23.1329075],[120.7216566,23.1329416],[120.7217221,23.1328952],[120.7218024,23.132986]]]}},{"type":"Feature","properties":{"source":"NLSC_W84_BUILD_2023","record":751238,"settlement":"寶山","risk":"low","height":22},"geometry":{"type":"Polygon","coordinates":[[[120.7229512,23.1409001],[120.7229425,23.1408432],[120.7228708,23.1408528],[120.7228826,23.1409291],[120.7229427,23.1409187],[120.7229405,23.1409019],[120.7229512,23.1409001]]]}},{"type":"Feature","properties":{"source":"NLSC_W84_BUILD_2023","record":751377,"settlement":"寶山","risk":"low","height":12},"geometry":{"type":"Polygon","coordinates":[[[120.7244594,23.1227768],[120.7244141,23.1227349],[120.7244065,23.1227421],[120.7243545,23.1227008],[120.7243289,23.1227289],[120.7243777,23.1227692],[120.7243726,23.1227761],[120.7244221,23.1228173],[120.7244594,23.1227768]]]}},{"type":"Feature","properties":{"source":"NLSC_W84_BUILD_2023","record":751222,"settlement":"寶山","risk":"low","height":22},"geometry":{"type":"Polygon","coordinates":[[[120.7293027,23.1170069],[120.7292605,23.1169959],[120.7292459,23.1170502],[120.7292865,23.1170606],[120.7293027,23.1170069]]]}},{"type":"Feature","properties":{"source":"NLSC_W84_BUILD_2023","record":753506,"settlement":"寶山","risk":"low","height":14},"geometry":{"type":"Polygon","coordinates":[[[120.7214007,23.1311471],[120.7213922,23.1311076],[120.721349,23.1311262],[120.721359,23.1311596],[120.7214007,23.1311471]]]}},{"type":"Feature","properties":{"source":"NLSC_W84_BUILD_2023","record":753871,"settlement":"桃源","risk":"medium","height":24},"geometry":{"type":"Polygon","coordinates":[[[120.7963799,23.1703629],[120.7962975,23.1703541],[120.7962895,23.1704104],[120.7963734,23.1704182],[120.7963799,23.1703629]]]}},{"type":"Feature","properties":{"source":"NLSC_W84_BUILD_2023","record":753344,"settlement":"寶山","risk":"low","height":10},"geometry":{"type":"Polygon","coordinates":[[[120.729179,23.1170057],[120.729142,23.1169916],[120.7291474,23.1169764],[120.7289982,23.1169282],[120.7289665,23.1169939],[120.7290014,23.1170082],[120.7290072,23.1169996],[120.7291157,23.1170444],[120.7291115,23.1170534],[120.7291514,23.1170677],[120.729179,23.1170057]]]}},{"type":"Feature","properties":{"source":"NLSC_W84_BUILD_2023","record":753876,"settlement":"桃源","risk":"medium","height":18},"geometry":{"type":"Polygon","coordinates":[[[120.8009031,23.1751904],[120.8008482,23.1751694],[120.8008212,23.175222],[120.8008787,23.1752447],[120.8009031,23.1751904]]]}},{"type":"Feature","properties":{"source":"NLSC_W84_BUILD_2023","record":755144,"settlement":"桃源","risk":"medium","height":10},"geometry":{"type":"Polygon","coordinates":[[[120.8021099,23.1771992],[120.8020766,23.1771665],[120.8020597,23.1771782],[120.8020863,23.1772152],[120.8021099,23.1771992]]]}},{"type":"Feature","properties":{"source":"NLSC_W84_BUILD_2023","record":751232,"settlement":"寶山","risk":"low","height":10},"geometry":{"type":"Polygon","coordinates":[[[120.7213052,23.1302484],[120.7212772,23.1302253],[120.7212497,23.130253],[120.7212777,23.1302761],[120.7213052,23.1302484]]]}},{"type":"Feature","properties":{"source":"NLSC_W84_BUILD_2023","record":755143,"settlement":"桃源","risk":"medium","height":24},"geometry":{"type":"Polygon","coordinates":[[[120.8021967,23.1771792],[120.8021195,23.1770818],[120.8020722,23.1771139],[120.8021527,23.1772105],[120.8021967,23.1771792]]]}},{"type":"Feature","properties":{"source":"NLSC_W84_BUILD_2023","record":751231,"settlement":"寶山","risk":"low","height":24},"geometry":{"type":"Polygon","coordinates":[[[120.7212267,23.1301866],[120.7212037,23.1301756],[120.72116,23.1301761],[120.7211531,23.1302049],[120.7212092,23.1302362],[120.7212167,23.1302316],[120.7212267,23.1301866]]]}},{"type":"Feature","properties":{"source":"NLSC_W84_BUILD_2023","record":755458,"settlement":"梅山","risk":"high","height":14},"geometry":{"type":"Polygon","coordinates":[[[120.8251411,23.2704848],[120.8251293,23.2704216],[120.8249893,23.2704481],[120.8250012,23.2705094],[120.8251411,23.2704848]]]}},{"type":"Feature","properties":{"source":"NLSC_W84_BUILD_2023","record":751233,"settlement":"寶山","risk":"low","height":12},"geometry":{"type":"Polygon","coordinates":[[[120.7211346,23.1303818],[120.7210352,23.1303222],[120.7210099,23.130357],[120.7211101,23.1304167],[120.7211346,23.1303818]]]}},{"type":"Feature","properties":{"source":"NLSC_W84_BUILD_2023","record":753521,"settlement":"寶山","risk":"low","height":12},"geometry":{"type":"Polygon","coordinates":[[[120.7209428,23.1321899],[120.7208413,23.1321217],[120.7207472,23.1322443],[120.7208675,23.1323305],[120.7208917,23.1322537],[120.7209428,23.1321899]]]}},{"type":"Feature","properties":{"source":"NLSC_W84_BUILD_2023","record":751519,"settlement":"梅山","risk":"high","height":24},"geometry":{"type":"Polygon","coordinates":[[[120.8231622,23.2712018],[120.8231162,23.2711356],[120.8230508,23.2711789],[120.8231012,23.2712463],[120.8231622,23.2712018]]]}},{"type":"Feature","properties":{"source":"NLSC_W84_BUILD_2023","record":751520,"settlement":"梅山","risk":"high","height":10},"geometry":{"type":"Polygon","coordinates":[[[120.8230836,23.2712469],[120.8230509,23.2711889],[120.8229705,23.2712329],[120.8230025,23.27129],[120.8230836,23.2712469]]]}},{"type":"Feature","properties":{"source":"NLSC_W84_BUILD_2023","record":753501,"settlement":"寶山","risk":"low","height":20},"geometry":{"type":"Polygon","coordinates":[[[120.7208707,23.1309887],[120.7208032,23.1309399],[120.7207785,23.1309654],[120.7208284,23.1310028],[120.7208399,23.1310114],[120.720847,23.1310168],[120.7208707,23.1309887]]]}},{"type":"Feature","properties":{"source":"NLSC_W84_BUILD_2023","record":753585,"settlement":"寶山","risk":"low","height":12},"geometry":{"type":"Polygon","coordinates":[[[120.7226234,23.143122],[120.7225813,23.1431087],[120.7225658,23.1431504],[120.7226079,23.1431638],[120.7226234,23.143122]]]}},{"type":"Feature","properties":{"source":"NLSC_W84_BUILD_2023","record":753591,"settlement":"建山","risk":"low","height":24},"geometry":{"type":"Polygon","coordinates":[[[120.7802059,23.1443053],[120.780167,23.1442885],[120.780144,23.1443313],[120.7801809,23.144346],[120.7802059,23.1443053]]]}},{"type":"Feature","properties":{"source":"NLSC_W84_BUILD_2023","record":751383,"settlement":"寶山","risk":"low","height":24},"geometry":{"type":"Polygon","coordinates":[[[120.7206527,23.1302619],[120.720613,23.1302273],[120.7205872,23.1302528],[120.7206267,23.1302875],[120.7206527,23.1302619]]]}},{"type":"Feature","properties":{"source":"NLSC_W84_BUILD_2023","record":753473,"settlement":"寶山","risk":"low","height":12},"geometry":{"type":"Polygon","coordinates":[[[120.7205996,23.130215],[120.7205434,23.1301686],[120.7205142,23.1301996],[120.7205738,23.1302443],[120.7205996,23.130215]]]}},{"type":"Feature","properties":{"source":"NLSC_W84_BUILD_2023","record":753423,"settlement":"寶山","risk":"low","height":24},"geometry":{"type":"Polygon","coordinates":[[[120.7207954,23.1289107],[120.7207918,23.1288561],[120.7207501,23.1288585],[120.7207537,23.1289131],[120.7207954,23.1289107]]]}},{"type":"Feature","properties":{"source":"NLSC_W84_BUILD_2023","record":751235,"settlement":"寶山","risk":"low","height":16},"geometry":{"type":"Polygon","coordinates":[[[120.7203427,23.1317824],[120.7202846,23.1317201],[120.7202341,23.1317594],[120.7202916,23.1318233],[120.7203427,23.1317824]]]}},{"type":"Feature","properties":{"source":"NLSC_W84_BUILD_2023","record":753474,"settlement":"寶山","risk":"low","height":14},"geometry":{"type":"Polygon","coordinates":[[[120.7204059,23.130172],[120.7203558,23.1301364],[120.7202809,23.1302265],[120.7203309,23.1302621],[120.7204059,23.130172]]]}},{"type":"Feature","properties":{"source":"NLSC_W84_BUILD_2023","record":753502,"settlement":"寶山","risk":"low","height":22},"geometry":{"type":"Polygon","coordinates":[[[120.7199863,23.1309803],[120.7199413,23.1309495],[120.7199047,23.1309952],[120.7198619,23.1310471],[120.7199119,23.1310829],[120.7199559,23.1310304],[120.7199498,23.1310261],[120.7199863,23.1309803]]]}},{"type":"Feature","properties":{"source":"NLSC_W84_BUILD_2023","record":751385,"settlement":"寶山","risk":"low","height":12},"geometry":{"type":"Polygon","coordinates":[[[120.7198835,23.1311431],[120.7198024,23.1310673],[120.7197493,23.1311159],[120.7197275,23.1311316],[120.7198192,23.1312398],[120.7198873,23.1313007],[120.7199765,23.1312315],[120.7199283,23.1311888],[120.7198819,23.1311446],[120.7198835,23.1311431]]]}},{"type":"Feature","properties":{"source":"NLSC_W84_BUILD_2023","record":751230,"settlement":"寶山","risk":"low","height":22},"geometry":{"type":"Polygon","coordinates":[[[120.7202355,23.1286675],[120.7202098,23.1286232],[120.720135,23.128664],[120.7201597,23.128708],[120.7202355,23.1286675]]]}},{"type":"Feature","properties":{"source":"NLSC_W84_BUILD_2023","record":753517,"settlement":"寶山","risk":"low","height":20},"geometry":{"type":"Polygon","coordinates":[[[120.7197936,23.1314124],[120.7197289,23.1313498],[120.719651,23.1314189],[120.7197163,23.1314803],[120.7197936,23.1314124]]]}},{"type":"Feature","properties":{"source":"NLSC_W84_BUILD_2023","record":751386,"settlement":"寶山","risk":"low","height":14},"geometry":{"type":"Polygon","coordinates":[[[120.7196947,23.1315136],[120.7196187,23.1314723],[120.7195846,23.1315145],[120.719577,23.1315242],[120.7195596,23.1315464],[120.7195437,23.1315667],[120.7195423,23.1315685],[120.7196413,23.1316285],[120.7197156,23.1315316],[120.7196931,23.1315175],[120.7196947,23.1315136]]]}},{"type":"Feature","properties":{"source":"NLSC_W84_BUILD_2023","record":751252,"settlement":"桃源","risk":"medium","height":18},"geometry":{"type":"Polygon","coordinates":[[[120.8021991,23.1740765],[120.8021519,23.174055],[120.8021225,23.1741166],[120.8021714,23.1741365],[120.8021991,23.1740765]]]}},{"type":"Feature","properties":{"source":"NLSC_W84_BUILD_2023","record":753494,"settlement":"寶山","risk":"low","height":22},"geometry":{"type":"Polygon","coordinates":[[[120.7195834,23.1307248],[120.7195512,23.1307008],[120.7195265,23.1307267],[120.719471,23.1307883],[120.7195161,23.1308273],[120.719545,23.1307985],[120.7195294,23.1307853],[120.7195575,23.1307534],[120.7195834,23.1307248]]]}},{"type":"Feature","properties":{"source":"NLSC_W84_BUILD_2023","record":753874,"settlement":"桃源","risk":"medium","height":14},"geometry":{"type":"Polygon","coordinates":[[[120.8020961,23.1738219],[120.8020458,23.1737995],[120.8020212,23.1738587],[120.8020684,23.1738806],[120.8020961,23.1738219]]]}},{"type":"Feature","properties":{"source":"NLSC_W84_BUILD_2023","record":753491,"settlement":"寶山","risk":"low","height":16},"geometry":{"type":"Polygon","coordinates":[[[120.719601,23.1306186],[120.7195618,23.1305776],[120.719609,23.1305353],[120.719613,23.1305379],[120.7196071,23.1305462],[120.719635,23.1305634],[120.7196343,23.1305643],[120.719684,23.130603],[120.7197226,23.1305532],[120.7196732,23.1305168],[120.7196683,23.1305228],[120.7195941,23.1304761],[120.7195688,23.1305087],[120.7194992,23.1305591],[120.7194272,23.1304888],[120.7193005,23.1305981],[120.7193613,23.130666],[120.7194369,23.1306045],[120.7195196,23.1306866],[120.719601,23.1306186]]]}},{"type":"Feature","properties":{"source":"NLSC_W84_BUILD_2023","record":753485,"settlement":"寶山","risk":"low","height":20},"geometry":{"type":"Polygon","coordinates":[[[120.7195521,23.1304303],[120.7195097,23.1303966],[120.719479,23.1304353],[120.7195173,23.1304703],[120.7195521,23.1304303]]]}},{"type":"Feature","properties":{"source":"NLSC_W84_BUILD_2023","record":753518,"settlement":"寶山","risk":"low","height":22},"geometry":{"type":"Polygon","coordinates":[[[120.719293,23.1314464],[120.71927,23.131443],[120.7192525,23.1315441],[120.7193465,23.131558],[120.7193606,23.1314768],[120.719293,23.1314464]]]}},{"type":"Feature","properties":{"source":"NLSC_W84_BUILD_2023","record":753376,"settlement":"寶山","risk":"low","height":10},"geometry":{"type":"Polygon","coordinates":[[[120.7232787,23.1206197],[120.7232676,23.1205259],[120.7232021,23.1205325],[120.7232132,23.1206263],[120.7232787,23.1206197]]]}},{"type":"Feature","properties":{"source":"NLSC_W84_BUILD_2023","record":753519,"settlement":"寶山","risk":"low","height":24},"geometry":{"type":"Polygon","coordinates":[[[120.7192683,23.1322803],[120.7192564,23.1322317],[120.7192103,23.1322413],[120.7192223,23.13229],[120.7192683,23.1322803]]]}},{"type":"Feature","properties":{"source":"NLSC_W84_BUILD_2023","record":753513,"settlement":"寶山","risk":"low","height":12},"geometry":{"type":"Polygon","coordinates":[[[120.719374,23.1312584],[120.7192392,23.1312026],[120.7191997,23.1312967],[120.7193274,23.1313425],[120.7193171,23.1313664],[120.7193745,23.1313826],[120.7194414,23.131291],[120.719406,23.131276],[120.7194109,23.1312642],[120.719374,23.1312584]]]}},{"type":"Feature","properties":{"source":"NLSC_W84_BUILD_2023","record":753507,"settlement":"寶山","risk":"low","height":16},"geometry":{"type":"Polygon","coordinates":[[[120.71939,23.1311922],[120.719425,23.1311113],[120.7194549,23.1311243],[120.7194657,23.1311027],[120.7192458,23.1310084],[120.7191955,23.1311088],[120.71939,23.1311922]]]}},{"type":"Feature","properties":{"source":"NLSC_W84_BUILD_2023","record":753470,"settlement":"寶山","risk":"low","height":22},"geometry":{"type":"Polygon","coordinates":[[[120.7194155,23.1301602],[120.7193581,23.1301528],[120.719354,23.1301816],[120.7194117,23.130189],[120.7194155,23.1301602]]]}},{"type":"Feature","properties":{"source":"NLSC_W84_BUILD_2023","record":753359,"settlement":"寶山","risk":"low","height":24},"geometry":{"type":"Polygon","coordinates":[[[120.724249,23.1189906],[120.7242112,23.1189753],[120.7241968,23.1190136],[120.7242329,23.1190289],[120.724249,23.1189906]]]}},{"type":"Feature","properties":{"source":"NLSC_W84_BUILD_2023","record":753510,"settlement":"寶山","risk":"low","height":22},"geometry":{"type":"Polygon","coordinates":[[[120.7191655,23.131172],[120.7191627,23.1311709],[120.7191274,23.1312547],[120.719192,23.1313072],[120.7192359,23.1312012],[120.7191655,23.131172]]]}},{"type":"Feature","properties":{"source":"NLSC_W84_BUILD_2023","record":753483,"settlement":"寶山","risk":"low","height":16},"geometry":{"type":"Polygon","coordinates":[[[120.7192163,23.130436],[120.7192854,23.1303669],[120.7192962,23.1303772],[120.7193295,23.1303418],[120.7192861,23.130304],[120.7192786,23.1303104],[120.7192467,23.1302809],[120.7191879,23.1303355],[120.7192197,23.1303667],[120.719181,23.1304025],[120.7192163,23.130436]]]}},{"type":"Feature","properties":{"source":"NLSC_W84_BUILD_2023","record":753427,"settlement":"寶山","risk":"low","height":16},"geometry":{"type":"Polygon","coordinates":[[[120.7195094,23.128842],[120.7194716,23.1288334],[120.7193954,23.1289518],[120.7194308,23.1289629],[120.7195094,23.128842]]]}},{"type":"Feature","properties":{"source":"NLSC_W84_BUILD_2023","record":753496,"settlement":"寶山","risk":"low","height":10},"geometry":{"type":"Polygon","coordinates":[[[120.7193091,23.1308092],[120.7192277,23.1307009],[120.719248,23.130687],[120.7192246,23.1306543],[120.719216,23.1306595],[120.7191352,23.1305469],[120.7191294,23.1305509],[120.7190308,23.130435],[120.7189687,23.1304892],[120.7189862,23.1305081],[120.7188746,23.1305903],[120.7189568,23.1306858],[120.7190161,23.130645],[120.7189987,23.1306193],[120.7190434,23.1305864],[120.7190649,23.1305855],[120.7190864,23.1305714],[120.7190987,23.1305893],[120.7190473,23.1306205],[120.7190605,23.1306418],[120.7189985,23.1306802],[120.7190571,23.130761],[120.7191356,23.1307124],[120.7192072,23.1308028],[120.7192076,23.1308025],[120.7192593,23.1308377],[120.7193091,23.1308092]]]}},{"type":"Feature","properties":{"source":"NLSC_W84_BUILD_2023","record":753325,"settlement":"寶山","risk":"low","height":20},"geometry":{"type":"Polygon","coordinates":[[[120.7303775,23.1133419],[120.7303337,23.1133281],[120.7303045,23.1134074],[120.7303482,23.1134212],[120.7303775,23.1133419]]]}},{"type":"Feature","properties":{"source":"NLSC_W84_BUILD_2023","record":753514,"settlement":"寶山","risk":"low","height":14},"geometry":{"type":"Polygon","coordinates":[[[120.7190725,23.1312784],[120.7189802,23.131257],[120.7189766,23.1312703],[120.7189478,23.1312632],[120.7189189,23.1313651],[120.7190412,23.1313936],[120.7190725,23.1312784]]]}},{"type":"Feature","properties":{"source":"NLSC_W84_BUILD_2023","record":753503,"settlement":"寶山","risk":"low","height":24},"geometry":{"type":"Polygon","coordinates":[[[120.7191361,23.131088],[120.7192066,23.1309688],[120.7191232,23.1309247],[120.7191356,23.130905],[120.7190242,23.1308453],[120.7189622,23.1309444],[120.7189111,23.1309167],[120.7188598,23.1309974],[120.7189114,23.1310255],[120.7189217,23.1310091],[120.719033,23.1310688],[120.7190496,23.1310422],[120.7191361,23.131088]]]}},{"type":"Feature","properties":{"source":"NLSC_W84_BUILD_2023","record":753426,"settlement":"寶山","risk":"low","height":14},"geometry":{"type":"Polygon","coordinates":[[[120.7194636,23.1287693],[120.7193688,23.128713],[120.7192535,23.1288715],[120.7193555,23.1289368],[120.7194154,23.1288582],[120.7194048,23.1288485],[120.7194636,23.1287693]]]}},{"type":"Feature","properties":{"source":"NLSC_W84_BUILD_2023","record":753594,"settlement":"寶山","risk":"low","height":14},"geometry":{"type":"Polygon","coordinates":[[[120.7215232,23.1447148],[120.7214569,23.144702],[120.7214286,23.1448272],[120.7214821,23.1448376],[120.7214876,23.1448319],[120.7215015,23.1448109],[120.7215232,23.1447148]]]}},{"type":"Feature","properties":{"source":"NLSC_W84_BUILD_2023","record":753508,"settlement":"寶山","risk":"low","height":18},"geometry":{"type":"Polygon","coordinates":[[[120.7189942,23.1310885],[120.7188751,23.1310558],[120.7188703,23.131071],[120.7188475,23.1310646],[120.7188462,23.1310685],[120.7187942,23.1310561],[120.718798,23.131118],[120.7188272,23.1311264],[120.7188251,23.1311326],[120.7188473,23.1311389],[120.7188403,23.131159],[120.7189537,23.1311924],[120.7189482,23.1312097],[120.7190647,23.1312413],[120.7191039,23.1311275],[120.7189919,23.1310957],[120.7189942,23.1310885]]]}},{"type":"Feature","properties":{"source":"NLSC_W84_BUILD_2023","record":753263,"settlement":"寶山","risk":"low","height":24},"geometry":{"type":"Polygon","coordinates":[[[120.7415164,23.1099429],[120.7414588,23.1098421],[120.741465,23.1098364],[120.7413731,23.1096795],[120.741244,23.10974],[120.7413312,23.1099012],[120.7413405,23.1098983],[120.7413966,23.1100034],[120.7415164,23.1099429]]]}},{"type":"Feature","properties":{"source":"NLSC_W84_BUILD_2023","record":753498,"settlement":"寶山","risk":"low","height":14},"geometry":{"type":"Polygon","coordinates":[[[120.7189571,23.1309003],[120.7190436,23.1308044],[120.7190395,23.1308012],[120.7190386,23.1308023],[120.7190047,23.1307775],[120.7189632,23.1307499],[120.7188684,23.1308551],[120.7189014,23.1308818],[120.7189148,23.1308677],[120.7189571,23.1309003]]]}},{"type":"Feature","properties":{"source":"NLSC_W84_BUILD_2023","record":753324,"settlement":"寶山","risk":"low","height":18},"geometry":{"type":"Polygon","coordinates":[[[120.7304226,23.113258],[120.730527,23.1129913],[120.7304745,23.1129736],[120.7304559,23.1129674],[120.7304374,23.1129612],[120.7304011,23.1130536],[120.730383,23.1130479],[120.7303432,23.1131561],[120.730359,23.1131611],[120.7303329,23.1132279],[120.7304226,23.113258]]]}},{"type":"Feature","properties":{"source":"NLSC_W84_BUILD_2023","record":753486,"settlement":"寶山","risk":"low","height":22},"geometry":{"type":"Polygon","coordinates":[[[120.718896,23.1305038],[120.718976,23.130449],[120.7189829,23.1304575],[120.719042,23.1304161],[120.7189986,23.1303631],[120.7189433,23.1304018],[120.7188993,23.1303469],[120.7189377,23.1303203],[120.7188892,23.1302604],[120.7188476,23.1302892],[120.71886,23.1303045],[120.7187802,23.130359],[120.7188105,23.1303969],[120.7187903,23.1304115],[120.718846,23.1304798],[120.7188659,23.1304661],[120.718896,23.1305038]]]}},{"type":"Feature","properties":{"source":"NLSC_W84_BUILD_2023","record":753431,"settlement":"寶山","risk":"low","height":24},"geometry":{"type":"Polygon","coordinates":[[[120.7193052,23.1289085],[120.7192062,23.1288487],[120.7192014,23.1288573],[120.7191171,23.1288056],[120.7190876,23.1288449],[120.7190699,23.1288325],[120.7190321,23.1288861],[120.7190486,23.1288967],[120.7190166,23.1289392],[120.7190769,23.1289787],[120.7191964,23.129053],[120.7193052,23.1289085]]]}},{"type":"Feature","properties":{"source":"NLSC_W84_BUILD_2023","record":753499,"settlement":"寶山","risk":"low","height":16},"geometry":{"type":"Polygon","coordinates":[[[120.7188792,23.1307206],[120.7188309,23.1306899],[120.7187785,23.1307604],[120.718705,23.1308424],[120.7187173,23.1308594],[120.7187673,23.1309319],[120.7188092,23.1309072],[120.7187748,23.1308573],[120.7188267,23.1307911],[120.7188792,23.1307206]]]}},{"type":"Feature","properties":{"source":"NLSC_W84_BUILD_2023","record":753416,"settlement":"寶山","risk":"low","height":10},"geometry":{"type":"Polygon","coordinates":[[[120.7191906,23.1283935],[120.7191661,23.1283781],[120.7191356,23.1284218],[120.7192265,23.1284776],[120.7192577,23.1284354],[120.7192326,23.1284197],[120.7192265,23.1284065],[120.719221,23.1284015],[120.7192143,23.1283976],[120.7192019,23.1283943],[120.7191906,23.1283935]]]}},{"type":"Feature","properties":{"source":"NLSC_W84_BUILD_2023","record":753332,"settlement":"寶山","risk":"low","height":18},"geometry":{"type":"Polygon","coordinates":[[[120.7281273,23.1146196],[120.7278931,23.1145745],[120.7278753,23.1146533],[120.7281096,23.1146984],[120.7281273,23.1146196]]]}},{"type":"Feature","properties":{"source":"NLSC_W84_BUILD_2023","record":753438,"settlement":"寶山","risk":"low","height":22},"geometry":{"type":"Polygon","coordinates":[[[120.7191256,23.1292893],[120.7192109,23.129255],[120.7191662,23.1291626],[120.7190878,23.1291975],[120.7189974,23.1291325],[120.719035,23.1290841],[120.7191395,23.1291553],[120.7191837,23.1291022],[120.7190752,23.1290326],[120.7190789,23.1290278],[120.7189858,23.1289736],[120.7189804,23.1289805],[120.7189256,23.1289447],[120.7188512,23.1290392],[120.7189868,23.1291373],[120.7189443,23.1291905],[120.718896,23.1291583],[120.7188719,23.1291878],[120.7190164,23.1292876],[120.7190672,23.1292281],[120.7190752,23.1292275],[120.7191079,23.1292783],[120.719119,23.1292736],[120.7191256,23.1292893]]]}},{"type":"Feature","properties":{"source":"NLSC_W84_BUILD_2023","record":753487,"settlement":"寶山","risk":"low","height":24},"geometry":{"type":"Polygon","coordinates":[[[120.7188181,23.1305436],[120.7187471,23.1304991],[120.7187187,23.1305378],[120.7187897,23.1305823],[120.7188181,23.1305436]]]}},{"type":"Feature","properties":{"source":"NLSC_W84_BUILD_2023","record":753492,"settlement":"寶山","risk":"low","height":18},"geometry":{"type":"Polygon","coordinates":[[[120.7186463,23.1307446],[120.7186655,23.130723],[120.7186736,23.1307292],[120.7187601,23.1306315],[120.7186926,23.1305804],[120.7186714,23.1305682],[120.7186446,23.1305992],[120.7186652,23.1306148],[120.7185888,23.130701],[120.7186463,23.1307446]]]}},{"type":"Feature","properties":{"source":"NLSC_W84_BUILD_2023","record":751368,"settlement":"寶山","risk":"low","height":10},"geometry":{"type":"Polygon","coordinates":[[[120.7278691,23.1146436],[120.7278645,23.1145692],[120.7278085,23.1145721],[120.7278088,23.114578],[120.7277696,23.1145787],[120.7277703,23.114615],[120.7277543,23.1146151],[120.7277529,23.1145992],[120.7277339,23.1145992],[120.7277337,23.1146153],[120.7277337,23.1146165],[120.7277356,23.1146535],[120.7277711,23.1146527],[120.7278156,23.114652],[120.7278155,23.1146464],[120.7278691,23.1146436]]]}},{"type":"Feature","properties":{"source":"NLSC_W84_BUILD_2023","record":751381,"settlement":"寶山","risk":"low","height":20},"geometry":{"type":"Polygon","coordinates":[[[120.7193459,23.1286964],[120.7188973,23.1284041],[120.7190007,23.1282607],[120.7189128,23.1282042],[120.7188992,23.1282229],[120.7188337,23.1281821],[120.7186134,23.1284819],[120.7187037,23.1285375],[120.7186748,23.1285781],[120.7187508,23.1286309],[120.7188089,23.1286713],[120.7188746,23.1285912],[120.7187984,23.1285377],[120.7188322,23.1284956],[120.7192803,23.1287839],[120.7193459,23.1286964]]]}},{"type":"Feature","properties":{"source":"NLSC_W84_BUILD_2023","record":753481,"settlement":"寶山","risk":"low","height":12},"geometry":{"type":"Polygon","coordinates":[[[120.7187077,23.1302469],[120.7186005,23.1301077],[120.7185049,23.1301677],[120.718523,23.1301953],[120.7185369,23.1301873],[120.7186474,23.1303388],[120.7186674,23.1303239],[120.718664,23.1303195],[120.7186913,23.1302967],[120.7186759,23.1302784],[120.7186969,23.130265],[120.7186945,23.1302584],[120.7187077,23.1302469]]]}},{"type":"Feature","properties":{"source":"NLSC_W84_BUILD_2023","record":753456,"settlement":"寶山","risk":"low","height":10},"geometry":{"type":"Polygon","coordinates":[[[120.718701,23.1297579],[120.7188291,23.1295911],[120.7187296,23.1295258],[120.7186476,23.1296326],[120.7186208,23.1296141],[120.718632,23.1295979],[120.7185839,23.1295691],[120.7185525,23.1296186],[120.7186015,23.1296926],[120.718701,23.1297579]]]}},{"type":"Feature","properties":{"source":"NLSC_W84_BUILD_2023","record":753361,"settlement":"寶山","risk":"low","height":12},"geometry":{"type":"Polygon","coordinates":[[[120.7231257,23.1192983],[120.7231107,23.1192518],[120.7230495,23.1192714],[120.7230571,23.1192988],[120.7230882,23.1192914],[120.723094,23.1193077],[120.7231257,23.1192983]]]}},{"type":"Feature","properties":{"source":"NLSC_W84_BUILD_2023","record":753433,"settlement":"寶山","risk":"low","height":12},"geometry":{"type":"Polygon","coordinates":[[[120.7188414,23.1290765],[120.71876,23.1289541],[120.7187464,23.1289549],[120.7186613,23.1290036],[120.718782,23.1291083],[120.7188414,23.1290765]]]}},{"type":"Feature","properties":{"source":"NLSC_W84_BUILD_2023","record":755146,"settlement":"桃源","risk":"medium","height":14},"geometry":{"type":"Polygon","coordinates":[[[120.8053089,23.177552],[120.8052044,23.1774593],[120.8051557,23.1775107],[120.8052708,23.1776005],[120.8053089,23.177552]]]}},{"type":"Feature","properties":{"source":"NLSC_W84_BUILD_2023","record":753458,"settlement":"寶山","risk":"low","height":14},"geometry":{"type":"Polygon","coordinates":[[[120.7186445,23.1297715],[120.7185927,23.1297483],[120.7185765,23.1297847],[120.7185678,23.1298045],[120.7186214,23.1298237],[120.7186418,23.1297776],[120.7186445,23.1297715]]]}},{"type":"Feature","properties":{"source":"NLSC_W84_BUILD_2023","record":753469,"settlement":"寶山","risk":"low","height":20},"geometry":{"type":"Polygon","coordinates":[[[120.7185681,23.1300928],[120.7185032,23.1300299],[120.7183963,23.1301243],[120.7184612,23.1301872],[120.7185681,23.1300928]]]}},{"type":"Feature","properties":{"source":"NLSC_W84_BUILD_2023","record":751365,"settlement":"寶山","risk":"low","height":20},"geometry":{"type":"Polygon","coordinates":[[[120.728639,23.1138471],[120.7287842,23.1136285],[120.7287183,23.113591],[120.7287211,23.1135865],[120.7286215,23.1135333],[120.7286068,23.1135568],[120.7286265,23.1135686],[120.7285963,23.1136134],[120.7286689,23.1136522],[120.7286196,23.1137264],[120.7285244,23.1136756],[120.7284754,23.1137541],[120.728639,23.1138471]]]}},{"type":"Feature","properties":{"source":"NLSC_W84_BUILD_2023","record":751382,"settlement":"寶山","risk":"low","height":22},"geometry":{"type":"Polygon","coordinates":[[[120.7187753,23.1288245],[120.7188414,23.1287362],[120.7187255,23.1286608],[120.7187417,23.1286416],[120.7186527,23.1285794],[120.7186168,23.1286243],[120.7186055,23.1286177],[120.718589,23.1286383],[120.7185896,23.1286507],[120.7185558,23.1286948],[120.718674,23.1287922],[120.7186926,23.1288028],[120.7187161,23.1287773],[120.7187753,23.1288245]]]}},{"type":"Feature","properties":{"source":"NLSC_W84_BUILD_2023","record":751367,"settlement":"寶山","risk":"low","height":24},"geometry":{"type":"Polygon","coordinates":[[[120.7274604,23.1145493],[120.7273424,23.11452],[120.7273243,23.1145827],[120.7274406,23.1146127],[120.7274604,23.1145493]]]}},{"type":"Feature","properties":{"source":"NLSC_W84_BUILD_2023","record":753447,"settlement":"寶山","risk":"low","height":24},"geometry":{"type":"Polygon","coordinates":[[[120.7185443,23.1295254],[120.718508,23.1294786],[120.7184771,23.1294984],[120.7185126,23.129547],[120.7185443,23.1295254]]]}},{"type":"Feature","properties":{"source":"NLSC_W84_BUILD_2023","record":753274,"settlement":"寶山","risk":"low","height":14},"geometry":{"type":"Polygon","coordinates":[[[120.7349561,23.1104723],[120.7349441,23.1103546],[120.7348767,23.1103657],[120.7348873,23.110482],[120.7349561,23.1104723]]]}},{"type":"Feature","properties":{"source":"NLSC_W84_BUILD_2023","record":753479,"settlement":"寶山","risk":"low","height":24},"geometry":{"type":"Polygon","coordinates":[[[120.718337,23.1303238],[120.7183532,23.1303101],[120.7183556,23.1303125],[120.718428,23.13025],[120.7183668,23.1301894],[120.7182944,23.1302519],[120.7183104,23.1302678],[120.7182948,23.130281],[120.718337,23.1303238]]]}},{"type":"Feature","properties":{"source":"NLSC_W84_BUILD_2023","record":751366,"settlement":"寶山","risk":"low","height":22},"geometry":{"type":"Polygon","coordinates":[[[120.7272685,23.1145065],[120.7272697,23.1144926],[120.7272417,23.1144945],[120.72725,23.1145707],[120.7272947,23.1145679],[120.7272893,23.1145069],[120.7272685,23.1145065]]]}},{"type":"Feature","properties":{"source":"NLSC_W84_BUILD_2023","record":755465,"settlement":"梅山","risk":"high","height":12},"geometry":{"type":"Polygon","coordinates":[[[120.8249697,23.2733336],[120.8249567,23.2733141],[120.8249261,23.2733336],[120.8249259,23.2733337],[120.8247861,23.2734227],[120.8248002,23.2734449],[120.8247599,23.2734696],[120.8247754,23.2734943],[120.8247652,23.2735002],[120.8248391,23.2736336],[120.8248912,23.2736036],[120.8249718,23.2735578],[120.8248964,23.2734478],[120.8250046,23.2733859],[120.8249698,23.2733337],[120.8249697,23.2733336]]]}},{"type":"Feature","properties":{"source":"NLSC_W84_BUILD_2023","record":753424,"settlement":"寶山","risk":"low","height":10},"geometry":{"type":"Polygon","coordinates":[[[120.7185974,23.1288249],[120.7185352,23.1288014],[120.7185081,23.1288051],[120.7185041,23.1288118],[120.7184394,23.1288172],[120.7184293,23.1288505],[120.7184755,23.1288601],[120.7185927,23.1289195],[120.7186377,23.1288435],[120.7185974,23.1288249]]]}},{"type":"Feature","properties":{"source":"NLSC_W84_BUILD_2023","record":753327,"settlement":"寶山","risk":"low","height":24},"geometry":{"type":"Polygon","coordinates":[[[120.72859,23.1135395],[120.7286165,23.1135],[120.7287681,23.1135318],[120.7288005,23.1134001],[120.72862,23.1133622],[120.7286213,23.1133562],[120.7285359,23.1133385],[120.7285016,23.1134716],[120.7285523,23.1134822],[120.728535,23.113508],[120.72859,23.1135395]]]}},{"type":"Feature","properties":{"source":"NLSC_W84_BUILD_2023","record":751369,"settlement":"寶山","risk":"low","height":12},"geometry":{"type":"Polygon","coordinates":[[[120.7269455,23.1147968],[120.7269777,23.1147651],[120.7269888,23.1147731],[120.7270206,23.114739],[120.7270102,23.1147308],[120.7270264,23.1147126],[120.7270428,23.1147253],[120.7271214,23.1146428],[120.7271126,23.1146372],[120.7271817,23.114571],[120.7271203,23.1145198],[120.7271081,23.1145105],[120.727098,23.1145164],[120.7270851,23.1145161],[120.7270431,23.1145453],[120.7270032,23.1145543],[120.7269735,23.1145835],[120.7270165,23.1146151],[120.7268881,23.1147535],[120.7269455,23.1147968]]]}},{"type":"Feature","properties":{"source":"NLSC_W84_BUILD_2023","record":753471,"settlement":"寶山","risk":"low","height":24},"geometry":{"type":"Polygon","coordinates":[[[120.7183287,23.1301256],[120.7182915,23.1300834],[120.7182627,23.1301049],[120.718258,23.1300994],[120.7182551,23.1301016],[120.718224,23.1300607],[120.7181835,23.1300887],[120.7182821,23.1302008],[120.7183468,23.1301522],[120.7183278,23.1301324],[120.7183287,23.1301256]]]}},{"type":"Feature","properties":{"source":"NLSC_W84_BUILD_2023","record":753488,"settlement":"寶山","risk":"low","height":10},"geometry":{"type":"Polygon","coordinates":[[[120.7184306,23.1305936],[120.7185081,23.1305012],[120.7184727,23.1304781],[120.7184637,23.1304889],[120.7183906,23.1304412],[120.7184042,23.1304228],[120.7183059,23.13036],[120.7183099,23.1303568],[120.7182777,23.1303279],[120.7182589,23.1303133],[120.7182573,23.1303145],[120.718208,23.1302612],[120.7181914,23.1302736],[120.71816,23.130238],[120.7180374,23.1303373],[120.7179706,23.1302857],[120.7179143,23.1303427],[120.7180232,23.1304229],[120.7180629,23.1304642],[120.7180794,23.1304502],[120.7181511,23.1303955],[120.7181976,23.1304465],[120.7181843,23.1304571],[120.7182129,23.1304824],[120.7181938,23.1305121],[120.7182437,23.1305413],[120.7182691,23.1305032],[120.7182846,23.1305129],[120.7183016,23.1304917],[120.7183365,23.1305145],[120.7183454,23.1305025],[120.7184137,23.1305485],[120.7183969,23.1305686],[120.7184306,23.1305936]]]}},{"type":"Feature","properties":{"source":"NLSC_W84_BUILD_2023","record":755461,"settlement":"梅山","risk":"high","height":20},"geometry":{"type":"Polygon","coordinates":[[[120.8256219,23.2734485],[120.8255832,23.2733849],[120.8255343,23.2734086],[120.8255248,23.2733901],[120.8255764,23.2733641],[120.825558,23.2733337],[120.8255579,23.2733336],[120.8255102,23.273255],[120.8254235,23.2733027],[120.8254395,23.2733336],[120.8254396,23.2733337],[120.8254404,23.2733353],[120.8254436,23.2733337],[120.8254438,23.2733336],[120.8254823,23.2733141],[120.8254924,23.2733336],[120.8254924,23.2733337],[120.8255052,23.2733585],[120.8254491,23.2733873],[120.8254339,23.2733649],[120.8253869,23.2733874],[120.8254316,23.2734617],[120.8254856,23.2734346],[120.8255268,23.273499],[120.8256219,23.2734485]]]}},{"type":"Feature","properties":{"source":"NLSC_W84_BUILD_2023","record":755460,"settlement":"梅山","risk":"high","height":18},"geometry":{"type":"Polygon","coordinates":[[[120.8260134,23.273428],[120.8259659,23.2733474],[120.8259886,23.273336],[120.8259874,23.2733337],[120.8259873,23.2733336],[120.8258493,23.273076],[120.8256891,23.2731571],[120.8256993,23.2731753],[120.8256837,23.2731834],[120.8257076,23.2732268],[120.8257297,23.273217],[120.8257374,23.273239],[120.8258143,23.273204],[120.8258595,23.2732882],[120.8258034,23.2733097],[120.8258083,23.2733256],[120.8257865,23.2733327],[120.8257871,23.2733336],[120.8257871,23.2733337],[120.8257957,23.2733478],[120.825778,23.2733562],[120.825802,23.2733986],[120.825823,23.2733896],[120.8258326,23.2734092],[120.8258828,23.2733905],[120.8259283,23.2734698],[120.8260134,23.273428]]]}},{"type":"Feature","properties":{"source":"NLSC_W84_BUILD_2023","record":753243,"settlement":"寶山","risk":"low","height":16},"geometry":{"type":"Polygon","coordinates":[[[120.7444175,23.1090032],[120.7443815,23.1089533],[120.7443022,23.1090073],[120.7443412,23.1090544],[120.7444175,23.1090032]]]}},{"type":"Feature","properties":{"source":"NLSC_W84_BUILD_2023","record":753465,"settlement":"寶山","risk":"low","height":12},"geometry":{"type":"Polygon","coordinates":[[[120.7183245,23.1301048],[120.7184481,23.1300131],[120.7183813,23.1299196],[120.7183531,23.1299168],[120.7183587,23.129895],[120.7183312,23.1298902],[120.7183389,23.1298614],[120.7183225,23.1298471],[120.7182414,23.1298364],[120.7182387,23.1298506],[120.7180991,23.1298185],[120.718094,23.1298346],[120.7180878,23.1298329],[120.7180742,23.1298653],[120.7180385,23.1299547],[120.7180362,23.1299617],[120.7180363,23.1299621],[120.718111,23.1299889],[120.7181089,23.1299992],[120.7181706,23.129995],[120.7181926,23.1300367],[120.7182713,23.1300142],[120.7182761,23.1300239],[120.7182661,23.1300319],[120.7183245,23.1301048]]]}},{"type":"Feature","properties":{"source":"NLSC_W84_BUILD_2023","record":755463,"settlement":"梅山","risk":"high","height":24},"geometry":{"type":"Polygon","coordinates":[[[120.8253876,23.2734701],[120.8253459,23.2734058],[120.8252538,23.2734613],[120.8252969,23.2735234],[120.8253876,23.2734701]]]}},{"type":"Feature","properties":{"source":"NLSC_W84_BUILD_2023","record":755466,"settlement":"梅山","risk":"high","height":14},"geometry":{"type":"Polygon","coordinates":[[[120.824822,23.2736465],[120.8247966,23.2735861],[120.8247593,23.2735995],[120.8247776,23.2736595],[120.824822,23.2736465]]]}},{"type":"Feature","properties":{"source":"NLSC_W84_BUILD_2023","record":753454,"settlement":"寶山","risk":"low","height":22},"geometry":{"type":"Polygon","coordinates":[[[120.7182213,23.1295198],[120.7181924,23.1294953],[120.7181398,23.1296954],[120.7182234,23.1297134],[120.7182824,23.1296203],[120.7182796,23.1296003],[120.7182684,23.1295763],[120.7182507,23.1295508],[120.7182213,23.1295198]]]}},{"type":"Feature","properties":{"source":"NLSC_W84_BUILD_2023","record":753421,"settlement":"寶山","risk":"low","height":20},"geometry":{"type":"Polygon","coordinates":[[[120.7183998,23.1286375],[120.718394,23.1286112],[120.7183233,23.1286245],[120.7183283,23.1286471],[120.7183062,23.1286509],[120.7183327,23.128783],[120.718395,23.1287752],[120.7183685,23.1286434],[120.7183998,23.1286375]]]}},{"type":"Feature","properties":{"source":"NLSC_W84_BUILD_2023","record":751522,"settlement":"梅山","risk":"high","height":14},"geometry":{"type":"Polygon","coordinates":[[[120.8253591,23.2736919],[120.8252917,23.2736238],[120.8252992,23.2736181],[120.8252575,23.2735619],[120.8252717,23.2735548],[120.8252279,23.2734922],[120.8252162,23.2734994],[120.8251843,23.2734565],[120.8250863,23.2735186],[120.8251597,23.2736228],[120.8251467,23.2736341],[120.8251962,23.2736987],[120.8252227,23.2736801],[120.8252845,23.2737541],[120.8253289,23.2737175],[120.8253591,23.2736919]]]}},{"type":"Feature","properties":{"source":"NLSC_W84_BUILD_2023","record":751521,"settlement":"梅山","risk":"high","height":12},"geometry":{"type":"Polygon","coordinates":[[[120.8255028,23.2735541],[120.8254389,23.2734605],[120.8252817,23.2735659],[120.8253655,23.2736765],[120.8254647,23.2736008],[120.825456,23.2735848],[120.8255028,23.2735541]]]}},{"type":"Feature","properties":{"source":"NLSC_W84_BUILD_2023","record":751224,"settlement":"寶山","risk":"low","height":10},"geometry":{"type":"Polygon","coordinates":[[[120.721292,23.1211015],[120.721237,23.1210953],[120.7212308,23.1211355],[120.7212849,23.1211421],[120.721292,23.1211015]]]}},{"type":"Feature","properties":{"source":"NLSC_W84_BUILD_2023","record":753475,"settlement":"寶山","risk":"low","height":16},"geometry":{"type":"Polygon","coordinates":[[[120.7181418,23.1301284],[120.7181164,23.1301243],[120.7180918,23.1301294],[120.7179849,23.1301824],[120.7179878,23.1301915],[120.7179396,23.130234],[120.7179644,23.1302442],[120.7179754,23.1302649],[120.7181605,23.1301662],[120.7181574,23.1301607],[120.7181418,23.1301284]]]}},{"type":"Feature","properties":{"source":"NLSC_W84_BUILD_2023","record":753242,"settlement":"寶山","risk":"low","height":14},"geometry":{"type":"Polygon","coordinates":[[[120.7442723,23.1089188],[120.7443127,23.1088883],[120.7443202,23.1088952],[120.7443576,23.1088634],[120.7443516,23.1088509],[120.744392,23.1088218],[120.7443276,23.1087401],[120.7442961,23.1087637],[120.7442992,23.1087748],[120.7442722,23.1087942],[120.7442677,23.1087872],[120.7441989,23.1088385],[120.7442723,23.1089188]]]}},{"type":"Feature","properties":{"source":"NLSC_W84_BUILD_2023","record":753420,"settlement":"寶山","risk":"low","height":18},"geometry":{"type":"Polygon","coordinates":[[[120.7183237,23.1287725],[120.7183001,23.1286242],[120.7182494,23.128631],[120.718273,23.1287794],[120.7183237,23.1287725]]]}},{"type":"Feature","properties":{"source":"NLSC_W84_BUILD_2023","record":753422,"settlement":"寶山","risk":"low","height":22},"geometry":{"type":"Polygon","coordinates":[[[120.7182828,23.1288256],[120.7182849,23.128803],[120.7182734,23.1288045],[120.7182714,23.1287824],[120.7182237,23.1287859],[120.7182266,23.1288218],[120.7182828,23.1288256]]]}},{"type":"Feature","properties":{"source":"NLSC_W84_BUILD_2023","record":753466,"settlement":"寶山","risk":"low","height":14},"geometry":{"type":"Polygon","coordinates":[[[120.7180105,23.1300002],[120.7179712,23.1299909],[120.7179269,23.1299941],[120.7179011,23.1300577],[120.7179724,23.1300867],[120.7179961,23.1301237],[120.7179929,23.1301252],[120.7180068,23.130147],[120.7181252,23.1300943],[120.7181133,23.1300697],[120.7180851,23.1300327],[120.7180712,23.1300229],[120.7180105,23.1300002]]]}},{"type":"Feature","properties":{"source":"NLSC_W84_BUILD_2023","record":755462,"settlement":"梅山","risk":"high","height":22},"geometry":{"type":"Polygon","coordinates":[[[120.8261091,23.2734621],[120.8260826,23.2734173],[120.8260472,23.2734325],[120.826058,23.2734533],[120.8260138,23.2734744],[120.8260252,23.2735003],[120.8261091,23.2734621]]]}},{"type":"Feature","properties":{"source":"NLSC_W84_BUILD_2023","record":755464,"settlement":"梅山","risk":"high","height":10},"geometry":{"type":"Polygon","coordinates":[[[120.826017,23.2735242],[120.8259853,23.2734601],[120.8258386,23.2735267],[120.8258696,23.2735922],[120.826017,23.2735242]]]}},{"type":"Feature","properties":{"source":"NLSC_W84_BUILD_2023","record":753452,"settlement":"寶山","risk":"low","height":18},"geometry":{"type":"Polygon","coordinates":[[[120.7180549,23.1296773],[120.7181489,23.129472],[120.7180764,23.1294223],[120.718036,23.129469],[120.7179664,23.1296243],[120.717946,23.1296206],[120.7179442,23.1296602],[120.7180549,23.1296773]]]}},{"type":"Feature","properties":{"source":"NLSC_W84_BUILD_2023","record":753419,"settlement":"寶山","risk":"low","height":16},"geometry":{"type":"Polygon","coordinates":[[[120.718185,23.1287181],[120.718179,23.1286671],[120.718137,23.1286713],[120.718143,23.1287223],[120.718185,23.1287181]]]}},{"type":"Feature","properties":{"source":"NLSC_W84_BUILD_2023","record":753478,"settlement":"寶山","risk":"low","height":22},"geometry":{"type":"Polygon","coordinates":[[[120.7179682,23.1301627],[120.7179136,23.1301321],[120.7179027,23.1301492],[120.7178603,23.1301263],[120.7178025,23.1302167],[120.717845,23.1302397],[120.7178404,23.1302471],[120.7178537,23.1302556],[120.7178487,23.1302635],[120.7178893,23.1302864],[120.7179682,23.1301627]]]}},{"type":"Feature","properties":{"source":"NLSC_W84_BUILD_2023","record":755471,"settlement":"梅山","risk":"high","height":24},"geometry":{"type":"Polygon","coordinates":[[[120.8249643,23.2739962],[120.8252088,23.2738669],[120.8251742,23.2738117],[120.8249896,23.2739081],[120.8249778,23.2738876],[120.8249192,23.273919],[120.8249643,23.2739962]]]}},{"type":"Feature","properties":{"source":"NLSC_W84_BUILD_2023","record":753430,"settlement":"寶山","risk":"low","height":22},"geometry":{"type":"Polygon","coordinates":[[[120.717817,23.129025],[120.7179148,23.1289835],[120.7179281,23.1290162],[120.7179632,23.1290016],[120.7179824,23.1289942],[120.7179646,23.1289483],[120.7180169,23.1289395],[120.7180192,23.1289242],[120.718044,23.1289195],[120.7180473,23.1289321],[120.7181588,23.1289132],[120.718165,23.1289435],[120.7182301,23.1289359],[120.71823,23.128941],[120.7183508,23.1289424],[120.7183541,23.1288469],[120.7182185,23.1288428],[120.7182184,23.1288224],[120.718137,23.1288067],[120.718142,23.1288312],[120.718027,23.1288559],[120.7180151,23.1288111],[120.71794,23.1288086],[120.7179125,23.1288178],[120.7179127,23.1288296],[120.7178582,23.1288533],[120.7178515,23.12884],[120.7177835,23.1288679],[120.7177875,23.1288817],[120.7177467,23.128898],[120.717817,23.129025]]]}},{"type":"Feature","properties":{"source":"NLSC_W84_BUILD_2023","record":755469,"settlement":"梅山","risk":"high","height":20},"geometry":{"type":"Polygon","coordinates":[[[120.8258479,23.2737506],[120.8257489,23.2735913],[120.8257293,23.2736023],[120.8257715,23.2736745],[120.8257434,23.2736901],[120.8257098,23.2736303],[120.8256433,23.2736654],[120.8256724,23.2737167],[120.8255894,23.2737629],[120.8255572,23.2737804],[120.8256109,23.2738735],[120.825653,23.2738549],[120.825846,23.273759],[120.8258479,23.2737506]]]}},{"type":"Feature","properties":{"source":"NLSC_W84_BUILD_2023","record":753369,"settlement":"寶山","risk":"low","height":12},"geometry":{"type":"Polygon","coordinates":[[[120.721969,23.1196998],[120.7219791,23.1196642],[120.721947,23.1196568],[120.7219514,23.1196426],[120.7218425,23.1196135],[120.7218264,23.1196654],[120.7219353,23.1196944],[120.721936,23.1196921],[120.721969,23.1196998]]]}},{"type":"Feature","properties":{"source":"NLSC_W84_BUILD_2023","record":753323,"settlement":"寶山","risk":"low","height":16},"geometry":{"type":"Polygon","coordinates":[[[120.7282971,23.1131384],[120.7282576,23.1131174],[120.728241,23.1131452],[120.7282785,23.1131663],[120.7282971,23.1131384]]]}},{"type":"Feature","properties":{"source":"NLSC_W84_BUILD_2023","record":753461,"settlement":"寶山","risk":"low","height":20},"geometry":{"type":"Polygon","coordinates":[[[120.7178453,23.1299333],[120.7178653,23.1298578],[120.7179746,23.1298681],[120.7179634,23.1299144],[120.7180065,23.1299218],[120.7180117,23.1298939],[120.7180303,23.1298972],[120.718031,23.1298961],[120.7180615,23.1298281],[120.7180794,23.1297702],[120.717987,23.129758],[120.7179785,23.1297996],[120.7178728,23.1297881],[120.7178784,23.1297512],[120.7178381,23.1297453],[120.7178327,23.1297703],[120.717794,23.1297617],[120.7177806,23.1297899],[120.7176733,23.1297621],[120.7176643,23.129793],[120.7176285,23.1298978],[120.7176062,23.1299669],[120.7176801,23.1299917],[120.7177037,23.129931],[120.7177586,23.1299427],[120.7177446,23.129988],[120.717808,23.1299955],[120.7178836,23.129986],[120.7178881,23.1299398],[120.7178453,23.1299333]]]}},{"type":"Feature","properties":{"source":"NLSC_W84_BUILD_2023","record":753468,"settlement":"寶山","risk":"low","height":18},"geometry":{"type":"Polygon","coordinates":[[[120.7177813,23.1301777],[120.7178576,23.1300462],[120.7178543,23.1300446],[120.7178536,23.130047],[120.7178052,23.130033],[120.7177346,23.1301545],[120.7177813,23.1301777]]]}},{"type":"Feature","properties":{"source":"NLSC_W84_BUILD_2023","record":753366,"settlement":"寶山","risk":"low","height":22},"geometry":{"type":"Polygon","coordinates":[[[120.7219956,23.1195066],[120.7220697,23.1192989],[120.7219907,23.1192779],[120.7219146,23.1194831],[120.721885,23.1194754],[120.7218499,23.1195828],[120.7219108,23.1195994],[120.7219728,23.1196165],[120.7220072,23.1195098],[120.7219956,23.1195066]]]}},{"type":"Feature","properties":{"source":"NLSC_W84_BUILD_2023","record":755472,"settlement":"梅山","risk":"high","height":10},"geometry":{"type":"Polygon","coordinates":[[[120.825006,23.2740548],[120.8250753,23.2740199],[120.8250466,23.2739728],[120.8249846,23.2740055],[120.8249804,23.2739974],[120.8249348,23.2740197],[120.8249506,23.2740533],[120.8249977,23.2740416],[120.825006,23.2740548]]]}},{"type":"Feature","properties":{"source":"NLSC_W84_BUILD_2023","record":753353,"settlement":"寶山","risk":"low","height":12},"geometry":{"type":"Polygon","coordinates":[[[120.7229951,23.1180564],[120.7229335,23.1180378],[120.7229217,23.1180793],[120.7229803,23.1180982],[120.7229951,23.1180564]]]}},{"type":"Feature","properties":{"source":"NLSC_W84_BUILD_2023","record":753352,"settlement":"寶山","risk":"low","height":10},"geometry":{"type":"Polygon","coordinates":[[[120.7230161,23.1179867],[120.7229642,23.117959],[120.7229398,23.1179992],[120.7229923,23.1180258],[120.7230298,23.1180445],[120.7230529,23.1180051],[120.7230161,23.1179867]]]}},{"type":"Feature","properties":{"source":"NLSC_W84_BUILD_2023","record":755473,"settlement":"梅山","risk":"high","height":12},"geometry":{"type":"Polygon","coordinates":[[[120.825289,23.2739966],[120.8252401,23.2739171],[120.8251514,23.273964],[120.8251062,23.2739867],[120.8251535,23.2740642],[120.8251976,23.274041],[120.825289,23.2739966]]]}},{"type":"Feature","properties":{"source":"NLSC_W84_BUILD_2023","record":755470,"settlement":"梅山","risk":"high","height":22},"geometry":{"type":"Polygon","coordinates":[[[120.8255642,23.2738989],[120.8255363,23.2738501],[120.8254868,23.2738719],[120.8253711,23.2739332],[120.8253982,23.2739813],[120.8255642,23.2738989]]]}},{"type":"Feature","properties":{"source":"NLSC_W84_BUILD_2023","record":753467,"settlement":"寶山","risk":"low","height":16},"geometry":{"type":"Polygon","coordinates":[[[120.7176687,23.1300295],[120.7176414,23.1300278],[120.7176348,23.1300549],[120.7176666,23.1301024],[120.7177191,23.1301531],[120.7177788,23.1300364],[120.7176846,23.1300305],[120.7176709,23.1300299],[120.7176687,23.1300295]]]}},{"type":"Feature","properties":{"source":"NLSC_W84_BUILD_2023","record":753417,"settlement":"寶山","risk":"low","height":12},"geometry":{"type":"Polygon","coordinates":[[[120.7178883,23.1286414],[120.7179281,23.1286407],[120.7179292,23.1286793],[120.7180028,23.128678],[120.7180017,23.1286394],[120.7180407,23.1286387],[120.7180418,23.1286773],[120.7181166,23.1286759],[120.7181143,23.1285904],[120.7178136,23.1285958],[120.7178159,23.1286814],[120.7178894,23.12868],[120.7178883,23.1286414]]]}},{"type":"Feature","properties":{"source":"NLSC_W84_BUILD_2023","record":755468,"settlement":"梅山","risk":"high","height":18},"geometry":{"type":"Polygon","coordinates":[[[120.8258825,23.2738461],[120.8258562,23.2737989],[120.8258046,23.2738252],[120.8258326,23.2738724],[120.8258825,23.2738461]]]}},{"type":"Feature","properties":{"source":"NLSC_W84_BUILD_2023","record":755467,"settlement":"梅山","risk":"high","height":16},"geometry":{"type":"Polygon","coordinates":[[[120.8264052,23.2737349],[120.8263275,23.2736047],[120.8262487,23.2736399],[120.8263292,23.2737757],[120.8264052,23.2737349]]]}},{"type":"Feature","properties":{"source":"NLSC_W84_BUILD_2023","record":753441,"settlement":"寶山","risk":"low","height":12},"geometry":{"type":"Polygon","coordinates":[[[120.7178471,23.1292804],[120.7177695,23.1292439],[120.7177543,23.129272],[120.7178346,23.1293073],[120.7178471,23.1292804]]]}},{"type":"Feature","properties":{"source":"NLSC_W84_BUILD_2023","record":753451,"settlement":"寶山","risk":"low","height":16},"geometry":{"type":"Polygon","coordinates":[[[120.7178292,23.1296455],[120.7178378,23.1295967],[120.7178444,23.1295979],[120.717873,23.1294627],[120.717822,23.129456],[120.7178198,23.1294671],[120.7177565,23.1294536],[120.7177606,23.1294268],[120.717649,23.1293814],[120.7176242,23.1294595],[120.7176139,23.1295379],[120.7176131,23.1295567],[120.7177958,23.1295893],[120.7177863,23.1296369],[120.7178292,23.1296455]]]}},{"type":"Feature","properties":{"source":"NLSC_W84_BUILD_2023","record":753321,"settlement":"寶山","risk":"low","height":12},"geometry":{"type":"Polygon","coordinates":[[[120.7281563,23.1130156],[120.7280214,23.1129857],[120.7280085,23.1130355],[120.728028,23.1130401],[120.7280234,23.1130611],[120.7281379,23.1130865],[120.7281563,23.1130156]]]}},{"type":"Feature","properties":{"source":"NLSC_W84_BUILD_2023","record":753875,"settlement":"桃源","risk":"medium","height":16},"geometry":{"type":"Polygon","coordinates":[[[120.8051253,23.1751267],[120.8051266,23.1749608],[120.8050548,23.1749617],[120.8050533,23.1751252],[120.8051253,23.1751267]]]}},{"type":"Feature","properties":{"source":"NLSC_W84_BUILD_2023","record":753273,"settlement":"寶山","risk":"low","height":12},"geometry":{"type":"Polygon","coordinates":[[[120.7328417,23.1103899],[120.7327636,23.1103052],[120.7326709,23.1103915],[120.7326939,23.1104133],[120.7327273,23.1103878],[120.7327806,23.1104428],[120.7328417,23.1103899]]]}},{"type":"Feature","properties":{"source":"NLSC_W84_BUILD_2023","record":753434,"settlement":"寶山","risk":"low","height":14},"geometry":{"type":"Polygon","coordinates":[[[120.7178198,23.1290824],[120.7177249,23.1290051],[120.7176886,23.129045],[120.7177092,23.1290625],[120.7176958,23.1290747],[120.7177641,23.1291341],[120.7177863,23.1291108],[120.7178198,23.1290824]]]}},{"type":"Feature","properties":{"source":"NLSC_W84_BUILD_2023","record":753351,"settlement":"寶山","risk":"low","height":24},"geometry":{"type":"Polygon","coordinates":[[[120.7230249,23.117901],[120.7230495,23.1178572],[120.7230466,23.1178558],[120.723117,23.1177154],[120.723001,23.117649],[120.7230516,23.1176365],[120.7231173,23.1176745],[120.7231367,23.1176418],[120.7230727,23.1176051],[120.7230639,23.1175903],[120.7229812,23.1175378],[120.7229719,23.1175494],[120.7229387,23.1176215],[120.722991,23.1176493],[120.7229669,23.117691],[120.7230182,23.1177138],[120.7229873,23.1177757],[120.7229331,23.1177519],[120.7228934,23.1178354],[120.7229299,23.1178558],[120.7229186,23.1178756],[120.722975,23.1179007],[120.7229833,23.1178848],[120.7230249,23.117901]]]}},{"type":"Feature","properties":{"source":"NLSC_W84_BUILD_2023","record":755475,"settlement":"梅山","risk":"high","height":16},"geometry":{"type":"Polygon","coordinates":[[[120.8251257,23.2742714],[120.8253794,23.2741434],[120.8253063,23.2740247],[120.8252159,23.2740692],[120.825263,23.2741502],[120.8251919,23.2741888],[120.8251395,23.2741097],[120.8250873,23.2741388],[120.8251127,23.2741807],[120.8250815,23.2741984],[120.8251257,23.2742714]]]}},{"type":"Feature","properties":{"source":"NLSC_W84_BUILD_2023","record":753346,"settlement":"寶山","risk":"low","height":14},"geometry":{"type":"Polygon","coordinates":[[[120.723222,23.1174721],[120.7231225,23.1174034],[120.7230964,23.117444],[120.7231558,23.1174841],[120.7231219,23.117534],[120.723132,23.1175418],[120.7230987,23.1175918],[120.7231253,23.1176075],[120.723222,23.1174721]]]}},{"type":"Feature","properties":{"source":"NLSC_W84_BUILD_2023","record":751346,"settlement":"梅山","risk":"high","height":14},"geometry":{"type":"Polygon","coordinates":[[[120.8395385,23.2639857],[120.8395357,23.2639533],[120.8394896,23.2639601],[120.8394929,23.2639923],[120.8395385,23.2639857]]]}},{"type":"Feature","properties":{"source":"NLSC_W84_BUILD_2023","record":755476,"settlement":"梅山","risk":"high","height":18},"geometry":{"type":"Polygon","coordinates":[[[120.8250138,23.2743134],[120.8249674,23.2742239],[120.8248866,23.2742634],[120.8249401,23.2743614],[120.8250138,23.2743134]]]}},{"type":"Feature","properties":{"source":"NLSC_W84_BUILD_2023","record":751523,"settlement":"梅山","risk":"high","height":16},"geometry":{"type":"Polygon","coordinates":[[[120.8256108,23.2742008],[120.8257338,23.2741299],[120.8257616,23.2741634],[120.8258393,23.2741224],[120.8258318,23.2741098],[120.8258794,23.2740862],[120.8259615,23.274048],[120.8259521,23.2740528],[120.8260053,23.2741398],[120.8260544,23.2741141],[120.8260044,23.2740257],[120.8259948,23.2740307],[120.8259406,23.273929],[120.8258222,23.2739817],[120.825856,23.2740451],[120.8258323,23.2740581],[120.8258251,23.2740473],[120.8258006,23.2740627],[120.8257187,23.2739437],[120.8256156,23.2739941],[120.8255915,23.2739571],[120.8253961,23.2740577],[120.8254378,23.2741284],[120.8254487,23.2741235],[120.8255261,23.2742481],[120.8256108,23.2742008]]]}},{"type":"Feature","properties":{"source":"NLSC_W84_BUILD_2023","record":753429,"settlement":"寶山","risk":"low","height":20},"geometry":{"type":"Polygon","coordinates":[[[120.7176936,23.1288813],[120.7175833,23.1288714],[120.7175706,23.1289915],[120.717681,23.1290014],[120.7176936,23.1288813]]]}},{"type":"Feature","properties":{"source":"NLSC_W84_BUILD_2023","record":755477,"settlement":"梅山","risk":"high","height":20},"geometry":{"type":"Polygon","coordinates":[[[120.8254323,23.274288],[120.8253707,23.2741827],[120.8252027,23.2742699],[120.8252608,23.2743756],[120.8254323,23.274288]]]}},{"type":"Feature","properties":{"source":"NLSC_W84_BUILD_2023","record":755474,"settlement":"梅山","risk":"high","height":14},"geometry":{"type":"Polygon","coordinates":[[[120.8264642,23.2740666],[120.8263248,23.2738182],[120.8260805,23.2739355],[120.82622,23.2741885],[120.8264642,23.2740666]]]}},{"type":"Feature","properties":{"source":"NLSC_W84_BUILD_2023","record":753418,"settlement":"寶山","risk":"low","height":14},"geometry":{"type":"Polygon","coordinates":[[[120.7176533,23.1287098],[120.7176514,23.128624],[120.7175992,23.128625],[120.7176011,23.1287107],[120.7176533,23.1287098]]]}},{"type":"Feature","properties":{"source":"NLSC_W84_BUILD_2023","record":753432,"settlement":"寶山","risk":"low","height":10},"geometry":{"type":"Polygon","coordinates":[[[120.7176755,23.1290169],[120.7174191,23.1290155],[120.7174193,23.1290942],[120.7174867,23.129094],[120.7174873,23.1290595],[120.7176753,23.1290587],[120.7176755,23.1290169]]]}},{"type":"Feature","properties":{"source":"NLSC_W84_BUILD_2023","record":753437,"settlement":"寶山","risk":"low","height":20},"geometry":{"type":"Polygon","coordinates":[[[120.7175097,23.1290993],[120.717388,23.1290985],[120.7173894,23.1291666],[120.7173812,23.1292124],[120.7176454,23.1292557],[120.7176609,23.129163],[120.717507,23.1291396],[120.7175097,23.1290993]]]}},{"type":"Feature","properties":{"source":"NLSC_W84_BUILD_2023","record":751372,"settlement":"寶山","risk":"low","height":18},"geometry":{"type":"Polygon","coordinates":[[[120.7229236,23.117526],[120.7228734,23.1175101],[120.722849,23.1175761],[120.7228979,23.1175916],[120.7229051,23.1175761],[120.7229236,23.117526]]]}},{"type":"Feature","properties":{"source":"NLSC_W84_BUILD_2023","record":755480,"settlement":"梅山","risk":"high","height":10},"geometry":{"type":"Polygon","coordinates":[[[120.8251098,23.274457],[120.8250436,23.2743339],[120.8249673,23.2743705],[120.8249885,23.27441],[120.8249535,23.274429],[120.8249737,23.2744633],[120.8250083,23.2744467],[120.8250098,23.2744495],[120.8250253,23.2744412],[120.8250518,23.2744867],[120.8251098,23.274457]]]}},{"type":"Feature","properties":{"source":"NLSC_W84_BUILD_2023","record":753444,"settlement":"寶山","risk":"low","height":18},"geometry":{"type":"Polygon","coordinates":[[[120.7175877,23.1293403],[120.7176034,23.1292902],[120.717426,23.1292449],[120.7174175,23.1292775],[120.7173793,23.1292694],[120.7173621,23.1293258],[120.7173917,23.1293334],[120.7174036,23.1293015],[120.7174684,23.1293172],[120.7174564,23.1293568],[120.7175875,23.1293893],[120.7175992,23.1293424],[120.7175877,23.1293403]]]}},{"type":"Feature","properties":{"source":"NLSC_W84_BUILD_2023","record":753448,"settlement":"寶山","risk":"low","height":10},"geometry":{"type":"Polygon","coordinates":[[[120.7175152,23.1295817],[120.717526,23.1295386],[120.7175614,23.1295476],[120.7175758,23.1294359],[120.7175785,23.129428],[120.7174879,23.1294025],[120.7174883,23.1294008],[120.7174431,23.1293891],[120.7174439,23.1293846],[120.717386,23.1293685],[120.7173624,23.1294448],[120.7173274,23.1294358],[120.7173134,23.129484],[120.7173472,23.129494],[120.7173354,23.1295323],[120.7175152,23.1295817]]]}},{"type":"Feature","properties":{"source":"NLSC_W84_BUILD_2023","record":753459,"settlement":"寶山","risk":"low","height":16},"geometry":{"type":"Polygon","coordinates":[[[120.7175659,23.1299064],[120.7175724,23.1298842],[120.7176025,23.1297812],[120.7176205,23.1297193],[120.7175833,23.1297101],[120.7175893,23.1296895],[120.7175532,23.1296817],[120.7175436,23.1297084],[120.7175155,23.1297022],[120.7175094,23.1297207],[120.71748,23.1297124],[120.7174758,23.1297234],[120.717347,23.129683],[120.7173399,23.1297028],[120.7172573,23.1296791],[120.7172713,23.1296292],[120.7172255,23.1296162],[120.7171685,23.1297354],[120.7171819,23.1297381],[120.7171702,23.1297637],[120.7172124,23.1297842],[120.717216,23.1297763],[120.7172655,23.12979],[120.7172532,23.1298308],[120.7172941,23.1298416],[120.7173013,23.1298155],[120.717432,23.1298539],[120.7174226,23.129884],[120.7174636,23.1298923],[120.7174724,23.1298862],[120.7175659,23.1299064]]]}},{"type":"Feature","properties":{"source":"NLSC_W84_BUILD_2023","record":753464,"settlement":"寶山","risk":"low","height":10},"geometry":{"type":"Polygon","coordinates":[[[120.7173736,23.1299931],[120.7173051,23.129968],[120.7172846,23.1300157],[120.7173532,23.1300408],[120.7173736,23.1299931]]]}},{"type":"Feature","properties":{"source":"NLSC_W84_BUILD_2023","record":753360,"settlement":"寶山","risk":"low","height":10},"geometry":{"type":"Polygon","coordinates":[[[120.7217086,23.1190854],[120.7216753,23.1190464],[120.7216012,23.1191007],[120.7216345,23.1191397],[120.7217086,23.1190854]]]}},{"type":"Feature","properties":{"source":"NLSC_W84_BUILD_2023","record":751373,"settlement":"寶山","risk":"low","height":20},"geometry":{"type":"Polygon","coordinates":[[[120.721581,23.119267],[120.7215872,23.1192369],[120.7215932,23.1192372],[120.7216062,23.1191688],[120.7216103,23.1191688],[120.7216117,23.1191373],[120.7215591,23.1191337],[120.7215565,23.1191666],[120.7215609,23.1191666],[120.7215455,23.1192637],[120.721581,23.119267]]]}},{"type":"Feature","properties":{"source":"NLSC_W84_BUILD_2023","record":755479,"settlement":"梅山","risk":"high","height":24},"geometry":{"type":"Polygon","coordinates":[[[120.8254924,23.2743684],[120.8254622,23.274314],[120.8252923,23.274391],[120.8253224,23.2744465],[120.8254924,23.2743684]]]}},{"type":"Feature","properties":{"source":"NLSC_W84_BUILD_2023","record":753368,"settlement":"寶山","risk":"low","height":10},"geometry":{"type":"Polygon","coordinates":[[[120.7212788,23.1196894],[120.7212888,23.1196385],[120.7212473,23.1196356],[120.7212468,23.1196507],[120.7212233,23.119648],[120.7212245,23.1196339],[120.7211834,23.119631],[120.7211809,23.1196461],[120.7211553,23.1196435],[120.7211495,23.1196749],[120.7212788,23.1196894]]]}},{"type":"Feature","properties":{"source":"NLSC_W84_BUILD_2023","record":753362,"settlement":"寶山","risk":"low","height":14},"geometry":{"type":"Polygon","coordinates":[[[120.7214309,23.119378],[120.7214119,23.1193564],[120.7213629,23.1193933],[120.721382,23.1194149],[120.7214309,23.119378]]]}},{"type":"Feature","properties":{"source":"NLSC_W84_BUILD_2023","record":753428,"settlement":"寶山","risk":"low","height":18},"geometry":{"type":"Polygon","coordinates":[[[120.7175413,23.1288642],[120.7173322,23.1288522],[120.7173206,23.1289029],[120.7173504,23.1289044],[120.7173486,23.1289683],[120.7175019,23.1289678],[120.717503,23.1288984],[120.7175393,23.1288982],[120.7175413,23.1288642]]]}},{"type":"Feature","properties":{"source":"NLSC_W84_BUILD_2023","record":751371,"settlement":"寶山","risk":"low","height":16},"geometry":{"type":"Polygon","coordinates":[[[120.7230283,23.117078],[120.7230279,23.1170771],[120.7229793,23.1170855],[120.7230032,23.1172039],[120.7230576,23.1171945],[120.7230413,23.1171135],[120.7230283,23.117078]]]}},{"type":"Feature","properties":{"source":"NLSC_W84_BUILD_2023","record":753322,"settlement":"寶山","risk":"low","height":14},"geometry":{"type":"Polygon","coordinates":[[[120.7272043,23.1131341],[120.727197,23.1131048],[120.7271298,23.1131191],[120.7271371,23.1131484],[120.7272043,23.1131341]]]}},{"type":"Feature","properties":{"source":"NLSC_W84_BUILD_2023","record":755482,"settlement":"梅山","risk":"high","height":14},"geometry":{"type":"Polygon","coordinates":[[[120.8254454,23.2745905],[120.8254655,23.2745767],[120.8254784,23.27459],[120.825517,23.2745632],[120.8254602,23.2744887],[120.8253964,23.2745314],[120.8254454,23.2745905]]]}},{"type":"Feature","properties":{"source":"NLSC_W84_BUILD_2023","record":755481,"settlement":"梅山","risk":"high","height":12},"geometry":{"type":"Polygon","coordinates":[[[120.8258894,23.2744809],[120.8258133,23.2743589],[120.8256845,23.2744261],[120.8257194,23.2744894],[120.8257079,23.2744955],[120.8257451,23.2745575],[120.8258894,23.2744809]]]}},{"type":"Feature","properties":{"source":"NLSC_W84_BUILD_2023","record":753347,"settlement":"寶山","risk":"low","height":16},"geometry":{"type":"Polygon","coordinates":[[[120.7225753,23.1176068],[120.7224221,23.1175851],[120.7224071,23.1176759],[120.7225604,23.1176975],[120.7225753,23.1176068]]]}},{"type":"Feature","properties":{"source":"NLSC_W84_BUILD_2023","record":753455,"settlement":"寶山","risk":"low","height":24},"geometry":{"type":"Polygon","coordinates":[[[120.7172079,23.1296225],[120.7171248,23.1295978],[120.7170846,23.1297],[120.7171634,23.129735],[120.7172079,23.1296225]]]}},{"type":"Feature","properties":{"source":"NLSC_W84_BUILD_2023","record":751524,"settlement":"梅山","risk":"high","height":18},"geometry":{"type":"Polygon","coordinates":[[[120.8266022,23.2743305],[120.8265855,23.2742933],[120.8266071,23.274285],[120.8265859,23.2742473],[120.8265603,23.2742563],[120.8265502,23.2742344],[120.8264643,23.2742726],[120.8264902,23.2743289],[120.826534,23.2743094],[120.8265517,23.2743521],[120.8266022,23.2743305]]]}},{"type":"Feature","properties":{"source":"NLSC_W84_BUILD_2023","record":753367,"settlement":"寶山","risk":"low","height":24},"geometry":{"type":"Polygon","coordinates":[[[120.7211239,23.1196773],[120.7211392,23.1195887],[120.7212866,23.1196024],[120.7213024,23.1195146],[120.7211359,23.1194935],[120.7211356,23.1195056],[120.7211096,23.1195018],[120.72111,23.1194801],[120.7210915,23.1194793],[120.7210919,23.1194673],[120.7210167,23.119462],[120.7210102,23.1195389],[120.7209677,23.1195378],[120.7209698,23.1195184],[120.7209832,23.1195195],[120.7209898,23.1194496],[120.720928,23.1194428],[120.7209253,23.1195088],[120.7209442,23.1195111],[120.7209347,23.1195818],[120.7209221,23.1195822],[120.7209299,23.1195146],[120.7209051,23.1195143],[120.7209096,23.1194746],[120.7208639,23.119472],[120.7208643,23.119465],[120.7208849,23.1194681],[120.7208893,23.1194075],[120.7208238,23.1193975],[120.7208189,23.119462],[120.7208165,23.1195234],[120.7207844,23.1195198],[120.7207666,23.119643],[120.7209214,23.119656],[120.7211239,23.1196773]]]}},{"type":"Feature","properties":{"source":"NLSC_W84_BUILD_2023","record":753446,"settlement":"寶山","risk":"low","height":22},"geometry":{"type":"Polygon","coordinates":[[[120.7171401,23.1294597],[120.7171491,23.1294331],[120.7172112,23.1294544],[120.7172473,23.129363],[120.7172644,23.1293671],[120.7172731,23.1293306],[120.7173232,23.1293541],[120.7173445,23.129184],[120.7172737,23.1291735],[120.7172479,23.1293152],[120.7172025,23.1293105],[120.7172051,23.1293009],[120.7170021,23.129204],[120.7169964,23.1292296],[120.7169821,23.1292304],[120.7169669,23.1294129],[120.7169834,23.1294185],[120.716992,23.1294197],[120.716999,23.1293576],[120.7170044,23.1293595],[120.7170125,23.1293341],[120.7171182,23.129377],[120.7170954,23.1294436],[120.7171401,23.1294597]]]}},{"type":"Feature","properties":{"source":"NLSC_W84_BUILD_2023","record":753450,"settlement":"寶山","risk":"low","height":14},"geometry":{"type":"Polygon","coordinates":[[[120.7171132,23.129592],[120.7170606,23.1295768],[120.7170467,23.1296177],[120.7170993,23.129633],[120.7171132,23.129592]]]}},{"type":"Feature","properties":{"source":"NLSC_W84_BUILD_2023","record":753275,"settlement":"寶山","risk":"low","height":16},"geometry":{"type":"Polygon","coordinates":[[[120.7309444,23.1105766],[120.7309262,23.1105101],[120.7308779,23.1105194],[120.7308969,23.1105877],[120.7309444,23.1105766]]]}},{"type":"Feature","properties":{"source":"NLSC_W84_BUILD_2023","record":751526,"settlement":"梅山","risk":"high","height":22},"geometry":{"type":"Polygon","coordinates":[[[120.826063,23.2746784],[120.826296,23.2745529],[120.826265,23.2744934],[120.8261951,23.2745297],[120.8261614,23.2744751],[120.8262429,23.2744309],[120.8262104,23.2743785],[120.8260961,23.2744386],[120.8261244,23.2744877],[120.8260862,23.2745071],[120.8260582,23.2744596],[120.826019,23.2744793],[120.8259528,23.2745141],[120.8259728,23.2745464],[120.8259491,23.2745589],[120.826011,23.2746615],[120.8260412,23.2746484],[120.826063,23.2746784]]]}},{"type":"Feature","properties":{"source":"NLSC_W84_BUILD_2023","record":753873,"settlement":"桃源","risk":"medium","height":12},"geometry":{"type":"Polygon","coordinates":[[[120.8043493,23.1723833],[120.8043431,23.1723542],[120.8042917,23.172363],[120.8042985,23.1723929],[120.8043493,23.1723833]]]}},{"type":"Feature","properties":{"source":"NLSC_W84_BUILD_2023","record":751525,"settlement":"梅山","risk":"high","height":20},"geometry":{"type":"Polygon","coordinates":[[[120.8269573,23.2743601],[120.8269354,23.2743239],[120.8269025,23.2743353],[120.8269229,23.2743713],[120.8269573,23.2743601]]]}},{"type":"Feature","properties":{"source":"NLSC_W84_BUILD_2023","record":755478,"settlement":"梅山","risk":"high","height":22},"geometry":{"type":"Polygon","coordinates":[[[120.8268642,23.2744284],[120.8269179,23.2744143],[120.826875,23.2743255],[120.8268069,23.2743523],[120.8268384,23.274426],[120.8268603,23.2744178],[120.8268642,23.2744284]]]}},{"type":"Feature","properties":{"source":"NLSC_W84_BUILD_2023","record":753436,"settlement":"寶山","risk":"low","height":18},"geometry":{"type":"Polygon","coordinates":[[[120.7170069,23.1291759],[120.7170309,23.1291151],[120.7171258,23.1291233],[120.7171348,23.1290588],[120.7170526,23.1290601],[120.7169517,23.1290261],[120.716906,23.1291418],[120.7170069,23.1291759]]]}},{"type":"Feature","properties":{"source":"NLSC_W84_BUILD_2023","record":751364,"settlement":"寶山","risk":"low","height":18},"geometry":{"type":"Polygon","coordinates":[[[120.7265036,23.1133135],[120.7265595,23.1132444],[120.726597,23.1132754],[120.72663,23.1132344],[120.7266397,23.1132403],[120.7267477,23.1130917],[120.7267459,23.1130661],[120.7267152,23.1130316],[120.7266568,23.1130608],[120.7265636,23.1131943],[120.7265402,23.1132211],[120.7264999,23.1131953],[120.7265097,23.1131822],[120.726481,23.1131649],[120.726413,23.1132561],[120.7265036,23.1133135]]]}},{"type":"Feature","properties":{"source":"NLSC_W84_BUILD_2023","record":753234,"settlement":"寶山","risk":"low","height":14},"geometry":{"type":"Polygon","coordinates":[[[120.7401209,23.107727],[120.7401138,23.1077054],[120.7400821,23.1077141],[120.7400587,23.1076256],[120.7399664,23.1076492],[120.7399974,23.1077593],[120.7401209,23.107727]]]}},{"type":"Feature","properties":{"source":"NLSC_W84_BUILD_2023","record":753443,"settlement":"寶山","risk":"low","height":16},"geometry":{"type":"Polygon","coordinates":[[[120.7169614,23.1292066],[120.7168975,23.129185],[120.7168474,23.1293117],[120.7169114,23.1293333],[120.7169614,23.1292066]]]}},{"type":"Feature","properties":{"source":"NLSC_W84_BUILD_2023","record":753364,"settlement":"寶山","risk":"low","height":18},"geometry":{"type":"Polygon","coordinates":[[[120.720655,23.1195022],[120.7207086,23.1194291],[120.7207222,23.1194376],[120.7207498,23.1194],[120.7206874,23.1193608],[120.7206062,23.1194715],[120.720655,23.1195022]]]}},{"type":"Feature","properties":{"source":"NLSC_W84_BUILD_2023","record":753442,"settlement":"寶山","risk":"low","height":14},"geometry":{"type":"Polygon","coordinates":[[[120.7168262,23.1293065],[120.7168885,23.1291494],[120.7168957,23.1291519],[120.7169123,23.1291061],[120.7167634,23.1290566],[120.7167471,23.1291016],[120.7167983,23.1291189],[120.7167393,23.1292756],[120.7168262,23.1293065]]]}},{"type":"Feature","properties":{"source":"NLSC_W84_BUILD_2023","record":751527,"settlement":"梅山","risk":"high","height":24},"geometry":{"type":"Polygon","coordinates":[[[120.8267782,23.2748918],[120.8268247,23.2748725],[120.8268279,23.2748769],[120.8269667,23.2748165],[120.826929,23.2747444],[120.8268394,23.2747856],[120.8268018,23.2747127],[120.8267705,23.2747251],[120.8266993,23.2747522],[120.8266676,23.2746939],[120.8266605,23.2746777],[120.8266895,23.2746631],[120.8267347,23.274646],[120.8267145,23.2746061],[120.8266725,23.274624],[120.8266509,23.2746324],[120.8265935,23.2745283],[120.8266618,23.2744996],[120.8267004,23.2745733],[120.8267815,23.274536],[120.8267717,23.2745137],[120.8268014,23.2745011],[120.8268149,23.2745312],[120.8269315,23.2744844],[120.8269073,23.2744312],[120.8267876,23.274479],[120.8267727,23.2744534],[120.8267996,23.2744404],[120.8267611,23.2743639],[120.8267142,23.2743835],[120.826704,23.2743596],[120.8266651,23.2743743],[120.8266623,23.274369],[120.8266096,23.2743897],[120.8266157,23.2744026],[120.8265609,23.2744297],[120.826382,23.2745313],[120.8265945,23.2748785],[120.826635,23.2749503],[120.8267782,23.2748918]]]}},{"type":"Feature","properties":{"source":"NLSC_W84_BUILD_2023","record":755483,"settlement":"梅山","risk":"high","height":16},"geometry":{"type":"Polygon","coordinates":[[[120.8265559,23.2749615],[120.8263523,23.274622],[120.8263431,23.2746298],[120.8263296,23.2746104],[120.8262342,23.2746627],[120.8262303,23.2746562],[120.8261055,23.2747181],[120.8261116,23.2747302],[120.8260544,23.274756],[120.8260789,23.2748053],[120.8260867,23.2748021],[120.8261046,23.2748298],[120.8261463,23.2748082],[120.8261573,23.2748311],[120.8262719,23.2747837],[120.8262869,23.2748175],[120.8263108,23.2748615],[120.826342,23.2749225],[120.826314,23.2749341],[120.8263605,23.2749672],[120.8264119,23.2749429],[120.8264566,23.2750108],[120.8265559,23.2749615]]]}},{"type":"Feature","properties":{"source":"NLSC_W84_BUILD_2023","record":753233,"settlement":"寶山","risk":"low","height":12},"geometry":{"type":"Polygon","coordinates":[[[120.7387295,23.1076672],[120.7386921,23.1076395],[120.7386711,23.1076672],[120.7387101,23.1076962],[120.7387295,23.1076672]]]}},{"type":"Feature","properties":{"source":"NLSC_W84_BUILD_2023","record":753254,"settlement":"寶山","risk":"low","height":22},"geometry":{"type":"Polygon","coordinates":[[[120.7321208,23.109633],[120.7320621,23.1095134],[120.7319246,23.1095711],[120.7319832,23.1096907],[120.7321208,23.109633]]]}},{"type":"Feature","properties":{"source":"NLSC_W84_BUILD_2023","record":753255,"settlement":"寶山","risk":"low","height":24},"geometry":{"type":"Polygon","coordinates":[[[120.731881,23.1096718],[120.7318547,23.1096331],[120.7318184,23.1096551],[120.7318404,23.1096923],[120.731881,23.1096718]]]}},{"type":"Feature","properties":{"source":"NLSC_W84_BUILD_2023","record":753440,"settlement":"寶山","risk":"low","height":10},"geometry":{"type":"Polygon","coordinates":[[[120.7166695,23.1292217],[120.7165891,23.129197],[120.7165625,23.1292711],[120.7166429,23.1292958],[120.7166695,23.1292217]]]}},{"type":"Feature","properties":{"source":"NLSC_W84_BUILD_2023","record":753250,"settlement":"寶山","risk":"low","height":14},"geometry":{"type":"Polygon","coordinates":[[[120.7318407,23.1095148],[120.7318219,23.1094437],[120.7317524,23.109458],[120.7317698,23.1095296],[120.7318407,23.1095148]]]}},{"type":"Feature","properties":{"source":"NLSC_W84_BUILD_2023","record":753251,"settlement":"寶山","risk":"low","height":16},"geometry":{"type":"Polygon","coordinates":[[[120.7319929,23.1095265],[120.731925,23.1092461],[120.7318423,23.1092632],[120.7319102,23.1095436],[120.7319929,23.1095265]]]}},{"type":"Feature","properties":{"source":"NLSC_W84_BUILD_2023","record":751409,"settlement":"桃源","risk":"medium","height":12},"geometry":{"type":"Polygon","coordinates":[[[120.8071346,23.1762714],[120.807108,23.1762598],[120.8070774,23.1763174],[120.8071079,23.1763306],[120.8071346,23.1762714]]]}},{"type":"Feature","properties":{"source":"NLSC_W84_BUILD_2023","record":755484,"settlement":"梅山","risk":"high","height":18},"geometry":{"type":"Polygon","coordinates":[[[120.8268612,23.2751095],[120.8270291,23.2750334],[120.8269544,23.2748874],[120.8266916,23.275015],[120.8267354,23.2750914],[120.8268257,23.2750469],[120.8268612,23.2751095]]]}},{"type":"Feature","properties":{"source":"NLSC_W84_BUILD_2023","record":753230,"settlement":"寶山","risk":"low","height":22},"geometry":{"type":"Polygon","coordinates":[[[120.7386516,23.1073488],[120.7385812,23.1072228],[120.7385572,23.107238],[120.7385348,23.1072021],[120.7384704,23.1072367],[120.7385633,23.1073917],[120.7386516,23.1073488]]]}},{"type":"Feature","properties":{"source":"NLSC_W84_BUILD_2023","record":753246,"settlement":"寶山","risk":"low","height":22},"geometry":{"type":"Polygon","coordinates":[[[120.7317993,23.1093526],[120.7317856,23.1092777],[120.7317155,23.1092898],[120.7317293,23.1093639],[120.7317993,23.1093526]]]}},{"type":"Feature","properties":{"source":"NLSC_W84_BUILD_2023","record":755486,"settlement":"梅山","risk":"high","height":22},"geometry":{"type":"Polygon","coordinates":[[[120.8269999,23.2751406],[120.826972,23.2750861],[120.826886,23.2751273],[120.8269135,23.2751775],[120.8269999,23.2751406]]]}},{"type":"Feature","properties":{"source":"NLSC_W84_BUILD_2023","record":755485,"settlement":"梅山","risk":"high","height":20},"geometry":{"type":"Polygon","coordinates":[[[120.8270726,23.2751148],[120.8270515,23.275074],[120.8270018,23.2750978],[120.8270219,23.2751395],[120.8270726,23.2751148]]]}},{"type":"Feature","properties":{"source":"NLSC_W84_BUILD_2023","record":753248,"settlement":"寶山","risk":"low","height":10},"geometry":{"type":"Polygon","coordinates":[[[120.7313201,23.109322],[120.7312492,23.1092691],[120.7312127,23.1093109],[120.7311862,23.1092912],[120.7311466,23.1093367],[120.731244,23.1094093],[120.7312819,23.1093659],[120.7313201,23.109322]]]}},{"type":"Feature","properties":{"source":"NLSC_W84_BUILD_2023","record":753256,"settlement":"寶山","risk":"low","height":10},"geometry":{"type":"Polygon","coordinates":[[[120.7305974,23.1097066],[120.7305865,23.1096308],[120.7304757,23.1096386],[120.7304848,23.109717],[120.7305974,23.1097066]]]}},{"type":"Feature","properties":{"source":"NLSC_W84_BUILD_2023","record":753252,"settlement":"寶山","risk":"low","height":18},"geometry":{"type":"Polygon","coordinates":[[[120.7307515,23.1094752],[120.7308004,23.109463],[120.7308055,23.1094807],[120.7310423,23.1094224],[120.7310183,23.1093389],[120.7307815,23.1093973],[120.7307836,23.1094047],[120.7307471,23.1094109],[120.7307442,23.1094051],[120.7307242,23.1093947],[120.7307096,23.1093516],[120.7305069,23.1094103],[120.7305547,23.1095516],[120.7307574,23.1094928],[120.7307515,23.1094752]]]}},{"type":"Feature","properties":{"source":"NLSC_W84_BUILD_2023","record":755487,"settlement":"梅山","risk":"high","height":24},"geometry":{"type":"Polygon","coordinates":[[[120.8271772,23.275434],[120.8271483,23.2753814],[120.8270899,23.2754086],[120.8271201,23.2754612],[120.8271772,23.275434]]]}},{"type":"Feature","properties":{"source":"NLSC_W84_BUILD_2023","record":753245,"settlement":"寶山","risk":"low","height":20},"geometry":{"type":"Polygon","coordinates":[[[120.7309042,23.1091944],[120.7308385,23.1091917],[120.7308332,23.1093023],[120.7308988,23.109305],[120.7309042,23.1091944]]]}},{"type":"Feature","properties":{"source":"NLSC_W84_BUILD_2023","record":751234,"settlement":"寶山","risk":"low","height":14},"geometry":{"type":"Polygon","coordinates":[[[120.7154354,23.1308843],[120.7154327,23.1308435],[120.7153873,23.1308579],[120.7153399,23.130859],[120.7153411,23.130901],[120.7154035,23.1308986],[120.7154354,23.1308843]]]}},{"type":"Feature","properties":{"source":"NLSC_W84_BUILD_2023","record":753238,"settlement":"寶山","risk":"low","height":22},"geometry":{"type":"Polygon","coordinates":[[[120.7314611,23.1085047],[120.7313911,23.1084342],[120.7313344,23.1084739],[120.7314051,23.1085474],[120.7314611,23.1085047]]]}},{"type":"Feature","properties":{"source":"NLSC_W84_BUILD_2023","record":751358,"settlement":"寶山","risk":"low","height":22},"geometry":{"type":"Polygon","coordinates":[[[120.7332063,23.1076934],[120.733183,23.1075609],[120.7330978,23.1075715],[120.7330986,23.1075829],[120.7331222,23.1077346],[120.7331868,23.107728],[120.7331827,23.1076975],[120.7332063,23.1076934]]]}},{"type":"Feature","properties":{"source":"NLSC_W84_BUILD_2023","record":755489,"settlement":"梅山","risk":"high","height":12},"geometry":{"type":"Polygon","coordinates":[[[120.8200202,23.2774202],[120.8200198,23.2773872],[120.8199769,23.2773881],[120.819977,23.2774204],[120.8200202,23.2774202]]]}},{"type":"Feature","properties":{"source":"NLSC_W84_BUILD_2023","record":753227,"settlement":"寶山","risk":"low","height":16},"geometry":{"type":"Polygon","coordinates":[[[120.7372118,23.1063708],[120.737112,23.1063033],[120.7371085,23.1063085],[120.737071,23.1062878],[120.7370516,23.1063238],[120.7370905,23.1063459],[120.737095,23.106339],[120.7371923,23.106404],[120.7372118,23.1063708]]]}},{"type":"Feature","properties":{"source":"NLSC_W84_BUILD_2023","record":751227,"settlement":"寶山","risk":"low","height":16},"geometry":{"type":"Polygon","coordinates":[[[120.7159045,23.124755],[120.7158486,23.1247502],[120.7158439,23.1247977],[120.7159138,23.1248034],[120.7159165,23.1247614],[120.7159041,23.1247603],[120.7159045,23.124755]]]}},{"type":"Feature","properties":{"source":"NLSC_W84_BUILD_2023","record":753398,"settlement":"寶山","risk":"low","height":22},"geometry":{"type":"Polygon","coordinates":[[[120.715572,23.1254245],[120.7155299,23.1253836],[120.7154854,23.1254225],[120.7155245,23.1254615],[120.715572,23.1254245]]]}},{"type":"Feature","properties":{"source":"NLSC_W84_BUILD_2023","record":753401,"settlement":"寶山","risk":"low","height":12},"geometry":{"type":"Polygon","coordinates":[[[120.7155429,23.1256687],[120.7155779,23.1256139],[120.7155099,23.1255714],[120.7155014,23.1255812],[120.7154923,23.1255918],[120.715489,23.1255894],[120.7153476,23.1254893],[120.7153402,23.1254985],[120.7153171,23.1255272],[120.7153139,23.1255311],[120.7153378,23.1255476],[120.7153718,23.1255711],[120.7154593,23.1256315],[120.7154628,23.1256247],[120.7154642,23.1256221],[120.7155351,23.125664],[120.7155429,23.1256687]]]}},{"type":"Feature","properties":{"source":"NLSC_W84_BUILD_2023","record":755488,"settlement":"梅山","risk":"high","height":10},"geometry":{"type":"Polygon","coordinates":[[[120.827447,23.2767936],[120.827431,23.2767667],[120.8273846,23.2767797],[120.8273706,23.2767605],[120.8273474,23.2767708],[120.8273773,23.2768203],[120.827447,23.2767936]]]}},{"type":"Feature","properties":{"source":"NLSC_W84_BUILD_2023","record":753345,"settlement":"寶山","risk":"low","height":12},"geometry":{"type":"Polygon","coordinates":[[[120.7189076,23.1174506],[120.718913,23.1174259],[120.7190101,23.1174439],[120.7190234,23.1173825],[120.7189033,23.1173602],[120.71889,23.1174216],[120.7188847,23.1174471],[120.7189076,23.1174506]]]}},{"type":"Feature","properties":{"source":"NLSC_W84_BUILD_2023","record":751361,"settlement":"寶山","risk":"low","height":12},"geometry":{"type":"Polygon","coordinates":[[[120.7284836,23.1085654],[120.7284465,23.1085291],[120.7284291,23.108546],[120.7284517,23.1085709],[120.7284239,23.1085979],[120.72844,23.1086124],[120.7284836,23.1085654]]]}},{"type":"Feature","properties":{"source":"NLSC_W84_BUILD_2023","record":751360,"settlement":"寶山","risk":"low","height":10},"geometry":{"type":"Polygon","coordinates":[[[120.7284555,23.108507],[120.7284054,23.1084584],[120.7283595,23.1085],[120.7284123,23.1085473],[120.7284555,23.108507]]]}},{"type":"Feature","properties":{"source":"NLSC_W84_BUILD_2023","record":755491,"settlement":"梅山","risk":"high","height":16},"geometry":{"type":"Polygon","coordinates":[[[120.8250522,23.2779979],[120.8250294,23.2779449],[120.8250182,23.2779473],[120.8250074,23.2779191],[120.8249808,23.2779253],[120.8250146,23.2780094],[120.8250522,23.2779979]]]}},{"type":"Feature","properties":{"source":"NLSC_W84_BUILD_2023","record":751228,"settlement":"寶山","risk":"low","height":18},"geometry":{"type":"Polygon","coordinates":[[[120.7142175,23.1262776],[120.7140734,23.126139],[120.7140011,23.1262048],[120.7141461,23.1263426],[120.7142175,23.1262776]]]}},{"type":"Feature","properties":{"source":"NLSC_W84_BUILD_2023","record":753208,"settlement":"寶山","risk":"low","height":10},"geometry":{"type":"Polygon","coordinates":[[[120.7365311,23.1047312],[120.7364625,23.1046457],[120.7364063,23.1046907],[120.7364728,23.1047691],[120.7365311,23.1047312]]]}},{"type":"Feature","properties":{"source":"NLSC_W84_BUILD_2023","record":753410,"settlement":"寶山","risk":"low","height":14},"geometry":{"type":"Polygon","coordinates":[[[120.7138017,23.1269498],[120.7137786,23.1269164],[120.7137397,23.1269394],[120.7137627,23.1269728],[120.7138017,23.1269498]]]}},{"type":"Feature","properties":{"source":"NLSC_W84_BUILD_2023","record":753409,"settlement":"寶山","risk":"low","height":12},"geometry":{"type":"Polygon","coordinates":[[[120.7137608,23.1269054],[120.7137241,23.1268806],[120.7136958,23.1269166],[120.7137324,23.1269414],[120.7137608,23.1269054]]]}},{"type":"Feature","properties":{"source":"NLSC_W84_BUILD_2023","record":753408,"settlement":"寶山","risk":"low","height":10},"geometry":{"type":"Polygon","coordinates":[[[120.7137043,23.1268692],[120.7136402,23.1268244],[120.7136125,23.1268583],[120.7136766,23.1269031],[120.7137043,23.1268692]]]}},{"type":"Feature","properties":{"source":"NLSC_W84_BUILD_2023","record":751221,"settlement":"寶山","risk":"low","height":20},"geometry":{"type":"Polygon","coordinates":[[[120.7198626,23.1144252],[120.7198384,23.1143989],[120.719731,23.1144803],[120.7197768,23.1145307],[120.7197616,23.1145411],[120.7197888,23.1145787],[120.7198437,23.1145476],[120.7198132,23.1145087],[120.7198625,23.1144708],[120.7198376,23.1144459],[120.7198626,23.1144252]]]}},{"type":"Feature","properties":{"source":"NLSC_W84_BUILD_2023","record":753407,"settlement":"寶山","risk":"low","height":24},"geometry":{"type":"Polygon","coordinates":[[[120.7135986,23.1268307],[120.7135802,23.1267865],[120.7135122,23.1268108],[120.7135306,23.126855],[120.7135986,23.1268307]]]}},{"type":"Feature","properties":{"source":"NLSC_W84_BUILD_2023","record":753411,"settlement":"寶山","risk":"low","height":16},"geometry":{"type":"Polygon","coordinates":[[[120.7135302,23.1269795],[120.7135042,23.1269503],[120.7134928,23.1269553],[120.7134537,23.1268727],[120.7134091,23.1268908],[120.7134487,23.1269744],[120.7134571,23.1269708],[120.7134757,23.1270076],[120.7134231,23.1270368],[120.7135075,23.1271671],[120.713594,23.1271192],[120.7135108,23.1269908],[120.7135302,23.1269795]]]}},{"type":"Feature","properties":{"source":"NLSC_W84_BUILD_2023","record":753523,"settlement":"寶山","risk":"low","height":16},"geometry":{"type":"Polygon","coordinates":[[[120.7127727,23.1325136],[120.7127298,23.1323925],[120.7126642,23.1324133],[120.712707,23.1325334],[120.7127727,23.1325136]]]}},{"type":"Feature","properties":{"source":"NLSC_W84_BUILD_2023","record":753525,"settlement":"寶山","risk":"low","height":20},"geometry":{"type":"Polygon","coordinates":[[[120.7127003,23.1326098],[120.7126937,23.1325646],[120.7126475,23.1325666],[120.7126536,23.132616],[120.7127003,23.1326098]]]}},{"type":"Feature","properties":{"source":"NLSC_W84_BUILD_2023","record":753413,"settlement":"寶山","risk":"low","height":20},"geometry":{"type":"Polygon","coordinates":[[[120.7133781,23.1273806],[120.7134255,23.1273464],[120.7134026,23.1273195],[120.713411,23.1273123],[120.7133242,23.1272265],[120.7132582,23.1272836],[120.7133451,23.1273694],[120.7133569,23.1273591],[120.7133781,23.1273806]]]}},{"type":"Feature","properties":{"source":"NLSC_W84_BUILD_2023","record":753524,"settlement":"寶山","risk":"low","height":18},"geometry":{"type":"Polygon","coordinates":[[[120.7126442,23.1325403],[120.7126313,23.132487],[120.7125762,23.1325001],[120.7125887,23.1325519],[120.7126442,23.1325403]]]}},{"type":"Feature","properties":{"source":"NLSC_W84_BUILD_2023","record":753205,"settlement":"寶山","risk":"low","height":20},"geometry":{"type":"Polygon","coordinates":[[[120.7372841,23.1040965],[120.7373222,23.1040455],[120.7372925,23.1040264],[120.7373148,23.1039971],[120.7372488,23.1039584],[120.7372317,23.103982],[120.7371485,23.1039309],[120.7371082,23.1039767],[120.7372164,23.1040533],[120.7372208,23.1040476],[120.7372841,23.1040965]]]}},{"type":"Feature","properties":{"source":"NLSC_W84_BUILD_2023","record":753405,"settlement":"寶山","risk":"low","height":20},"geometry":{"type":"Polygon","coordinates":[[[120.7134572,23.1263432],[120.7134365,23.1263076],[120.7133622,23.1263444],[120.7133829,23.1263801],[120.7134572,23.1263432]]]}},{"type":"Feature","properties":{"source":"NLSC_W84_BUILD_2023","record":755492,"settlement":"梅山","risk":"high","height":18},"geometry":{"type":"Polygon","coordinates":[[[120.8245986,23.2793884],[120.824555,23.279363],[120.8245282,23.2794018],[120.8245713,23.2794281],[120.8245986,23.2793884]]]}},{"type":"Feature","properties":{"source":"NLSC_W84_BUILD_2023","record":753328,"settlement":"寶山","risk":"low","height":10},"geometry":{"type":"Polygon","coordinates":[[[120.7196549,23.1139128],[120.7196016,23.113905],[120.7195814,23.1140229],[120.7196347,23.1140307],[120.7196549,23.1139128]]]}},{"type":"Feature","properties":{"source":"NLSC_W84_BUILD_2023","record":755493,"settlement":"梅山","risk":"high","height":20},"geometry":{"type":"Polygon","coordinates":[[[120.8246616,23.2794362],[120.8246142,23.2794068],[120.8245835,23.2794483],[120.8246299,23.2794794],[120.8246616,23.2794362]]]}},{"type":"Feature","properties":{"source":"NLSC_W84_BUILD_2023","record":753404,"settlement":"寶山","risk":"low","height":18},"geometry":{"type":"Polygon","coordinates":[[[120.7133373,23.1257922],[120.7133082,23.1257656],[120.7132035,23.1258871],[120.7132853,23.1259618],[120.7133898,23.1258572],[120.7133269,23.1258043],[120.7133373,23.1257922]]]}},{"type":"Feature","properties":{"source":"NLSC_W84_BUILD_2023","record":753333,"settlement":"寶山","risk":"low","height":20},"geometry":{"type":"Polygon","coordinates":[[[120.7186557,23.1150737],[120.7185975,23.1149889],[120.7184705,23.1150627],[120.7185268,23.1151499],[120.7186557,23.1150737]]]}},{"type":"Feature","properties":{"source":"NLSC_W84_BUILD_2023","record":753311,"settlement":"寶山","risk":"low","height":24},"geometry":{"type":"Polygon","coordinates":[[[120.7214661,23.111878],[120.7214343,23.111824],[120.7213136,23.1118904],[120.7213477,23.1119445],[120.7214661,23.111878]]]}},{"type":"Feature","properties":{"source":"NLSC_W84_BUILD_2023","record":755494,"settlement":"梅山","risk":"high","height":22},"geometry":{"type":"Polygon","coordinates":[[[120.8141472,23.280004],[120.8140985,23.2799972],[120.814091,23.2800467],[120.8141087,23.2800489],[120.8141025,23.2800832],[120.8141299,23.2800824],[120.8141472,23.280004]]]}},{"type":"Feature","properties":{"source":"NLSC_W84_BUILD_2023","record":753400,"settlement":"寶山","risk":"low","height":10},"geometry":{"type":"Polygon","coordinates":[[[120.7131909,23.1255083],[120.7131832,23.1254515],[120.713115,23.1254569],[120.7131206,23.1255171],[120.7131909,23.1255083]]]}},{"type":"Feature","properties":{"source":"NLSC_W84_BUILD_2023","record":753201,"settlement":"寶山","risk":"low","height":12},"geometry":{"type":"Polygon","coordinates":[[[120.736787,23.1035761],[120.7367105,23.1035259],[120.7366996,23.1035395],[120.7366839,23.1035295],[120.7366625,23.1035569],[120.7366779,23.1035672],[120.736631,23.1036227],[120.7367064,23.1036746],[120.736787,23.1035761]]]}},{"type":"Feature","properties":{"source":"NLSC_W84_BUILD_2023","record":753397,"settlement":"寶山","risk":"low","height":20},"geometry":{"type":"Polygon","coordinates":[[[120.7131254,23.1252566],[120.7130738,23.1251636],[120.7130501,23.1251748],[120.7130427,23.1251622],[120.7130114,23.1251619],[120.712994,23.1251734],[120.7129867,23.125186],[120.7129969,23.1252],[120.7129884,23.1252041],[120.7130401,23.1252971],[120.7131254,23.1252566]]]}},{"type":"Feature","properties":{"source":"NLSC_W84_BUILD_2023","record":753300,"settlement":"寶山","risk":"low","height":18},"geometry":{"type":"Polygon","coordinates":[[[120.7214771,23.1114307],[120.7214521,23.1113756],[120.7213274,23.1114281],[120.721354,23.11148],[120.7214771,23.1114307]]]}},{"type":"Feature","properties":{"source":"NLSC_W84_BUILD_2023","record":751359,"settlement":"寶山","risk":"low","height":24},"geometry":{"type":"Polygon","coordinates":[[[120.7261049,23.1077762],[120.7261074,23.1077462],[120.7261164,23.1077467],[120.7261286,23.107605],[120.7260474,23.1075974],[120.7260437,23.1076158],[120.7260041,23.107612],[120.726001,23.1076536],[120.7260312,23.1076554],[120.7260259,23.1077429],[120.7260307,23.1077428],[120.72603,23.1077703],[120.7261049,23.1077762]]]}},{"type":"Feature","properties":{"source":"NLSC_W84_BUILD_2023","record":753526,"settlement":"寶山","risk":"low","height":22},"geometry":{"type":"Polygon","coordinates":[[[120.7117943,23.1326047],[120.7117872,23.1325751],[120.7117175,23.1325894],[120.7117246,23.132619],[120.7117943,23.1326047]]]}},{"type":"Feature","properties":{"source":"NLSC_W84_BUILD_2023","record":751356,"settlement":"寶山","risk":"low","height":18},"geometry":{"type":"Polygon","coordinates":[[[120.731166,23.1047508],[120.7311268,23.1047101],[120.7310719,23.104765],[120.7311125,23.1048034],[120.731166,23.1047508]]]}},{"type":"Feature","properties":{"source":"NLSC_W84_BUILD_2023","record":753226,"settlement":"寶山","risk":"low","height":14},"geometry":{"type":"Polygon","coordinates":[[[120.7282747,23.1062545],[120.728284,23.1061847],[120.728178,23.1061726],[120.7282133,23.1061427],[120.728085,23.1060131],[120.7280089,23.1060776],[120.7281371,23.1062072],[120.7281526,23.1061941],[120.7281465,23.1062398],[120.7282747,23.1062545]]]}},{"type":"Feature","properties":{"source":"NLSC_W84_BUILD_2023","record":753221,"settlement":"寶山","risk":"low","height":20},"geometry":{"type":"Polygon","coordinates":[[[120.7284924,23.1059047],[120.7284251,23.1058291],[120.7283733,23.1058584],[120.7284059,23.1059068],[120.7284468,23.1059455],[120.7284924,23.1059047]]]}},{"type":"Feature","properties":{"source":"NLSC_W84_BUILD_2023","record":753217,"settlement":"寶山","risk":"low","height":12},"geometry":{"type":"Polygon","coordinates":[[[120.7286467,23.1058208],[120.7286426,23.1057435],[120.7285941,23.1057421],[120.7285906,23.1057118],[120.7285092,23.1057097],[120.7285126,23.1057493],[120.7285223,23.1057492],[120.7285224,23.1058195],[120.7286467,23.1058208]]]}},{"type":"Feature","properties":{"source":"NLSC_W84_BUILD_2023","record":753224,"settlement":"寶山","risk":"low","height":10},"geometry":{"type":"Polygon","coordinates":[[[120.727983,23.1060459],[120.7279756,23.1059568],[120.7279296,23.1059591],[120.7279346,23.106048],[120.727983,23.1060459]]]}},{"type":"Feature","properties":{"source":"NLSC_W84_BUILD_2023","record":753220,"settlement":"寶山","risk":"low","height":18},"geometry":{"type":"Polygon","coordinates":[[[120.728139,23.1059415],[120.7281375,23.1058286],[120.7280631,23.1058294],[120.7280647,23.1059424],[120.728139,23.1059415]]]}},{"type":"Feature","properties":{"source":"NLSC_W84_BUILD_2023","record":753218,"settlement":"寶山","risk":"low","height":14},"geometry":{"type":"Polygon","coordinates":[[[120.7283816,23.1056539],[120.7282403,23.1056465],[120.72823,23.1058164],[120.7283713,23.1058237],[120.7283816,23.1056539]]]}},{"type":"Feature","properties":{"source":"NLSC_W84_BUILD_2023","record":753219,"settlement":"寶山","risk":"low","height":16},"geometry":{"type":"Polygon","coordinates":[[[120.7279775,23.1059207],[120.727977,23.1058705],[120.7279267,23.1058725],[120.7279269,23.1059203],[120.7279775,23.1059207]]]}},{"type":"Feature","properties":{"source":"NLSC_W84_BUILD_2023","record":753216,"settlement":"寶山","risk":"low","height":10},"geometry":{"type":"Polygon","coordinates":[[[120.7283611,23.1055911],[120.7284035,23.1054065],[120.728311,23.1053807],[120.7282961,23.1054384],[120.7283158,23.1054432],[120.7282966,23.1055118],[120.7282782,23.1055082],[120.7282628,23.105568],[120.7283611,23.1055911]]]}},{"type":"Feature","properties":{"source":"NLSC_W84_BUILD_2023","record":753215,"settlement":"寶山","risk":"low","height":24},"geometry":{"type":"Polygon","coordinates":[[[120.727995,23.1055076],[120.7279448,23.1055061],[120.7279425,23.1055569],[120.7279923,23.1055582],[120.727995,23.1055076]]]}},{"type":"Feature","properties":{"source":"NLSC_W84_BUILD_2023","record":753379,"settlement":"寶山","risk":"low","height":16},"geometry":{"type":"Polygon","coordinates":[[[120.712974,23.1222342],[120.7129121,23.1222292],[120.7129099,23.1222758],[120.7129697,23.1222798],[120.712974,23.1222342]]]}},{"type":"Feature","properties":{"source":"NLSC_W84_BUILD_2023","record":753212,"settlement":"寶山","risk":"low","height":18},"geometry":{"type":"Polygon","coordinates":[[[120.7281985,23.1054085],[120.7281936,23.1050917],[120.7282053,23.1050916],[120.7282026,23.105031],[120.7281124,23.1050328],[120.7281116,23.1050924],[120.7280865,23.1050926],[120.7280861,23.1051573],[120.7281055,23.1051571],[120.7281052,23.1053544],[120.7280847,23.1053548],[120.7280843,23.1054072],[120.7281985,23.1054085]]]}},{"type":"Feature","properties":{"source":"NLSC_W84_BUILD_2023","record":753211,"settlement":"寶山","risk":"low","height":16},"geometry":{"type":"Polygon","coordinates":[[[120.7280108,23.1052323],[120.7279527,23.1052302],[120.727953,23.105286],[120.7280093,23.1052877],[120.7280108,23.1052323]]]}},{"type":"Feature","properties":{"source":"NLSC_W84_BUILD_2023","record":753260,"settlement":"寶山","risk":"low","height":18},"geometry":{"type":"Polygon","coordinates":[[[120.7213482,23.1098644],[120.7213362,23.1098227],[120.7213034,23.1098308],[120.7213154,23.1098725],[120.7213482,23.1098644]]]}},{"type":"Feature","properties":{"source":"NLSC_W84_BUILD_2023","record":753210,"settlement":"寶山","risk":"low","height":14},"geometry":{"type":"Polygon","coordinates":[[[120.7280097,23.1051827],[120.7280109,23.1051232],[120.7279585,23.1051248],[120.7279573,23.105181],[120.7280097,23.1051827]]]}},{"type":"Feature","properties":{"source":"NLSC_W84_BUILD_2023","record":751229,"settlement":"寶山","risk":"low","height":20},"geometry":{"type":"Polygon","coordinates":[[[120.711281,23.1265756],[120.7112316,23.1265011],[120.7111641,23.1265404],[120.7112141,23.1266157],[120.711281,23.1265756]]]}},{"type":"Feature","properties":{"source":"NLSC_W84_BUILD_2023","record":753261,"settlement":"寶山","risk":"low","height":20},"geometry":{"type":"Polygon","coordinates":[[[120.7210242,23.10981],[120.720844,23.1097814],[120.7208325,23.1098437],[120.7210126,23.1098723],[120.7210242,23.10981]]]}},{"type":"Feature","properties":{"source":"NLSC_W84_BUILD_2023","record":755450,"settlement":"梅山","risk":"high","height":14},"geometry":{"type":"Polygon","coordinates":[[[120.8469756,23.2655648],[120.8469397,23.2655458],[120.8469165,23.2655859],[120.84695,23.2656035],[120.8469756,23.2655648]]]}},{"type":"Feature","properties":{"source":"NLSC_W84_BUILD_2023","record":755495,"settlement":"梅山","risk":"high","height":24},"geometry":{"type":"Polygon","coordinates":[[[120.8268505,23.2814102],[120.8268427,23.2813525],[120.8267768,23.2813607],[120.8267824,23.2814192],[120.8268505,23.2814102]]]}},{"type":"Feature","properties":{"source":"NLSC_W84_BUILD_2023","record":751380,"settlement":"寶山","risk":"low","height":18},"geometry":{"type":"Polygon","coordinates":[[[120.7103395,23.1276752],[120.7102577,23.1276136],[120.7102038,23.127674],[120.7102851,23.1277367],[120.7103395,23.1276752]]]}},{"type":"Feature","properties":{"source":"NLSC_W84_BUILD_2023","record":753229,"settlement":"寶山","risk":"low","height":20},"geometry":{"type":"Polygon","coordinates":[[[120.7231847,23.1066608],[120.7232047,23.1066152],[120.7232298,23.1066254],[120.7232495,23.1065839],[120.7232232,23.1065732],[120.7232251,23.1065689],[120.7231797,23.1065518],[120.7231395,23.1066433],[120.7231847,23.1066608]]]}},{"type":"Feature","properties":{"source":"NLSC_W84_BUILD_2023","record":753415,"settlement":"寶山","risk":"low","height":24},"geometry":{"type":"Polygon","coordinates":[[[120.7097914,23.1278032],[120.7097808,23.1277834],[120.7096249,23.1278504],[120.7096592,23.1279044],[120.7097506,23.1278398],[120.7097914,23.1278032]]]}},{"type":"Feature","properties":{"source":"NLSC_W84_BUILD_2023","record":753388,"settlement":"寶山","risk":"low","height":18},"geometry":{"type":"Polygon","coordinates":[[[120.7110659,23.1228682],[120.7110446,23.1227915],[120.7108951,23.1228255],[120.7109277,23.1229559],[120.7110574,23.1229284],[120.7110428,23.1228734],[120.7110659,23.1228682]]]}},{"type":"Feature","properties":{"source":"NLSC_W84_BUILD_2023","record":753385,"settlement":"寶山","risk":"low","height":12},"geometry":{"type":"Polygon","coordinates":[[[120.7109391,23.1227291],[120.7109284,23.1227037],[120.7109186,23.122706],[120.710914,23.1226882],[120.7108872,23.122692],[120.7108847,23.1226833],[120.710836,23.1226964],[120.7108465,23.1227273],[120.7108344,23.1227299],[120.7108489,23.1227767],[120.7109289,23.1227545],[120.7109335,23.1227478],[120.7109354,23.1227454],[120.7109391,23.1227291]]]}},{"type":"Feature","properties":{"source":"NLSC_W84_BUILD_2023","record":751348,"settlement":"梅山","risk":"high","height":18},"geometry":{"type":"Polygon","coordinates":[[[120.8451883,23.2702237],[120.8451581,23.270219],[120.8451488,23.2702487],[120.8451781,23.2702555],[120.8451883,23.2702237]]]}},{"type":"Feature","properties":{"source":"NLSC_W84_BUILD_2023","record":753414,"settlement":"寶山","risk":"low","height":22},"geometry":{"type":"Polygon","coordinates":[[[120.7095625,23.1278335],[120.7095294,23.1277917],[120.7095007,23.1278155],[120.7095317,23.1278555],[120.7095344,23.1278545],[120.7095625,23.1278335]]]}},{"type":"Feature","properties":{"source":"NLSC_W84_BUILD_2023","record":753193,"settlement":"寶山","risk":"low","height":12},"geometry":{"type":"Polygon","coordinates":[[[120.7293657,23.1028547],[120.7292409,23.1027541],[120.7292203,23.1027759],[120.7291673,23.1027315],[120.7291284,23.1027758],[120.7291805,23.102819],[120.7291924,23.1028056],[120.7293172,23.1029062],[120.7293657,23.1028547]]]}},{"type":"Feature","properties":{"source":"NLSC_W84_BUILD_2023","record":753271,"settlement":"寶山","risk":"low","height":24},"geometry":{"type":"Polygon","coordinates":[[[120.7185234,23.110298],[120.7184456,23.1102541],[120.7184223,23.1102822],[120.7185031,23.1103276],[120.7185234,23.110298]]]}},{"type":"Feature","properties":{"source":"NLSC_W84_BUILD_2023","record":753189,"settlement":"寶山","risk":"low","height":20},"geometry":{"type":"Polygon","coordinates":[[[120.7294687,23.1027487],[120.7293473,23.1026576],[120.7292866,23.1027267],[120.7294081,23.1028178],[120.7294687,23.1027487]]]}},{"type":"Feature","properties":{"source":"NLSC_W84_BUILD_2023","record":755442,"settlement":"梅山","risk":"high","height":14},"geometry":{"type":"Polygon","coordinates":[[[120.8491415,23.263939],[120.8491148,23.2639145],[120.8490412,23.2639861],[120.8490662,23.2640099],[120.8491415,23.263939]]]}},{"type":"Feature","properties":{"source":"NLSC_W84_BUILD_2023","record":755496,"settlement":"梅山","risk":"high","height":10},"geometry":{"type":"Polygon","coordinates":[[[120.8257352,23.2826928],[120.8257112,23.2826476],[120.8256519,23.2826708],[120.8256753,23.2827171],[120.8257352,23.2826928]]]}},{"type":"Feature","properties":{"source":"NLSC_W84_BUILD_2023","record":751349,"settlement":"梅山","risk":"high","height":20},"geometry":{"type":"Polygon","coordinates":[[[120.8255566,23.2826887],[120.825511,23.2826885],[120.8255128,23.2827503],[120.8255577,23.2827492],[120.8255566,23.2826887]]]}},{"type":"Feature","properties":{"source":"NLSC_W84_BUILD_2023","record":753253,"settlement":"寶山","risk":"low","height":20},"geometry":{"type":"Polygon","coordinates":[[[120.7192596,23.1094191],[120.7191654,23.1093678],[120.7190926,23.1094824],[120.7191868,23.1095336],[120.7192596,23.1094191]]]}},{"type":"Feature","properties":{"source":"NLSC_W84_BUILD_2023","record":753264,"settlement":"寶山","risk":"low","height":10},"geometry":{"type":"Polygon","coordinates":[[[120.7188173,23.1098824],[120.7186927,23.1098171],[120.718641,23.1099014],[120.7187657,23.1099667],[120.7188173,23.1098824]]]}},{"type":"Feature","properties":{"source":"NLSC_W84_BUILD_2023","record":755441,"settlement":"梅山","risk":"high","height":12},"geometry":{"type":"Polygon","coordinates":[[[120.8492289,23.2639529],[120.8492235,23.2639272],[120.8491804,23.2639394],[120.849188,23.2639639],[120.8492289,23.2639529]]]}},{"type":"Feature","properties":{"source":"NLSC_W84_BUILD_2023","record":751515,"settlement":"梅山","risk":"high","height":16},"geometry":{"type":"Polygon","coordinates":[[[120.8487348,23.2649543],[120.8486895,23.2649493],[120.8486938,23.2649903],[120.848733,23.2649955],[120.8487348,23.2649543]]]}},{"type":"Feature","properties":{"source":"NLSC_W84_BUILD_2023","record":753259,"settlement":"寶山","risk":"low","height":16},"geometry":{"type":"Polygon","coordinates":[[[120.7189688,23.1096452],[120.7188482,23.10958],[120.7187774,23.1096922],[120.718898,23.1097573],[120.7189688,23.1096452]]]}},{"type":"Feature","properties":{"source":"NLSC_W84_BUILD_2023","record":753272,"settlement":"寶山","risk":"low","height":10},"geometry":{"type":"Polygon","coordinates":[[[120.718275,23.110267],[120.7182219,23.1102048],[120.7181225,23.1102775],[120.7181756,23.1103397],[120.718275,23.110267]]]}},{"type":"Feature","properties":{"source":"NLSC_W84_BUILD_2023","record":753225,"settlement":"寶山","risk":"low","height":12},"geometry":{"type":"Polygon","coordinates":[[[120.7229972,23.1061563],[120.7230808,23.10609],[120.7229858,23.1059876],[120.7229023,23.1060539],[120.7229279,23.1060816],[120.7229137,23.1060933],[120.7229594,23.1061411],[120.7229729,23.1061301],[120.7229972,23.1061563]]]}},{"type":"Feature","properties":{"source":"NLSC_W84_BUILD_2023","record":753247,"settlement":"寶山","risk":"low","height":24},"geometry":{"type":"Polygon","coordinates":[[[120.7192388,23.1092754],[120.7190756,23.1091882],[120.7190157,23.1092841],[120.7191789,23.1093713],[120.7192388,23.1092754]]]}},{"type":"Feature","properties":{"source":"NLSC_W84_BUILD_2023","record":753268,"settlement":"寶山","risk":"low","height":18},"geometry":{"type":"Polygon","coordinates":[[[120.7182169,23.1102083],[120.7181898,23.1100556],[120.7181264,23.1100652],[120.7181237,23.1100656],[120.7181507,23.1102183],[120.7182169,23.1102083]]]}},{"type":"Feature","properties":{"source":"NLSC_W84_BUILD_2023","record":755437,"settlement":"梅山","risk":"high","height":20},"geometry":{"type":"Polygon","coordinates":[[[120.8496877,23.2635241],[120.8496788,23.263492],[120.8496362,23.2634983],[120.8496392,23.2635247],[120.8495721,23.2635349],[120.8495861,23.2636048],[120.8497028,23.2635854],[120.8496877,23.2635241]]]}},{"type":"Feature","properties":{"source":"NLSC_W84_BUILD_2023","record":753249,"settlement":"寶山","risk":"low","height":12},"geometry":{"type":"Polygon","coordinates":[[[120.7190096,23.1092752],[120.718927,23.1092305],[120.7188511,23.1093504],[120.7189337,23.1093951],[120.7190096,23.1092752]]]}},{"type":"Feature","properties":{"source":"NLSC_W84_BUILD_2023","record":753223,"settlement":"寶山","risk":"low","height":24},"geometry":{"type":"Polygon","coordinates":[[[120.7229752,23.1059871],[120.7229361,23.1059187],[120.7229102,23.1059313],[120.7228832,23.1058795],[120.7228456,23.1058963],[120.7228721,23.1059471],[120.722879,23.1059441],[120.7229192,23.1060144],[120.7229752,23.1059871]]]}},{"type":"Feature","properties":{"source":"NLSC_W84_BUILD_2023","record":753244,"settlement":"寶山","risk":"low","height":18},"geometry":{"type":"Polygon","coordinates":[[[120.7190972,23.1091183],[120.7190535,23.1090997],[120.7190377,23.1091315],[120.7190813,23.1091501],[120.7190972,23.1091183]]]}},{"type":"Feature","properties":{"source":"NLSC_W84_BUILD_2023","record":751217,"settlement":"寶山","risk":"low","height":12},"geometry":{"type":"Polygon","coordinates":[[[120.7249481,23.1045029],[120.7248715,23.1044335],[120.7248281,23.1044703],[120.7249087,23.1045428],[120.7249481,23.1045029]]]}},{"type":"Feature","properties":{"source":"NLSC_W84_BUILD_2023","record":753258,"settlement":"寶山","risk":"low","height":14},"geometry":{"type":"Polygon","coordinates":[[[120.7184378,23.1097445],[120.7184022,23.1094855],[120.7183046,23.109497],[120.7183403,23.109756],[120.7184378,23.1097445]]]}},{"type":"Feature","properties":{"source":"NLSC_W84_BUILD_2023","record":755497,"settlement":"梅山","risk":"high","height":12},"geometry":{"type":"Polygon","coordinates":[[[120.827031,23.2830521],[120.8270115,23.2829937],[120.8269672,23.2830064],[120.8269917,23.2830642],[120.827031,23.2830521]]]}},{"type":"Feature","properties":{"source":"NLSC_W84_BUILD_2023","record":751357,"settlement":"寶山","risk":"low","height":20},"geometry":{"type":"Polygon","coordinates":[[[120.7233907,23.104986],[120.7233452,23.1049606],[120.7233211,23.1049973],[120.7233813,23.105031],[120.7233885,23.1050158],[120.7233893,23.1050074],[120.7233901,23.1050012],[120.7233907,23.104986]]]}},{"type":"Feature","properties":{"source":"NLSC_W84_BUILD_2023","record":753571,"settlement":"寶山","risk":"low","height":16},"geometry":{"type":"Polygon","coordinates":[[[120.708628,23.1405524],[120.7085643,23.14053],[120.7085532,23.1405561],[120.7086146,23.1405796],[120.708628,23.1405524]]]}},{"type":"Feature","properties":{"source":"NLSC_W84_BUILD_2023","record":753338,"settlement":"寶山","risk":"low","height":14},"geometry":{"type":"Polygon","coordinates":[[[120.7131423,23.1155128],[120.7129781,23.115354],[120.7128548,23.1154627],[120.7130271,23.1156215],[120.7131423,23.1155128]]]}},{"type":"Feature","properties":{"source":"NLSC_W84_BUILD_2023","record":753209,"settlement":"寶山","risk":"low","height":12},"geometry":{"type":"Polygon","coordinates":[[[120.7232066,23.1047762],[120.7231617,23.1047186],[120.7230946,23.1047652],[120.7231354,23.1048214],[120.7232066,23.1047762]]]}},{"type":"Feature","properties":{"source":"NLSC_W84_BUILD_2023","record":753207,"settlement":"寶山","risk":"low","height":24},"geometry":{"type":"Polygon","coordinates":[[[120.7233812,23.1046296],[120.7233271,23.1045723],[120.7232766,23.1046208],[120.7233275,23.1046758],[120.7233812,23.1046296]]]}},{"type":"Feature","properties":{"source":"NLSC_W84_BUILD_2023","record":753206,"settlement":"寶山","risk":"low","height":22},"geometry":{"type":"Polygon","coordinates":[[[120.7235183,23.104522],[120.7234586,23.1044727],[120.7234099,23.1045252],[120.7234674,23.1045742],[120.7235183,23.104522]]]}},{"type":"Feature","properties":{"source":"NLSC_W84_BUILD_2023","record":752510,"settlement":"寶山","risk":"low","height":22},"geometry":{"type":"Polygon","coordinates":[[[120.707812,23.1357851],[120.7077167,23.1357132],[120.7076716,23.135762],[120.7077694,23.135834],[120.707812,23.1357851]]]}},{"type":"Feature","properties":{"source":"NLSC_W84_BUILD_2023","record":753378,"settlement":"寶山","risk":"low","height":14},"geometry":{"type":"Polygon","coordinates":[[[120.7097232,23.1220806],[120.7096923,23.1220593],[120.7096519,23.1221093],[120.7096828,23.1221307],[120.7097232,23.1220806]]]}},{"type":"Feature","properties":{"source":"NLSC_W84_BUILD_2023","record":753330,"settlement":"寶山","risk":"low","height":14},"geometry":{"type":"Polygon","coordinates":[[[120.7135743,23.1142035],[120.7135426,23.1140902],[120.7135075,23.1140983],[120.7135376,23.114211],[120.7135743,23.1142035]]]}},{"type":"Feature","properties":{"source":"NLSC_W84_BUILD_2023","record":753241,"settlement":"寶山","risk":"low","height":12},"geometry":{"type":"Polygon","coordinates":[[[120.7177939,23.1087301],[120.7177454,23.1086951],[120.7177171,23.1087284],[120.7177662,23.1087647],[120.7177939,23.1087301]]]}},{"type":"Feature","properties":{"source":"NLSC_W84_BUILD_2023","record":751225,"settlement":"寶山","risk":"low","height":12},"geometry":{"type":"Polygon","coordinates":[[[120.7095312,23.1214861],[120.7095147,23.1214646],[120.7095013,23.1214721],[120.7094954,23.1214691],[120.7094685,23.1214861],[120.7094876,23.1215115],[120.7095312,23.1214861]]]}},{"type":"Feature","properties":{"source":"NLSC_W84_BUILD_2023","record":753239,"settlement":"寶山","risk":"low","height":24},"geometry":{"type":"Polygon","coordinates":[[[120.7177549,23.1085903],[120.7176745,23.1084934],[120.7176179,23.1085335],[120.7176984,23.1086305],[120.7177549,23.1085903]]]}},{"type":"Feature","properties":{"source":"NLSC_W84_BUILD_2023","record":751226,"settlement":"寶山","risk":"low","height":14},"geometry":{"type":"Polygon","coordinates":[[[120.7091195,23.12219],[120.7090879,23.122179],[120.7090669,23.122221],[120.7091007,23.1222344],[120.7091195,23.12219]]]}},{"type":"Feature","properties":{"source":"NLSC_W84_BUILD_2023","record":753389,"settlement":"寶山","risk":"low","height":20},"geometry":{"type":"Polygon","coordinates":[[[120.7088573,23.1229783],[120.7088662,23.1229546],[120.7088897,23.1229618],[120.7089076,23.1229001],[120.7088875,23.1228951],[120.7088902,23.1228865],[120.7087449,23.1228474],[120.7087156,23.1229408],[120.7088573,23.1229783]]]}},{"type":"Feature","properties":{"source":"NLSC_W84_BUILD_2023","record":753192,"settlement":"寶山","risk":"low","height":10},"geometry":{"type":"Polygon","coordinates":[[[120.7250766,23.1028543],[120.7250577,23.1028065],[120.7249886,23.1028299],[120.7250075,23.1028777],[120.7250766,23.1028543]]]}},{"type":"Feature","properties":{"source":"NLSC_W84_BUILD_2023","record":753390,"settlement":"寶山","risk":"low","height":22},"geometry":{"type":"Polygon","coordinates":[[[120.7088214,23.1230763],[120.7088483,23.123002],[120.7087557,23.1229733],[120.7087587,23.1229653],[120.7087124,23.1229502],[120.7087091,23.1229589],[120.7087044,23.1229574],[120.7086775,23.1230317],[120.7086809,23.1230327],[120.7086778,23.123041],[120.7087242,23.1230561],[120.7087275,23.1230472],[120.7088214,23.1230763]]]}},{"type":"Feature","properties":{"source":"NLSC_W84_BUILD_2023","record":751379,"settlement":"寶山","risk":"low","height":16},"geometry":{"type":"Polygon","coordinates":[[[120.7083709,23.1242521],[120.7084129,23.1241978],[120.7084316,23.124211],[120.7084504,23.1241892],[120.7084636,23.1241989],[120.7085021,23.1241555],[120.7084787,23.1241377],[120.708483,23.1241324],[120.7084517,23.1241093],[120.7084312,23.1241304],[120.7084026,23.1241109],[120.7083825,23.1241342],[120.7083548,23.1241169],[120.708309,23.1241757],[120.7083321,23.1241914],[120.708315,23.1242147],[120.7083709,23.1242521]]]}},{"type":"Feature","properties":{"source":"NLSC_W84_BUILD_2023","record":751378,"settlement":"寶山","risk":"low","height":14},"geometry":{"type":"Polygon","coordinates":[[[120.7084393,23.124027],[120.7083897,23.1239725],[120.7083559,23.1239998],[120.7084071,23.1240571],[120.7084393,23.124027]]]}},{"type":"Feature","properties":{"source":"NLSC_W84_BUILD_2023","record":753194,"settlement":"寶山","risk":"low","height":14},"geometry":{"type":"Polygon","coordinates":[[[120.724794,23.1029636],[120.7247934,23.102869],[120.7247747,23.1028691],[120.7247738,23.1028413],[120.7247315,23.1028426],[120.7247325,23.1028693],[120.7247211,23.1028694],[120.7247217,23.102964],[120.724794,23.1029636]]]}},{"type":"Feature","properties":{"source":"NLSC_W84_BUILD_2023","record":753392,"settlement":"寶山","risk":"low","height":10},"geometry":{"type":"Polygon","coordinates":[[[120.7087558,23.123152],[120.7085369,23.1231043],[120.7085207,23.1231678],[120.7087397,23.1232154],[120.7087558,23.123152]]]}},{"type":"Feature","properties":{"source":"NLSC_W84_BUILD_2023","record":753387,"settlement":"寶山","risk":"low","height":16},"geometry":{"type":"Polygon","coordinates":[[[120.7087162,23.1229222],[120.7087424,23.1228348],[120.7086444,23.1228108],[120.7086252,23.1228652],[120.708571,23.1228544],[120.7085586,23.1229004],[120.7086186,23.1229188],[120.7086272,23.1229004],[120.7087162,23.1229222]]]}},{"type":"Feature","properties":{"source":"NLSC_W84_BUILD_2023","record":753395,"settlement":"寶山","risk":"low","height":16},"geometry":{"type":"Polygon","coordinates":[[[120.7082988,23.1240408],[120.7082652,23.1240183],[120.7082551,23.1240314],[120.7081939,23.1241012],[120.7082571,23.1241486],[120.7083184,23.124079],[120.7082872,23.1240555],[120.7082988,23.1240408]]]}},{"type":"Feature","properties":{"source":"NLSC_W84_BUILD_2023","record":753187,"settlement":"寶山","risk":"low","height":16},"geometry":{"type":"Polygon","coordinates":[[[120.7250023,23.1027052],[120.7249958,23.1026055],[120.7249292,23.1026065],[120.7249329,23.1027076],[120.7250023,23.1027052]]]}},{"type":"Feature","properties":{"source":"NLSC_W84_BUILD_2023","record":753191,"settlement":"寶山","risk":"low","height":24},"geometry":{"type":"Polygon","coordinates":[[[120.7247374,23.1028359],[120.7247349,23.1027841],[120.7246315,23.1027884],[120.724634,23.1028402],[120.7247374,23.1028359]]]}},{"type":"Feature","properties":{"source":"NLSC_W84_BUILD_2023","record":753381,"settlement":"寶山","risk":"low","height":20},"geometry":{"type":"Polygon","coordinates":[[[120.7087775,23.1225155],[120.7087841,23.1224978],[120.7088131,23.1225062],[120.7088409,23.1224243],[120.7088278,23.1224194],[120.7088509,23.1223542],[120.7087042,23.122311],[120.7086826,23.1223818],[120.7086566,23.1223753],[120.7086293,23.1224665],[120.7087001,23.1224858],[120.7086973,23.1224949],[120.7087775,23.1225155]]]}},{"type":"Feature","properties":{"source":"NLSC_W84_BUILD_2023","record":755499,"settlement":"梅山","risk":"high","height":16},"geometry":{"type":"Polygon","coordinates":[[[120.8265694,23.2845794],[120.8265341,23.2845055],[120.8264593,23.2845411],[120.8264976,23.2846174],[120.8265694,23.2845794]]]}},{"type":"Feature","properties":{"source":"NLSC_W84_BUILD_2023","record":753188,"settlement":"寶山","risk":"low","height":18},"geometry":{"type":"Polygon","coordinates":[[[120.7247538,23.1027662],[120.7247336,23.1026693],[120.7246797,23.1026789],[120.724686,23.1027089],[120.7246745,23.102711],[120.7246832,23.1027512],[120.7246943,23.1027491],[120.7246999,23.1027758],[120.7247538,23.1027662]]]}},{"type":"Feature","properties":{"source":"NLSC_W84_BUILD_2023","record":751223,"settlement":"寶山","risk":"low","height":24},"geometry":{"type":"Polygon","coordinates":[[[120.7094512,23.1203914],[120.7094061,23.1203724],[120.7093706,23.1204475],[120.7094158,23.120465],[120.7094512,23.1203914]]]}},{"type":"Feature","properties":{"source":"NLSC_W84_BUILD_2023","record":753393,"settlement":"寶山","risk":"low","height":12},"geometry":{"type":"Polygon","coordinates":[[[120.7084086,23.123253],[120.708432,23.1231639],[120.7084773,23.1231734],[120.7084849,23.1231425],[120.7084315,23.1231298],[120.7084477,23.1230635],[120.7083962,23.1230516],[120.7083775,23.1231175],[120.7083847,23.1231186],[120.7083527,23.1232405],[120.7084086,23.123253]]]}},{"type":"Feature","properties":{"source":"NLSC_W84_BUILD_2023","record":753386,"settlement":"寶山","risk":"low","height":14},"geometry":{"type":"Polygon","coordinates":[[[120.708504,23.122769],[120.7083869,23.1227555],[120.7083855,23.1227662],[120.7083531,23.1227628],[120.7083458,23.1228219],[120.7083775,23.1228253],[120.7083769,23.1228302],[120.7084908,23.1228433],[120.7084863,23.1228715],[120.7085247,23.1228768],[120.7085404,23.1227799],[120.7085032,23.1227747],[120.708504,23.122769]]]}},{"type":"Feature","properties":{"source":"NLSC_W84_BUILD_2023","record":753236,"settlement":"寶山","risk":"low","height":18},"geometry":{"type":"Polygon","coordinates":[[[120.7176629,23.1079654],[120.7176664,23.1079508],[120.717672,23.107952],[120.7176845,23.1079004],[120.7176508,23.1078934],[120.7176381,23.1079458],[120.7176474,23.1079477],[120.717644,23.1079615],[120.7176629,23.1079654]]]}},{"type":"Feature","properties":{"source":"NLSC_W84_BUILD_2023","record":753198,"settlement":"寶山","risk":"low","height":22},"geometry":{"type":"Polygon","coordinates":[[[120.7234907,23.1033048],[120.723413,23.1032709],[120.7233835,23.1033434],[120.7234606,23.1033755],[120.7234907,23.1033048]]]}},{"type":"Feature","properties":{"source":"NLSC_W84_BUILD_2023","record":753363,"settlement":"寶山","risk":"low","height":16},"geometry":{"type":"Polygon","coordinates":[[[120.709689,23.1194442],[120.7097535,23.1193438],[120.7096942,23.1193209],[120.7096528,23.119391],[120.7096232,23.1193786],[120.7096071,23.1194049],[120.709689,23.1194442]]]}},{"type":"Feature","properties":{"source":"NLSC_W84_BUILD_2023","record":751375,"settlement":"寶山","risk":"low","height":24},"geometry":{"type":"Polygon","coordinates":[[[120.7093585,23.120308],[120.7092019,23.1202263],[120.7091462,23.1203175],[120.7093008,23.1203982],[120.709315,23.1204052],[120.7093688,23.1203147],[120.7093585,23.120308]]]}},{"type":"Feature","properties":{"source":"NLSC_W84_BUILD_2023","record":751350,"settlement":"梅山","risk":"high","height":22},"geometry":{"type":"Polygon","coordinates":[[[120.8266845,23.2848318],[120.8266279,23.2847101],[120.8265292,23.2847512],[120.8265885,23.2848705],[120.8266845,23.2848318]]]}},{"type":"Feature","properties":{"source":"NLSC_W84_BUILD_2023","record":751376,"settlement":"寶山","risk":"low","height":10},"geometry":{"type":"Polygon","coordinates":[[[120.7085553,23.1224535],[120.7085792,23.1223442],[120.7084603,23.1223051],[120.7084562,23.1223148],[120.7084432,23.122309],[120.7084087,23.1223758],[120.7084709,23.1224005],[120.7084966,23.1223501],[120.7085116,23.1223555],[120.7084818,23.122418],[120.7085553,23.1224535]]]}},{"type":"Feature","properties":{"source":"NLSC_W84_BUILD_2023","record":753204,"settlement":"寶山","risk":"low","height":18},"geometry":{"type":"Polygon","coordinates":[[[120.7229373,23.1037176],[120.7229737,23.1036595],[120.722893,23.1036161],[120.7229009,23.1036035],[120.7228062,23.1035527],[120.7227417,23.1036555],[120.7228363,23.1037064],[120.7228564,23.1036743],[120.7229373,23.1037176]]]}},{"type":"Feature","properties":{"source":"NLSC_W84_BUILD_2023","record":753382,"settlement":"寶山","risk":"low","height":22},"geometry":{"type":"Polygon","coordinates":[[[120.7085233,23.1225713],[120.7085512,23.1224997],[120.7084925,23.1225029],[120.7083697,23.1224292],[120.7083097,23.1225147],[120.7084325,23.1225885],[120.7084377,23.122581],[120.7085233,23.1225713]]]}},{"type":"Feature","properties":{"source":"NLSC_W84_BUILD_2023","record":753124,"settlement":"寶山","risk":"low","height":18},"geometry":{"type":"Polygon","coordinates":[[[120.7079614,23.1241646],[120.7079172,23.1241457],[120.7079328,23.1241143],[120.7079114,23.1241052],[120.7078962,23.1241356],[120.7078893,23.1241326],[120.7078792,23.1241528],[120.7078682,23.1241481],[120.7078436,23.1241974],[120.7078468,23.1241987],[120.7078328,23.1242269],[120.7079132,23.1242612],[120.7079614,23.1241646]]]}},{"type":"Feature","properties":{"source":"NLSC_W84_BUILD_2023","record":753394,"settlement":"寶山","risk":"low","height":14},"geometry":{"type":"Polygon","coordinates":[[[120.7080982,23.1232537],[120.7080612,23.1232321],[120.7080555,23.1232406],[120.7080543,23.1232424],[120.7080533,23.1232438],[120.7080399,23.1232635],[120.7080533,23.1232713],[120.7080543,23.1232719],[120.7080555,23.1232726],[120.7080768,23.1232849],[120.7080982,23.1232537]]]}},{"type":"Feature","properties":{"source":"NLSC_W84_BUILD_2023","record":753384,"settlement":"寶山","risk":"low","height":10},"geometry":{"type":"Polygon","coordinates":[[[120.7082972,23.1226848],[120.7082549,23.1226451],[120.7081806,23.122734],[120.7082276,23.1227669],[120.7082972,23.1226848]]]}},{"type":"Feature","properties":{"source":"NLSC_W84_BUILD_2023","record":751374,"settlement":"寶山","risk":"low","height":22},"geometry":{"type":"Polygon","coordinates":[[[120.7091476,23.1202026],[120.709114,23.1201851],[120.7090633,23.1202623],[120.7090992,23.1202784],[120.7091082,23.1202655],[120.7091476,23.1202026]]]}},{"type":"Feature","properties":{"source":"NLSC_W84_BUILD_2023","record":751212,"settlement":"寶山","risk":"low","height":18},"geometry":{"type":"Polygon","coordinates":[[[120.7457009,23.0975889],[120.7456568,23.097563],[120.7456441,23.0975827],[120.7456887,23.0976094],[120.7457009,23.0975889]]]}},{"type":"Feature","properties":{"source":"NLSC_W84_BUILD_2023","record":753380,"settlement":"寶山","risk":"low","height":18},"geometry":{"type":"Polygon","coordinates":[[[120.7083156,23.1223407],[120.7082424,23.1222981],[120.708171,23.122403],[120.7082442,23.1224456],[120.7083156,23.1223407]]]}},{"type":"Feature","properties":{"source":"NLSC_W84_BUILD_2023","record":753391,"settlement":"寶山","risk":"low","height":24},"geometry":{"type":"Polygon","coordinates":[[[120.7081292,23.1230655],[120.7080555,23.1230249],[120.7080543,23.1230242],[120.7080533,23.1230237],[120.7080301,23.1230109],[120.7079962,23.1230627],[120.707844,23.1229418],[120.7077868,23.1230034],[120.7079556,23.123134],[120.7079419,23.1231548],[120.7080396,23.1232095],[120.7080533,23.1231895],[120.7080543,23.123188],[120.7080555,23.123186],[120.7081292,23.1230655]]]}},{"type":"Feature","properties":{"source":"NLSC_W84_BUILD_2023","record":753383,"settlement":"寶山","risk":"low","height":24},"geometry":{"type":"Polygon","coordinates":[[[120.7081324,23.1226094],[120.7080867,23.12257],[120.7080736,23.1225849],[120.7080555,23.1226052],[120.7080543,23.1226066],[120.7080334,23.1226301],[120.7080242,23.1226405],[120.7080533,23.1226673],[120.7080543,23.1226682],[120.7080555,23.1226693],[120.7080677,23.1226806],[120.7081324,23.1226094]]]}},{"type":"Feature","properties":{"source":"NLSC_W84_BUILD_2023","record":752504,"settlement":"寶山","risk":"low","height":10},"geometry":{"type":"Polygon","coordinates":[[[120.7075528,23.1242636],[120.7075307,23.1242278],[120.7074893,23.1242494],[120.7075114,23.1242852],[120.7075528,23.1242636]]]}},{"type":"Feature","properties":{"source":"NLSC_W84_BUILD_2023","record":753374,"settlement":"寶山","risk":"low","height":22},"geometry":{"type":"Polygon","coordinates":[[[120.7089461,23.12008],[120.7089074,23.1200447],[120.7088884,23.1200616],[120.7088637,23.1200424],[120.7087964,23.120109],[120.7088242,23.1201359],[120.7087973,23.120159],[120.708891,23.1202463],[120.7088636,23.1202728],[120.7088878,23.1202964],[120.7089718,23.1202205],[120.708884,23.1201363],[120.7089461,23.12008]]]}},{"type":"Feature","properties":{"source":"NLSC_W84_BUILD_2023","record":753235,"settlement":"寶山","risk":"low","height":16},"geometry":{"type":"Polygon","coordinates":[[[120.717273,23.1077358],[120.7172688,23.1076622],[120.7171322,23.1076689],[120.7171364,23.1077425],[120.717273,23.1077358]]]}},{"type":"Feature","properties":{"source":"NLSC_W84_BUILD_2023","record":753375,"settlement":"寶山","risk":"low","height":24},"geometry":{"type":"Polygon","coordinates":[[[120.7087854,23.1203166],[120.7087158,23.1202582],[120.7086213,23.1203608],[120.7086956,23.1204176],[120.7087854,23.1203166]]]}},{"type":"Feature","properties":{"source":"NLSC_W84_BUILD_2023","record":753222,"settlement":"寶山","risk":"low","height":22},"geometry":{"type":"Polygon","coordinates":[[[120.7190342,23.1059428],[120.7189668,23.1058295],[120.7188443,23.1058919],[120.7189116,23.1060051],[120.7190342,23.1059428]]]}},{"type":"Feature","properties":{"source":"NLSC_W84_BUILD_2023","record":752502,"settlement":"寶山","risk":"low","height":22},"geometry":{"type":"Polygon","coordinates":[[[120.7078331,23.1227129],[120.707891,23.1226543],[120.7078377,23.1226099],[120.7077621,23.1226841],[120.707793,23.1227101],[120.7078083,23.1226962],[120.7078331,23.1227129]]]}},{"type":"Feature","properties":{"source":"NLSC_W84_BUILD_2023","record":753329,"settlement":"寶山","risk":"low","height":12},"geometry":{"type":"Polygon","coordinates":[[[120.7118332,23.1140728],[120.711764,23.1140374],[120.7116954,23.114152],[120.7117646,23.1141875],[120.7118332,23.1140728]]]}},{"type":"Feature","properties":{"source":"NLSC_W84_BUILD_2023","record":753316,"settlement":"寶山","risk":"low","height":18},"geometry":{"type":"Polygon","coordinates":[[[120.7129173,23.1123974],[120.7128758,23.1122877],[120.7127658,23.1123253],[120.712811,23.112433],[120.7129173,23.1123974]]]}},{"type":"Feature","properties":{"source":"NLSC_W84_BUILD_2023","record":753123,"settlement":"寶山","risk":"low","height":16},"geometry":{"type":"Polygon","coordinates":[[[120.707784,23.1224109],[120.7078029,23.1223779],[120.7078254,23.1223912],[120.7078442,23.1223639],[120.7078295,23.1223553],[120.707866,23.1222957],[120.7077976,23.1222598],[120.707791,23.1222706],[120.7077603,23.1222543],[120.7077162,23.1222311],[120.7076706,23.1223046],[120.7077026,23.1223534],[120.707784,23.1224109]]]}},{"type":"Feature","properties":{"source":"NLSC_W84_BUILD_2023","record":753125,"settlement":"寶山","risk":"low","height":20},"geometry":{"type":"Polygon","coordinates":[[[120.7069131,23.1251032],[120.7068979,23.1250784],[120.7068697,23.1250959],[120.706886,23.1251188],[120.7069131,23.1251032]]]}},{"type":"Feature","properties":{"source":"NLSC_W84_BUILD_2023","record":753131,"settlement":"寶山","risk":"low","height":16},"geometry":{"type":"Polygon","coordinates":[[[120.7060638,23.1294019],[120.7060503,23.129365],[120.7060285,23.1293728],[120.7060236,23.1293602],[120.7059888,23.1293711],[120.7059869,23.1293653],[120.7059365,23.1293825],[120.7059579,23.1294407],[120.7060638,23.1294019]]]}},{"type":"Feature","properties":{"source":"NLSC_W84_BUILD_2023","record":752323,"settlement":"寶山","risk":"low","height":16},"geometry":{"type":"Polygon","coordinates":[[[120.707453,23.1224978],[120.7074213,23.1224806],[120.7074078,23.1225005],[120.7074387,23.1225182],[120.707453,23.1224978]]]}},{"type":"Feature","properties":{"source":"NLSC_W84_BUILD_2023","record":753119,"settlement":"寶山","risk":"low","height":24},"geometry":{"type":"Polygon","coordinates":[[[120.7078306,23.1209987],[120.7078249,23.1209706],[120.7078014,23.1209747],[120.7078073,23.121003],[120.7078306,23.1209987]]]}},{"type":"Feature","properties":{"source":"NLSC_W84_BUILD_2023","record":753214,"settlement":"寶山","risk":"low","height":22},"geometry":{"type":"Polygon","coordinates":[[[120.7185814,23.105489],[120.7185432,23.1054387],[120.7184817,23.1054786],[120.7185199,23.105529],[120.7185814,23.105489]]]}},{"type":"Feature","properties":{"source":"NLSC_W84_BUILD_2023","record":753118,"settlement":"寶山","risk":"low","height":22},"geometry":{"type":"Polygon","coordinates":[[[120.7078467,23.1205437],[120.7078563,23.1205174],[120.7078895,23.1205264],[120.7079127,23.1204335],[120.7077918,23.1204101],[120.707779,23.1204899],[120.7077483,23.1204827],[120.7077406,23.1205056],[120.7078467,23.1205437]]]}},{"type":"Feature","properties":{"source":"NLSC_W84_BUILD_2023","record":752501,"settlement":"寶山","risk":"low","height":20},"geometry":{"type":"Polygon","coordinates":[[[120.7073704,23.1218355],[120.7073408,23.1217955],[120.7072941,23.1218221],[120.7072767,23.1217978],[120.7072162,23.1218317],[120.7072895,23.1219363],[120.707362,23.1218934],[120.7073353,23.121857],[120.7073704,23.1218355]]]}},{"type":"Feature","properties":{"source":"NLSC_W84_BUILD_2023","record":753213,"settlement":"寶山","risk":"low","height":20},"geometry":{"type":"Polygon","coordinates":[[[120.7185558,23.1053495],[120.7184841,23.1051752],[120.7183468,23.1052235],[120.7184185,23.1053978],[120.7185558,23.1053495]]]}},{"type":"Feature","properties":{"source":"NLSC_W84_BUILD_2023","record":753121,"settlement":"寶山","risk":"low","height":12},"geometry":{"type":"Polygon","coordinates":[[[120.7072477,23.1217071],[120.7071787,23.1216023],[120.7070722,23.1216622],[120.7071412,23.121767],[120.7072477,23.1217071]]]}},{"type":"Feature","properties":{"source":"NLSC_W84_BUILD_2023","record":755490,"settlement":"梅山","risk":"high","height":14},"geometry":{"type":"Polygon","coordinates":[[[120.8437496,23.2775902],[120.8437441,23.2775479],[120.8436702,23.2775546],[120.8436801,23.2776138],[120.8437181,23.2776087],[120.8437168,23.277593],[120.8437496,23.2775902]]]}},{"type":"Feature","properties":{"source":"NLSC_W84_BUILD_2023","record":753315,"settlement":"寶山","risk":"low","height":16},"geometry":{"type":"Polygon","coordinates":[[[120.7117237,23.1121716],[120.7116125,23.1121275],[120.7116032,23.112152],[120.7115797,23.1121442],[120.7115501,23.1122174],[120.711575,23.1122259],[120.711573,23.1122311],[120.7117002,23.1122742],[120.7117322,23.1122031],[120.711716,23.1121955],[120.7117237,23.1121716]]]}},{"type":"Feature","properties":{"source":"NLSC_W84_BUILD_2023","record":753308,"settlement":"寶山","risk":"low","height":18},"geometry":{"type":"Polygon","coordinates":[[[120.7119776,23.1117486],[120.7121039,23.1116595],[120.7120476,23.1115913],[120.7119179,23.1116829],[120.7118243,23.1115694],[120.7117129,23.1116481],[120.7118758,23.1118455],[120.7119906,23.1117644],[120.7119776,23.1117486]]]}},{"type":"Feature","properties":{"source":"NLSC_W84_BUILD_2023","record":753228,"settlement":"寶山","risk":"low","height":18},"geometry":{"type":"Polygon","coordinates":[[[120.7164627,23.1063879],[120.7165125,23.1063192],[120.7164673,23.1062935],[120.716441,23.1063215],[120.7163941,23.1063001],[120.7163723,23.1063382],[120.7164627,23.1063879]]]}},{"type":"Feature","properties":{"source":"NLSC_W84_BUILD_2023","record":753306,"settlement":"寶山","risk":"low","height":14},"geometry":{"type":"Polygon","coordinates":[[[120.7116667,23.1117308],[120.7116307,23.1116833],[120.7116004,23.1117029],[120.7116376,23.1117507],[120.7116667,23.1117308]]]}},{"type":"Feature","properties":{"source":"NLSC_W84_BUILD_2023","record":753190,"settlement":"寶山","risk":"low","height":22},"geometry":{"type":"Polygon","coordinates":[[[120.7206076,23.10259],[120.7204767,23.1025826],[120.720464,23.1027989],[120.7205948,23.1028054],[120.7206076,23.10259]]]}},{"type":"Feature","properties":{"source":"NLSC_W84_BUILD_2023","record":753319,"settlement":"寶山","risk":"low","height":24},"geometry":{"type":"Polygon","coordinates":[[[120.7109015,23.1126885],[120.7108509,23.1126762],[120.710839,23.1127179],[120.7108896,23.1127302],[120.7109015,23.1126885]]]}},{"type":"Feature","properties":{"source":"NLSC_W84_BUILD_2023","record":753265,"settlement":"寶山","risk":"low","height":12},"geometry":{"type":"Polygon","coordinates":[[[120.7128411,23.1099287],[120.7127712,23.109905],[120.7127534,23.1099499],[120.7128233,23.1099736],[120.7128411,23.1099287]]]}},{"type":"Feature","properties":{"source":"NLSC_W84_BUILD_2023","record":753237,"settlement":"寶山","risk":"low","height":20},"geometry":{"type":"Polygon","coordinates":[[[120.7145015,23.1079689],[120.714474,23.1079281],[120.7143822,23.107981],[120.7144248,23.1080442],[120.7144787,23.1080132],[120.7144636,23.1079907],[120.7145015,23.1079689]]]}},{"type":"Feature","properties":{"source":"NLSC_W84_BUILD_2023","record":753287,"settlement":"寶山","risk":"low","height":24},"geometry":{"type":"Polygon","coordinates":[[[120.7119564,23.1111018],[120.7119175,23.1110354],[120.7118489,23.1110635],[120.7118826,23.1111312],[120.7119564,23.1111018]]]}},{"type":"Feature","properties":{"source":"NLSC_W84_BUILD_2023","record":753120,"settlement":"寶山","risk":"low","height":10},"geometry":{"type":"Polygon","coordinates":[[[120.7065892,23.1213207],[120.7066118,23.1212796],[120.7066194,23.1212832],[120.7066632,23.1212011],[120.7065431,23.1211465],[120.7065354,23.1211609],[120.7065068,23.1211492],[120.7064571,23.1212541],[120.7064799,23.1212633],[120.7064771,23.1212686],[120.7065579,23.121306],[120.7065892,23.1213207]]]}},{"type":"Feature","properties":{"source":"NLSC_W84_BUILD_2023","record":753313,"settlement":"寶山","risk":"low","height":12},"geometry":{"type":"Polygon","coordinates":[[[120.711338,23.11188],[120.7112954,23.1118504],[120.7112767,23.1118737],[120.7112296,23.1118394],[120.7111839,23.1118929],[120.71131,23.1119851],[120.7113557,23.1119316],[120.7113191,23.1119047],[120.711338,23.11188]]]}},{"type":"Feature","properties":{"source":"NLSC_W84_BUILD_2023","record":753167,"settlement":"寶山","risk":"low","height":24},"geometry":{"type":"Polygon","coordinates":[[[120.7247645,23.1001504],[120.7248549,23.1000738],[120.7248088,23.1000251],[120.7247796,23.1000485],[120.7247703,23.1000392],[120.7247756,23.1000343],[120.7246699,23.0999345],[120.7246531,23.0999498],[120.724644,23.0999409],[120.724682,23.0999098],[120.7245591,23.0997814],[120.724502,23.0998282],[120.7244928,23.0998361],[120.7246248,23.0999745],[120.7245834,23.1000129],[120.7245588,23.1000352],[120.7246607,23.1001384],[120.7246665,23.100145],[120.7246929,23.1001427],[120.7247176,23.1001189],[120.7247225,23.1001236],[120.7247307,23.1001172],[120.7247645,23.1001504]]]}},{"type":"Feature","properties":{"source":"NLSC_W84_BUILD_2023","record":753117,"settlement":"寶山","risk":"low","height":20},"geometry":{"type":"Polygon","coordinates":[[[120.7071015,23.11975],[120.707076,23.1197156],[120.7070219,23.11975],[120.7070476,23.1197844],[120.7071015,23.11975]]]}},{"type":"Feature","properties":{"source":"NLSC_W84_BUILD_2023","record":753303,"settlement":"寶山","risk":"low","height":24},"geometry":{"type":"Polygon","coordinates":[[[120.711655,23.1115537],[120.7115313,23.1113319],[120.7114601,23.1113658],[120.7115838,23.1115877],[120.711655,23.1115537]]]}},{"type":"Feature","properties":{"source":"NLSC_W84_BUILD_2023","record":753314,"settlement":"寶山","risk":"low","height":14},"geometry":{"type":"Polygon","coordinates":[[[120.7110997,23.1121481],[120.7110417,23.1121264],[120.7110258,23.1121626],[120.7110838,23.1121844],[120.7110997,23.1121481]]]}},{"type":"Feature","properties":{"source":"NLSC_W84_BUILD_2023","record":753203,"settlement":"寶山","risk":"low","height":16},"geometry":{"type":"Polygon","coordinates":[[[120.7189686,23.1036703],[120.718953,23.1036112],[120.7189014,23.1036229],[120.718917,23.103682],[120.7189686,23.1036703]]]}},{"type":"Feature","properties":{"source":"NLSC_W84_BUILD_2023","record":753304,"settlement":"寶山","risk":"low","height":10},"geometry":{"type":"Polygon","coordinates":[[[120.7115257,23.1115999],[120.7113904,23.1114416],[120.7112949,23.1115115],[120.7114302,23.1116698],[120.7115257,23.1115999]]]}},{"type":"Feature","properties":{"source":"NLSC_W84_BUILD_2023","record":753169,"settlement":"寶山","risk":"low","height":12},"geometry":{"type":"Polygon","coordinates":[[[120.7241724,23.1001803],[120.7241063,23.1001043],[120.7240543,23.1001431],[120.7241204,23.100219],[120.7241724,23.1001803]]]}},{"type":"Feature","properties":{"source":"NLSC_W84_BUILD_2023","record":753294,"settlement":"寶山","risk":"low","height":22},"geometry":{"type":"Polygon","coordinates":[[[120.7116655,23.11121],[120.7116541,23.1111573],[120.7115848,23.1111702],[120.7115963,23.1112229],[120.7116655,23.11121]]]}},{"type":"Feature","properties":{"source":"NLSC_W84_BUILD_2023","record":753257,"settlement":"寶山","risk":"low","height":12},"geometry":{"type":"Polygon","coordinates":[[[120.7128558,23.1096234],[120.7127598,23.1095824],[120.7127256,23.1096515],[120.7127618,23.109666],[120.7127521,23.1096806],[120.7128127,23.109705],[120.7128558,23.1096234]]]}},{"type":"Feature","properties":{"source":"NLSC_W84_BUILD_2023","record":753326,"settlement":"寶山","risk":"low","height":22},"geometry":{"type":"Polygon","coordinates":[[[120.7101607,23.1133333],[120.710141,23.1133083],[120.7101034,23.1133492],[120.7100804,23.1133615],[120.7100951,23.1133884],[120.7101259,23.1133678],[120.7101607,23.1133333]]]}},{"type":"Feature","properties":{"source":"NLSC_W84_BUILD_2023","record":753290,"settlement":"寶山","risk":"low","height":14},"geometry":{"type":"Polygon","coordinates":[[[120.7116517,23.1111313],[120.7115879,23.1109949],[120.7118093,23.1109242],[120.7118593,23.1110507],[120.7119487,23.1110246],[120.7119354,23.1108955],[120.7119392,23.1108942],[120.7119398,23.1108152],[120.7119122,23.1107566],[120.7114715,23.1108947],[120.7114958,23.1109551],[120.7114651,23.1109666],[120.7115137,23.1110842],[120.7115218,23.111083],[120.7115634,23.111169],[120.7116517,23.1111313]]]}},{"type":"Feature","properties":{"source":"NLSC_W84_BUILD_2023","record":753309,"settlement":"寶山","risk":"low","height":20},"geometry":{"type":"Polygon","coordinates":[[[120.7112034,23.1117939],[120.7110669,23.1116752],[120.7110013,23.1117397],[120.7111379,23.1118584],[120.7112034,23.1117939]]]}},{"type":"Feature","properties":{"source":"NLSC_W84_BUILD_2023","record":751354,"settlement":"寶山","risk":"low","height":14},"geometry":{"type":"Polygon","coordinates":[[[120.7187384,23.1036115],[120.7187314,23.1035409],[120.7186944,23.1035432],[120.7186974,23.1035809],[120.7186989,23.1035839],[120.7187202,23.103613],[120.7187384,23.1036115]]]}},{"type":"Feature","properties":{"source":"NLSC_W84_BUILD_2023","record":753298,"settlement":"寶山","risk":"low","height":14},"geometry":{"type":"Polygon","coordinates":[[[120.7114857,23.1112762],[120.7114054,23.1111774],[120.7113205,23.1112364],[120.7114007,23.1113352],[120.7114857,23.1112762]]]}},{"type":"Feature","properties":{"source":"NLSC_W84_BUILD_2023","record":753168,"settlement":"寶山","risk":"low","height":10},"geometry":{"type":"Polygon","coordinates":[[[120.7240676,23.1000725],[120.7239169,23.099891],[120.7237848,23.0999848],[120.7239355,23.1001663],[120.7240676,23.1000725]]]}},{"type":"Feature","properties":{"source":"NLSC_W84_BUILD_2023","record":753299,"settlement":"寶山","risk":"low","height":16},"geometry":{"type":"Polygon","coordinates":[[[120.711337,23.1113904],[120.7112601,23.1112986],[120.7111753,23.1113593],[120.7112522,23.1114511],[120.711337,23.1113904]]]}},{"type":"Feature","properties":{"source":"NLSC_W84_BUILD_2023","record":753199,"settlement":"寶山","risk":"low","height":24},"geometry":{"type":"Polygon","coordinates":[[[120.7188122,23.103418],[120.7188048,23.103347],[120.718684,23.1033578],[120.7186914,23.1034288],[120.7188122,23.103418]]]}},{"type":"Feature","properties":{"source":"NLSC_W84_BUILD_2023","record":753291,"settlement":"寶山","risk":"low","height":16},"geometry":{"type":"Polygon","coordinates":[[[120.711379,23.1111387],[120.7113111,23.111048],[120.711225,23.1111032],[120.7112929,23.1111939],[120.711379,23.1111387]]]}},{"type":"Feature","properties":{"source":"NLSC_W84_BUILD_2023","record":753166,"settlement":"寶山","risk":"low","height":22},"geometry":{"type":"Polygon","coordinates":[[[120.7242575,23.0997836],[120.7241859,23.0996715],[120.7241292,23.099702],[120.7240991,23.0996511],[120.7240209,23.0996906],[120.7240334,23.0997117],[120.7240048,23.0997274],[120.7240968,23.0998714],[120.7241256,23.0998556],[120.7241487,23.099843],[120.7242575,23.0997836]]]}},{"type":"Feature","properties":{"source":"NLSC_W84_BUILD_2023","record":753197,"settlement":"寶山","risk":"low","height":20},"geometry":{"type":"Polygon","coordinates":[[[120.718854,23.1032678],[120.7188494,23.1032289],[120.7187874,23.1032351],[120.718792,23.103274],[120.718854,23.1032678]]]}},{"type":"Feature","properties":{"source":"NLSC_W84_BUILD_2023","record":753164,"settlement":"寶山","risk":"low","height":18},"geometry":{"type":"Polygon","coordinates":[[[120.7271985,23.0982565],[120.7271502,23.098189],[120.727004,23.0982787],[120.7270416,23.0983312],[120.727043,23.0983332],[120.7270434,23.0983337],[120.7270435,23.0983338],[120.7270523,23.0983461],[120.7270724,23.0983338],[120.7270726,23.0983337],[120.7270734,23.0983332],[120.7270768,23.0983311],[120.7271985,23.0982565]]]}},{"type":"Feature","properties":{"source":"NLSC_W84_BUILD_2023","record":753297,"settlement":"寶山","risk":"low","height":12},"geometry":{"type":"Polygon","coordinates":[[[120.7112237,23.1112645],[120.7111472,23.1111744],[120.7110663,23.1112332],[120.7111428,23.1113233],[120.7112237,23.1112645]]]}},{"type":"Feature","properties":{"source":"NLSC_W84_BUILD_2023","record":753280,"settlement":"寶山","risk":"low","height":10},"geometry":{"type":"Polygon","coordinates":[[[120.7115514,23.1108498],[120.7114957,23.1107015],[120.7113949,23.110734],[120.7114506,23.1108823],[120.7115514,23.1108498]]]}},{"type":"Feature","properties":{"source":"NLSC_W84_BUILD_2023","record":751362,"settlement":"寶山","risk":"low","height":14},"geometry":{"type":"Polygon","coordinates":[[[120.7124582,23.1095093],[120.7124622,23.1095027],[120.7125274,23.1095347],[120.7125607,23.1094784],[120.7125531,23.1094749],[120.7125614,23.1094607],[120.7125043,23.109432],[120.7125522,23.1093458],[120.7124808,23.109313],[120.7124516,23.1093646],[120.7124629,23.1093693],[120.7124547,23.1093858],[120.7124373,23.1093777],[120.712408,23.1094307],[120.7124292,23.10944],[120.7123887,23.1095106],[120.7124688,23.1095434],[120.7124802,23.1095197],[120.7124582,23.1095093]]]}},{"type":"Feature","properties":{"source":"NLSC_W84_BUILD_2023","record":753312,"settlement":"寶山","risk":"low","height":10},"geometry":{"type":"Polygon","coordinates":[[[120.7107191,23.1119491],[120.7107394,23.1118648],[120.7106698,23.1118505],[120.7106647,23.1118718],[120.7106366,23.1118658],[120.7106407,23.1118494],[120.7105278,23.1118279],[120.7105117,23.1118995],[120.7106516,23.1119262],[120.7106495,23.1119347],[120.7107191,23.1119491]]]}},{"type":"Feature","properties":{"source":"NLSC_W84_BUILD_2023","record":753285,"settlement":"寶山","risk":"low","height":20},"geometry":{"type":"Polygon","coordinates":[[[120.7112847,23.1110214],[120.7112014,23.1109384],[120.7111235,23.1110052],[120.7112068,23.1110882],[120.7112847,23.1110214]]]}},{"type":"Feature","properties":{"source":"NLSC_W84_BUILD_2023","record":752503,"settlement":"寶山","risk":"low","height":24},"geometry":{"type":"Polygon","coordinates":[[[120.705162,23.1236972],[120.7051158,23.1236529],[120.7050917,23.1236733],[120.7051386,23.1237183],[120.705162,23.1236972]]]}},{"type":"Feature","properties":{"source":"NLSC_W84_BUILD_2023","record":753278,"settlement":"寶山","risk":"low","height":22},"geometry":{"type":"Polygon","coordinates":[[[120.7113197,23.1108361],[120.711285,23.1107491],[120.7112487,23.1107624],[120.7112853,23.110851],[120.7113197,23.1108361]]]}},{"type":"Feature","properties":{"source":"NLSC_W84_BUILD_2023","record":753293,"settlement":"寶山","risk":"low","height":20},"geometry":{"type":"Polygon","coordinates":[[[120.7111156,23.1111505],[120.7110454,23.1110702],[120.710957,23.1111363],[120.7110271,23.1112166],[120.7111156,23.1111505]]]}},{"type":"Feature","properties":{"source":"NLSC_W84_BUILD_2023","record":753133,"settlement":"寶山","risk":"low","height":20},"geometry":{"type":"Polygon","coordinates":[[[120.7039551,23.1366586],[120.7039449,23.1366372],[120.7039264,23.1366447],[120.703916,23.1366226],[120.7038224,23.1366603],[120.7038483,23.1367154],[120.70394,23.1366784],[120.7039345,23.1366669],[120.7039551,23.1366586]]]}},{"type":"Feature","properties":{"source":"NLSC_W84_BUILD_2023","record":753869,"settlement":"高中","risk":"medium","height":20},"geometry":{"type":"Polygon","coordinates":[[[120.7989493,23.142482],[120.7988186,23.1424533],[120.7988072,23.142507],[120.798936,23.1425363],[120.7989493,23.142482]]]}},{"type":"Feature","properties":{"source":"NLSC_W84_BUILD_2023","record":753232,"settlement":"寶山","risk":"low","height":10},"geometry":{"type":"Polygon","coordinates":[[[120.7140292,23.1073826],[120.7139898,23.1073572],[120.713952,23.1074074],[120.7139914,23.1074327],[120.7140292,23.1073826]]]}},{"type":"Feature","properties":{"source":"NLSC_W84_BUILD_2023","record":753310,"settlement":"寶山","risk":"low","height":22},"geometry":{"type":"Polygon","coordinates":[[[120.7104977,23.1118177],[120.7103983,23.1117999],[120.7103787,23.1118929],[120.7104781,23.1119108],[120.7104977,23.1118177]]]}},{"type":"Feature","properties":{"source":"NLSC_W84_BUILD_2023","record":753269,"settlement":"寶山","risk":"low","height":20},"geometry":{"type":"Polygon","coordinates":[[[120.7115269,23.1102233],[120.7115429,23.1101545],[120.711556,23.110157],[120.7115746,23.1100731],[120.7115217,23.1100631],[120.711504,23.1101429],[120.7114145,23.1101251],[120.7114301,23.1100444],[120.7114015,23.1100397],[120.7113978,23.1100589],[120.7113779,23.1100552],[120.7113657,23.1101182],[120.7113752,23.1101198],[120.7113589,23.1101899],[120.7115269,23.1102233]]]}},{"type":"Feature","properties":{"source":"NLSC_W84_BUILD_2023","record":753301,"settlement":"寶山","risk":"low","height":20},"geometry":{"type":"Polygon","coordinates":[[[120.710595,23.1114241],[120.7104886,23.1113736],[120.7104432,23.1114555],[120.7105496,23.1115059],[120.710595,23.1114241]]]}},{"type":"Feature","properties":{"source":"NLSC_W84_BUILD_2023","record":753231,"settlement":"寶山","risk":"low","height":24},"geometry":{"type":"Polygon","coordinates":[[[120.7139111,23.107302],[120.7137915,23.107221],[120.7137304,23.1072981],[120.71385,23.1073792],[120.7139111,23.107302]]]}},{"type":"Feature","properties":{"source":"NLSC_W84_BUILD_2023","record":753283,"settlement":"寶山","risk":"low","height":16},"geometry":{"type":"Polygon","coordinates":[[[120.7109303,23.1109497],[120.7108434,23.1108527],[120.7107626,23.1109147],[120.7108495,23.1110116],[120.7109303,23.1109497]]]}},{"type":"Feature","properties":{"source":"NLSC_W84_BUILD_2023","record":753240,"settlement":"寶山","risk":"low","height":10},"geometry":{"type":"Polygon","coordinates":[[[120.7126442,23.1086294],[120.7125913,23.1086077],[120.712575,23.108642],[120.7126278,23.1086636],[120.7126442,23.1086294]]]}},{"type":"Feature","properties":{"source":"NLSC_W84_BUILD_2023","record":753277,"settlement":"寶山","risk":"low","height":20},"geometry":{"type":"Polygon","coordinates":[[[120.7109811,23.1106364],[120.7109404,23.1105812],[120.7108508,23.1106361],[120.7108864,23.1106753],[120.7108653,23.1106909],[120.7109086,23.11075],[120.7109971,23.1106978],[120.710962,23.1106482],[120.7109811,23.1106364]]]}},{"type":"Feature","properties":{"source":"NLSC_W84_BUILD_2023","record":751220,"settlement":"寶山","risk":"low","height":18},"geometry":{"type":"Polygon","coordinates":[[[120.7099262,23.1121609],[120.7098767,23.1121205],[120.7098426,23.1121515],[120.709894,23.112192],[120.7099262,23.1121609]]]}},{"type":"Feature","properties":{"source":"NLSC_W84_BUILD_2023","record":753184,"settlement":"寶山","risk":"low","height":10},"geometry":{"type":"Polygon","coordinates":[[[120.7197886,23.1017966],[120.7197131,23.1017872],[120.7197082,23.1018263],[120.7197839,23.1018345],[120.7197887,23.1017966],[120.7197886,23.1017966]]]}},{"type":"Feature","properties":{"source":"NLSC_W84_BUILD_2023","record":753279,"settlement":"寶山","risk":"low","height":24},"geometry":{"type":"Polygon","coordinates":[[[120.7108179,23.1108137],[120.7107523,23.1107301],[120.7107445,23.1107354],[120.7107192,23.1107021],[120.7106551,23.1107474],[120.7106816,23.1107776],[120.7106584,23.1107932],[120.7107239,23.1108768],[120.7108179,23.1108137]]]}},{"type":"Feature","properties":{"source":"NLSC_W84_BUILD_2023","record":753276,"settlement":"寶山","risk":"low","height":18},"geometry":{"type":"Polygon","coordinates":[[[120.7109325,23.110563],[120.7108316,23.1104312],[120.710768,23.110472],[120.7108672,23.110609],[120.7109325,23.110563]]]}},{"type":"Feature","properties":{"source":"NLSC_W84_BUILD_2023","record":751218,"settlement":"寶山","risk":"low","height":14},"geometry":{"type":"Polygon","coordinates":[[[120.7111551,23.1100894],[120.7110995,23.1100875],[120.7110985,23.1101467],[120.7111523,23.110149],[120.7111551,23.1100894]]]}},{"type":"Feature","properties":{"source":"NLSC_W84_BUILD_2023","record":753162,"settlement":"寶山","risk":"low","height":14},"geometry":{"type":"Polygon","coordinates":[[[120.7264231,23.0978001],[120.7264454,23.0977663],[120.7264116,23.0977471],[120.7263995,23.0977654],[120.7263669,23.0977469],[120.7263497,23.097773],[120.7263873,23.0977942],[120.7263942,23.0977838],[120.7264231,23.0978001]]]}},{"type":"Feature","properties":{"source":"NLSC_W84_BUILD_2023","record":753161,"settlement":"寶山","risk":"low","height":12},"geometry":{"type":"Polygon","coordinates":[[[120.7265145,23.0976605],[120.726444,23.0976171],[120.7264141,23.0976586],[120.7264846,23.0977021],[120.7265145,23.0976605]]]}},{"type":"Feature","properties":{"source":"NLSC_W84_BUILD_2023","record":752508,"settlement":"寶山","risk":"low","height":18},"geometry":{"type":"Polygon","coordinates":[[[120.7036494,23.127462],[120.7035946,23.1274275],[120.7035693,23.1274678],[120.7036202,23.1275025],[120.7036494,23.127462]]]}},{"type":"Feature","properties":{"source":"NLSC_W84_BUILD_2023","record":751219,"settlement":"寶山","risk":"low","height":16},"geometry":{"type":"Polygon","coordinates":[[[120.7104649,23.1107746],[120.7104091,23.1107206],[120.7103471,23.110776],[120.7104022,23.1108267],[120.7104649,23.1107746]]]}},{"type":"Feature","properties":{"source":"NLSC_W84_BUILD_2023","record":753160,"settlement":"寶山","risk":"low","height":10},"geometry":{"type":"Polygon","coordinates":[[[120.7264018,23.0976131],[120.7263241,23.0975455],[120.726267,23.0976017],[120.7263448,23.0976693],[120.7264018,23.0976131]]]}},{"type":"Feature","properties":{"source":"NLSC_W84_BUILD_2023","record":753289,"settlement":"寶山","risk":"low","height":12},"geometry":{"type":"Polygon","coordinates":[[[120.7101973,23.1111032],[120.7102457,23.1110735],[120.7102111,23.11102],[120.7101499,23.1110578],[120.7100698,23.1110119],[120.7100315,23.111072],[120.7100817,23.1110805],[120.7100977,23.111089],[120.7100898,23.1111047],[120.7101295,23.1111262],[120.7101469,23.1110935],[120.7101757,23.111136],[120.7102063,23.1111198],[120.7101973,23.1111032]]]}},{"type":"Feature","properties":{"source":"NLSC_W84_BUILD_2023","record":753320,"settlement":"寶山","risk":"low","height":10},"geometry":{"type":"Polygon","coordinates":[[[120.7088719,23.1130214],[120.7088701,23.1130013],[120.7088779,23.1130014],[120.7088763,23.1129671],[120.708841,23.1129667],[120.7088418,23.1130024],[120.708848,23.1130021],[120.7088476,23.1130212],[120.7088719,23.1130214]]]}},{"type":"Feature","properties":{"source":"NLSC_W84_BUILD_2023","record":753305,"settlement":"寶山","risk":"low","height":12},"geometry":{"type":"Polygon","coordinates":[[[120.7097712,23.111718],[120.7097761,23.1116077],[120.7096504,23.111603],[120.709649,23.1116346],[120.7096296,23.1116341],[120.7096282,23.1116781],[120.709647,23.1116786],[120.7096455,23.1117133],[120.7097712,23.111718]]]}},{"type":"Feature","properties":{"source":"NLSC_W84_BUILD_2023","record":752328,"settlement":"寶山","risk":"low","height":10},"geometry":{"type":"Polygon","coordinates":[[[120.7030892,23.1313783],[120.7030571,23.1313563],[120.7030154,23.131408],[120.7030466,23.1314286],[120.7030892,23.1313783]]]}},{"type":"Feature","properties":{"source":"NLSC_W84_BUILD_2023","record":753270,"settlement":"寶山","risk":"low","height":22},"geometry":{"type":"Polygon","coordinates":[[[120.7107333,23.1102923],[120.7107955,23.1101833],[120.7107109,23.110142],[120.7106788,23.1101984],[120.710644,23.1101812],[120.7106136,23.1102338],[120.7107333,23.1102923]]]}},{"type":"Feature","properties":{"source":"NLSC_W84_BUILD_2023","record":753266,"settlement":"寶山","risk":"low","height":14},"geometry":{"type":"Polygon","coordinates":[[[120.7108277,23.1100638],[120.7107765,23.1100069],[120.7107262,23.1100456],[120.7107774,23.1101025],[120.7108277,23.1100638]]]}},{"type":"Feature","properties":{"source":"NLSC_W84_BUILD_2023","record":753267,"settlement":"寶山","risk":"low","height":16},"geometry":{"type":"Polygon","coordinates":[[[120.7107848,23.1101258],[120.7107062,23.1100396],[120.7106876,23.1100541],[120.7107662,23.1101403],[120.7107848,23.1101258]]]}},{"type":"Feature","properties":{"source":"NLSC_W84_BUILD_2023","record":753302,"settlement":"寶山","risk":"low","height":22},"geometry":{"type":"Polygon","coordinates":[[[120.7098142,23.1114475],[120.7097197,23.1113948],[120.7096383,23.1115199],[120.7097327,23.1115725],[120.7098142,23.1114475]]]}},{"type":"Feature","properties":{"source":"NLSC_W84_BUILD_2023","record":753181,"settlement":"寶山","risk":"low","height":20},"geometry":{"type":"Polygon","coordinates":[[[120.7193924,23.1014454],[120.7193433,23.1014216],[120.7193104,23.1014798],[120.7193595,23.1015035],[120.7193924,23.1014454]]]}},{"type":"Feature","properties":{"source":"NLSC_W84_BUILD_2023","record":753284,"settlement":"寶山","risk":"low","height":18},"geometry":{"type":"Polygon","coordinates":[[[120.7100539,23.1109508],[120.7099679,23.1109182],[120.7099411,23.1109788],[120.7100271,23.1110114],[120.7100539,23.1109508]]]}},{"type":"Feature","properties":{"source":"NLSC_W84_BUILD_2023","record":753262,"settlement":"寶山","risk":"low","height":22},"geometry":{"type":"Polygon","coordinates":[[[120.7108132,23.1098548],[120.7107471,23.1098087],[120.7106907,23.109878],[120.7107568,23.109924],[120.7108132,23.1098548]]]}},{"type":"Feature","properties":{"source":"NLSC_W84_BUILD_2023","record":753282,"settlement":"寶山","risk":"low","height":14},"geometry":{"type":"Polygon","coordinates":[[[120.7103615,23.1106732],[120.7102656,23.1105723],[120.7102591,23.1105774],[120.7100662,23.1103732],[120.7100617,23.1103772],[120.7100513,23.1103676],[120.7100609,23.1103592],[120.7100153,23.1103221],[120.7100139,23.1103218],[120.7099787,23.1103547],[120.7100201,23.1103932],[120.7099742,23.1104311],[120.7099851,23.1104435],[120.7099593,23.1104673],[120.7100587,23.1105741],[120.7100875,23.110551],[120.7101743,23.1106437],[120.7100421,23.1107471],[120.7101354,23.1108436],[120.7103306,23.110944],[120.7103678,23.1108808],[120.7102043,23.1107946],[120.7103615,23.1106732]]]}},{"type":"Feature","properties":{"source":"NLSC_W84_BUILD_2023","record":753286,"settlement":"寶山","risk":"low","height":22},"geometry":{"type":"Polygon","coordinates":[[[120.7098761,23.1110539],[120.7098551,23.1110188],[120.7098416,23.1110257],[120.7098171,23.1109874],[120.7097273,23.1110367],[120.7097741,23.1111098],[120.7098761,23.1110539]]]}},{"type":"Feature","properties":{"source":"NLSC_W84_BUILD_2023","record":753180,"settlement":"寶山","risk":"low","height":18},"geometry":{"type":"Polygon","coordinates":[[[120.7192825,23.1013511],[120.7192359,23.1012855],[120.7191777,23.101321],[120.7192243,23.1013865],[120.7192825,23.1013511]]]}},{"type":"Feature","properties":{"source":"NLSC_W84_BUILD_2023","record":753172,"settlement":"寶山","risk":"low","height":18},"geometry":{"type":"Polygon","coordinates":[[[120.7197466,23.1010122],[120.7196876,23.1009498],[120.7196337,23.1009934],[120.7196927,23.1010558],[120.7197466,23.1010122]]]}},{"type":"Feature","properties":{"source":"NLSC_W84_BUILD_2023","record":753165,"settlement":"寶山","risk":"low","height":20},"geometry":{"type":"Polygon","coordinates":[[[120.7235391,23.0986687],[120.7235232,23.0985793],[120.7235195,23.0985798],[120.723512,23.0985427],[120.7234714,23.0985492],[120.7234788,23.0985861],[120.723448,23.0985908],[120.7234639,23.0986802],[120.7235391,23.0986687]]]}},{"type":"Feature","properties":{"source":"NLSC_W84_BUILD_2023","record":751355,"settlement":"寶山","risk":"low","height":16},"geometry":{"type":"Polygon","coordinates":[[[120.7161468,23.1037033],[120.7161598,23.1036679],[120.7161252,23.1036534],[120.7161057,23.1036755],[120.7160932,23.1036727],[120.7160901,23.1037025],[120.7160893,23.1037179],[120.7161416,23.1037403],[120.7161651,23.1037126],[120.7161468,23.1037033]]]}},{"type":"Feature","properties":{"source":"NLSC_W84_BUILD_2023","record":751216,"settlement":"寶山","risk":"low","height":10},"geometry":{"type":"Polygon","coordinates":[[[120.7183226,23.1018985],[120.7183211,23.1018448],[120.7182783,23.1018467],[120.7182817,23.1019305],[120.7182971,23.1019304],[120.7183226,23.1018985]]]}},{"type":"Feature","properties":{"source":"NLSC_W84_BUILD_2023","record":753288,"settlement":"寶山","risk":"low","height":10},"geometry":{"type":"Polygon","coordinates":[[[120.7095383,23.1111342],[120.7095625,23.1110852],[120.7095939,23.1110974],[120.7096162,23.1110484],[120.7095864,23.1110368],[120.7096023,23.1110047],[120.7095167,23.1109686],[120.709498,23.1110064],[120.7094887,23.1110026],[120.7094641,23.1110541],[120.7094727,23.1110577],[120.7094528,23.111098],[120.7095383,23.1111342]]]}},{"type":"Feature","properties":{"source":"NLSC_W84_BUILD_2023","record":753175,"settlement":"寶山","risk":"low","height":24},"geometry":{"type":"Polygon","coordinates":[[[120.7191732,23.1011368],[120.7190255,23.1011269],[120.7190205,23.1011909],[120.7191682,23.1012008],[120.7191694,23.1011855],[120.7191685,23.10118],[120.7191711,23.1011634],[120.7191732,23.1011368]]]}},{"type":"Feature","properties":{"source":"NLSC_W84_BUILD_2023","record":753318,"settlement":"寶山","risk":"low","height":22},"geometry":{"type":"Polygon","coordinates":[[[120.7084852,23.1125943],[120.7084778,23.1125471],[120.7084438,23.1125517],[120.7084512,23.1125988],[120.7084852,23.1125943]]]}},{"type":"Feature","properties":{"source":"NLSC_W84_BUILD_2023","record":753281,"settlement":"寶山","risk":"low","height":12},"geometry":{"type":"Polygon","coordinates":[[[120.7095892,23.1108755],[120.7095163,23.1108596],[120.7095,23.1109235],[120.7095729,23.1109393],[120.7095892,23.1108755]]]}},{"type":"Feature","properties":{"source":"NLSC_W84_BUILD_2023","record":751215,"settlement":"寶山","risk":"low","height":24},"geometry":{"type":"Polygon","coordinates":[[[120.7181858,23.1017718],[120.7181379,23.1017655],[120.7181251,23.101838],[120.718174,23.1018445],[120.7181858,23.1017718]]]}},{"type":"Feature","properties":{"source":"NLSC_W84_BUILD_2023","record":751353,"settlement":"寶山","risk":"low","height":12},"geometry":{"type":"Polygon","coordinates":[[[120.719243,23.1009774],[120.7191666,23.1009585],[120.7191515,23.1010013],[120.7191728,23.1010059],[120.7191668,23.1010264],[120.7192243,23.1010398],[120.719243,23.1009774]]]}},{"type":"Feature","properties":{"source":"NLSC_W84_BUILD_2023","record":753296,"settlement":"寶山","risk":"low","height":10},"geometry":{"type":"Polygon","coordinates":[[[120.7092961,23.1113102],[120.7093274,23.1112355],[120.709192,23.1111772],[120.7091632,23.1112355],[120.7091951,23.1112477],[120.7091987,23.1112386],[120.7092187,23.1112484],[120.7092047,23.1112753],[120.7092961,23.1113102]]]}},{"type":"Feature","properties":{"source":"NLSC_W84_BUILD_2023","record":753174,"settlement":"寶山","risk":"low","height":22},"geometry":{"type":"Polygon","coordinates":[[[120.718996,23.1011232],[120.7189164,23.1010937],[120.7188905,23.1011536],[120.71897,23.1011831],[120.718996,23.1011232]]]}},{"type":"Feature","properties":{"source":"NLSC_W84_BUILD_2023","record":753317,"settlement":"寶山","risk":"low","height":20},"geometry":{"type":"Polygon","coordinates":[[[120.7084032,23.1125365],[120.7083884,23.1124915],[120.7083446,23.1125004],[120.7083588,23.1125471],[120.7084032,23.1125365]]]}},{"type":"Feature","properties":{"source":"NLSC_W84_BUILD_2023","record":753176,"settlement":"寶山","risk":"low","height":10},"geometry":{"type":"Polygon","coordinates":[[[120.7187387,23.1012113],[120.7187108,23.1011468],[120.7186228,23.1011793],[120.7186506,23.1012438],[120.7187387,23.1012113]]]}},{"type":"Feature","properties":{"source":"NLSC_W84_BUILD_2023","record":753183,"settlement":"寶山","risk":"low","height":24},"geometry":{"type":"Polygon","coordinates":[[[120.7180933,23.1016196],[120.7180815,23.1015815],[120.7180408,23.1015863],[120.7180194,23.1015867],[120.7179885,23.1015821],[120.717945,23.1015647],[120.7179094,23.1015374],[120.7178842,23.1015712],[120.7179304,23.1016014],[120.7179588,23.1016138],[120.7179852,23.1016206],[120.7180188,23.1016248],[120.7180474,23.1016249],[120.7180723,23.1016227],[120.7180933,23.1016196]]]}},{"type":"Feature","properties":{"source":"NLSC_W84_BUILD_2023","record":753200,"settlement":"寶山","risk":"low","height":10},"geometry":{"type":"Polygon","coordinates":[[[120.7158299,23.103471],[120.71584,23.1033671],[120.7157492,23.1033596],[120.7157428,23.1034151],[120.7156847,23.1034094],[120.7156828,23.1034593],[120.7158299,23.103471]]]}},{"type":"Feature","properties":{"source":"NLSC_W84_BUILD_2023","record":753202,"settlement":"寶山","risk":"low","height":14},"geometry":{"type":"Polygon","coordinates":[[[120.7156458,23.1036548],[120.7157015,23.1035592],[120.715547,23.1034651],[120.7154856,23.1035553],[120.7156154,23.1036478],[120.715622,23.1036397],[120.7156458,23.1036548]]]}},{"type":"Feature","properties":{"source":"NLSC_W84_BUILD_2023","record":753295,"settlement":"寶山","risk":"low","height":24},"geometry":{"type":"Polygon","coordinates":[[[120.7090274,23.1110944],[120.7089718,23.1110732],[120.7089142,23.1112018],[120.7089698,23.1112231],[120.7090274,23.1110944]]]}},{"type":"Feature","properties":{"source":"NLSC_W84_BUILD_2023","record":753173,"settlement":"寶山","risk":"low","height":20},"geometry":{"type":"Polygon","coordinates":[[[120.7186334,23.1010729],[120.7185386,23.1010001],[120.7184914,23.1010527],[120.7185863,23.1011255],[120.7186334,23.1010729]]]}},{"type":"Feature","properties":{"source":"NLSC_W84_BUILD_2023","record":753182,"settlement":"寶山","risk":"low","height":22},"geometry":{"type":"Polygon","coordinates":[[[120.7180133,23.1015401],[120.7182094,23.1014492],[120.7181595,23.1013726],[120.7180563,23.1014216],[120.7179664,23.1012702],[120.717847,23.1013309],[120.7179517,23.1015071],[120.7179572,23.1015043],[120.7179808,23.1015217],[120.7179984,23.1015153],[120.7180133,23.1015401]]]}},{"type":"Feature","properties":{"source":"NLSC_W84_BUILD_2023","record":753292,"settlement":"寶山","risk":"low","height":18},"geometry":{"type":"Polygon","coordinates":[[[120.7088721,23.1111998],[120.708925,23.1110955],[120.7088731,23.1110724],[120.7088858,23.1110481],[120.7088443,23.111031],[120.7088228,23.1110669],[120.7087443,23.1110327],[120.7087398,23.1110413],[120.7087158,23.1110311],[120.7086652,23.111128],[120.7087676,23.111175],[120.7087766,23.1111577],[120.7088721,23.1111998]]]}},{"type":"Feature","properties":{"source":"NLSC_W84_BUILD_2023","record":753307,"settlement":"寶山","risk":"low","height":16},"geometry":{"type":"Polygon","coordinates":[[[120.708386,23.1117541],[120.708386,23.1117505],[120.7084239,23.1117521],[120.708439,23.1117378],[120.7084365,23.1117019],[120.7083431,23.111707],[120.708344,23.111753],[120.708386,23.1117541]]]}},{"type":"Feature","properties":{"source":"NLSC_W84_BUILD_2023","record":753106,"settlement":"寶山","risk":"low","height":14},"geometry":{"type":"Polygon","coordinates":[[[120.7079611,23.1125062],[120.7079631,23.1124112],[120.7079254,23.1124106],[120.7079248,23.112443],[120.7078976,23.1124426],[120.7078963,23.112505],[120.7079611,23.1125062]]]}},{"type":"Feature","properties":{"source":"NLSC_W84_BUILD_2023","record":753171,"settlement":"寶山","risk":"low","height":16},"geometry":{"type":"Polygon","coordinates":[[[120.7187002,23.1007838],[120.7186123,23.1006985],[120.7185537,23.1007501],[120.7186394,23.1008349],[120.7187002,23.1007838]]]}},{"type":"Feature","properties":{"source":"NLSC_W84_BUILD_2023","record":751363,"settlement":"寶山","risk":"low","height":16},"geometry":{"type":"Polygon","coordinates":[[[120.7081528,23.1121058],[120.7081373,23.1120087],[120.7080555,23.1120173],[120.7080432,23.1120187],[120.7080555,23.1121045],[120.7080571,23.1121153],[120.7081528,23.1121058]]]}},{"type":"Feature","properties":{"source":"NLSC_W84_BUILD_2023","record":753179,"settlement":"寶山","risk":"low","height":16},"geometry":{"type":"Polygon","coordinates":[[[120.7176044,23.1012761],[120.7176088,23.101263],[120.7175636,23.1012532],[120.7175607,23.1012647],[120.7175408,23.101261],[120.7175283,23.1013092],[120.7175445,23.1013125],[120.7175393,23.1013341],[120.7175912,23.1013462],[120.7175872,23.1013633],[120.7176261,23.1013696],[120.7176657,23.1013691],[120.7176805,23.1013093],[120.7176523,23.1013035],[120.7176561,23.101287],[120.7176044,23.1012761]]]}},{"type":"Feature","properties":{"source":"NLSC_W84_BUILD_2023","record":753177,"settlement":"寶山","risk":"low","height":12},"geometry":{"type":"Polygon","coordinates":[[[120.7176775,23.1012844],[120.7177349,23.1012197],[120.7177574,23.1012376],[120.7178179,23.1011669],[120.7177903,23.1011427],[120.7177385,23.1011928],[120.7177072,23.1011676],[120.717697,23.101181],[120.7176911,23.1011863],[120.7176741,23.1011766],[120.7176195,23.1012422],[120.7176775,23.1012844]]]}},{"type":"Feature","properties":{"source":"NLSC_W84_BUILD_2023","record":753170,"settlement":"寶山","risk":"low","height":14},"geometry":{"type":"Polygon","coordinates":[[[120.7186894,23.1003745],[120.7186572,23.1003296],[120.7185901,23.1003708],[120.7186224,23.1004157],[120.7186894,23.1003745]]]}},{"type":"Feature","properties":{"source":"NLSC_W84_BUILD_2023","record":753178,"settlement":"寶山","risk":"low","height":14},"geometry":{"type":"Polygon","coordinates":[[[120.7174099,23.1012937],[120.7174212,23.1012742],[120.7174422,23.1012849],[120.7175162,23.1011507],[120.7174179,23.1011551],[120.7174021,23.1011908],[120.7173857,23.1011835],[120.7173792,23.1011957],[120.7173605,23.1011882],[120.7173354,23.1012304],[120.7173529,23.1012393],[120.7173405,23.1012616],[120.7174099,23.1012937]]]}},{"type":"Feature","properties":{"source":"NLSC_W84_BUILD_2023","record":751214,"settlement":"寶山","risk":"low","height":22},"geometry":{"type":"Polygon","coordinates":[[[120.7184257,23.099942],[120.7183935,23.0999198],[120.7183415,23.0999912],[120.7183765,23.1000134],[120.7184257,23.099942]]]}},{"type":"Feature","properties":{"source":"NLSC_W84_BUILD_2023","record":751213,"settlement":"寶山","risk":"low","height":20},"geometry":{"type":"Polygon","coordinates":[[[120.718453,23.0998808],[120.718429,23.0998774],[120.7184086,23.0999122],[120.7184451,23.0999331],[120.7184654,23.0999009],[120.718453,23.0998808]]]}},{"type":"Feature","properties":{"source":"NLSC_W84_BUILD_2023","record":753132,"settlement":"寶山","risk":"low","height":18},"geometry":{"type":"Polygon","coordinates":[[[120.7010804,23.134593],[120.7010341,23.134562],[120.7010139,23.1345879],[120.7010602,23.1346189],[120.7010804,23.134593]]]}},{"type":"Feature","properties":{"source":"NLSC_W84_BUILD_2023","record":752505,"settlement":"寶山","risk":"low","height":12},"geometry":{"type":"Polygon","coordinates":[[[120.7011835,23.125894],[120.7011408,23.1258431],[120.7011051,23.1258692],[120.7011478,23.1259204],[120.7011835,23.125894]]]}},{"type":"Feature","properties":{"source":"NLSC_W84_BUILD_2023","record":755498,"settlement":"梅山","risk":"high","height":14},"geometry":{"type":"Polygon","coordinates":[[[120.8428652,23.2844159],[120.8428007,23.2843718],[120.8427676,23.2844188],[120.8428309,23.2844609],[120.8428652,23.2844159]]]}},{"type":"Feature","properties":{"source":"NLSC_W84_BUILD_2023","record":753186,"settlement":"寶山","risk":"low","height":14},"geometry":{"type":"Polygon","coordinates":[[[120.7135674,23.1023903],[120.7135603,23.1023343],[120.7133463,23.1023583],[120.713362,23.1024464],[120.7134323,23.1024379],[120.7134285,23.1024131],[120.7135327,23.1024028],[120.713532,23.1023928],[120.7135674,23.1023903]]]}},{"type":"Feature","properties":{"source":"NLSC_W84_BUILD_2023","record":753185,"settlement":"寶山","risk":"low","height":12},"geometry":{"type":"Polygon","coordinates":[[[120.7138272,23.1018185],[120.7137209,23.1018161],[120.713719,23.1018902],[120.7138252,23.1018926],[120.7138272,23.1018185]]]}},{"type":"Feature","properties":{"source":"NLSC_W84_BUILD_2023","record":752952,"settlement":"寶山","risk":"low","height":10},"geometry":{"type":"Polygon","coordinates":[[[120.7079843,23.107356],[120.7079842,23.1073302],[120.7079464,23.1073327],[120.7079472,23.1073578],[120.7079843,23.107356]]]}},{"type":"Feature","properties":{"source":"NLSC_W84_BUILD_2023","record":753195,"settlement":"寶山","risk":"low","height":16},"geometry":{"type":"Polygon","coordinates":[[[120.7112933,23.1028658],[120.7112509,23.1027922],[120.7111033,23.1028743],[120.7110658,23.1028849],[120.7109764,23.102927],[120.711015,23.1030042],[120.7111658,23.1029363],[120.7112933,23.1028658]]]}},{"type":"Feature","properties":{"source":"NLSC_W84_BUILD_2023","record":753052,"settlement":"寶山","risk":"low","height":18},"geometry":{"type":"Polygon","coordinates":[[[120.7054032,23.1098881],[120.7054007,23.1098655],[120.7054043,23.1098657],[120.7053897,23.1096754],[120.7053346,23.1096801],[120.7053479,23.1098472],[120.7053514,23.1098675],[120.7053516,23.1098706],[120.7053645,23.1098684],[120.7053675,23.1098926],[120.7054032,23.1098881]]]}},{"type":"Feature","properties":{"source":"NLSC_W84_BUILD_2023","record":753046,"settlement":"寶山","risk":"low","height":22},"geometry":{"type":"Polygon","coordinates":[[[120.7052545,23.1097565],[120.7053291,23.1097312],[120.7053166,23.1096873],[120.7052166,23.1097257],[120.7052243,23.1097518],[120.705248,23.1097426],[120.7052545,23.1097565]]]}},{"type":"Feature","properties":{"source":"NLSC_W84_BUILD_2023","record":753196,"settlement":"寶山","risk":"low","height":18},"geometry":{"type":"Polygon","coordinates":[[[120.7106133,23.1030269],[120.7105613,23.1029492],[120.7102805,23.1031103],[120.7103326,23.1031879],[120.7106133,23.1030269]]]}},{"type":"Feature","properties":{"source":"NLSC_W84_BUILD_2023","record":753062,"settlement":"寶山","risk":"low","height":22},"geometry":{"type":"Polygon","coordinates":[[[120.7050189,23.1100588],[120.7050445,23.1100233],[120.7050565,23.1100308],[120.7051579,23.1098905],[120.7051014,23.1098555],[120.7051195,23.1098288],[120.7050772,23.1098025],[120.705058,23.1098287],[120.705015,23.1098021],[120.704888,23.1099778],[120.7050189,23.1100588]]]}},{"type":"Feature","properties":{"source":"NLSC_W84_BUILD_2023","record":752407,"settlement":"寶山","risk":"low","height":24},"geometry":{"type":"Polygon","coordinates":[[[120.7075277,23.105886],[120.7075154,23.1058541],[120.7074706,23.1058671],[120.7074823,23.1058989],[120.7075277,23.105886]]]}},{"type":"Feature","properties":{"source":"NLSC_W84_BUILD_2023","record":752313,"settlement":"寶山","risk":"low","height":12},"geometry":{"type":"Polygon","coordinates":[[[120.7053016,23.1090069],[120.7051472,23.1089818],[120.7051393,23.1090207],[120.7052919,23.1090424],[120.7053016,23.1090069]]]}},{"type":"Feature","properties":{"source":"NLSC_W84_BUILD_2023","record":752390,"settlement":"寶山","risk":"low","height":22},"geometry":{"type":"Polygon","coordinates":[[[120.7076563,23.1051195],[120.7076231,23.1050986],[120.7075987,23.105132],[120.7076306,23.1051526],[120.7076563,23.1051195]]]}},{"type":"Feature","properties":{"source":"NLSC_W84_BUILD_2023","record":752488,"settlement":"寶山","risk":"low","height":10},"geometry":{"type":"Polygon","coordinates":[[[120.7045368,23.1095104],[120.7044242,23.1094477],[120.7043037,23.1096181],[120.7044124,23.1096789],[120.7044179,23.1096819],[120.7044241,23.109673],[120.7045368,23.1095104]]]}},{"type":"Feature","properties":{"source":"NLSC_W84_BUILD_2023","record":752490,"settlement":"寶山","risk":"low","height":14},"geometry":{"type":"Polygon","coordinates":[[[120.7043017,23.1096542],[120.7041768,23.1095822],[120.7041619,23.1096014],[120.7040852,23.1095539],[120.7040014,23.1096706],[120.7042013,23.1097815],[120.7043017,23.1096542]]]}},{"type":"Feature","properties":{"source":"NLSC_W84_BUILD_2023","record":752484,"settlement":"寶山","risk":"low","height":18},"geometry":{"type":"Polygon","coordinates":[[[120.7043515,23.1094068],[120.7042332,23.1093415],[120.7041298,23.1094969],[120.7042446,23.1095606],[120.7043515,23.1094068]]]}},{"type":"Feature","properties":{"source":"NLSC_W84_BUILD_2023","record":753092,"settlement":"寶山","risk":"low","height":18},"geometry":{"type":"Polygon","coordinates":[[[120.7035947,23.1107717],[120.7036699,23.1106811],[120.7036688,23.1106803],[120.7036182,23.1106443],[120.7036931,23.1105543],[120.7036049,23.1104916],[120.7036102,23.1104852],[120.7036311,23.11046],[120.7036231,23.1104543],[120.7036227,23.110454],[120.7036227,23.110454],[120.7036319,23.1104429],[120.7036319,23.1104428],[120.7036221,23.1104007],[120.7036219,23.1104001],[120.7036219,23.1104002],[120.7035652,23.110419],[120.7035589,23.1104146],[120.7035573,23.1104154],[120.7033246,23.1106755],[120.7033227,23.1106777],[120.7033958,23.1107296],[120.7034112,23.1107111],[120.7034377,23.1106791],[120.7035318,23.1107459],[120.7035417,23.110734],[120.7035913,23.1107693],[120.7035947,23.1107717]]]}},{"type":"Feature","properties":{"source":"NLSC_W84_BUILD_2023","record":753058,"settlement":"寶山","risk":"low","height":14},"geometry":{"type":"Polygon","coordinates":[[[120.7040341,23.1097907],[120.7040143,23.1097407],[120.7039705,23.109754],[120.7039378,23.1097711],[120.7039117,23.1097939],[120.7038805,23.1098335],[120.703864,23.1098702],[120.7038554,23.1098982],[120.7038534,23.1099286],[120.703852,23.1099576],[120.7039154,23.1099571],[120.7039144,23.1099274],[120.7039198,23.1098945],[120.7039317,23.1098656],[120.7039459,23.109847],[120.7039654,23.1098287],[120.7039863,23.1098139],[120.7040121,23.1098007],[120.7040341,23.1097907]]]}},{"type":"Feature","properties":{"source":"NLSC_W84_BUILD_2023","record":752865,"settlement":"寶山","risk":"low","height":12},"geometry":{"type":"Polygon","coordinates":[[[120.7070608,23.1054239],[120.7070483,23.1053462],[120.7069025,23.1053663],[120.706898,23.105367],[120.7069066,23.1054202],[120.7069105,23.1054447],[120.7070608,23.1054239]]]}},{"type":"Feature","properties":{"source":"NLSC_W84_BUILD_2023","record":753054,"settlement":"寶山","risk":"low","height":22},"geometry":{"type":"Polygon","coordinates":[[[120.703838,23.1097681],[120.7038396,23.1097411],[120.7037738,23.1097489],[120.7037721,23.1097625],[120.7037662,23.1097825],[120.7037599,23.1097984],[120.7037468,23.1098175],[120.7037283,23.1098363],[120.7037135,23.109846],[120.7037015,23.1098507],[120.7037438,23.1098965],[120.7037787,23.1098753],[120.7037952,23.1098565],[120.7038138,23.1098339],[120.7038298,23.1098012],[120.703838,23.1097681]]]}},{"type":"Feature","properties":{"source":"NLSC_W84_BUILD_2023","record":753084,"settlement":"寶山","risk":"low","height":18},"geometry":{"type":"Polygon","coordinates":[[[120.7032208,23.1103482],[120.7032171,23.1103454],[120.7031053,23.1104736],[120.7032693,23.1105938],[120.7033824,23.1104663],[120.7032208,23.1103482]]]}},{"type":"Feature","properties":{"source":"NLSC_W84_BUILD_2023","record":753075,"settlement":"寶山","risk":"low","height":16},"geometry":{"type":"Polygon","coordinates":[[[120.703329,23.110338],[120.7032755,23.1102965],[120.7032512,23.1103233],[120.7033046,23.1103648],[120.703329,23.110338]]]}},{"type":"Feature","properties":{"source":"NLSC_W84_BUILD_2023","record":753098,"settlement":"寶山","risk":"low","height":14},"geometry":{"type":"Polygon","coordinates":[[[120.7031683,23.1109288],[120.7023228,23.1104077],[120.7022335,23.1105317],[120.7030783,23.1110524],[120.7030902,23.1110359],[120.7031683,23.1109288]]]}},{"type":"Feature","properties":{"source":"NLSC_W84_BUILD_2023","record":752486,"settlement":"寶山","risk":"low","height":22},"geometry":{"type":"Polygon","coordinates":[[[120.7039728,23.1095181],[120.7036502,23.1093347],[120.7037191,23.1092363],[120.7040805,23.1094374],[120.7041147,23.1093848],[120.704124,23.1093705],[120.7041472,23.1093348],[120.7037558,23.109117],[120.7036746,23.1090763],[120.7036485,23.109063],[120.7036518,23.1090582],[120.7034181,23.108924],[120.7032369,23.1088218],[120.7032466,23.108806],[120.7032691,23.1088179],[120.7032943,23.108777],[120.7031777,23.1087156],[120.7031538,23.1087546],[120.7031986,23.1087782],[120.7031368,23.1088786],[120.7031747,23.1088985],[120.7031695,23.1089063],[120.7033585,23.1090128],[120.7035922,23.109147],[120.7036244,23.109162],[120.7036131,23.1091815],[120.703678,23.109214],[120.703611,23.1093124],[120.7032887,23.1091292],[120.7032286,23.1092197],[120.7035301,23.1093911],[120.7035175,23.10941],[120.7036027,23.1094583],[120.7036162,23.1094378],[120.7039144,23.1096065],[120.7039223,23.1096107],[120.7039828,23.1095234],[120.7039728,23.1095181]]]}},{"type":"Feature","properties":{"source":"NLSC_W84_BUILD_2023","record":753045,"settlement":"寶山","risk":"low","height":20},"geometry":{"type":"Polygon","coordinates":[[[120.7033349,23.1096973],[120.7033151,23.1096638],[120.7032755,23.109665],[120.7032559,23.1096944],[120.7032744,23.1097259],[120.7033142,23.109729],[120.7033349,23.1096973]]]}},{"type":"Feature","properties":{"source":"NLSC_W84_BUILD_2023","record":752492,"settlement":"寶山","risk":"low","height":18},"geometry":{"type":"Polygon","coordinates":[[[120.7028277,23.1111042],[120.702789,23.1110803],[120.7027994,23.1110678],[120.7026698,23.1109851],[120.7026415,23.1109677],[120.7026765,23.1109198],[120.7024105,23.110758],[120.7024034,23.1107679],[120.7023723,23.1107483],[120.7022818,23.1108715],[120.7023146,23.1108921],[120.7023073,23.1109024],[120.7025708,23.1110643],[120.7025813,23.1110499],[120.7026097,23.1110676],[120.7026756,23.1111086],[120.7026989,23.1110803],[120.7027768,23.1111253],[120.7028198,23.1111177],[120.7028277,23.1111042]]]}},{"type":"Feature","properties":{"source":"NLSC_W84_BUILD_2023","record":753076,"settlement":"寶山","risk":"low","height":18},"geometry":{"type":"Polygon","coordinates":[[[120.7027591,23.110329],[120.7027346,23.1103646],[120.7027792,23.1103909],[120.7028037,23.1103553],[120.7027591,23.110329]]]}},{"type":"Feature","properties":{"source":"NLSC_W84_BUILD_2023","record":753099,"settlement":"寶山","risk":"low","height":16},"geometry":{"type":"Polygon","coordinates":[[[120.7021594,23.110995],[120.7020557,23.110964],[120.7020342,23.1110256],[120.7021379,23.1110565],[120.7022556,23.1110907],[120.7023538,23.111118],[120.7023762,23.1110492],[120.7022779,23.1110219],[120.7021594,23.110995]]]}},{"type":"Feature","properties":{"source":"NLSC_W84_BUILD_2023","record":753034,"settlement":"寶山","risk":"low","height":14},"geometry":{"type":"Polygon","coordinates":[[[120.7031763,23.1092969],[120.703165,23.1091892],[120.7030906,23.109196],[120.7031023,23.1093039],[120.7031763,23.1092969]]]}},{"type":"Feature","properties":{"source":"NLSC_W84_BUILD_2023","record":753096,"settlement":"寶山","risk":"low","height":10},"geometry":{"type":"Polygon","coordinates":[[[120.7021956,23.1107591],[120.7020933,23.110682],[120.7019727,23.1108189],[120.702075,23.1108959],[120.7021956,23.1107591]]]}},{"type":"Feature","properties":{"source":"NLSC_W84_BUILD_2023","record":753097,"settlement":"寶山","risk":"low","height":12},"geometry":{"type":"Polygon","coordinates":[[[120.702019,23.111003],[120.701886,23.1109418],[120.7018675,23.1109762],[120.7020005,23.1110374],[120.702019,23.111003]]]}},{"type":"Feature","properties":{"source":"NLSC_W84_BUILD_2023","record":753082,"settlement":"寶山","risk":"low","height":14},"geometry":{"type":"Polygon","coordinates":[[[120.701992,23.1105692],[120.7022211,23.1102833],[120.7019388,23.1100897],[120.7017202,23.1103624],[120.701784,23.1104062],[120.7018273,23.1103522],[120.7019346,23.1104257],[120.7018807,23.1104929],[120.701992,23.1105692]]]}},{"type":"Feature","properties":{"source":"NLSC_W84_BUILD_2023","record":752308,"settlement":"寶山","risk":"low","height":18},"geometry":{"type":"Polygon","coordinates":[[[120.7030944,23.1084446],[120.7030719,23.1084263],[120.7030558,23.1084447],[120.7030737,23.1084636],[120.7030944,23.1084446]]]}},{"type":"Feature","properties":{"source":"NLSC_W84_BUILD_2023","record":753093,"settlement":"寶山","risk":"low","height":20},"geometry":{"type":"Polygon","coordinates":[[[120.7017425,23.1106931],[120.7016601,23.1106587],[120.7016187,23.1107436],[120.701701,23.110778],[120.7017425,23.1106931]]]}},{"type":"Feature","properties":{"source":"NLSC_W84_BUILD_2023","record":752299,"settlement":"寶山","risk":"low","height":16},"geometry":{"type":"Polygon","coordinates":[[[120.7037594,23.1073273],[120.7037834,23.1072293],[120.7037343,23.1072192],[120.7037171,23.1072714],[120.7036464,23.107257],[120.7036373,23.1073007],[120.7037594,23.1073273]]]}},{"type":"Feature","properties":{"source":"NLSC_W84_BUILD_2023","record":753091,"settlement":"寶山","risk":"low","height":16},"geometry":{"type":"Polygon","coordinates":[[[120.7016476,23.1106451],[120.7015653,23.1106086],[120.7015228,23.1106906],[120.7016054,23.1107271],[120.7016476,23.1106451]]]}},{"type":"Feature","properties":{"source":"NLSC_W84_BUILD_2023","record":753035,"settlement":"寶山","risk":"low","height":16},"geometry":{"type":"Polygon","coordinates":[[[120.7022853,23.1092244],[120.7022759,23.1091954],[120.7022475,23.1092047],[120.702255,23.1092289],[120.7022569,23.1092627],[120.7022542,23.1092936],[120.7022479,23.1093123],[120.7022331,23.1093503],[120.7022258,23.1093825],[120.7022569,23.109385],[120.7022628,23.1093602],[120.7022795,23.1093098],[120.7022846,23.1092897],[120.7022878,23.1092557],[120.7022853,23.1092244]]]}},{"type":"Feature","properties":{"source":"NLSC_W84_BUILD_2023","record":753088,"settlement":"寶山","risk":"low","height":10},"geometry":{"type":"Polygon","coordinates":[[[120.7015397,23.1106121],[120.701459,23.1105689],[120.7014094,23.1106483],[120.70149,23.1106915],[120.7015397,23.1106121]]]}},{"type":"Feature","properties":{"source":"NLSC_W84_BUILD_2023","record":753085,"settlement":"寶山","risk":"low","height":20},"geometry":{"type":"Polygon","coordinates":[[[120.7014448,23.1105548],[120.7013674,23.1105182],[120.7013206,23.1106029],[120.701398,23.1106395],[120.7014448,23.1105548]]]}},{"type":"Feature","properties":{"source":"NLSC_W84_BUILD_2023","record":753073,"settlement":"寶山","risk":"low","height":12},"geometry":{"type":"Polygon","coordinates":[[[120.7016842,23.1102662],[120.7017205,23.1102232],[120.7017517,23.110244],[120.7017864,23.110205],[120.7018232,23.1102229],[120.7018764,23.1101507],[120.7018461,23.1101319],[120.701894,23.1100732],[120.701858,23.1100502],[120.7018662,23.1100391],[120.7018297,23.1100154],[120.7017708,23.1100879],[120.7017394,23.1100699],[120.7017866,23.1100033],[120.7017468,23.1099797],[120.7017408,23.1099882],[120.7017051,23.1099674],[120.7017125,23.1099582],[120.701679,23.1099394],[120.7016868,23.1099284],[120.7016513,23.1099073],[120.7016427,23.1099183],[120.7016062,23.1098985],[120.7016155,23.1098838],[120.7015794,23.1098621],[120.7015726,23.1098717],[120.7014829,23.109822],[120.7013667,23.1099749],[120.7014478,23.1100257],[120.7014399,23.1100346],[120.7014624,23.110049],[120.7014576,23.1100624],[120.7014921,23.1101008],[120.7015239,23.1101253],[120.7015124,23.1101386],[120.7015901,23.1101891],[120.701623,23.1101459],[120.701654,23.1101671],[120.7016778,23.1101366],[120.7017152,23.1101638],[120.7016809,23.1102091],[120.7016646,23.1102302],[120.7016563,23.1102355],[120.7016306,23.1102467],[120.7016486,23.1102816],[120.7016734,23.1102738],[120.7016842,23.1102662]]]}},{"type":"Feature","properties":{"source":"NLSC_W84_BUILD_2023","record":753083,"settlement":"寶山","risk":"low","height":16},"geometry":{"type":"Polygon","coordinates":[[[120.7013452,23.1105056],[120.7012731,23.1104743],[120.7012336,23.1105523],[120.7013059,23.1105835],[120.7013452,23.1105056]]]}},{"type":"Feature","properties":{"source":"NLSC_W84_BUILD_2023","record":752298,"settlement":"寶山","risk":"low","height":14},"geometry":{"type":"Polygon","coordinates":[[[120.7033576,23.1071134],[120.7032971,23.1070994],[120.7032818,23.1071618],[120.70334,23.1071773],[120.7033576,23.1071134]]]}},{"type":"Feature","properties":{"source":"NLSC_W84_BUILD_2023","record":752464,"settlement":"寶山","risk":"low","height":10},"geometry":{"type":"Polygon","coordinates":[[[120.7026937,23.1081226],[120.7026129,23.1080738],[120.7025861,23.1081129],[120.7025986,23.1081203],[120.702562,23.1081726],[120.7026873,23.1082476],[120.702725,23.1081942],[120.7026687,23.1081576],[120.7026937,23.1081226]]]}},{"type":"Feature","properties":{"source":"NLSC_W84_BUILD_2023","record":753081,"settlement":"寶山","risk":"low","height":12},"geometry":{"type":"Polygon","coordinates":[[[120.701251,23.1104504],[120.7011699,23.1104161],[120.7011292,23.1104983],[120.7012103,23.1105326],[120.701251,23.1104504]]]}},{"type":"Feature","properties":{"source":"NLSC_W84_BUILD_2023","record":753038,"settlement":"寶山","risk":"low","height":22},"geometry":{"type":"Polygon","coordinates":[[[120.701871,23.1094796],[120.7018216,23.1091734],[120.7017946,23.1091771],[120.7018441,23.1094833],[120.701871,23.1094796]]]}},{"type":"Feature","properties":{"source":"NLSC_W84_BUILD_2023","record":752297,"settlement":"寶山","risk":"low","height":12},"geometry":{"type":"Polygon","coordinates":[[[120.7033835,23.1070128],[120.70322,23.106974],[120.7032006,23.1070418],[120.7033648,23.1070788],[120.7033835,23.1070128]]]}},{"type":"Feature","properties":{"source":"NLSC_W84_BUILD_2023","record":753074,"settlement":"寶山","risk":"low","height":14},"geometry":{"type":"Polygon","coordinates":[[[120.7027591,23.110329],[120.7028693,23.1101619],[120.7028799,23.1101454],[120.7028433,23.1101254],[120.702836,23.1101367],[120.7027953,23.1101137],[120.7028029,23.1101028],[120.702729,23.1100586],[120.7027134,23.1100809],[120.7026707,23.1100554],[120.7026915,23.1100287],[120.7026161,23.109983],[120.7025944,23.1100134],[120.7025533,23.1099904],[120.7025712,23.1099618],[120.7025252,23.1099354],[120.7025001,23.1099712],[120.7024587,23.1099465],[120.7024727,23.1099265],[120.7024012,23.1098838],[120.7024221,23.109854],[120.702203,23.109723],[120.7021866,23.1097463],[120.7020568,23.1096687],[120.7020317,23.1097046],[120.7019576,23.1096603],[120.7019443,23.1096792],[120.70181,23.1095989],[120.7017664,23.1095655],[120.7018261,23.1094988],[120.7014977,23.1092473],[120.7013842,23.1093741],[120.7013843,23.1093742],[120.7013687,23.1093951],[120.7012079,23.1092927],[120.7012696,23.1092098],[120.7011623,23.1091415],[120.7011471,23.1091318],[120.7011703,23.1091157],[120.7011434,23.1090839],[120.7011392,23.109087],[120.700686,23.1085425],[120.7006943,23.1085365],[120.7006667,23.1085032],[120.7005982,23.1085519],[120.7006234,23.1085823],[120.7005935,23.1086031],[120.7008014,23.1088585],[120.7007912,23.1088656],[120.7008253,23.1089075],[120.700837,23.1088993],[120.7010442,23.1091531],[120.7010761,23.1091309],[120.7010992,23.1091593],[120.7010759,23.1091903],[120.7010937,23.1092021],[120.7011085,23.1092119],[120.7010549,23.1092812],[120.7010343,23.1092676],[120.700999,23.1093133],[120.7011301,23.1094001],[120.7011665,23.109353],[120.7012077,23.1093803],[120.7012046,23.1093843],[120.701238,23.1094064],[120.7012198,23.10943],[120.7012545,23.109453],[120.7012473,23.1094623],[120.7014216,23.109576],[120.7014217,23.1095761],[120.7014422,23.1095467],[120.7016731,23.1096846],[120.7016606,23.1097025],[120.7016916,23.109721],[120.7016818,23.1097349],[120.7017651,23.1097858],[120.7017924,23.1097467],[120.701804,23.1097536],[120.7017873,23.1097775],[120.701901,23.1098455],[120.7019126,23.1098288],[120.7019899,23.109875],[120.7019694,23.1099043],[120.7023344,23.1101224],[120.7023501,23.1101],[120.7023884,23.1101229],[120.7023719,23.1101457],[120.7024107,23.1101696],[120.7024131,23.1101666],[120.7026566,23.1103122],[120.7027006,23.1103386],[120.7027232,23.1103089],[120.7027591,23.110329]]]}},{"type":"Feature","properties":{"source":"NLSC_W84_BUILD_2023","record":753009,"settlement":"寶山","risk":"low","height":12},"geometry":{"type":"Polygon","coordinates":[[[120.702509,23.1081092],[120.702439,23.1080798],[120.7023965,23.1081665],[120.7024678,23.1081963],[120.7024594,23.1082133],[120.7024956,23.1082283],[120.7025233,23.1081716],[120.702486,23.108156],[120.702509,23.1081092]]]}},{"type":"Feature","properties":{"source":"NLSC_W84_BUILD_2023","record":753079,"settlement":"寶山","risk":"low","height":24},"geometry":{"type":"Polygon","coordinates":[[[120.7011486,23.1104066],[120.7010545,23.1103668],[120.7010116,23.1104535],[120.7011057,23.1104933],[120.7011486,23.1104066]]]}},{"type":"Feature","properties":{"source":"NLSC_W84_BUILD_2023","record":753059,"settlement":"寶山","risk":"low","height":16},"geometry":{"type":"Polygon","coordinates":[[[120.701474,23.1098287],[120.7013499,23.1097475],[120.7012819,23.1098367],[120.7013105,23.109875],[120.7013571,23.1099183],[120.7013422,23.1099393],[120.7013681,23.1099573],[120.701474,23.1098287]]]}},{"type":"Feature","properties":{"source":"NLSC_W84_BUILD_2023","record":753026,"settlement":"寶山","risk":"low","height":14},"geometry":{"type":"Polygon","coordinates":[[[120.7019518,23.1088797],[120.701987,23.1088538],[120.7020169,23.1088886],[120.7020529,23.1088622],[120.7020231,23.1088275],[120.7020406,23.1088146],[120.7020515,23.1088273],[120.7021107,23.1087837],[120.7021005,23.1087718],[120.702155,23.1087317],[120.7020809,23.1086455],[120.7018804,23.108793],[120.7018951,23.1088101],[120.7017892,23.108884],[120.7018554,23.1089652],[120.7019613,23.1088913],[120.7019518,23.1088797]]]}},{"type":"Feature","properties":{"source":"NLSC_W84_BUILD_2023","record":753077,"settlement":"寶山","risk":"low","height":20},"geometry":{"type":"Polygon","coordinates":[[[120.7010186,23.1103539],[120.7009397,23.1103133],[120.700894,23.1103894],[120.7009731,23.1104299],[120.7010186,23.1103539]]]}},{"type":"Feature","properties":{"source":"NLSC_W84_BUILD_2023","record":753007,"settlement":"寶山","risk":"low","height":24},"geometry":{"type":"Polygon","coordinates":[[[120.7023586,23.1081162],[120.7023879,23.1080622],[120.7023927,23.1080645],[120.7024448,23.1079656],[120.7022953,23.1078985],[120.702242,23.108],[120.7023175,23.1080339],[120.7022781,23.1081089],[120.7022018,23.1080746],[120.7021829,23.1081106],[120.7022608,23.1081456],[120.702258,23.1081511],[120.7023232,23.1081804],[120.7023527,23.1081934],[120.7023874,23.1081296],[120.7023586,23.1081162]]]}},{"type":"Feature","properties":{"source":"NLSC_W84_BUILD_2023","record":753022,"settlement":"寶山","risk":"low","height":22},"geometry":{"type":"Polygon","coordinates":[[[120.7019514,23.1086577],[120.7018996,23.1085953],[120.701807,23.1086611],[120.7018587,23.1087232],[120.7019514,23.1086577]]]}},{"type":"Feature","properties":{"source":"NLSC_W84_BUILD_2023","record":753051,"settlement":"寶山","risk":"low","height":16},"geometry":{"type":"Polygon","coordinates":[[[120.7013368,23.1097368],[120.7011858,23.1096445],[120.7011103,23.1097502],[120.7012613,23.1098425],[120.7013368,23.1097368]]]}},{"type":"Feature","properties":{"source":"NLSC_W84_BUILD_2023","record":753033,"settlement":"寶山","risk":"low","height":12},"geometry":{"type":"Polygon","coordinates":[[[120.7016997,23.1090868],[120.7016495,23.1090246],[120.7014839,23.1091388],[120.7015341,23.109201],[120.7016997,23.1090868]]]}},{"type":"Feature","properties":{"source":"NLSC_W84_BUILD_2023","record":752478,"settlement":"寶山","risk":"low","height":22},"geometry":{"type":"Polygon","coordinates":[[[120.7020527,23.1085431],[120.7018362,23.1083125],[120.701793,23.1083428],[120.7020179,23.1085776],[120.7020592,23.1085505],[120.7020594,23.1085503],[120.7020527,23.1085431]]]}},{"type":"Feature","properties":{"source":"NLSC_W84_BUILD_2023","record":753078,"settlement":"寶山","risk":"low","height":22},"geometry":{"type":"Polygon","coordinates":[[[120.7008025,23.1103922],[120.7007617,23.1103577],[120.7007063,23.1104139],[120.7007471,23.1104483],[120.7008025,23.1103922]]]}},{"type":"Feature","properties":{"source":"NLSC_W84_BUILD_2023","record":753019,"settlement":"寶山","risk":"low","height":16},"geometry":{"type":"Polygon","coordinates":[[[120.701886,23.1085765],[120.7018358,23.1085157],[120.7017415,23.1085824],[120.7017919,23.1086434],[120.701886,23.1085765]]]}},{"type":"Feature","properties":{"source":"NLSC_W84_BUILD_2023","record":752998,"settlement":"寶山","risk":"low","height":22},"geometry":{"type":"Polygon","coordinates":[[[120.7023765,23.1078376],[120.7022081,23.1077618],[120.7021765,23.107822],[120.7023448,23.1078978],[120.7023765,23.1078376]]]}},{"type":"Feature","properties":{"source":"NLSC_W84_BUILD_2023","record":752993,"settlement":"寶山","risk":"low","height":12},"geometry":{"type":"Polygon","coordinates":[[[120.7022029,23.1077135],[120.7020794,23.1076027],[120.7019444,23.1077292],[120.7020733,23.1078458],[120.7022029,23.1077135]]]}},{"type":"Feature","properties":{"source":"NLSC_W84_BUILD_2023","record":753013,"settlement":"寶山","risk":"low","height":20},"geometry":{"type":"Polygon","coordinates":[[[120.7017307,23.108433],[120.7016225,23.1083069],[120.7015444,23.1083643],[120.7016527,23.1084904],[120.7017307,23.108433]]]}},{"type":"Feature","properties":{"source":"NLSC_W84_BUILD_2023","record":753065,"settlement":"寶山","risk":"low","height":12},"geometry":{"type":"Polygon","coordinates":[[[120.7006413,23.110084],[120.7007086,23.1100296],[120.7006745,23.1099917],[120.7006013,23.1100481],[120.7006303,23.1100802],[120.7006345,23.1100768],[120.7006413,23.110084]]]}},{"type":"Feature","properties":{"source":"NLSC_W84_BUILD_2023","record":753044,"settlement":"寶山","risk":"low","height":18},"geometry":{"type":"Polygon","coordinates":[[[120.7010601,23.1097105],[120.7011206,23.1096248],[120.7006978,23.1093695],[120.700596,23.1095137],[120.7006358,23.1095378],[120.7006163,23.1095667],[120.7006896,23.1096091],[120.7006762,23.1096279],[120.7006936,23.1096385],[120.7006998,23.1096295],[120.7007151,23.1096386],[120.7007252,23.1096241],[120.7007337,23.1096293],[120.7007675,23.1095809],[120.700658,23.1095155],[120.7006747,23.1094916],[120.7007691,23.109548],[120.700775,23.1095395],[120.700807,23.1095588],[120.700795,23.1095757],[120.7009241,23.1096536],[120.7009366,23.1096359],[120.7010601,23.1097105]]]}},{"type":"Feature","properties":{"source":"NLSC_W84_BUILD_2023","record":753015,"settlement":"寶山","risk":"low","height":24},"geometry":{"type":"Polygon","coordinates":[[[120.7014683,23.1085155],[120.7014154,23.1084417],[120.7013648,23.1084731],[120.7013777,23.1084903],[120.701378,23.1084995],[120.7013817,23.1085091],[120.7013891,23.1085187],[120.7013966,23.1085258],[120.7014059,23.1085318],[120.7014143,23.1085357],[120.70142,23.1085393],[120.7014278,23.1085488],[120.7014683,23.1085155]]]}},{"type":"Feature","properties":{"source":"NLSC_W84_BUILD_2023","record":753063,"settlement":"寶山","risk":"low","height":24},"geometry":{"type":"Polygon","coordinates":[[[120.7006716,23.1099811],[120.7005416,23.1098349],[120.7004476,23.1099065],[120.7005775,23.1100527],[120.7006716,23.1099811]]]}},{"type":"Feature","properties":{"source":"NLSC_W84_BUILD_2023","record":753049,"settlement":"寶山","risk":"low","height":12},"geometry":{"type":"Polygon","coordinates":[[[120.700473,23.1098141],[120.7005094,23.109785],[120.7005139,23.1097892],[120.7005993,23.1097213],[120.7005024,23.1096197],[120.7004871,23.1096396],[120.7004737,23.1096302],[120.700453,23.1096579],[120.7004356,23.1096463],[120.7004107,23.1096798],[120.7004272,23.1096907],[120.7004091,23.1097183],[120.7004563,23.1097508],[120.7004421,23.1097668],[120.7004777,23.1097928],[120.7004645,23.1098065],[120.700473,23.1098141]]]}},{"type":"Feature","properties":{"source":"NLSC_W84_BUILD_2023","record":753005,"settlement":"寶山","risk":"low","height":20},"geometry":{"type":"Polygon","coordinates":[[[120.7013281,23.1079348],[120.7013597,23.1079117],[120.7013462,23.1078959],[120.7013845,23.1078673],[120.7014006,23.1078848],[120.7014549,23.1078404],[120.7014637,23.1078504],[120.7014302,23.1078756],[120.701541,23.1080014],[120.7016414,23.108106],[120.7017953,23.10799],[120.7017008,23.1078827],[120.7016694,23.1079064],[120.7016424,23.1078758],[120.7015981,23.1079092],[120.7015107,23.10781],[120.7015404,23.1077876],[120.7015815,23.1077566],[120.7014996,23.1076637],[120.7013923,23.1077446],[120.7013826,23.1077336],[120.7013096,23.1077858],[120.7013225,23.1077999],[120.7012853,23.1078246],[120.7012273,23.1077567],[120.7011925,23.1077822],[120.7013281,23.1079348]]]}},{"type":"Feature","properties":{"source":"NLSC_W84_BUILD_2023","record":753070,"settlement":"寶山","risk":"low","height":22},"geometry":{"type":"Polygon","coordinates":[[[120.7001418,23.110189],[120.7000782,23.1101819],[120.7000738,23.1102158],[120.7001374,23.1102229],[120.7001418,23.110189]]]}},{"type":"Feature","properties":{"source":"NLSC_W84_BUILD_2023","record":752444,"settlement":"寶山","risk":"low","height":18},"geometry":{"type":"Polygon","coordinates":[[[120.701786,23.1074394],[120.7017062,23.1073559],[120.7016595,23.107389],[120.701672,23.1074026],[120.7017367,23.107473],[120.7017627,23.1074552],[120.701786,23.1074394]]]}},{"type":"Feature","properties":{"source":"NLSC_W84_BUILD_2023","record":753042,"settlement":"寶山","risk":"low","height":14},"geometry":{"type":"Polygon","coordinates":[[[120.7004031,23.1095617],[120.7004213,23.1095364],[120.7004563,23.1095585],[120.7005867,23.1093824],[120.7005033,23.1093295],[120.7003729,23.1095057],[120.7003796,23.10951],[120.7003613,23.1095354],[120.7003269,23.1095822],[120.7003686,23.1096085],[120.7004031,23.1095617]]]}},{"type":"Feature","properties":{"source":"NLSC_W84_BUILD_2023","record":752281,"settlement":"寶山","risk":"low","height":12},"geometry":{"type":"Polygon","coordinates":[[[120.703676,23.1045869],[120.7036342,23.1045737],[120.7036181,23.1046126],[120.7036608,23.1046251],[120.703676,23.1045869]]]}},{"type":"Feature","properties":{"source":"NLSC_W84_BUILD_2023","record":752418,"settlement":"寶山","risk":"low","height":14},"geometry":{"type":"Polygon","coordinates":[[[120.7024389,23.1063073],[120.7024195,23.1062331],[120.7023814,23.1062412],[120.702369,23.1062041],[120.7022661,23.1062233],[120.7022845,23.1062776],[120.7023009,23.1062746],[120.7023197,23.1063315],[120.7024389,23.1063073]]]}},{"type":"Feature","properties":{"source":"NLSC_W84_BUILD_2023","record":752842,"settlement":"寶山","risk":"low","height":14},"geometry":{"type":"Polygon","coordinates":[[[120.7035295,23.1046374],[120.7034357,23.1046219],[120.7034288,23.104651],[120.7035232,23.1046649],[120.7035295,23.1046374]]]}},{"type":"Feature","properties":{"source":"NLSC_W84_BUILD_2023","record":752965,"settlement":"寶山","risk":"low","height":20},"geometry":{"type":"Polygon","coordinates":[[[120.7016499,23.1073922],[120.7016178,23.1073486],[120.7015981,23.107361],[120.7015852,23.1073437],[120.7015473,23.1073682],[120.7015534,23.1073762],[120.7015305,23.1073905],[120.7015143,23.1073687],[120.7014761,23.1073932],[120.7014921,23.1074145],[120.7015306,23.1074671],[120.7016499,23.1073922]]]}},{"type":"Feature","properties":{"source":"NLSC_W84_BUILD_2023","record":753060,"settlement":"寶山","risk":"low","height":18},"geometry":{"type":"Polygon","coordinates":[[[120.7000106,23.1099248],[120.7000265,23.109913],[120.7000463,23.109936],[120.7001153,23.1098848],[120.7001006,23.109868],[120.7001436,23.1098361],[120.7001617,23.109857],[120.7002552,23.1097877],[120.7001944,23.1097175],[120.6999797,23.1098766],[120.6999598,23.1098537],[120.6999218,23.1098819],[120.7000013,23.1099737],[120.7000327,23.1099503],[120.7000106,23.1099248]]]}},{"type":"Feature","properties":{"source":"NLSC_W84_BUILD_2023","record":752452,"settlement":"寶山","risk":"low","height":18},"geometry":{"type":"Polygon","coordinates":[[[120.7013131,23.1077377],[120.7012886,23.1077061],[120.7012553,23.1077275],[120.70128,23.1077596],[120.7013131,23.1077377]]]}},{"type":"Feature","properties":{"source":"NLSC_W84_BUILD_2023","record":752955,"settlement":"寶山","risk":"low","height":16},"geometry":{"type":"Polygon","coordinates":[[[120.7017571,23.1072389],[120.7014931,23.1069714],[120.7013736,23.1070642],[120.701666,23.1073532],[120.7017514,23.1072811],[120.7017313,23.1072607],[120.7017571,23.1072389]]]}},{"type":"Feature","properties":{"source":"NLSC_W84_BUILD_2023","record":752900,"settlement":"寶山","risk":"low","height":18},"geometry":{"type":"Polygon","coordinates":[[[120.7023633,23.1059849],[120.702178,23.1059823],[120.702177,23.1061019],[120.7023695,23.1060983],[120.7023633,23.1059849]]]}},{"type":"Feature","properties":{"source":"NLSC_W84_BUILD_2023","record":752470,"settlement":"寶山","risk":"low","height":22},"geometry":{"type":"Polygon","coordinates":[[[120.7013281,23.1079348],[120.7011771,23.1077787],[120.7010861,23.107854],[120.7010939,23.1078622],[120.7010273,23.1079121],[120.7010197,23.1079029],[120.7010116,23.1078938],[120.700966,23.1079229],[120.7009702,23.1079281],[120.7008668,23.1080011],[120.70092,23.1080656],[120.7008362,23.1081246],[120.7007732,23.1080482],[120.7007335,23.1080762],[120.7007304,23.1080724],[120.7006967,23.1080961],[120.7007317,23.1081385],[120.700662,23.1081877],[120.7006752,23.1082037],[120.7006082,23.108251],[120.7005589,23.1081946],[120.7005213,23.1082219],[120.7006763,23.108395],[120.7006815,23.1083907],[120.7009257,23.1082183],[120.7009059,23.1081943],[120.7009682,23.1081503],[120.7009891,23.1081757],[120.701118,23.1080847],[120.7011248,23.1080915],[120.701237,23.1080101],[120.7013281,23.1079348]]]}},{"type":"Feature","properties":{"source":"NLSC_W84_BUILD_2023","record":753148,"settlement":"寶山","risk":"low","height":18},"geometry":{"type":"Polygon","coordinates":[[[120.7008927,23.1076273],[120.7010096,23.1077242],[120.700991,23.1077393],[120.7010568,23.1078009],[120.7011391,23.107737],[120.7011173,23.1077099],[120.7011551,23.1076848],[120.7011819,23.1077175],[120.701219,23.1076946],[120.7012147,23.1076888],[120.7012556,23.1076649],[120.7014005,23.1075706],[120.7013476,23.107501],[120.7013975,23.1074696],[120.7013715,23.1074343],[120.7013605,23.1074412],[120.7013339,23.1074057],[120.7013005,23.1074272],[120.7013184,23.107451],[120.7013125,23.1074548],[120.7011738,23.1075451],[120.7011609,23.1075263],[120.70112,23.1075502],[120.701086,23.1074996],[120.7010457,23.1075228],[120.7010078,23.1075454],[120.7009604,23.1075759],[120.7009504,23.1075678],[120.7008927,23.1076273]]]}},{"type":"Feature","properties":{"source":"NLSC_W84_BUILD_2023","record":753030,"settlement":"寶山","risk":"low","height":22},"geometry":{"type":"Polygon","coordinates":[[[120.7005608,23.1090512],[120.7005908,23.1090124],[120.7005845,23.1089987],[120.7005588,23.1089756],[120.700572,23.1089579],[120.7005333,23.1089333],[120.7004795,23.1088608],[120.7004856,23.1088528],[120.7004496,23.1088295],[120.70038,23.1087807],[120.7003954,23.1087586],[120.7003618,23.1087382],[120.7003697,23.1087275],[120.7003363,23.1087061],[120.7003485,23.1086916],[120.7002888,23.1086209],[120.7001594,23.1087914],[120.7004086,23.1089538],[120.7004038,23.1089592],[120.7004787,23.1090033],[120.7004765,23.1090058],[120.7005156,23.1090297],[120.7005184,23.1090265],[120.7005408,23.1090398],[120.7005608,23.1090512]]]}},{"type":"Feature","properties":{"source":"NLSC_W84_BUILD_2023","record":753041,"settlement":"寶山","risk":"low","height":12},"geometry":{"type":"Polygon","coordinates":[[[120.7002639,23.1095634],[120.7005168,23.1092429],[120.7005107,23.1092393],[120.7005134,23.1092363],[120.7004743,23.1092121],[120.7004662,23.1092215],[120.7004287,23.1091951],[120.7004316,23.1091909],[120.7003988,23.1091722],[120.7004015,23.1091674],[120.7003692,23.1091464],[120.7003603,23.1091575],[120.7003283,23.1091375],[120.700317,23.1091494],[120.7002428,23.1091004],[120.7002525,23.1090855],[120.7001811,23.1090348],[120.7001733,23.1090453],[120.7001081,23.1090066],[120.7001102,23.1090032],[120.7000598,23.1089725],[120.7000656,23.1089644],[120.699955,23.1088983],[120.6999583,23.1088943],[120.6999318,23.1088781],[120.6999376,23.1088683],[120.6999262,23.1088597],[120.6999118,23.1088787],[120.6997279,23.1091267],[120.699744,23.1091379],[120.6996929,23.1092053],[120.6998294,23.1092936],[120.6998393,23.1092805],[120.6999079,23.1093249],[120.6999488,23.1092711],[120.7000103,23.109306],[120.7000058,23.1093177],[120.7000583,23.1093403],[120.7001251,23.109245],[120.700255,23.1093245],[120.7002328,23.1093531],[120.7002128,23.1093405],[120.7001951,23.1093292],[120.7001466,23.1093871],[120.7001434,23.109391],[120.7001423,23.1093902],[120.7001232,23.1093773],[120.7000735,23.1094387],[120.7002639,23.1095634]]]}},{"type":"Feature","properties":{"source":"NLSC_W84_BUILD_2023","record":752802,"settlement":"寶山","risk":"low","height":14},"geometry":{"type":"Polygon","coordinates":[[[120.7053848,23.1017831],[120.7053682,23.1017179],[120.7052686,23.1017397],[120.7052853,23.1018049],[120.7053848,23.1017831]]]}},{"type":"Feature","properties":{"source":"NLSC_W84_BUILD_2023","record":752948,"settlement":"寶山","risk":"low","height":18},"geometry":{"type":"Polygon","coordinates":[[[120.7012185,23.1070802],[120.701239,23.1070664],[120.701377,23.1072416],[120.7014356,23.107202],[120.70127,23.1069924],[120.7011361,23.1070829],[120.7013039,23.1072953],[120.7013594,23.1072576],[120.7012185,23.1070802]]]}},{"type":"Feature","properties":{"source":"NLSC_W84_BUILD_2023","record":752397,"settlement":"寶山","risk":"low","height":20},"geometry":{"type":"Polygon","coordinates":[[[120.7023519,23.1054254],[120.7023912,23.1054176],[120.7023926,23.1054247],[120.7025614,23.1053858],[120.7025715,23.1053657],[120.7025692,23.1053548],[120.7025516,23.1053439],[120.7025393,23.1053434],[120.702536,23.1053503],[120.7025289,23.1053512],[120.7025237,23.1053322],[120.7024651,23.1053457],[120.7024573,23.1053198],[120.7023756,23.1053379],[120.7023855,23.1053649],[120.7023717,23.1053685],[120.7023754,23.1053777],[120.7023412,23.1053842],[120.7023519,23.1054254]]]}},{"type":"Feature","properties":{"source":"NLSC_W84_BUILD_2023","record":755518,"settlement":"寶山","risk":"low","height":22},"geometry":{"type":"Polygon","coordinates":[[[120.7003609,23.1086221],[120.7006331,23.1084235],[120.7005758,23.108358],[120.7006075,23.1083343],[120.700506,23.1082184],[120.7004391,23.1082626],[120.7004054,23.1082878],[120.7004058,23.1082883],[120.7003692,23.108316],[120.7003657,23.108312],[120.7001963,23.1084391],[120.7003609,23.1086221]]]}},{"type":"Feature","properties":{"source":"NLSC_W84_BUILD_2023","record":752391,"settlement":"寶山","risk":"low","height":24},"geometry":{"type":"Polygon","coordinates":[[[120.7026035,23.1051971],[120.7025984,23.1051628],[120.7025762,23.1051677],[120.7025647,23.105143],[120.7025807,23.1051136],[120.7025335,23.1050976],[120.7024868,23.1051788],[120.7025694,23.1052163],[120.7025724,23.1052063],[120.7026035,23.1051971]]]}},{"type":"Feature","properties":{"source":"NLSC_W84_BUILD_2023","record":752889,"settlement":"寶山","risk":"low","height":12},"geometry":{"type":"Polygon","coordinates":[[[120.7020571,23.1058012],[120.7020172,23.1057847],[120.7019905,23.1058516],[120.7020282,23.1058724],[120.7020571,23.1058012]]]}},{"type":"Feature","properties":{"source":"NLSC_W84_BUILD_2023","record":752964,"settlement":"寶山","risk":"low","height":18},"geometry":{"type":"Polygon","coordinates":[[[120.7009182,23.1074599],[120.7010429,23.1073928],[120.7010635,23.1074243],[120.7011733,23.1073637],[120.7011737,23.1073644],[120.701286,23.1072998],[120.7011705,23.1071275],[120.7011305,23.1071505],[120.7011117,23.107121],[120.7010337,23.1071667],[120.7010571,23.1072027],[120.7009452,23.1072612],[120.7009491,23.107269],[120.7008032,23.1073531],[120.7008038,23.1073608],[120.7008585,23.1074084],[120.7008777,23.1073986],[120.7009165,23.107458],[120.7009182,23.1074599]]]}},{"type":"Feature","properties":{"source":"NLSC_W84_BUILD_2023","record":752884,"settlement":"寶山","risk":"low","height":18},"geometry":{"type":"Polygon","coordinates":[[[120.7020925,23.1057406],[120.7020179,23.1057247],[120.7019994,23.1057734],[120.7020739,23.1057871],[120.7020925,23.1057406]]]}},{"type":"Feature","properties":{"source":"NLSC_W84_BUILD_2023","record":752858,"settlement":"寶山","risk":"low","height":14},"geometry":{"type":"Polygon","coordinates":[[[120.7025019,23.1050935],[120.7024564,23.1050763],[120.7024224,23.1051534],[120.7024679,23.1051705],[120.7025019,23.1050935]]]}},{"type":"Feature","properties":{"source":"NLSC_W84_BUILD_2023","record":752392,"settlement":"寶山","risk":"low","height":10},"geometry":{"type":"Polygon","coordinates":[[[120.702398,23.105278],[120.7023963,23.1052414],[120.7023388,23.1052421],[120.7023386,23.1052311],[120.7022994,23.105232],[120.7023024,23.1052787],[120.702398,23.105278]]]}},{"type":"Feature","properties":{"source":"NLSC_W84_BUILD_2023","record":753149,"settlement":"寶山","risk":"low","height":20},"geometry":{"type":"Polygon","coordinates":[[[120.700991,23.1077393],[120.7008927,23.1076273],[120.70088,23.1076128],[120.7008063,23.1076656],[120.7008596,23.1077303],[120.7007471,23.1078097],[120.7006948,23.1077463],[120.7005947,23.1078187],[120.7005985,23.1078233],[120.7004144,23.1079532],[120.7004808,23.1080339],[120.7004458,23.1080586],[120.7004381,23.1080493],[120.7003325,23.1081239],[120.7002746,23.1080537],[120.7000959,23.1081798],[120.7000982,23.1081826],[120.7000286,23.1082317],[120.7001732,23.108407],[120.7004221,23.1082314],[120.7004156,23.1082234],[120.7004547,23.1081958],[120.7004663,23.1082098],[120.7008609,23.1079315],[120.7008509,23.1079194],[120.7009594,23.1078429],[120.700972,23.1078582],[120.7010431,23.1078083],[120.7010486,23.1078048],[120.700991,23.1077393]]]}},{"type":"Feature","properties":{"source":"NLSC_W84_BUILD_2023","record":752887,"settlement":"寶山","risk":"low","height":24},"geometry":{"type":"Polygon","coordinates":[[[120.7019735,23.1057838],[120.7019321,23.1057688],[120.7019043,23.1058348],[120.7019457,23.1058497],[120.7019735,23.1057838]]]}},{"type":"Feature","properties":{"source":"NLSC_W84_BUILD_2023","record":752857,"settlement":"寶山","risk":"low","height":12},"geometry":{"type":"Polygon","coordinates":[[[120.7024234,23.105061],[120.702376,23.1050497],[120.7023531,23.1051316],[120.7024004,23.1051429],[120.7024234,23.105061]]]}},{"type":"Feature","properties":{"source":"NLSC_W84_BUILD_2023","record":752399,"settlement":"寶山","risk":"low","height":24},"geometry":{"type":"Polygon","coordinates":[[[120.7022861,23.1054631],[120.7022701,23.1053746],[120.7021932,23.1053815],[120.7021957,23.1054201],[120.7021572,23.1054238],[120.7021803,23.1053476],[120.7021297,23.1053356],[120.7021028,23.1054149],[120.7021447,23.1054243],[120.7020385,23.1054382],[120.7020491,23.1054928],[120.7022861,23.1054631]]]}},{"type":"Feature","properties":{"source":"NLSC_W84_BUILD_2023","record":752422,"settlement":"寶山","risk":"low","height":22},"geometry":{"type":"Polygon","coordinates":[[[120.7013993,23.1065449],[120.7013577,23.1064899],[120.7013356,23.1064995],[120.7013814,23.1065743],[120.7014105,23.1065607],[120.7013993,23.1065449]]]}},{"type":"Feature","properties":{"source":"NLSC_W84_BUILD_2023","record":752393,"settlement":"寶山","risk":"low","height":12},"geometry":{"type":"Polygon","coordinates":[[[120.7022918,23.1052836],[120.7022856,23.1051609],[120.7022157,23.1051643],[120.7022283,23.1052868],[120.7022918,23.1052836]]]}},{"type":"Feature","properties":{"source":"NLSC_W84_BUILD_2023","record":753163,"settlement":"寶山","risk":"low","height":16},"geometry":{"type":"Polygon","coordinates":[[[120.708497,23.0979712],[120.7084328,23.0979293],[120.7083703,23.0980167],[120.7084311,23.0980547],[120.708497,23.0979712]]]}},{"type":"Feature","properties":{"source":"NLSC_W84_BUILD_2023","record":752855,"settlement":"寶山","risk":"low","height":24},"geometry":{"type":"Polygon","coordinates":[[[120.7023398,23.1050477],[120.7022941,23.1050442],[120.7022869,23.1051263],[120.7023325,23.1051296],[120.7023398,23.1050477]]]}},{"type":"Feature","properties":{"source":"NLSC_W84_BUILD_2023","record":752414,"settlement":"寶山","risk":"low","height":22},"geometry":{"type":"Polygon","coordinates":[[[120.7016813,23.1061164],[120.7016843,23.1060601],[120.7017437,23.1060649],[120.7017475,23.1060249],[120.7017533,23.1060253],[120.7017594,23.1059482],[120.701795,23.1059507],[120.7017975,23.10592],[120.7018172,23.1059215],[120.7018189,23.1058927],[120.7017909,23.1058564],[120.7017954,23.1057992],[120.7017738,23.105795],[120.701775,23.1057801],[120.7017488,23.1057784],[120.701735,23.1057773],[120.7017338,23.1057965],[120.7016854,23.105796],[120.7016506,23.105794],[120.7016145,23.1057932],[120.701613,23.1057626],[120.7015727,23.1057643],[120.7015729,23.1057687],[120.7015765,23.1058023],[120.7015803,23.1058021],[120.7015762,23.1058616],[120.7015758,23.1059304],[120.7015665,23.1060664],[120.701562,23.1060661],[120.7015589,23.1061106],[120.7015974,23.1061115],[120.7015978,23.1060968],[120.7016328,23.1060982],[120.701632,23.1061144],[120.7016813,23.1061164]]]}},{"type":"Feature","properties":{"source":"NLSC_W84_BUILD_2023","record":752398,"settlement":"寶山","risk":"low","height":22},"geometry":{"type":"Polygon","coordinates":[[[120.7021153,23.1053498],[120.7020631,23.1053339],[120.7020308,23.1054131],[120.7020851,23.1054282],[120.7021153,23.1053498]]]}},{"type":"Feature","properties":{"source":"NLSC_W84_BUILD_2023","record":752972,"settlement":"寶山","risk":"low","height":18},"geometry":{"type":"Polygon","coordinates":[[[120.7007442,23.1074361],[120.7006671,23.1073631],[120.7005634,23.1074543],[120.7006343,23.1075333],[120.7007442,23.1074361]]]}},{"type":"Feature","properties":{"source":"NLSC_W84_BUILD_2023","record":752282,"settlement":"寶山","risk":"low","height":14},"geometry":{"type":"Polygon","coordinates":[[[120.7022647,23.1050033],[120.7022161,23.1049975],[120.7022081,23.1050507],[120.7022553,23.1050564],[120.7022647,23.1050033]]]}},{"type":"Feature","properties":{"source":"NLSC_W84_BUILD_2023","record":752934,"settlement":"寶山","risk":"low","height":22},"geometry":{"type":"Polygon","coordinates":[[[120.7010257,23.1070193],[120.7009749,23.106938],[120.7008681,23.1069951],[120.7008565,23.1069766],[120.7009304,23.1069368],[120.7009362,23.1069464],[120.7009553,23.1069365],[120.7009441,23.1069182],[120.7009566,23.1069116],[120.7009107,23.1068381],[120.7007348,23.1069321],[120.7008484,23.1071141],[120.7010257,23.1070193]]]}},{"type":"Feature","properties":{"source":"NLSC_W84_BUILD_2023","record":752862,"settlement":"寶山","risk":"low","height":22},"geometry":{"type":"Polygon","coordinates":[[[120.7021089,23.1052953],[120.7021044,23.1052445],[120.7020681,23.1052498],[120.7020546,23.1051611],[120.7022008,23.1051046],[120.7021737,23.1050192],[120.7019271,23.1050939],[120.7019568,23.1051817],[120.7019733,23.1053107],[120.7019765,23.1053324],[120.7020735,23.1053208],[120.7020709,23.1052985],[120.7021089,23.1052953]]]}},{"type":"Feature","properties":{"source":"NLSC_W84_BUILD_2023","record":752868,"settlement":"寶山","risk":"low","height":18},"geometry":{"type":"Polygon","coordinates":[[[120.7019932,23.1054221],[120.7019914,23.1053676],[120.7019337,23.1053696],[120.7019271,23.1051176],[120.7019154,23.1051179],[120.701916,23.1051002],[120.7018654,23.1050988],[120.7018647,23.1051191],[120.7018617,23.1051191],[120.7018685,23.1053712],[120.7018892,23.1053707],[120.7018866,23.1054083],[120.7018923,23.105428],[120.7019381,23.1054553],[120.7019335,23.1054679],[120.7019954,23.1054907],[120.7019944,23.1054598],[120.7019932,23.1054221]]]}},{"type":"Feature","properties":{"source":"NLSC_W84_BUILD_2023","record":752289,"settlement":"寶山","risk":"low","height":12},"geometry":{"type":"Polygon","coordinates":[[[120.7015366,23.1058732],[120.7015043,23.1058696],[120.7015012,23.1058976],[120.701533,23.1059011],[120.7015366,23.1058732]]]}},{"type":"Feature","properties":{"source":"NLSC_W84_BUILD_2023","record":752461,"settlement":"寶山","risk":"low","height":20},"geometry":{"type":"Polygon","coordinates":[[[120.7000179,23.108127],[120.7000243,23.1081224],[120.7000377,23.1081384],[120.7001875,23.1080309],[120.7001506,23.1079869],[120.7001873,23.1079606],[120.7002219,23.108002],[120.7002996,23.1079462],[120.7002826,23.1079259],[120.7003541,23.1078747],[120.7003671,23.1078901],[120.7004018,23.1078652],[120.7004093,23.1078741],[120.7004472,23.1078468],[120.7004275,23.1078233],[120.7004935,23.1077759],[120.7005069,23.1077919],[120.7005799,23.1077396],[120.7005533,23.1077078],[120.7006198,23.1076601],[120.7004911,23.1075067],[120.7004648,23.1075255],[120.7004881,23.1075533],[120.7004475,23.1075824],[120.7004503,23.1075857],[120.7003782,23.1076374],[120.7003543,23.1076089],[120.7003664,23.1076002],[120.7002952,23.1075154],[120.7002142,23.1075736],[120.7002934,23.1076679],[120.7002547,23.1076957],[120.7002374,23.107675],[120.7002023,23.1077002],[120.7002724,23.1077837],[120.7002454,23.1078027],[120.7002571,23.1078155],[120.700215,23.1078457],[120.7001675,23.1077891],[120.7000911,23.1078439],[120.7001086,23.1078647],[120.7000322,23.1079195],[120.7000465,23.1079365],[120.7000351,23.1079448],[120.699994,23.1078959],[120.699988,23.1079002],[120.6999592,23.1078658],[120.6999679,23.1078595],[120.69993,23.1078144],[120.6998443,23.1078759],[120.6998004,23.1079111],[120.6998058,23.1079175],[120.6997997,23.1079218],[120.6998343,23.1079631],[120.6998455,23.107955],[120.6999032,23.1080238],[120.6998727,23.1080457],[120.6999812,23.108175],[120.7000292,23.1081406],[120.7000179,23.108127]]]}},{"type":"Feature","properties":{"source":"NLSC_W84_BUILD_2023","record":752876,"settlement":"寶山","risk":"low","height":18},"geometry":{"type":"Polygon","coordinates":[[[120.7016249,23.1056141],[120.7016238,23.1055204],[120.7015582,23.1055211],[120.7015594,23.1056152],[120.7016249,23.1056141]]]}},{"type":"Feature","properties":{"source":"NLSC_W84_BUILD_2023","record":752898,"settlement":"寶山","risk":"low","height":14},"geometry":{"type":"Polygon","coordinates":[[[120.7014392,23.1060815],[120.7014406,23.1057592],[120.7014525,23.1057592],[120.701453,23.1056665],[120.7014038,23.1056662],[120.7014035,23.1056534],[120.7013729,23.1056539],[120.7013732,23.1056661],[120.7013727,23.105748],[120.7013236,23.1057477],[120.7013215,23.106081],[120.7014392,23.1060815]]]}},{"type":"Feature","properties":{"source":"NLSC_W84_BUILD_2023","record":752967,"settlement":"寶山","risk":"low","height":24},"geometry":{"type":"Polygon","coordinates":[[[120.7004755,23.1074381],[120.700321,23.1072578],[120.7002354,23.1073206],[120.7002335,23.1073185],[120.7001745,23.1073637],[120.7002313,23.1074271],[120.7002903,23.107382],[120.7003019,23.1073948],[120.7003327,23.1073696],[120.7004222,23.1074772],[120.7004755,23.1074381]]]}},{"type":"Feature","properties":{"source":"NLSC_W84_BUILD_2023","record":752873,"settlement":"寶山","risk":"low","height":12},"geometry":{"type":"Polygon","coordinates":[[[120.7015524,23.1055792],[120.7015505,23.1055339],[120.7014548,23.1055373],[120.7014567,23.1055826],[120.7015524,23.1055792]]]}},{"type":"Feature","properties":{"source":"NLSC_W84_BUILD_2023","record":752983,"settlement":"寶山","risk":"low","height":24},"geometry":{"type":"Polygon","coordinates":[[[120.7001235,23.1077279],[120.7001621,23.107693],[120.7001908,23.1077204],[120.7002064,23.1077063],[120.700196,23.1076965],[120.7002358,23.1076614],[120.7002154,23.107642],[120.7002225,23.1076354],[120.7001852,23.1076014],[120.7001562,23.1076288],[120.7000403,23.1075239],[120.6999706,23.1075898],[120.7001235,23.1077279]]]}},{"type":"Feature","properties":{"source":"NLSC_W84_BUILD_2023","record":752987,"settlement":"寶山","risk":"low","height":16},"geometry":{"type":"Polygon","coordinates":[[[120.7001363,23.1077642],[120.6999669,23.1076127],[120.6999303,23.1076477],[120.7000998,23.1077992],[120.7001363,23.1077642]]]}},{"type":"Feature","properties":{"source":"NLSC_W84_BUILD_2023","record":752945,"settlement":"寶山","risk":"low","height":12},"geometry":{"type":"Polygon","coordinates":[[[120.7003023,23.1072176],[120.7002781,23.1071893],[120.7002471,23.107212],[120.7002713,23.1072403],[120.7003023,23.1072176]]]}},{"type":"Feature","properties":{"source":"NLSC_W84_BUILD_2023","record":752922,"settlement":"寶山","risk":"low","height":14},"geometry":{"type":"Polygon","coordinates":[[[120.7006952,23.1067546],[120.700678,23.1067223],[120.7006467,23.1066625],[120.7006355,23.1066676],[120.7005944,23.1065858],[120.7005738,23.1065947],[120.7005071,23.106625],[120.7005178,23.1066452],[120.7005036,23.1066525],[120.7005134,23.1066688],[120.7005267,23.1066619],[120.7005817,23.1067655],[120.700621,23.1067479],[120.7006355,23.1067779],[120.7006952,23.1067546]]]}},{"type":"Feature","properties":{"source":"NLSC_W84_BUILD_2023","record":752925,"settlement":"寶山","risk":"low","height":20},"geometry":{"type":"Polygon","coordinates":[[[120.7005546,23.1068386],[120.7004964,23.1067729],[120.70037,23.1068689],[120.7003625,23.106877],[120.7004196,23.1069412],[120.7005546,23.1068386]]]}},{"type":"Feature","properties":{"source":"NLSC_W84_BUILD_2023","record":752871,"settlement":"寶山","risk":"low","height":24},"geometry":{"type":"Polygon","coordinates":[[[120.7016222,23.105506],[120.7016156,23.1053527],[120.7016136,23.1053212],[120.7016178,23.105321],[120.7016111,23.1051744],[120.701606,23.1051746],[120.701594,23.1049599],[120.7014948,23.1049648],[120.7014966,23.1049971],[120.7015068,23.1051785],[120.7015089,23.1052258],[120.7013997,23.1052298],[120.701399,23.1052111],[120.7013921,23.1052113],[120.7013831,23.1050158],[120.7013106,23.1050187],[120.7013118,23.1050459],[120.7012881,23.1050463],[120.7012888,23.1050904],[120.7013139,23.1050901],[120.7013159,23.1051342],[120.7012903,23.1051346],[120.7012912,23.1051773],[120.7012632,23.1051778],[120.701264,23.1052153],[120.7012756,23.105215],[120.7012785,23.1052945],[120.7012682,23.1052947],[120.7012692,23.1053365],[120.7012974,23.1053358],[120.7012985,23.1053796],[120.7013242,23.105379],[120.701326,23.1054267],[120.7013027,23.1054271],[120.7013034,23.1054648],[120.7013275,23.1054644],[120.7013283,23.1054828],[120.7012841,23.1054843],[120.7012863,23.1055387],[120.7012904,23.1055443],[120.7014326,23.1055394],[120.7014322,23.1055288],[120.7014474,23.1055282],[120.7014471,23.1055219],[120.7015088,23.1055216],[120.7015089,23.1055101],[120.7015246,23.1055096],[120.7016222,23.105506]]]}},{"type":"Feature","properties":{"source":"NLSC_W84_BUILD_2023","record":752942,"settlement":"寶山","risk":"low","height":22},"geometry":{"type":"Polygon","coordinates":[[[120.7001978,23.1071506],[120.700116,23.1070706],[120.7000582,23.1071196],[120.7001409,23.1072004],[120.7001978,23.1071506]]]}},{"type":"Feature","properties":{"source":"NLSC_W84_BUILD_2023","record":752881,"settlement":"寶山","risk":"low","height":12},"geometry":{"type":"Polygon","coordinates":[[[120.7011154,23.1055515],[120.7010795,23.1054811],[120.7009752,23.1055301],[120.7009374,23.1054741],[120.7009126,23.1054876],[120.7008893,23.1054868],[120.7008737,23.1054907],[120.7008531,23.1054954],[120.7008317,23.1055098],[120.7008194,23.1055238],[120.7008105,23.1055433],[120.7008953,23.1056922],[120.7009961,23.1056414],[120.7009869,23.1056185],[120.7011154,23.1055515]]]}},{"type":"Feature","properties":{"source":"NLSC_W84_BUILD_2023","record":752879,"settlement":"寶山","risk":"low","height":24},"geometry":{"type":"Polygon","coordinates":[[[120.7008305,23.105628],[120.7008018,23.1055878],[120.7007677,23.1056087],[120.7007965,23.1056489],[120.7008305,23.105628]]]}},{"type":"Feature","properties":{"source":"NLSC_W84_BUILD_2023","record":752923,"settlement":"寶山","risk":"low","height":16},"geometry":{"type":"Polygon","coordinates":[[[120.7002463,23.1066579],[120.7002159,23.1066284],[120.7002084,23.1066348],[120.7002073,23.1066346],[120.7001752,23.1066063],[120.7001749,23.106595],[120.7001461,23.1065948],[120.700146,23.1066044],[120.7001292,23.1065899],[120.7001383,23.1065822],[120.7001151,23.1065593],[120.7001159,23.1065585],[120.6999537,23.1064018],[120.6999596,23.1063967],[120.6999414,23.106379],[120.6999724,23.1063543],[120.6999467,23.1063268],[120.6999143,23.1063527],[120.6998979,23.1063368],[120.6998166,23.1064031],[120.6998478,23.1064333],[120.6998002,23.1064752],[120.6998339,23.1065079],[120.699995,23.1066634],[120.7000187,23.1066868],[120.7000143,23.1066906],[120.7001475,23.106809],[120.7002211,23.1066923],[120.700216,23.1066868],[120.7002463,23.1066579]]]}},{"type":"Feature","properties":{"source":"NLSC_W84_BUILD_2023","record":752911,"settlement":"寶山","risk":"low","height":24},"geometry":{"type":"Polygon","coordinates":[[[120.7001617,23.1062802],[120.700218,23.1062457],[120.7002179,23.1062456],[120.7002223,23.1062424],[120.7002311,23.106253],[120.7002721,23.1062261],[120.7002492,23.1061991],[120.7002624,23.1061908],[120.7002543,23.1061825],[120.7001885,23.1061061],[120.7001564,23.1061298],[120.7000199,23.1062233],[120.7000658,23.1062807],[120.7000753,23.1062741],[120.7001701,23.106404],[120.7002307,23.1063693],[120.7001617,23.1062802]]]}},{"type":"Feature","properties":{"source":"NLSC_W84_BUILD_2023","record":752880,"settlement":"寶山","risk":"low","height":10},"geometry":{"type":"Polygon","coordinates":[[[120.7006137,23.1056174],[120.7005606,23.1055527],[120.7005506,23.1055597],[120.7005439,23.1055517],[120.7005174,23.1055708],[120.7005239,23.1055785],[120.7005161,23.1055839],[120.7005692,23.1056486],[120.7006137,23.1056174]]]}},{"type":"Feature","properties":{"source":"NLSC_W84_BUILD_2023","record":752875,"settlement":"寶山","risk":"low","height":16},"geometry":{"type":"Polygon","coordinates":[[[120.7004597,23.1054619],[120.7004254,23.1054398],[120.7003961,23.1054832],[120.7004156,23.1054944],[120.700377,23.1055511],[120.7004746,23.1056073],[120.7005194,23.1055469],[120.700433,23.1055025],[120.7004597,23.1054619]]]}},{"type":"Feature","properties":{"source":"NLSC_W84_BUILD_2023","record":752866,"settlement":"寶山","risk":"low","height":14},"geometry":{"type":"Polygon","coordinates":[[[120.7004034,23.1054151],[120.700378,23.1053942],[120.7003629,23.1054098],[120.7003486,23.1053985],[120.7003187,23.1054307],[120.7003331,23.1054422],[120.700359,23.1054625],[120.7003888,23.1054303],[120.7004034,23.1054151]]]}},{"type":"Feature","properties":{"source":"NLSC_W84_BUILD_2023","record":752780,"settlement":"寶山","risk":"low","height":18},"geometry":{"type":"Polygon","coordinates":[[[120.7012543,23.0998291],[120.7012534,23.0997904],[120.7011889,23.0997917],[120.7011898,23.0998303],[120.7012543,23.0998291]]]}},{"type":"Feature","properties":{"source":"NLSC_W84_BUILD_2023","record":752733,"settlement":"寶山","risk":"low","height":20},"geometry":{"type":"Polygon","coordinates":[[[120.7001577,23.0963978],[120.7001332,23.0963912],[120.7001186,23.0964419],[120.7001447,23.0964485],[120.7001577,23.0963978]]]}},{"type":"Feature","properties":{"source":"NLSC_W84_BUILD_2023","record":754909,"settlement":"勤和","risk":"high","height":20},"geometry":{"type":"Polygon","coordinates":[[[120.722366,23.2499335],[120.7223544,23.2498617],[120.7222957,23.2498698],[120.7223073,23.2499416],[120.722366,23.2499335]]]}},{"type":"Feature","properties":{"source":"NLSC_W84_BUILD_2023","record":753915,"settlement":"高中","risk":"medium","height":16},"geometry":{"type":"Polygon","coordinates":[[[120.7026374,23.220115],[120.7026317,23.220079],[120.7025817,23.2200851],[120.7025887,23.2201225],[120.7026374,23.220115]]]}},{"type":"Feature","properties":{"source":"NLSC_W84_BUILD_2023","record":754917,"settlement":"勤和","risk":"high","height":20},"geometry":{"type":"Polygon","coordinates":[[[120.7276102,23.26008],[120.727557,23.2600631],[120.7275218,23.2601506],[120.7275699,23.2601689],[120.7276102,23.26008]]]}},{"type":"Feature","properties":{"source":"NLSC_W84_BUILD_2023","record":754916,"settlement":"勤和","risk":"high","height":18},"geometry":{"type":"Polygon","coordinates":[[[120.7274271,23.2600003],[120.7273727,23.2599838],[120.7273496,23.2600484],[120.727404,23.260065],[120.7274271,23.2600003]]]}},{"type":"Feature","properties":{"source":"NLSC_W84_BUILD_2023","record":753928,"settlement":"桃源","risk":"medium","height":10},"geometry":{"type":"Polygon","coordinates":[[[120.706975,23.2286916],[120.7069437,23.2286289],[120.7069116,23.2286436],[120.7069418,23.2287054],[120.706975,23.2286916]]]}},{"type":"Feature","properties":{"source":"NLSC_W84_BUILD_2023","record":754272,"settlement":"高中","risk":"medium","height":10},"geometry":{"type":"Polygon","coordinates":[[[120.7021401,23.2227322],[120.7020892,23.2226939],[120.7020619,23.2227168],[120.7020637,23.2227199],[120.7020706,23.2227275],[120.7020826,23.222739],[120.7020939,23.2227478],[120.7021168,23.2227584],[120.7021401,23.2227322]]]}},{"type":"Feature","properties":{"source":"NLSC_W84_BUILD_2023","record":754317,"settlement":"桃源","risk":"medium","height":20},"geometry":{"type":"Polygon","coordinates":[[[120.7053509,23.2312491],[120.7053206,23.2311928],[120.7052452,23.2312275],[120.7052754,23.2312838],[120.7053509,23.2312491]]]}},{"type":"Feature","properties":{"source":"NLSC_W84_BUILD_2023","record":754330,"settlement":"桃源","risk":"medium","height":14},"geometry":{"type":"Polygon","coordinates":[[[120.7064792,23.2340921],[120.7064415,23.2340751],[120.7064134,23.2341331],[120.7064503,23.2341489],[120.7064792,23.2340921]]]}},{"type":"Feature","properties":{"source":"NLSC_W84_BUILD_2023","record":755113,"settlement":"拉芙蘭","risk":"medium","height":12},"geometry":{"type":"Polygon","coordinates":[[[120.7314612,23.2847967],[120.7314118,23.2847552],[120.7313629,23.2848048],[120.7314123,23.2848463],[120.7314612,23.2847967]]]}},{"type":"Feature","properties":{"source":"NLSC_W84_BUILD_2023","record":754358,"settlement":"桃源","risk":"medium","height":22},"geometry":{"type":"Polygon","coordinates":[[[120.7079485,23.2373612],[120.7079215,23.2372668],[120.7078546,23.2372835],[120.707878,23.2373522],[120.7079026,23.2373454],[120.7079091,23.237372],[120.7079485,23.2373612]]]}},{"type":"Feature","properties":{"source":"NLSC_W84_BUILD_2023","record":754907,"settlement":"桃源","risk":"medium","height":16},"geometry":{"type":"Polygon","coordinates":[[[120.7102404,23.241353],[120.7102214,23.2412831],[120.7101682,23.2413002],[120.7101885,23.2413675],[120.7102404,23.241353]]]}},{"type":"Feature","properties":{"source":"NLSC_W84_BUILD_2023","record":751309,"settlement":"拉芙蘭","risk":"medium","height":20},"geometry":{"type":"Polygon","coordinates":[[[120.7278314,23.2781868],[120.7277962,23.2781549],[120.7277627,23.2781834],[120.727797,23.2782171],[120.7278314,23.2781868]]]}},{"type":"Feature","properties":{"source":"NLSC_W84_BUILD_2023","record":754303,"settlement":"桃源","risk":"medium","height":24},"geometry":{"type":"Polygon","coordinates":[[[120.7025497,23.2294825],[120.7025404,23.2294238],[120.7023743,23.2294568],[120.7023854,23.229509],[120.7024282,23.2295079],[120.7025497,23.2294825]]]}},{"type":"Feature","properties":{"source":"NLSC_W84_BUILD_2023","record":754302,"settlement":"桃源","risk":"medium","height":22},"geometry":{"type":"Polygon","coordinates":[[[120.702038,23.2294477],[120.7020095,23.2293874],[120.7018892,23.2294359],[120.7019177,23.2294962],[120.702038,23.2294477]]]}},{"type":"Feature","properties":{"source":"NLSC_W84_BUILD_2023","record":754911,"settlement":"勤和","risk":"high","height":24},"geometry":{"type":"Polygon","coordinates":[[[120.7157122,23.2531084],[120.7156724,23.253102],[120.7156629,23.253154],[120.7156898,23.2531586],[120.7157082,23.2531618],[120.7157187,23.2531095],[120.7157122,23.2531084]]]}},{"type":"Feature","properties":{"source":"NLSC_W84_BUILD_2023","record":751485,"settlement":"拉芙蘭","risk":"medium","height":20},"geometry":{"type":"Polygon","coordinates":[[[120.7281847,23.2821381],[120.7281441,23.2820958],[120.7280259,23.2821797],[120.7280775,23.2822357],[120.7281093,23.2822123],[120.7280964,23.2821994],[120.7281847,23.2821381]]]}},{"type":"Feature","properties":{"source":"NLSC_W84_BUILD_2023","record":755064,"settlement":"拉芙蘭","risk":"medium","height":10},"geometry":{"type":"Polygon","coordinates":[[[120.7257118,23.2776049],[120.7256246,23.2776035],[120.7256225,23.2777177],[120.7257097,23.2777191],[120.7257118,23.2776049]]]}},{"type":"Feature","properties":{"source":"NLSC_W84_BUILD_2023","record":751412,"settlement":"勤和","risk":"high","height":18},"geometry":{"type":"Polygon","coordinates":[[[120.7117929,23.247625],[120.7117796,23.2475776],[120.7116943,23.2475966],[120.7117064,23.2476434],[120.7117929,23.247625]]]}},{"type":"Feature","properties":{"source":"NLSC_W84_BUILD_2023","record":754913,"settlement":"勤和","risk":"high","height":12},"geometry":{"type":"Polygon","coordinates":[[[120.7152234,23.2542373],[120.7152008,23.2541702],[120.715125,23.2541946],[120.7151437,23.2542642],[120.7152234,23.2542373]]]}},{"type":"Feature","properties":{"source":"NLSC_W84_BUILD_2023","record":755050,"settlement":"拉芙蘭","risk":"medium","height":14},"geometry":{"type":"Polygon","coordinates":[[[120.7248804,23.276358],[120.7248526,23.2763111],[120.7248151,23.2763305],[120.7248468,23.2763766],[120.7248804,23.276358]]]}},{"type":"Feature","properties":{"source":"NLSC_W84_BUILD_2023","record":751422,"settlement":"拉芙蘭","risk":"medium","height":22},"geometry":{"type":"Polygon","coordinates":[[[120.7218437,23.2668128],[120.7217476,23.2667908],[120.7217297,23.2668503],[120.7218523,23.2668751],[120.7218617,23.2668485],[120.7218345,23.2668434],[120.7218437,23.2668128]]]}},{"type":"Feature","properties":{"source":"NLSC_W84_BUILD_2023","record":751278,"settlement":"拉芙蘭","risk":"medium","height":22},"geometry":{"type":"Polygon","coordinates":[[[120.7223036,23.2688221],[120.7222562,23.2688197],[120.7222536,23.2688483],[120.7223041,23.2688512],[120.7223036,23.2688221]]]}},{"type":"Feature","properties":{"source":"NLSC_W84_BUILD_2023","record":751308,"settlement":"拉芙蘭","risk":"medium","height":18},"geometry":{"type":"Polygon","coordinates":[[[120.7242268,23.2756357],[120.7242085,23.2756247],[120.7241776,23.2756575],[120.7241976,23.2756755],[120.7242083,23.2756906],[120.7242142,23.2757006],[120.7242184,23.2757258],[120.7242641,23.275723],[120.7242652,23.2757131],[120.7242628,23.2756947],[120.7242532,23.2756707],[120.7242417,23.2756499],[120.7242268,23.2756357]]]}},{"type":"Feature","properties":{"source":"NLSC_W84_BUILD_2023","record":754908,"settlement":"桃源","risk":"medium","height":18},"geometry":{"type":"Polygon","coordinates":[[[120.7093897,23.244755],[120.7093795,23.2446891],[120.7093385,23.2446965],[120.7093399,23.2447047],[120.7093239,23.2447065],[120.7093345,23.2447634],[120.7093897,23.244755]]]}},{"type":"Feature","properties":{"source":"NLSC_W84_BUILD_2023","record":754910,"settlement":"勤和","risk":"high","height":22},"geometry":{"type":"Polygon","coordinates":[[[120.7135426,23.2530123],[120.7135387,23.2529455],[120.7134757,23.2529487],[120.7134796,23.2530155],[120.7135426,23.2530123]]]}},{"type":"Feature","properties":{"source":"NLSC_W84_BUILD_2023","record":751255,"settlement":"勤和","risk":"high","height":24},"geometry":{"type":"Polygon","coordinates":[[[120.7098445,23.246013],[120.7097988,23.2459839],[120.7097604,23.2460262],[120.7098107,23.2460554],[120.7098445,23.246013]]]}},{"type":"Feature","properties":{"source":"NLSC_W84_BUILD_2023","record":755099,"settlement":"拉芙蘭","risk":"medium","height":16},"geometry":{"type":"Polygon","coordinates":[[[120.7251516,23.2798685],[120.7251389,23.2797696],[120.7250114,23.279788],[120.7250263,23.2798797],[120.7251516,23.2798685]]]}},{"type":"Feature","properties":{"source":"NLSC_W84_BUILD_2023","record":751314,"settlement":"拉芙蘭","risk":"medium","height":14},"geometry":{"type":"Polygon","coordinates":[[[120.7248789,23.2792717],[120.7248548,23.2792271],[120.7248132,23.2792437],[120.724837,23.2792878],[120.7248789,23.2792717]]]}},{"type":"Feature","properties":{"source":"NLSC_W84_BUILD_2023","record":754941,"settlement":"拉芙蘭","risk":"medium","height":20},"geometry":{"type":"Polygon","coordinates":[[[120.7207893,23.2667341],[120.7207258,23.2667281],[120.7207174,23.2668042],[120.7207816,23.2668113],[120.7207893,23.2667341]]]}},{"type":"Feature","properties":{"source":"NLSC_W84_BUILD_2023","record":754946,"settlement":"拉芙蘭","risk":"medium","height":14},"geometry":{"type":"Polygon","coordinates":[[[120.7207286,23.266845],[120.7206515,23.2668274],[120.7206059,23.2670095],[120.7206753,23.2670243],[120.7207286,23.266845]]]}},{"type":"Feature","properties":{"source":"NLSC_W84_BUILD_2023","record":754950,"settlement":"拉芙蘭","risk":"medium","height":22},"geometry":{"type":"Polygon","coordinates":[[[120.7208286,23.26723],[120.7207033,23.2671744],[120.7206543,23.2672787],[120.7207754,23.2673354],[120.7208286,23.26723]]]}},{"type":"Feature","properties":{"source":"NLSC_W84_BUILD_2023","record":754979,"settlement":"拉芙蘭","risk":"medium","height":16},"geometry":{"type":"Polygon","coordinates":[[[120.7212592,23.2691085],[120.7212218,23.2689698],[120.7211665,23.2689806],[120.7211758,23.269011],[120.7210899,23.2690294],[120.721108,23.2691175],[120.7211992,23.2690937],[120.7212068,23.2691187],[120.7212592,23.2691085]]]}},{"type":"Feature","properties":{"source":"NLSC_W84_BUILD_2023","record":754942,"settlement":"拉芙蘭","risk":"medium","height":22},"geometry":{"type":"Polygon","coordinates":[[[120.7206148,23.2665985],[120.7205542,23.2665718],[120.7204798,23.2667098],[120.7205985,23.2668149],[120.72063,23.2666235],[120.7206148,23.2665985]]]}},{"type":"Feature","properties":{"source":"NLSC_W84_BUILD_2023","record":751280,"settlement":"拉芙蘭","risk":"medium","height":10},"geometry":{"type":"Polygon","coordinates":[[[120.7212956,23.269268],[120.7211872,23.2692581],[120.7211705,23.269362],[120.7212546,23.2693705],[120.7212384,23.2694854],[120.7212888,23.2694927],[120.7213197,23.2692701],[120.7212956,23.269268]]]}},{"type":"Feature","properties":{"source":"NLSC_W84_BUILD_2023","record":751423,"settlement":"拉芙蘭","risk":"medium","height":24},"geometry":{"type":"Polygon","coordinates":[[[120.7205797,23.2668116],[120.7205374,23.2667751],[120.7204759,23.2668442],[120.7205211,23.2668772],[120.7205797,23.2668116]]]}},{"type":"Feature","properties":{"source":"NLSC_W84_BUILD_2023","record":754924,"settlement":"勤和","risk":"high","height":18},"geometry":{"type":"Polygon","coordinates":[[[120.7193871,23.2631796],[120.7193213,23.2630911],[120.7192487,23.2631379],[120.7193147,23.2632296],[120.7193871,23.2631796]]]}},{"type":"Feature","properties":{"source":"NLSC_W84_BUILD_2023","record":754948,"settlement":"拉芙蘭","risk":"medium","height":18},"geometry":{"type":"Polygon","coordinates":[[[120.7206404,23.2671303],[120.720659,23.2670857],[120.7206021,23.2670648],[120.7205908,23.2670908],[120.7205425,23.2670714],[120.7205245,23.2671198],[120.7204814,23.2672083],[120.7206049,23.2672607],[120.7206651,23.2671379],[120.7206404,23.2671303]]]}},{"type":"Feature","properties":{"source":"NLSC_W84_BUILD_2023","record":751421,"settlement":"拉芙蘭","risk":"medium","height":20},"geometry":{"type":"Polygon","coordinates":[[[120.7205033,23.2667489],[120.7204299,23.2666798],[120.7203516,23.2667535],[120.7204343,23.2668139],[120.7205033,23.2667489]]]}},{"type":"Feature","properties":{"source":"NLSC_W84_BUILD_2023","record":754980,"settlement":"拉芙蘭","risk":"medium","height":18},"geometry":{"type":"Polygon","coordinates":[[[120.7210098,23.2690369],[120.7210007,23.2688955],[120.7209012,23.268897],[120.7209069,23.2690313],[120.7208938,23.2691237],[120.7210562,23.2691365],[120.7210345,23.2690402],[120.7210098,23.2690369]]]}},{"type":"Feature","properties":{"source":"NLSC_W84_BUILD_2023","record":751271,"settlement":"拉芙蘭","risk":"medium","height":24},"geometry":{"type":"Polygon","coordinates":[[[120.720713,23.2678908],[120.7206559,23.2678837],[120.7206451,23.2679363],[120.7207021,23.2679436],[120.720713,23.2678908]]]}},{"type":"Feature","properties":{"source":"NLSC_W84_BUILD_2023","record":754947,"settlement":"拉芙蘭","risk":"medium","height":16},"geometry":{"type":"Polygon","coordinates":[[[120.7205236,23.2669654],[120.7204271,23.2669157],[120.7203581,23.2670266],[120.7204563,23.2670789],[120.7205236,23.2669654]]]}},{"type":"Feature","properties":{"source":"NLSC_W84_BUILD_2023","record":751267,"settlement":"拉芙蘭","risk":"medium","height":16},"geometry":{"type":"Polygon","coordinates":[[[120.7203472,23.2664571],[120.7203165,23.2664335],[120.7202624,23.266488],[120.7202934,23.2665107],[120.7203472,23.2664571]]]}},{"type":"Feature","properties":{"source":"NLSC_W84_BUILD_2023","record":751428,"settlement":"拉芙蘭","risk":"medium","height":18},"geometry":{"type":"Polygon","coordinates":[[[120.720823,23.2677791],[120.7207626,23.2676431],[120.7207043,23.2676659],[120.7207368,23.2675871],[120.7207697,23.2675969],[120.7208199,23.2674834],[120.7206976,23.2674408],[120.7207413,23.2673424],[120.7205713,23.2672732],[120.7204877,23.2672391],[120.7204668,23.267285],[120.7205506,23.2673202],[120.72053,23.2673671],[120.7205147,23.267359],[120.7204704,23.2674611],[120.7203852,23.2674219],[120.7203207,23.2675489],[120.720283,23.2676338],[120.7202894,23.2676354],[120.7202563,23.2677212],[120.7203158,23.2677382],[120.7203246,23.2677132],[120.7204287,23.2677438],[120.7204441,23.2676916],[120.7206588,23.2677707],[120.720707,23.2678257],[120.720823,23.2677791]]]}},{"type":"Feature","properties":{"source":"NLSC_W84_BUILD_2023","record":754939,"settlement":"拉芙蘭","risk":"medium","height":16},"geometry":{"type":"Polygon","coordinates":[[[120.7203428,23.2666362],[120.7202958,23.2666024],[120.7202534,23.2666556],[120.7203004,23.2666899],[120.7203428,23.2666362]]]}},{"type":"Feature","properties":{"source":"NLSC_W84_BUILD_2023","record":754961,"settlement":"拉芙蘭","risk":"medium","height":12},"geometry":{"type":"Polygon","coordinates":[[[120.7206519,23.2680583],[120.7205922,23.26805],[120.7205827,23.2680948],[120.7206418,23.2681069],[120.7206519,23.2680583]]]}},{"type":"Feature","properties":{"source":"NLSC_W84_BUILD_2023","record":754945,"settlement":"拉芙蘭","risk":"medium","height":12},"geometry":{"type":"Polygon","coordinates":[[[120.720413,23.266913],[120.720276,23.2668367],[120.7202194,23.2669187],[120.7202899,23.2669596],[120.7202811,23.2669694],[120.7203458,23.267007],[120.720413,23.266913]]]}},{"type":"Feature","properties":{"source":"NLSC_W84_BUILD_2023","record":751272,"settlement":"拉芙蘭","risk":"medium","height":10},"geometry":{"type":"Polygon","coordinates":[[[120.7207052,23.268266],[120.7207003,23.2682462],[120.72065,23.2682525],[120.720624,23.2682582],[120.7205695,23.2682801],[120.7205788,23.2682999],[120.7206316,23.268278],[120.7206451,23.2682745],[120.7207052,23.268266]]]}},{"type":"Feature","properties":{"source":"NLSC_W84_BUILD_2023","record":755049,"settlement":"拉芙蘭","risk":"medium","height":12},"geometry":{"type":"Polygon","coordinates":[[[120.7230817,23.2760765],[120.7230173,23.2760592],[120.7229822,23.2761708],[120.7230466,23.2761881],[120.7230817,23.2760765]]]}},{"type":"Feature","properties":{"source":"NLSC_W84_BUILD_2023","record":754940,"settlement":"拉芙蘭","risk":"medium","height":18},"geometry":{"type":"Polygon","coordinates":[[[120.7202721,23.2667035],[120.7202033,23.266666],[120.7201561,23.2667457],[120.720222,23.2667866],[120.7202721,23.2667035]]]}},{"type":"Feature","properties":{"source":"NLSC_W84_BUILD_2023","record":751493,"settlement":"拉芙蘭","risk":"medium","height":20},"geometry":{"type":"Polygon","coordinates":[[[120.7203966,23.267225],[120.7204515,23.2671354],[120.7203792,23.2671032],[120.7203862,23.2670984],[120.7202075,23.2669915],[120.7201397,23.2670942],[120.7202202,23.2671427],[120.7202185,23.2671456],[120.7203111,23.2671986],[120.7203184,23.2671863],[120.7203966,23.267225]]]}},{"type":"Feature","properties":{"source":"NLSC_W84_BUILD_2023","record":754912,"settlement":"勤和","risk":"high","height":10},"geometry":{"type":"Polygon","coordinates":[[[120.7128527,23.2536263],[120.7128057,23.2536009],[120.712777,23.2536473],[120.7128247,23.253673],[120.7128527,23.2536263]]]}},{"type":"Feature","properties":{"source":"NLSC_W84_BUILD_2023","record":751462,"settlement":"拉芙蘭","risk":"medium","height":22},"geometry":{"type":"Polygon","coordinates":[[[120.7227588,23.2758831],[120.722877,23.2759133],[120.7229026,23.2758279],[120.7228975,23.2758266],[120.7229274,23.2757236],[120.7229101,23.27572],[120.7229048,23.2756433],[120.7228524,23.2756327],[120.7228278,23.2757044],[120.7228507,23.275709],[120.7228222,23.2758073],[120.72277,23.2757939],[120.7227444,23.2758794],[120.7227588,23.2758831]]]}},{"type":"Feature","properties":{"source":"NLSC_W84_BUILD_2023","record":751210,"settlement":"拉芙蘭","risk":"medium","height":14},"geometry":{"type":"Polygon","coordinates":[[[120.7202643,23.2668296],[120.7202078,23.266798],[120.7202039,23.2668043],[120.720137,23.2667687],[120.7200794,23.2668538],[120.7200779,23.2668559],[120.7201975,23.2669279],[120.7202643,23.2668296]]]}},{"type":"Feature","properties":{"source":"NLSC_W84_BUILD_2023","record":751429,"settlement":"拉芙蘭","risk":"medium","height":20},"geometry":{"type":"Polygon","coordinates":[[[120.7204655,23.2679183],[120.7204916,23.2677857],[120.7203946,23.2677666],[120.7203863,23.2678035],[120.7202327,23.2677673],[120.7202105,23.267847],[120.7202086,23.2678545],[120.7203644,23.2678883],[120.7203596,23.2678986],[120.7204655,23.2679183]]]}},{"type":"Feature","properties":{"source":"NLSC_W84_BUILD_2023","record":755111,"settlement":"拉芙蘭","risk":"medium","height":24},"geometry":{"type":"Polygon","coordinates":[[[120.7259568,23.2835169],[120.7258533,23.2834226],[120.7257829,23.2834886],[120.7258864,23.2835829],[120.7259568,23.2835169]]]}},{"type":"Feature","properties":{"source":"NLSC_W84_BUILD_2023","record":751435,"settlement":"拉芙蘭","risk":"medium","height":16},"geometry":{"type":"Polygon","coordinates":[[[120.7205485,23.26904],[120.7205633,23.2689471],[120.7205468,23.2689492],[120.7205511,23.2688378],[120.7205451,23.2685659],[120.7207663,23.2685565],[120.7207592,23.2684542],[120.7207261,23.2684553],[120.720719,23.2683932],[120.7206604,23.268394],[120.7206608,23.2684126],[120.7205756,23.2684136],[120.7205783,23.2684562],[120.7205087,23.2684586],[120.720508,23.2684316],[120.7204005,23.2684318],[120.7204007,23.2684704],[120.7203487,23.2684716],[120.7203525,23.2685723],[120.7203505,23.2685723],[120.720327,23.268573],[120.72034,23.2686823],[120.7203904,23.268683],[120.720395,23.2686831],[120.7204038,23.2689523],[120.7204215,23.2689545],[120.7204231,23.2690371],[120.7205485,23.26904]]]}},{"type":"Feature","properties":{"source":"NLSC_W84_BUILD_2023","record":751300,"settlement":"拉芙蘭","risk":"medium","height":18},"geometry":{"type":"Polygon","coordinates":[[[120.7220525,23.2736948],[120.7220212,23.2736659],[120.7219761,23.2737026],[120.7220043,23.273731],[120.7220525,23.2736948]]]}},{"type":"Feature","properties":{"source":"NLSC_W84_BUILD_2023","record":751492,"settlement":"拉芙蘭","risk":"medium","height":18},"geometry":{"type":"Polygon","coordinates":[[[120.7203145,23.2674033],[120.7202369,23.2673618],[120.720234,23.2673732],[120.720204,23.2673536],[120.7202335,23.2673058],[120.720324,23.267362],[120.7203801,23.2672761],[120.720293,23.2672287],[120.7202972,23.2672218],[120.7202054,23.2671673],[120.7201984,23.2671791],[120.7201237,23.2671371],[120.720129,23.2671274],[120.7200491,23.2670843],[120.7200438,23.2670919],[120.7200032,23.2670608],[120.719946,23.2671426],[120.7199832,23.2671664],[120.7199812,23.2671693],[120.7199865,23.2671723],[120.7199659,23.2672065],[120.7199776,23.2672141],[120.7199246,23.2672934],[120.7200798,23.2673839],[120.7200719,23.2673953],[120.7202537,23.2675061],[120.7203145,23.2674033]]]}},{"type":"Feature","properties":{"source":"NLSC_W84_BUILD_2023","record":751464,"settlement":"拉芙蘭","risk":"medium","height":10},"geometry":{"type":"Polygon","coordinates":[[[120.7227588,23.2758831],[120.7226867,23.2758785],[120.7226786,23.2760065],[120.7227513,23.2760089],[120.7227588,23.2758831]]]}},{"type":"Feature","properties":{"source":"NLSC_W84_BUILD_2023","record":751424,"settlement":"拉芙蘭","risk":"medium","height":10},"geometry":{"type":"Polygon","coordinates":[[[120.7200403,23.2670658],[120.7201187,23.2669338],[120.7200441,23.2668945],[120.7199507,23.267035],[120.719968,23.267046],[120.71997,23.2670408],[120.7200013,23.267059],[120.7200104,23.2670479],[120.7200403,23.2670658]]]}},{"type":"Feature","properties":{"source":"NLSC_W84_BUILD_2023","record":751450,"settlement":"拉芙蘭","risk":"medium","height":14},"geometry":{"type":"Polygon","coordinates":[[[120.7214617,23.2721198],[120.7214304,23.2721161],[120.7213947,23.2721338],[120.7214054,23.2721807],[120.7214387,23.2721853],[120.7214715,23.2721731],[120.7214617,23.2721198]]]}},{"type":"Feature","properties":{"source":"NLSC_W84_BUILD_2023","record":751259,"settlement":"勤和","risk":"high","height":16},"geometry":{"type":"Polygon","coordinates":[[[120.7154948,23.2584388],[120.7154469,23.258411],[120.7153976,23.2584808],[120.7154464,23.2585083],[120.7154948,23.2584388]]]}},{"type":"Feature","properties":{"source":"NLSC_W84_BUILD_2023","record":754966,"settlement":"拉芙蘭","risk":"medium","height":22},"geometry":{"type":"Polygon","coordinates":[[[120.7204003,23.2682521],[120.720405,23.2682222],[120.7204062,23.2681939],[120.7204224,23.2680433],[120.7203653,23.2680378],[120.7203671,23.2680258],[120.7202182,23.2679984],[120.7201615,23.2681625],[120.7201374,23.2681554],[120.7201161,23.2682397],[120.7201572,23.2682474],[120.7202949,23.2682383],[120.7204003,23.2682521]]]}},{"type":"Feature","properties":{"source":"NLSC_W84_BUILD_2023","record":754986,"settlement":"拉芙蘭","risk":"medium","height":14},"geometry":{"type":"Polygon","coordinates":[[[120.7206046,23.2694281],[120.7205748,23.2693834],[120.7205315,23.2694254],[120.7205562,23.2694605],[120.7206046,23.2694281]]]}},{"type":"Feature","properties":{"source":"NLSC_W84_BUILD_2023","record":751303,"settlement":"拉芙蘭","risk":"medium","height":24},"geometry":{"type":"Polygon","coordinates":[[[120.7219977,23.273979],[120.7219591,23.2739464],[120.7218772,23.2740187],[120.7219151,23.2740495],[120.7219977,23.273979]]]}},{"type":"Feature","properties":{"source":"NLSC_W84_BUILD_2023","record":755038,"settlement":"拉芙蘭","risk":"medium","height":22},"geometry":{"type":"Polygon","coordinates":[[[120.7217816,23.2735293],[120.7216897,23.2735127],[120.7216799,23.2735214],[120.7216644,23.2735916],[120.7217656,23.2736064],[120.7217816,23.2735293]]]}},{"type":"Feature","properties":{"source":"NLSC_W84_BUILD_2023","record":751270,"settlement":"拉芙蘭","risk":"medium","height":22},"geometry":{"type":"Polygon","coordinates":[[[120.7201156,23.2678849],[120.7201353,23.2678283],[120.7200975,23.267818],[120.7200871,23.2678423],[120.7199791,23.2678174],[120.7199717,23.2678389],[120.7200807,23.2678649],[120.7200767,23.2678741],[120.7201156,23.2678849]]]}},{"type":"Feature","properties":{"source":"NLSC_W84_BUILD_2023","record":751302,"settlement":"拉芙蘭","risk":"medium","height":22},"geometry":{"type":"Polygon","coordinates":[[[120.7217681,23.2737524],[120.7217293,23.2737236],[120.7216942,23.2737559],[120.7217302,23.2737876],[120.7217681,23.2737524]]]}},{"type":"Feature","properties":{"source":"NLSC_W84_BUILD_2023","record":754976,"settlement":"拉芙蘭","risk":"medium","height":10},"geometry":{"type":"Polygon","coordinates":[[[120.7203609,23.2689479],[120.7203329,23.2687918],[120.7203418,23.2687911],[120.7203302,23.2686747],[120.7203131,23.2686776],[120.7202669,23.2684623],[120.7202458,23.2683953],[120.7202457,23.2683946],[120.7202884,23.2683864],[120.7202854,23.268376],[120.7202647,23.2683198],[120.7202309,23.2683243],[120.7202284,23.2683128],[120.7202277,23.2683094],[120.7201139,23.2683263],[120.7200935,23.2683293],[120.7201087,23.2684044],[120.7200834,23.2684087],[120.7200986,23.268493],[120.7200733,23.2684979],[120.7200755,23.2685794],[120.7201316,23.2685656],[120.7201472,23.2686373],[120.7201336,23.2686404],[120.7201652,23.2687921],[120.7201805,23.2687889],[120.7201851,23.2688199],[120.7202034,23.2688161],[120.7202156,23.2688721],[120.7201931,23.2688763],[120.7202734,23.2689647],[120.7203609,23.2689479]]]}},{"type":"Feature","properties":{"source":"NLSC_W84_BUILD_2023","record":754949,"settlement":"拉芙蘭","risk":"medium","height":20},"geometry":{"type":"Polygon","coordinates":[[[120.7199565,23.2671913],[120.7197225,23.2670642],[120.7196659,23.2671419],[120.7198946,23.2672863],[120.7199565,23.2671913]]]}},{"type":"Feature","properties":{"source":"NLSC_W84_BUILD_2023","record":754342,"settlement":"桃源","risk":"medium","height":22},"geometry":{"type":"Polygon","coordinates":[[[120.701055,23.2353302],[120.7010316,23.2353197],[120.7009885,23.235404],[120.7010431,23.2354249],[120.7010804,23.2353557],[120.7010502,23.2353408],[120.701055,23.2353302]]]}},{"type":"Feature","properties":{"source":"NLSC_W84_BUILD_2023","record":754965,"settlement":"拉芙蘭","risk":"medium","height":20},"geometry":{"type":"Polygon","coordinates":[[[120.7200633,23.2680857],[120.7199874,23.2680715],[120.7199703,23.2681465],[120.7200461,23.2681629],[120.7200633,23.2680857]]]}},{"type":"Feature","properties":{"source":"NLSC_W84_BUILD_2023","record":754987,"settlement":"拉芙蘭","risk":"medium","height":16},"geometry":{"type":"Polygon","coordinates":[[[120.7204201,23.2694623],[120.7203789,23.269429],[120.7203341,23.2694877],[120.7203758,23.2695187],[120.7204201,23.2694623]]]}},{"type":"Feature","properties":{"source":"NLSC_W84_BUILD_2023","record":751211,"settlement":"拉芙蘭","risk":"medium","height":16},"geometry":{"type":"Polygon","coordinates":[[[120.7202642,23.2675761],[120.7201543,23.2675248],[120.720133,23.2675601],[120.7200407,23.2675208],[120.7199954,23.2674963],[120.7200387,23.2674306],[120.7198992,23.2673505],[120.7198579,23.2674097],[120.7198761,23.2674222],[120.7198684,23.2674369],[120.7197338,23.267378],[120.7196473,23.2673392],[120.7196827,23.26728],[120.7196081,23.2672261],[120.7195573,23.2673244],[120.7194891,23.267295],[120.7195599,23.2671803],[120.719474,23.2671351],[120.7194026,23.2672541],[120.7194679,23.2672857],[120.7194331,23.2673563],[120.7195177,23.2673983],[120.719503,23.2674255],[120.7195847,23.2674631],[120.7195948,23.2674446],[120.719673,23.2674931],[120.7198053,23.2675531],[120.719798,23.2675676],[120.7200785,23.2677079],[120.720067,23.2677253],[120.7201887,23.2677255],[120.7202642,23.2675761]]]}},{"type":"Feature","properties":{"source":"NLSC_W84_BUILD_2023","record":751256,"settlement":"勤和","risk":"high","height":10},"geometry":{"type":"Polygon","coordinates":[[[120.7127291,23.2544353],[120.7126669,23.2543942],[120.7126369,23.2544333],[120.7127002,23.2544731],[120.7127291,23.2544353]]]}},{"type":"Feature","properties":{"source":"NLSC_W84_BUILD_2023","record":754983,"settlement":"拉芙蘭","risk":"medium","height":24},"geometry":{"type":"Polygon","coordinates":[[[120.7202909,23.2693093],[120.7203233,23.2692392],[120.720341,23.2692461],[120.7203643,23.2691895],[120.7203647,23.2691835],[120.7203495,23.2691525],[120.7203404,23.2691487],[120.7203025,23.2692305],[120.7201898,23.2691836],[120.7201544,23.269252],[120.7202909,23.2693093]]]}},{"type":"Feature","properties":{"source":"NLSC_W84_BUILD_2023","record":754992,"settlement":"拉芙蘭","risk":"medium","height":10},"geometry":{"type":"Polygon","coordinates":[[[120.7204191,23.2697221],[120.7203209,23.2696453],[120.7202855,23.2696844],[120.7203896,23.2697574],[120.7204191,23.2697221]]]}},{"type":"Feature","properties":{"source":"NLSC_W84_BUILD_2023","record":754335,"settlement":"桃源","risk":"medium","height":24},"geometry":{"type":"Polygon","coordinates":[[[120.7004389,23.2345059],[120.7003724,23.234497],[120.7003552,23.2345921],[120.7004198,23.2346038],[120.7004389,23.2345059]]]}},{"type":"Feature","properties":{"source":"NLSC_W84_BUILD_2023","record":751299,"settlement":"拉芙蘭","risk":"medium","height":16},"geometry":{"type":"Polygon","coordinates":[[[120.7215907,23.2735746],[120.7215452,23.2735346],[120.721386,23.273643],[120.7214282,23.2736886],[120.7215907,23.2735746]]]}},{"type":"Feature","properties":{"source":"NLSC_W84_BUILD_2023","record":751265,"settlement":"拉芙蘭","risk":"medium","height":12},"geometry":{"type":"Polygon","coordinates":[[[120.7192592,23.2654033],[120.7192233,23.2653487],[120.7191931,23.2653617],[120.7192243,23.2654156],[120.7192592,23.2654033]]]}},{"type":"Feature","properties":{"source":"NLSC_W84_BUILD_2023","record":754981,"settlement":"拉芙蘭","risk":"medium","height":20},"geometry":{"type":"Polygon","coordinates":[[[120.7201598,23.2691797],[120.7201794,23.2691178],[120.7201893,23.2691221],[120.7201959,23.2691064],[120.7202288,23.2691157],[120.7202601,23.269032],[120.7202237,23.2689917],[120.7202131,23.2689672],[120.720165,23.2689128],[120.720095,23.268854],[120.7200644,23.268849],[120.71997,23.2690234],[120.7199964,23.2690512],[120.7200341,23.269061],[120.720027,23.2690844],[120.720144,23.2691275],[120.7201257,23.2691672],[120.7201598,23.2691797]]]}},{"type":"Feature","properties":{"source":"NLSC_W84_BUILD_2023","record":751301,"settlement":"拉芙蘭","risk":"medium","height":20},"geometry":{"type":"Polygon","coordinates":[[[120.7215275,23.2737296],[120.7214691,23.2737043],[120.7214458,23.2737386],[120.721499,23.2737665],[120.7215275,23.2737296]]]}},{"type":"Feature","properties":{"source":"NLSC_W84_BUILD_2023","record":751257,"settlement":"勤和","risk":"high","height":12},"geometry":{"type":"Polygon","coordinates":[[[120.7130343,23.2552507],[120.7129771,23.2552287],[120.7129641,23.255258],[120.7129763,23.2552625],[120.7129704,23.2552755],[120.7130132,23.2552918],[120.7130343,23.2552507]]]}},{"type":"Feature","properties":{"source":"NLSC_W84_BUILD_2023","record":755035,"settlement":"拉芙蘭","risk":"medium","height":16},"geometry":{"type":"Polygon","coordinates":[[[120.7213499,23.2732791],[120.7213293,23.273252],[120.7212803,23.2732839],[120.721301,23.2733104],[120.7212679,23.2733316],[120.7212647,23.2733336],[120.7212644,23.2733338],[120.7212532,23.273341],[120.7212765,23.2733705],[120.7212371,23.2733983],[120.7212927,23.273467],[120.7214741,23.2734297],[120.721395,23.2733338],[120.7213949,23.2733336],[120.7213932,23.2733316],[120.7213499,23.2732791]]]}},{"type":"Feature","properties":{"source":"NLSC_W84_BUILD_2023","record":754958,"settlement":"拉芙蘭","risk":"medium","height":22},"geometry":{"type":"Polygon","coordinates":[[[120.7198732,23.2677756],[120.7196926,23.2677269],[120.7196476,23.2678552],[120.7198312,23.2678984],[120.7198732,23.2677756]]]}},{"type":"Feature","properties":{"source":"NLSC_W84_BUILD_2023","record":753932,"settlement":"桃源","risk":"medium","height":18},"geometry":{"type":"Polygon","coordinates":[[[120.7011038,23.2359153],[120.7010711,23.2358615],[120.7010431,23.2358777],[120.7010742,23.2359306],[120.7011038,23.2359153]]]}},{"type":"Feature","properties":{"source":"NLSC_W84_BUILD_2023","record":754952,"settlement":"拉芙蘭","risk":"medium","height":10},"geometry":{"type":"Polygon","coordinates":[[[120.7196982,23.2675497],[120.719567,23.2674875],[120.7195393,23.2675446],[120.7196704,23.2676067],[120.7196982,23.2675497]]]}},{"type":"Feature","properties":{"source":"NLSC_W84_BUILD_2023","record":754970,"settlement":"拉芙蘭","risk":"medium","height":14},"geometry":{"type":"Polygon","coordinates":[[[120.7197799,23.2682632],[120.7197912,23.2682126],[120.7198189,23.2682169],[120.7198562,23.2680528],[120.7196886,23.2680238],[120.7196471,23.2681895],[120.7196246,23.2682928],[120.7196092,23.2683716],[120.7198186,23.2684051],[120.7197973,23.2684844],[120.7198761,23.2685068],[120.7199708,23.2685347],[120.7199898,23.2684415],[120.7199663,23.2684352],[120.7199829,23.2683564],[120.7198131,23.2683288],[120.7198263,23.2682722],[120.7197799,23.2682632]]]}},{"type":"Feature","properties":{"source":"NLSC_W84_BUILD_2023","record":754348,"settlement":"桃源","risk":"medium","height":18},"geometry":{"type":"Polygon","coordinates":[[[120.7013824,23.2366226],[120.7014231,23.2364915],[120.7014139,23.2364888],[120.7014232,23.2364622],[120.7013892,23.2364528],[120.7013802,23.2364787],[120.7013769,23.2364777],[120.7013653,23.2365097],[120.7013156,23.2364944],[120.7013081,23.2365178],[120.7012982,23.2365141],[120.7012848,23.2365187],[120.7012744,23.2365477],[120.7013436,23.2365697],[120.7013303,23.2366065],[120.7013824,23.2366226]]]}},{"type":"Feature","properties":{"source":"NLSC_W84_BUILD_2023","record":751418,"settlement":"拉芙蘭","risk":"medium","height":14},"geometry":{"type":"Polygon","coordinates":[[[120.7191184,23.2652364],[120.7190739,23.2651395],[120.7189876,23.2651684],[120.7189544,23.2651058],[120.7188839,23.2651315],[120.7189831,23.2653731],[120.7191114,23.2653307],[120.7190782,23.2652501],[120.7191184,23.2652364]]]}},{"type":"Feature","properties":{"source":"NLSC_W84_BUILD_2023","record":754914,"settlement":"勤和","risk":"high","height":14},"geometry":{"type":"Polygon","coordinates":[[[120.7123463,23.2543597],[120.7122566,23.2543228],[120.7122331,23.2543745],[120.712327,23.2544082],[120.7123463,23.2543597]]]}},{"type":"Feature","properties":{"source":"NLSC_W84_BUILD_2023","record":751441,"settlement":"拉芙蘭","risk":"medium","height":12},"geometry":{"type":"Polygon","coordinates":[[[120.7202907,23.2698438],[120.720277,23.2698041],[120.7201893,23.2698254],[120.7201777,23.2697815],[120.7202666,23.2697805],[120.7202595,23.2697545],[120.7202563,23.2697319],[120.7202396,23.2696801],[120.7200596,23.2696879],[120.7200589,23.2697504],[120.7200371,23.2697509],[120.7200384,23.269841],[120.7199295,23.2698353],[120.719924,23.2698756],[120.720137,23.2699021],[120.7201386,23.2699022],[120.720194,23.2698947],[120.7201932,23.2698681],[120.7202907,23.2698438]]]}},{"type":"Feature","properties":{"source":"NLSC_W84_BUILD_2023","record":754973,"settlement":"拉芙蘭","risk":"medium","height":20},"geometry":{"type":"Polygon","coordinates":[[[120.7198974,23.2687776],[120.7197345,23.2687115],[120.7197209,23.2687414],[120.7197745,23.268766],[120.7197544,23.268823],[120.7199314,23.2688717],[120.7199379,23.2688423],[120.7199204,23.2687955],[120.7198974,23.2687776]]]}},{"type":"Feature","properties":{"source":"NLSC_W84_BUILD_2023","record":754954,"settlement":"拉芙蘭","risk":"medium","height":14},"geometry":{"type":"Polygon","coordinates":[[[120.7196285,23.2677007],[120.7194873,23.2676608],[120.7194536,23.2677771],[120.7195906,23.2678121],[120.7196285,23.2677007]]]}},{"type":"Feature","properties":{"source":"NLSC_W84_BUILD_2023","record":754990,"settlement":"拉芙蘭","risk":"medium","height":22},"geometry":{"type":"Polygon","coordinates":[[[120.7199768,23.2694731],[120.7199935,23.2694344],[120.7200264,23.2694519],[120.7200559,23.2693829],[120.7199477,23.269334],[120.7199034,23.2694259],[120.7198811,23.2694172],[120.7198409,23.2695103],[120.7198639,23.2695184],[120.7198354,23.2695898],[120.7199476,23.269627],[120.7200211,23.269488],[120.7199768,23.2694731]]]}},{"type":"Feature","properties":{"source":"NLSC_W84_BUILD_2023","record":754350,"settlement":"桃源","risk":"medium","height":22},"geometry":{"type":"Polygon","coordinates":[[[120.7013487,23.2366856],[120.7013522,23.2366713],[120.7013193,23.2366644],[120.7013163,23.2366764],[120.701293,23.2366715],[120.7012702,23.236764],[120.7013407,23.2367788],[120.7013629,23.2366886],[120.7013487,23.2366856]]]}},{"type":"Feature","properties":{"source":"NLSC_W84_BUILD_2023","record":751289,"settlement":"拉芙蘭","risk":"medium","height":12},"geometry":{"type":"Polygon","coordinates":[[[120.7208064,23.2724291],[120.7207978,23.2723995],[120.7207447,23.2724105],[120.7207524,23.2724406],[120.7208064,23.2724291]]]}},{"type":"Feature","properties":{"source":"NLSC_W84_BUILD_2023","record":755112,"settlement":"拉芙蘭","risk":"medium","height":10},"geometry":{"type":"Polygon","coordinates":[[[120.7250143,23.2836271],[120.7250088,23.2835931],[120.724965,23.2836005],[120.724971,23.2836356],[120.7250143,23.2836271]]]}},{"type":"Feature","properties":{"source":"NLSC_W84_BUILD_2023","record":754962,"settlement":"拉芙蘭","risk":"medium","height":14},"geometry":{"type":"Polygon","coordinates":[[[120.7195654,23.2681241],[120.7195909,23.2680367],[120.7196309,23.268046],[120.7196551,23.2679742],[120.719581,23.2679584],[120.7196023,23.2679024],[120.7193852,23.2678368],[120.7193403,23.2679732],[120.7194867,23.2680126],[120.719459,23.2680919],[120.7195654,23.2681241]]]}},{"type":"Feature","properties":{"source":"NLSC_W84_BUILD_2023","record":751260,"settlement":"勤和","risk":"high","height":18},"geometry":{"type":"Polygon","coordinates":[[[120.7146592,23.2585482],[120.7146073,23.2585454],[120.7146017,23.2585906],[120.7146745,23.2585945],[120.7146782,23.2585604],[120.7146588,23.2585592],[120.7146592,23.2585482]]]}},{"type":"Feature","properties":{"source":"NLSC_W84_BUILD_2023","record":754351,"settlement":"桃源","risk":"medium","height":24},"geometry":{"type":"Polygon","coordinates":[[[120.7013205,23.2367938],[120.7012922,23.2367881],[120.7012862,23.2368162],[120.7013135,23.2368215],[120.7013205,23.2367938]]]}},{"type":"Feature","properties":{"source":"NLSC_W84_BUILD_2023","record":751433,"settlement":"拉芙蘭","risk":"medium","height":12},"geometry":{"type":"Polygon","coordinates":[[[120.7196473,23.268457],[120.7195726,23.2684373],[120.719569,23.2684465],[120.7194861,23.2684203],[120.7195132,23.2683622],[120.7194597,23.268342],[120.7194963,23.2682627],[120.7194093,23.2682381],[120.7194371,23.2681626],[120.719293,23.2681189],[120.7192698,23.2681913],[120.7193261,23.2682087],[120.719292,23.2683157],[120.7192784,23.2683575],[120.7192255,23.2683389],[120.7191808,23.268444],[120.7192859,23.2684811],[120.7192967,23.2684559],[120.7194077,23.2684942],[120.7193968,23.2685201],[120.7194856,23.2685514],[120.7197388,23.2686403],[120.7198413,23.2686727],[120.719841,23.2686735],[120.7199605,23.268713],[120.7199724,23.2686053],[120.7198766,23.2685786],[120.7197766,23.2685512],[120.7197848,23.2685333],[120.7196367,23.2684912],[120.7196473,23.268457]]]}},{"type":"Feature","properties":{"source":"NLSC_W84_BUILD_2023","record":755004,"settlement":"拉芙蘭","risk":"medium","height":18},"geometry":{"type":"Polygon","coordinates":[[[120.7203391,23.2710225],[120.7202201,23.2709207],[120.720148,23.2709928],[120.7202598,23.2710869],[120.7203391,23.2710225]]]}},{"type":"Feature","properties":{"source":"NLSC_W84_BUILD_2023","record":754915,"settlement":"勤和","risk":"high","height":16},"geometry":{"type":"Polygon","coordinates":[[[120.7120575,23.2543707],[120.7120038,23.2543408],[120.7119756,23.254384],[120.7120656,23.2544342],[120.7120937,23.254391],[120.7120938,23.254391],[120.7120575,23.2543707]]]}},{"type":"Feature","properties":{"source":"NLSC_W84_BUILD_2023","record":754349,"settlement":"桃源","risk":"medium","height":20},"geometry":{"type":"Polygon","coordinates":[[[120.7011646,23.2366889],[120.7011339,23.2366822],[120.7011223,23.2367282],[120.7011528,23.2367347],[120.7011646,23.2366889]]]}},{"type":"Feature","properties":{"source":"NLSC_W84_BUILD_2023","record":754984,"settlement":"拉芙蘭","risk":"medium","height":10},"geometry":{"type":"Polygon","coordinates":[[[120.7197423,23.2693292],[120.719768,23.2691144],[120.7196709,23.2691083],[120.7196685,23.2691399],[120.719652,23.2691377],[120.7196395,23.2692736],[120.7196671,23.2692752],[120.71966,23.2693209],[120.7197423,23.2693292]]]}},{"type":"Feature","properties":{"source":"NLSC_W84_BUILD_2023","record":755057,"settlement":"拉芙蘭","risk":"medium","height":12},"geometry":{"type":"Polygon","coordinates":[[[120.7222522,23.2771437],[120.7221989,23.2771405],[120.7221938,23.2772139],[120.7222471,23.277217],[120.7222522,23.2771437]]]}},{"type":"Feature","properties":{"source":"NLSC_W84_BUILD_2023","record":751445,"settlement":"拉芙蘭","risk":"medium","height":20},"geometry":{"type":"Polygon","coordinates":[[[120.720356,23.2712396],[120.7203078,23.2711986],[120.7202064,23.2712943],[120.7203188,23.2713851],[120.7203445,23.2713623],[120.7202856,23.2713138],[120.720356,23.2712396]]]}},{"type":"Feature","properties":{"source":"NLSC_W84_BUILD_2023","record":754977,"settlement":"拉芙蘭","risk":"medium","height":12},"geometry":{"type":"Polygon","coordinates":[[[120.7198008,23.2690241],[120.7198194,23.2689731],[120.7198782,23.2689934],[120.7199048,23.2689189],[120.7197449,23.2688747],[120.7197389,23.2688975],[120.7195866,23.2688462],[120.719576,23.2688673],[120.7192766,23.2687478],[120.7193009,23.2686897],[120.7195137,23.2687678],[120.7195208,23.2687504],[120.7196497,23.2687908],[120.7196928,23.2686935],[120.7193916,23.2685882],[120.719167,23.268521],[120.7190812,23.2687736],[120.7195317,23.2689472],[120.7195376,23.2689271],[120.7197211,23.2689823],[120.7197312,23.2689426],[120.7197361,23.2689443],[120.7197189,23.2690007],[120.7198008,23.2690241]]]}},{"type":"Feature","properties":{"source":"NLSC_W84_BUILD_2023","record":754953,"settlement":"拉芙蘭","risk":"medium","height":12},"geometry":{"type":"Polygon","coordinates":[[[120.7192671,23.2677437],[120.7193449,23.2676742],[120.7192779,23.2675986],[120.7192592,23.267511],[120.7192357,23.2675159],[120.7192175,23.2674533],[120.7193064,23.267442],[120.71929,23.2673713],[120.7192306,23.2673843],[120.7192101,23.267319],[120.718997,23.2673703],[120.7190356,23.2674884],[120.7191039,23.2674733],[120.7191191,23.2675467],[120.719139,23.2676234],[120.7192232,23.2676007],[120.7192319,23.2676398],[120.7191824,23.2676908],[120.7192247,23.2677349],[120.7192406,23.2677208],[120.7192671,23.2677437]]]}},{"type":"Feature","properties":{"source":"NLSC_W84_BUILD_2023","record":755006,"settlement":"拉芙蘭","risk":"medium","height":22},"geometry":{"type":"Polygon","coordinates":[[[120.7202053,23.2711169],[120.7200801,23.2710112],[120.7199722,23.2711205],[120.7200938,23.2712296],[120.7202053,23.2711169]]]}},{"type":"Feature","properties":{"source":"NLSC_W84_BUILD_2023","record":751304,"settlement":"拉芙蘭","risk":"medium","height":10},"geometry":{"type":"Polygon","coordinates":[[[120.721138,23.2743485],[120.7210845,23.2743305],[120.7210567,23.2744016],[120.7211089,23.2744217],[120.721138,23.2743485]]]}},{"type":"Feature","properties":{"source":"NLSC_W84_BUILD_2023","record":755098,"settlement":"拉芙蘭","risk":"medium","height":14},"geometry":{"type":"Polygon","coordinates":[[[120.7230485,23.2796829],[120.7230015,23.2796711],[120.7229892,23.2797041],[120.7230402,23.2797167],[120.7230485,23.2796829]]]}},{"type":"Feature","properties":{"source":"NLSC_W84_BUILD_2023","record":754957,"settlement":"拉芙蘭","risk":"medium","height":20},"geometry":{"type":"Polygon","coordinates":[[[120.7190859,23.2676918],[120.7189794,23.2676873],[120.718974,23.2677764],[120.7190852,23.2677842],[120.7193028,23.2678585],[120.7193317,23.2677813],[120.7190994,23.2676929],[120.7190859,23.2676918]]]}},{"type":"Feature","properties":{"source":"NLSC_W84_BUILD_2023","record":751295,"settlement":"拉芙蘭","risk":"medium","height":24},"geometry":{"type":"Polygon","coordinates":[[[120.7207299,23.2731472],[120.7206421,23.2731461],[120.7206405,23.2732229],[120.7207286,23.2732232],[120.7207299,23.2731472]]]}},{"type":"Feature","properties":{"source":"NLSC_W84_BUILD_2023","record":755100,"settlement":"拉芙蘭","risk":"medium","height":18},"geometry":{"type":"Polygon","coordinates":[[[120.7230857,23.2798684],[120.723033,23.2798653],[120.7230272,23.2799208],[120.7230828,23.2799211],[120.7230857,23.2798684]]]}},{"type":"Feature","properties":{"source":"NLSC_W84_BUILD_2023","record":754960,"settlement":"拉芙蘭","risk":"medium","height":10},"geometry":{"type":"Polygon","coordinates":[[[120.7192904,23.2679025],[120.7190157,23.267826],[120.7189867,23.2679221],[120.7192596,23.2680008],[120.7192904,23.2679025]]]}},{"type":"Feature","properties":{"source":"NLSC_W84_BUILD_2023","record":751438,"settlement":"拉芙蘭","risk":"medium","height":22},"geometry":{"type":"Polygon","coordinates":[[[120.7194396,23.2695002],[120.719489,23.2694503],[120.7195208,23.2694821],[120.7195556,23.2694572],[120.7196222,23.2694026],[120.7196825,23.2694621],[120.7197177,23.2694327],[120.7196575,23.2693736],[120.7195148,23.2692375],[120.7193709,23.2694123],[120.7193527,23.2694302],[120.7193637,23.2694385],[120.7193375,23.2694615],[120.7194413,23.2695577],[120.7194766,23.2695307],[120.7194396,23.2695002]]]}},{"type":"Feature","properties":{"source":"NLSC_W84_BUILD_2023","record":751297,"settlement":"拉芙蘭","risk":"medium","height":12},"geometry":{"type":"Polygon","coordinates":[[[120.7207432,23.2732603],[120.7207428,23.2732558],[120.7206159,23.2732458],[120.720615,23.273258],[120.7205879,23.2732554],[120.7205781,23.2733659],[120.7207379,23.2733783],[120.7207455,23.2732769],[120.7207432,23.2732603]]]}},{"type":"Feature","properties":{"source":"NLSC_W84_BUILD_2023","record":751483,"settlement":"拉芙蘭","risk":"medium","height":16},"geometry":{"type":"Polygon","coordinates":[[[120.7230772,23.2799571],[120.7230247,23.2799547],[120.7230143,23.2800212],[120.7230041,23.2800863],[120.7230028,23.280127],[120.7231091,23.2801297],[120.7231066,23.2800188],[120.7231171,23.2800188],[120.7231176,23.2799705],[120.7230772,23.2799689],[120.7230772,23.2799571]]]}},{"type":"Feature","properties":{"source":"NLSC_W84_BUILD_2023","record":754991,"settlement":"拉芙蘭","risk":"medium","height":24},"geometry":{"type":"Polygon","coordinates":[[[120.719541,23.269735],[120.7195899,23.269703],[120.7196017,23.2697231],[120.7196488,23.2696954],[120.7196595,23.2696438],[120.7196119,23.2695654],[120.7195154,23.2696247],[120.7194894,23.2695936],[120.7194623,23.2696105],[120.7194877,23.2696417],[120.7194777,23.2696478],[120.719541,23.269735]]]}},{"type":"Feature","properties":{"source":"NLSC_W84_BUILD_2023","record":751430,"settlement":"拉芙蘭","risk":"medium","height":22},"geometry":{"type":"Polygon","coordinates":[[[120.7191613,23.268023],[120.7190489,23.2679982],[120.719036,23.2680276],[120.7191516,23.2680643],[120.7191394,23.2681165],[120.7192135,23.2681361],[120.7192418,23.2680401],[120.7191804,23.2680259],[120.7191613,23.268023]]]}},{"type":"Feature","properties":{"source":"NLSC_W84_BUILD_2023","record":751417,"settlement":"拉芙蘭","risk":"medium","height":12},"geometry":{"type":"Polygon","coordinates":[[[120.718342,23.2646647],[120.7183215,23.2646134],[120.7182722,23.2646275],[120.7182923,23.2646785],[120.718342,23.2646647]]]}},{"type":"Feature","properties":{"source":"NLSC_W84_BUILD_2023","record":755015,"settlement":"拉芙蘭","risk":"medium","height":24},"geometry":{"type":"Polygon","coordinates":[[[120.7200665,23.2716737],[120.7200917,23.2716265],[120.7201408,23.2716477],[120.7201665,23.2715983],[120.7201011,23.2715743],[120.7201331,23.2715143],[120.7200393,23.2714717],[120.7200688,23.2714163],[120.7200484,23.2713428],[120.7199883,23.2713688],[120.7199146,23.2714345],[120.7199163,23.2714786],[120.7199986,23.2715086],[120.7199732,23.2715681],[120.7200214,23.27159],[120.7199914,23.2716439],[120.7200665,23.2716737]]]}},{"type":"Feature","properties":{"source":"NLSC_W84_BUILD_2023","record":755045,"settlement":"拉芙蘭","risk":"medium","height":20},"geometry":{"type":"Polygon","coordinates":[[[120.7210566,23.2746779],[120.7210301,23.2746276],[120.7209666,23.2746595],[120.720999,23.2747159],[120.7210406,23.274695],[120.7210448,23.2746867],[120.7210566,23.2746779]]]}},{"type":"Feature","properties":{"source":"NLSC_W84_BUILD_2023","record":754964,"settlement":"拉芙蘭","risk":"medium","height":18},"geometry":{"type":"Polygon","coordinates":[[[120.7191424,23.2680768],[120.7190088,23.2680434],[120.7189917,23.2680994],[120.7190046,23.2681027],[120.7190028,23.2681179],[120.7191217,23.2681469],[120.7191424,23.2680768]]]}},{"type":"Feature","properties":{"source":"NLSC_W84_BUILD_2023","record":754998,"settlement":"拉芙蘭","risk":"medium","height":22},"geometry":{"type":"Polygon","coordinates":[[[120.7196402,23.2702176],[120.7195812,23.2701795],[120.7195427,23.2702278],[120.7195988,23.2702711],[120.7196402,23.2702176]]]}},{"type":"Feature","properties":{"source":"NLSC_W84_BUILD_2023","record":751437,"settlement":"拉芙蘭","risk":"medium","height":20},"geometry":{"type":"Polygon","coordinates":[[[120.719303,23.2693956],[120.7193372,23.2693593],[120.7193437,23.2693609],[120.7193543,23.2693194],[120.7193699,23.2693217],[120.7193833,23.2692772],[120.7193476,23.2692671],[120.7193058,23.26926],[120.7193514,23.2691117],[120.7191898,23.2690674],[120.7192032,23.2690277],[120.7192573,23.2690425],[120.7192668,23.2690451],[120.7193013,23.2689559],[120.7194042,23.2689973],[120.7193663,23.2690832],[120.7194596,23.2691189],[120.7194939,23.2690358],[120.7194263,23.2690085],[120.7194294,23.269],[120.7194847,23.2690206],[120.7194881,23.2690131],[120.7194951,23.2689975],[120.7194418,23.2689786],[120.7194377,23.2689772],[120.7194464,23.2689536],[120.7193064,23.2689088],[120.7192981,23.26893],[120.7192434,23.2689158],[120.7192525,23.2688864],[120.7190811,23.2688253],[120.7190628,23.2688758],[120.7190809,23.2688819],[120.7190497,23.2689629],[120.7191209,23.2689867],[120.7191038,23.269043],[120.7190236,23.2690227],[120.7189947,23.2691329],[120.7190215,23.2692588],[120.7190216,23.2692588],[120.7190798,23.2692934],[120.719165,23.2693154],[120.7191506,23.2693521],[120.719303,23.2693956]]]}},{"type":"Feature","properties":{"source":"NLSC_W84_BUILD_2023","record":755109,"settlement":"拉芙蘭","risk":"medium","height":20},"geometry":{"type":"Polygon","coordinates":[[[120.7241586,23.2829681],[120.7241525,23.2829255],[120.7240434,23.2829388],[120.7240495,23.2829814],[120.7241586,23.2829681]]]}},{"type":"Feature","properties":{"source":"NLSC_W84_BUILD_2023","record":754996,"settlement":"拉芙蘭","risk":"medium","height":18},"geometry":{"type":"Polygon","coordinates":[[[120.7194291,23.2701284],[120.7194528,23.2700703],[120.7195763,23.270115],[120.7195934,23.270065],[120.7195594,23.2700106],[120.7194988,23.2699823],[120.7195554,23.2699546],[120.7194961,23.2698224],[120.7194133,23.2697554],[120.7193414,23.2698347],[120.7194319,23.2699066],[120.7193039,23.2700521],[120.7193615,23.2700913],[120.7194291,23.2701284]]]}},{"type":"Feature","properties":{"source":"NLSC_W84_BUILD_2023","record":754955,"settlement":"拉芙蘭","risk":"medium","height":16},"geometry":{"type":"Polygon","coordinates":[[[120.7188709,23.2678149],[120.7188364,23.267711],[120.7188281,23.2677137],[120.718824,23.2677017],[120.7187951,23.2676271],[120.7189125,23.2675958],[120.7188591,23.2674528],[120.718729,23.267489],[120.7187366,23.2675113],[120.7187196,23.2675222],[120.7187307,23.2675543],[120.7187207,23.2675586],[120.7187523,23.2676386],[120.7187812,23.2677067],[120.7187316,23.2677125],[120.7187732,23.267843],[120.7188709,23.2678149]]]}},{"type":"Feature","properties":{"source":"NLSC_W84_BUILD_2023","record":755051,"settlement":"拉芙蘭","risk":"medium","height":16},"geometry":{"type":"Polygon","coordinates":[[[120.7216191,23.276151],[120.7215766,23.2760939],[120.7215946,23.2760826],[120.721573,23.2760451],[120.7215852,23.276037],[120.7215355,23.2759672],[120.7214327,23.2760228],[120.7214203,23.2760045],[120.721439,23.2759915],[120.7213359,23.2758377],[120.721246,23.2758653],[120.7211608,23.2757396],[120.7211674,23.2757341],[120.7211491,23.2757092],[120.7212107,23.2756711],[120.7212092,23.2756582],[120.7211205,23.2755322],[120.7211057,23.2755422],[120.7210533,23.2754674],[120.7210711,23.2754537],[120.7210244,23.2753844],[120.720914,23.2754499],[120.7209552,23.2755143],[120.7209464,23.2755202],[120.7211156,23.2757664],[120.7211265,23.2757579],[120.7212147,23.2758855],[120.7212032,23.2758962],[120.7213226,23.2760622],[120.7213559,23.2761113],[120.7213639,23.2761067],[120.7213953,23.276145],[120.7213524,23.2761744],[120.7213585,23.2761815],[120.7213369,23.2761944],[120.7214128,23.2762967],[120.7212793,23.2764085],[120.7213477,23.2764782],[120.7215127,23.2763399],[120.7214681,23.2762944],[120.7216171,23.2761985],[120.7215946,23.2761673],[120.7216191,23.276151]]]}},{"type":"Feature","properties":{"source":"NLSC_W84_BUILD_2023","record":751413,"settlement":"勤和","risk":"high","height":20},"geometry":{"type":"Polygon","coordinates":[[[120.7146067,23.2595394],[120.7145542,23.259474],[120.7145147,23.2595023],[120.7145653,23.2595681],[120.7146067,23.2595394]]]}},{"type":"Feature","properties":{"source":"NLSC_W84_BUILD_2023","record":751431,"settlement":"拉芙蘭","risk":"medium","height":24},"geometry":{"type":"Polygon","coordinates":[[[120.7191212,23.2684177],[120.7191777,23.2682457],[120.7191052,23.2682238],[120.719098,23.2682393],[120.719018,23.2681875],[120.7190133,23.2681935],[120.7189181,23.2681346],[120.7187709,23.2680475],[120.7186827,23.2681648],[120.7187734,23.2682229],[120.7187709,23.2682262],[120.7187958,23.2682425],[120.718827,23.2682009],[120.7189437,23.2682787],[120.7189183,23.2683105],[120.7189755,23.2683506],[120.7190261,23.2682788],[120.7190679,23.268299],[120.7190484,23.2683474],[120.7190625,23.2683534],[120.7190483,23.26839],[120.7190675,23.2683978],[120.7191212,23.2684177]]]}},{"type":"Feature","properties":{"source":"NLSC_W84_BUILD_2023","record":751486,"settlement":"拉芙蘭","risk":"medium","height":22},"geometry":{"type":"Polygon","coordinates":[[[120.7242266,23.2833884],[120.7242028,23.2833035],[120.7241477,23.2833164],[120.7241723,23.2834015],[120.7242266,23.2833884]]]}},{"type":"Feature","properties":{"source":"NLSC_W84_BUILD_2023","record":751282,"settlement":"拉芙蘭","risk":"medium","height":14},"geometry":{"type":"Polygon","coordinates":[[[120.7196189,23.271031],[120.7196305,23.2710036],[120.7195578,23.2710035],[120.7195571,23.2710316],[120.7196189,23.271031]]]}},{"type":"Feature","properties":{"source":"NLSC_W84_BUILD_2023","record":755110,"settlement":"拉芙蘭","risk":"medium","height":22},"geometry":{"type":"Polygon","coordinates":[[[120.7240743,23.2831871],[120.7239951,23.2830657],[120.7239148,23.283127],[120.7240036,23.2832371],[120.7240743,23.2831871]]]}},{"type":"Feature","properties":{"source":"NLSC_W84_BUILD_2023","record":755014,"settlement":"拉芙蘭","risk":"medium","height":22},"geometry":{"type":"Polygon","coordinates":[[[120.7195953,23.271658],[120.7198235,23.2714624],[120.7198458,23.2714859],[120.7199116,23.2714263],[120.7198351,23.2713545],[120.7198625,23.2713299],[120.7197985,23.2712698],[120.7197091,23.2713485],[120.7196483,23.2714006],[120.7196268,23.2713792],[120.7195386,23.271428],[120.7195574,23.2714433],[120.7194419,23.2715431],[120.7195394,23.2716395],[120.719551,23.2716295],[120.719572,23.2716503],[120.7195794,23.2716422],[120.7195953,23.271658]]]}},{"type":"Feature","properties":{"source":"NLSC_W84_BUILD_2023","record":754919,"settlement":"勤和","risk":"high","height":24},"geometry":{"type":"Polygon","coordinates":[[[120.7147931,23.2602803],[120.7149363,23.2601876],[120.7149211,23.2601587],[120.7148325,23.2602047],[120.7147982,23.2601482],[120.7147333,23.2601818],[120.7147931,23.2602803]]]}},{"type":"Feature","properties":{"source":"NLSC_W84_BUILD_2023","record":751463,"settlement":"拉芙蘭","risk":"medium","height":24},"geometry":{"type":"Polygon","coordinates":[[[120.7211645,23.2758979],[120.7211101,23.2758154],[120.7210593,23.2758428],[120.7210427,23.2758182],[120.7210103,23.2758355],[120.7210914,23.2759599],[120.7211254,23.2759407],[120.7211146,23.2759247],[120.7211645,23.2758979]]]}},{"type":"Feature","properties":{"source":"NLSC_W84_BUILD_2023","record":754918,"settlement":"勤和","risk":"high","height":22},"geometry":{"type":"Polygon","coordinates":[[[120.7148199,23.2600874],[120.7147749,23.2600313],[120.7146601,23.2601099],[120.7147051,23.260166],[120.7148199,23.2600874]]]}},{"type":"Feature","properties":{"source":"NLSC_W84_BUILD_2023","record":754959,"settlement":"拉芙蘭","risk":"medium","height":24},"geometry":{"type":"Polygon","coordinates":[[[120.7186883,23.2679353],[120.7186479,23.267795],[120.7185537,23.2678188],[120.7185988,23.267958],[120.7186883,23.2679353]]]}},{"type":"Feature","properties":{"source":"NLSC_W84_BUILD_2023","record":754963,"settlement":"拉芙蘭","risk":"medium","height":16},"geometry":{"type":"Polygon","coordinates":[[[120.7187485,23.26803],[120.7186847,23.2679889],[120.7186664,23.2680095],[120.7186529,23.2680005],[120.7185761,23.2680939],[120.718651,23.2681415],[120.7187299,23.2680522],[120.7187485,23.26803]]]}},{"type":"Feature","properties":{"source":"NLSC_W84_BUILD_2023","record":754972,"settlement":"拉芙蘭","risk":"medium","height":18},"geometry":{"type":"Polygon","coordinates":[[[120.7190522,23.268542],[120.719097,23.2684513],[120.7190218,23.2684175],[120.7190188,23.2684245],[120.7189283,23.2683831],[120.7185432,23.2681112],[120.7185014,23.2681704],[120.718623,23.2682592],[120.71859,23.2683038],[120.7185283,23.2682466],[120.7185212,23.2682536],[120.7184537,23.2681905],[120.7183912,23.2682518],[120.7184387,23.2683149],[120.7184482,23.2683052],[120.7186409,23.2684811],[120.7186419,23.2684797],[120.7186517,23.2684884],[120.7186565,23.2684833],[120.7187207,23.268534],[120.7187916,23.268457],[120.7188504,23.2684971],[120.7187714,23.2685965],[120.7188866,23.2686799],[120.7189889,23.2687431],[120.7190414,23.2686736],[120.7190769,23.268548],[120.7190522,23.268542]]]}},{"type":"Feature","properties":{"source":"NLSC_W84_BUILD_2023","record":751444,"settlement":"拉芙蘭","risk":"medium","height":18},"geometry":{"type":"Polygon","coordinates":[[[120.7194143,23.2713536],[120.7194554,23.2713272],[120.7194665,23.2713423],[120.7195341,23.2712944],[120.7195416,23.2712891],[120.7195477,23.2712994],[120.7195527,23.2713077],[120.7196904,23.2712391],[120.719692,23.271238],[120.7196291,23.2711268],[120.7196218,23.2711307],[120.7195588,23.2711649],[120.7195507,23.2711508],[120.7195372,23.2711275],[120.7195106,23.2711378],[120.7195483,23.2712021],[120.7195554,23.2712143],[120.7195141,23.2712311],[120.7195115,23.2712271],[120.7194311,23.271121],[120.7193379,23.2711749],[120.7193669,23.271216],[120.719331,23.2712377],[120.7194143,23.2713536]]]}},{"type":"Feature","properties":{"source":"NLSC_W84_BUILD_2023","record":754525,"settlement":"桃源","risk":"medium","height":20},"geometry":{"type":"Polygon","coordinates":[[[120.7074355,23.2469987],[120.707382,23.2469513],[120.707317,23.2470138],[120.7073704,23.2470612],[120.7074355,23.2469987]]]}},{"type":"Feature","properties":{"source":"NLSC_W84_BUILD_2023","record":751434,"settlement":"拉芙蘭","risk":"medium","height":14},"geometry":{"type":"Polygon","coordinates":[[[120.7189556,23.2689197],[120.7190029,23.268798],[120.7188636,23.2687103],[120.7187196,23.2686078],[120.7185598,23.2684738],[120.7184851,23.268539],[120.7186345,23.2687104],[120.7186798,23.2686666],[120.7187288,23.2686954],[120.7187064,23.2687236],[120.718764,23.2687862],[120.7187581,23.2688049],[120.7187635,23.2688123],[120.7188345,23.2688766],[120.718848,23.2688559],[120.7189556,23.2689197]]]}},{"type":"Feature","properties":{"source":"NLSC_W84_BUILD_2023","record":755019,"settlement":"拉芙蘭","risk":"medium","height":16},"geometry":{"type":"Polygon","coordinates":[[[120.7197393,23.2721331],[120.719736,23.2720954],[120.719691,23.2720987],[120.7196883,23.2720676],[120.7196388,23.2720713],[120.719644,23.2721316],[120.7196912,23.2721281],[120.7196919,23.2721366],[120.7197393,23.2721331]]]}},{"type":"Feature","properties":{"source":"NLSC_W84_BUILD_2023","record":755017,"settlement":"拉芙蘭","risk":"medium","height":12},"geometry":{"type":"Polygon","coordinates":[[[120.719628,23.2719759],[120.7196131,23.2719168],[120.7195313,23.2719364],[120.7195454,23.271993],[120.719628,23.2719759]]]}},{"type":"Feature","properties":{"source":"NLSC_W84_BUILD_2023","record":755053,"settlement":"拉芙蘭","risk":"medium","height":20},"geometry":{"type":"Polygon","coordinates":[[[120.7212132,23.2764073],[120.7211199,23.2762768],[120.721108,23.2762851],[120.7210978,23.2762689],[120.7208584,23.2764101],[120.720866,23.2764236],[120.7208534,23.2764336],[120.7209522,23.2765795],[120.7211576,23.2764572],[120.7212132,23.2764073]]]}},{"type":"Feature","properties":{"source":"NLSC_W84_BUILD_2023","record":751293,"settlement":"拉芙蘭","risk":"medium","height":20},"geometry":{"type":"Polygon","coordinates":[[[120.7198684,23.2728607],[120.7198615,23.2727885],[120.7198154,23.2727909],[120.7198227,23.2728628],[120.7198684,23.2728607]]]}},{"type":"Feature","properties":{"source":"NLSC_W84_BUILD_2023","record":751310,"settlement":"拉芙蘭","risk":"medium","height":22},"geometry":{"type":"Polygon","coordinates":[[[120.7217082,23.2782177],[120.7216527,23.2781818],[120.7216112,23.2782371],[120.721665,23.2782742],[120.7217082,23.2782177]]]}},{"type":"Feature","properties":{"source":"NLSC_W84_BUILD_2023","record":755039,"settlement":"拉芙蘭","risk":"medium","height":24},"geometry":{"type":"Polygon","coordinates":[[[120.7201348,23.2736136],[120.7201128,23.2735945],[120.7200959,23.2735926],[120.720082,23.2736066],[120.7200636,23.2735905],[120.7200432,23.2736104],[120.7200317,23.2736002],[120.7200026,23.273628],[120.7200148,23.273638],[120.7199949,23.2736573],[120.7200482,23.2737041],[120.720117,23.2736374],[120.7201129,23.2736338],[120.7201348,23.2736136]]]}},{"type":"Feature","properties":{"source":"NLSC_W84_BUILD_2023","record":754956,"settlement":"拉芙蘭","risk":"medium","height":18},"geometry":{"type":"Polygon","coordinates":[[[120.7184174,23.2678259],[120.7183816,23.2677776],[120.7183464,23.2678084],[120.7183811,23.2678507],[120.7184174,23.2678259]]]}},{"type":"Feature","properties":{"source":"NLSC_W84_BUILD_2023","record":751262,"settlement":"勤和","risk":"high","height":22},"geometry":{"type":"Polygon","coordinates":[[[120.7159817,23.2623929],[120.7159234,23.2623642],[120.7158296,23.2625134],[120.7160008,23.2625917],[120.7160775,23.2624682],[120.7159669,23.2624141],[120.7159817,23.2623929]]]}},{"type":"Feature","properties":{"source":"NLSC_W84_BUILD_2023","record":754526,"settlement":"桃源","risk":"medium","height":22},"geometry":{"type":"Polygon","coordinates":[[[120.7071937,23.2470641],[120.7071593,23.2470571],[120.7071506,23.2470938],[120.7071852,23.2471008],[120.7071937,23.2470641]]]}},{"type":"Feature","properties":{"source":"NLSC_W84_BUILD_2023","record":755021,"settlement":"拉芙蘭","risk":"medium","height":20},"geometry":{"type":"Polygon","coordinates":[[[120.7195925,23.2724098],[120.7195853,23.2723501],[120.7194906,23.2723597],[120.7194977,23.2724194],[120.7195925,23.2724098]]]}},{"type":"Feature","properties":{"source":"NLSC_W84_BUILD_2023","record":755047,"settlement":"拉芙蘭","risk":"medium","height":24},"geometry":{"type":"Polygon","coordinates":[[[120.7205497,23.2755587],[120.7205334,23.2754383],[120.7204489,23.275448],[120.7204652,23.2755684],[120.7205497,23.2755587]]]}},{"type":"Feature","properties":{"source":"NLSC_W84_BUILD_2023","record":755022,"settlement":"拉芙蘭","risk":"medium","height":22},"geometry":{"type":"Polygon","coordinates":[[[120.7195696,23.2722754],[120.7195575,23.2722163],[120.7195463,23.2720949],[120.7195115,23.2720976],[120.7195091,23.2720715],[120.7195347,23.2720671],[120.7195248,23.2719591],[120.7193823,23.2719703],[120.7193806,23.2719518],[120.7192942,23.2719586],[120.719306,23.272086],[120.7193852,23.2720797],[120.719399,23.2722288],[120.7194156,23.2722275],[120.7194194,23.2722847],[120.7193276,23.272292],[120.7193403,23.2724295],[120.7194675,23.2724195],[120.7194556,23.27229],[120.7194906,23.2722844],[120.7195696,23.2722754]]]}},{"type":"Feature","properties":{"source":"NLSC_W84_BUILD_2023","record":755108,"settlement":"拉芙蘭","risk":"medium","height":18},"geometry":{"type":"Polygon","coordinates":[[[120.7232944,23.2826862],[120.7232768,23.2826034],[120.7232133,23.282615],[120.723219,23.2826426],[120.7231989,23.282646],[120.7232124,23.2827041],[120.7232944,23.2826862]]]}},{"type":"Feature","properties":{"source":"NLSC_W84_BUILD_2023","record":755040,"settlement":"拉芙蘭","risk":"medium","height":10},"geometry":{"type":"Polygon","coordinates":[[[120.7199257,23.2736976],[120.7198632,23.2736548],[120.719827,23.2736999],[120.7198547,23.273719],[120.7198037,23.2737828],[120.7199418,23.273877],[120.7200286,23.2737683],[120.7199254,23.2736979],[120.7199257,23.2736976]]]}},{"type":"Feature","properties":{"source":"NLSC_W84_BUILD_2023","record":755031,"settlement":"拉芙蘭","risk":"medium","height":24},"geometry":{"type":"Polygon","coordinates":[[[120.7196373,23.2729813],[120.7196404,23.2728389],[120.719501,23.2728409],[120.7195002,23.2729833],[120.7196373,23.2729813]]]}},{"type":"Feature","properties":{"source":"NLSC_W84_BUILD_2023","record":755026,"settlement":"拉芙蘭","risk":"medium","height":14},"geometry":{"type":"Polygon","coordinates":[[[120.7195524,23.2726768],[120.7195274,23.2724837],[120.7193509,23.2725003],[120.7193601,23.2725982],[120.7193784,23.2725955],[120.7193876,23.2726885],[120.7195524,23.2726768]]]}},{"type":"Feature","properties":{"source":"NLSC_W84_BUILD_2023","record":755048,"settlement":"拉芙蘭","risk":"medium","height":10},"geometry":{"type":"Polygon","coordinates":[[[120.7204171,23.2756075],[120.7203842,23.2754309],[120.7203355,23.2754395],[120.7203408,23.2754616],[120.7203072,23.2754672],[120.7203357,23.2756209],[120.7204171,23.2756075]]]}},{"type":"Feature","properties":{"source":"NLSC_W84_BUILD_2023","record":755052,"settlement":"拉芙蘭","risk":"medium","height":18},"geometry":{"type":"Polygon","coordinates":[[[120.7207504,23.2764848],[120.7206197,23.2762875],[120.7205523,23.2763255],[120.7206434,23.276463],[120.7206049,23.2764823],[120.7206393,23.2765461],[120.7207544,23.2765001],[120.7207457,23.2764875],[120.7207504,23.2764848]]]}},{"type":"Feature","properties":{"source":"NLSC_W84_BUILD_2023","record":755028,"settlement":"拉芙蘭","risk":"medium","height":18},"geometry":{"type":"Polygon","coordinates":[[[120.7194645,23.2728066],[120.7194593,23.2727462],[120.7193959,23.2727509],[120.7194011,23.2728112],[120.7194645,23.2728066]]]}},{"type":"Feature","properties":{"source":"NLSC_W84_BUILD_2023","record":755005,"settlement":"拉芙蘭","risk":"medium","height":20},"geometry":{"type":"Polygon","coordinates":[[[120.7189009,23.2709084],[120.7188304,23.270836],[120.7187349,23.2709223],[120.7187172,23.2709859],[120.7190106,23.2711146],[120.7190301,23.2710929],[120.7189672,23.2710357],[120.7189808,23.2710178],[120.7188797,23.2709307],[120.7189009,23.2709084]]]}},{"type":"Feature","properties":{"source":"NLSC_W84_BUILD_2023","record":755030,"settlement":"拉芙蘭","risk":"medium","height":22},"geometry":{"type":"Polygon","coordinates":[[[120.7194532,23.2728783],[120.7194498,23.2728332],[120.7193998,23.2728365],[120.7194032,23.2728816],[120.7194532,23.2728783]]]}},{"type":"Feature","properties":{"source":"NLSC_W84_BUILD_2023","record":755034,"settlement":"拉芙蘭","risk":"medium","height":14},"geometry":{"type":"Polygon","coordinates":[[[120.7196896,23.273406],[120.719676,23.2733338],[120.719676,23.2733336],[120.7196756,23.2733315],[120.7196704,23.273304],[120.7195549,23.2733226],[120.7195544,23.273305],[120.719451,23.2733122],[120.7194515,23.2733336],[120.7194515,23.2733338],[120.7194518,23.2733478],[120.7195035,23.2733469],[120.7195198,23.2734334],[120.7196896,23.273406]]]}},{"type":"Feature","properties":{"source":"NLSC_W84_BUILD_2023","record":751307,"settlement":"拉芙蘭","risk":"medium","height":16},"geometry":{"type":"Polygon","coordinates":[[[120.7201886,23.2752176],[120.7201581,23.2751466],[120.7201053,23.2751631],[120.7201345,23.2752332],[120.7201886,23.2752176]]]}},{"type":"Feature","properties":{"source":"NLSC_W84_BUILD_2023","record":755062,"settlement":"拉芙蘭","risk":"medium","height":22},"geometry":{"type":"Polygon","coordinates":[[[120.720932,23.2774245],[120.7209436,23.2772536],[120.720923,23.2772533],[120.7209299,23.2771464],[120.7209517,23.2771511],[120.7209621,23.2771044],[120.7209693,23.2770796],[120.7209053,23.2770604],[120.7209154,23.2770332],[120.7209328,23.2770394],[120.7209555,23.2769849],[120.7208732,23.2769556],[120.7208282,23.276932],[120.7207869,23.2769239],[120.7207287,23.2769386],[120.7207403,23.2769785],[120.7207425,23.2769864],[120.7208174,23.2769666],[120.7208052,23.2769981],[120.7208266,23.2770054],[120.7207954,23.2770694],[120.7207734,23.2770643],[120.7206892,23.2770465],[120.7206761,23.2770994],[120.7207421,23.2771134],[120.720747,23.2771584],[120.7207623,23.2771574],[120.7207726,23.2772739],[120.7207223,23.2772733],[120.7206963,23.2772737],[120.7206991,23.2773444],[120.7207774,23.2773387],[120.7207775,23.2773685],[120.7208411,23.277369],[120.7208459,23.2774347],[120.7209313,23.2774306],[120.720932,23.2774245]]]}},{"type":"Feature","properties":{"source":"NLSC_W84_BUILD_2023","record":751452,"settlement":"拉芙蘭","risk":"medium","height":18},"geometry":{"type":"Polygon","coordinates":[[[120.719205,23.2722149],[120.7191873,23.2721026],[120.7190795,23.2721132],[120.7190985,23.2722277],[120.719205,23.2722149]]]}},{"type":"Feature","properties":{"source":"NLSC_W84_BUILD_2023","record":755011,"settlement":"拉芙蘭","risk":"medium","height":16},"geometry":{"type":"Polygon","coordinates":[[[120.7187658,23.2714012],[120.7189567,23.271384],[120.7189747,23.271417],[120.7189937,23.2714081],[120.7189814,23.2713782],[120.7191268,23.2713165],[120.7190922,23.2712506],[120.7190611,23.2711958],[120.7189515,23.2712488],[120.7189428,23.2711879],[120.7188233,23.2712024],[120.718832,23.2712633],[120.7189096,23.2712539],[120.7189156,23.2712889],[120.7187547,23.2712931],[120.718754,23.2712407],[120.7187168,23.2712397],[120.7186062,23.2712037],[120.7186132,23.2712731],[120.7185755,23.271276],[120.7185917,23.2714576],[120.7187353,23.2714467],[120.718769,23.2714428],[120.7187658,23.2714012]]]}},{"type":"Feature","properties":{"source":"NLSC_W84_BUILD_2023","record":751447,"settlement":"拉芙蘭","risk":"medium","height":24},"geometry":{"type":"Polygon","coordinates":[[[120.7190361,23.2715993],[120.719025,23.2715294],[120.7188879,23.2715441],[120.7188948,23.2715862],[120.718921,23.2715838],[120.7189245,23.2716059],[120.7188176,23.2716193],[120.7188238,23.2716487],[120.7189575,23.2716335],[120.7189522,23.2716092],[120.7190361,23.2715993]]]}},{"type":"Feature","properties":{"source":"NLSC_W84_BUILD_2023","record":755107,"settlement":"拉芙蘭","risk":"medium","height":16},"geometry":{"type":"Polygon","coordinates":[[[120.7228852,23.282636],[120.7228278,23.2826309],[120.7228232,23.2826684],[120.722881,23.2826757],[120.7228852,23.282636]]]}},{"type":"Feature","properties":{"source":"NLSC_W84_BUILD_2023","record":753940,"settlement":"桃源","risk":"medium","height":18},"geometry":{"type":"Polygon","coordinates":[[[120.7026941,23.2417351],[120.7026589,23.2417252],[120.702643,23.241773],[120.7026788,23.2417823],[120.7026941,23.2417351]]]}},{"type":"Feature","properties":{"source":"NLSC_W84_BUILD_2023","record":751442,"settlement":"拉芙蘭","risk":"medium","height":14},"geometry":{"type":"Polygon","coordinates":[[[120.7185327,23.2700629],[120.7185638,23.2700215],[120.7185334,23.270006],[120.7185079,23.270041],[120.7184635,23.2699801],[120.7184143,23.2700048],[120.7183963,23.2699802],[120.7182774,23.270036],[120.7183527,23.2701497],[120.7185327,23.2700629]]]}},{"type":"Feature","properties":{"source":"NLSC_W84_BUILD_2023","record":751279,"settlement":"拉芙蘭","risk":"medium","height":24},"geometry":{"type":"Polygon","coordinates":[[[120.7181875,23.2691557],[120.7181518,23.2690971],[120.7180922,23.2691233],[120.7181278,23.2691797],[120.7181875,23.2691557]]]}},{"type":"Feature","properties":{"source":"NLSC_W84_BUILD_2023","record":754975,"settlement":"拉芙蘭","risk":"medium","height":24},"geometry":{"type":"Polygon","coordinates":[[[120.7182246,23.2687597],[120.7180313,23.2685147],[120.7177992,23.2682915],[120.7177697,23.2683181],[120.7177298,23.2682615],[120.7176356,23.2683135],[120.7176755,23.2683761],[120.7177568,23.2683327],[120.7178936,23.2684775],[120.7178449,23.2685053],[120.7178457,23.268509],[120.7178413,23.2685111],[120.7178888,23.2685781],[120.7179742,23.2685331],[120.7181709,23.2687794],[120.7181538,23.2687856],[120.7181982,23.2688891],[120.7182121,23.2689255],[120.7182868,23.2689014],[120.7182703,23.2688664],[120.7182246,23.2687597]]]}},{"type":"Feature","properties":{"source":"NLSC_W84_BUILD_2023","record":751440,"settlement":"拉芙蘭","risk":"medium","height":10},"geometry":{"type":"Polygon","coordinates":[[[120.7183388,23.2697875],[120.7182919,23.2696596],[120.7181822,23.2696921],[120.718228,23.2698182],[120.7183388,23.2697875]]]}},{"type":"Feature","properties":{"source":"NLSC_W84_BUILD_2023","record":751455,"settlement":"拉芙蘭","risk":"medium","height":24},"geometry":{"type":"Polygon","coordinates":[[[120.7190607,23.272944],[120.719196,23.2729399],[120.7192408,23.2729402],[120.7192351,23.2728081],[120.7192138,23.2728078],[120.7192052,23.2726926],[120.7190545,23.2727021],[120.7190341,23.2727025],[120.7190446,23.2729437],[120.71906,23.272944],[120.7190607,23.272944]]]}},{"type":"Feature","properties":{"source":"NLSC_W84_BUILD_2023","record":754989,"settlement":"拉芙蘭","risk":"medium","height":20},"geometry":{"type":"Polygon","coordinates":[[[120.7181414,23.2695754],[120.7182789,23.2695166],[120.7182622,23.2694894],[120.7182025,23.2693736],[120.7180518,23.2694359],[120.7181087,23.2695564],[120.7181273,23.2695483],[120.7181414,23.2695754]]]}},{"type":"Feature","properties":{"source":"NLSC_W84_BUILD_2023","record":754529,"settlement":"桃源","risk":"medium","height":12},"geometry":{"type":"Polygon","coordinates":[[[120.7064752,23.2470598],[120.7064445,23.2470421],[120.7064109,23.2470917],[120.7064416,23.2471095],[120.7064752,23.2470598]]]}},{"type":"Feature","properties":{"source":"NLSC_W84_BUILD_2023","record":751443,"settlement":"拉芙蘭","risk":"medium","height":16},"geometry":{"type":"Polygon","coordinates":[[[120.718503,23.2704755],[120.7184345,23.2704159],[120.71835,23.2704899],[120.7184194,23.2705482],[120.718503,23.2704755]]]}},{"type":"Feature","properties":{"source":"NLSC_W84_BUILD_2023","record":755032,"settlement":"拉芙蘭","risk":"medium","height":10},"geometry":{"type":"Polygon","coordinates":[[[120.7193194,23.2730595],[120.7192919,23.2729563],[120.7190749,23.2729927],[120.7191048,23.2731024],[120.7190949,23.2731047],[120.7191324,23.2732704],[120.7191987,23.2732595],[120.7191593,23.2730937],[120.7193194,23.2730595]]]}},{"type":"Feature","properties":{"source":"NLSC_W84_BUILD_2023","record":751461,"settlement":"拉芙蘭","risk":"medium","height":20},"geometry":{"type":"Polygon","coordinates":[[[120.7197627,23.2748249],[120.7197567,23.2747861],[120.7197025,23.2747916],[120.7196989,23.2747697],[120.7197658,23.2747625],[120.7197607,23.2747118],[120.719766,23.2747116],[120.7197595,23.2746761],[120.719612,23.2746905],[120.7196212,23.2747743],[120.7196488,23.2747721],[120.7196544,23.2748148],[120.7196923,23.2748105],[120.7196974,23.2748321],[120.7197627,23.2748249]]]}},{"type":"Feature","properties":{"source":"NLSC_W84_BUILD_2023","record":754978,"settlement":"拉芙蘭","risk":"medium","height":14},"geometry":{"type":"Polygon","coordinates":[[[120.7180587,23.2690198],[120.7178187,23.2685845],[120.7177575,23.2686138],[120.7179945,23.2690485],[120.7180587,23.2690198]]]}},{"type":"Feature","properties":{"source":"NLSC_W84_BUILD_2023","record":755041,"settlement":"拉芙蘭","risk":"medium","height":12},"geometry":{"type":"Polygon","coordinates":[[[120.7194733,23.2741738],[120.719463,23.2740797],[120.7194299,23.274083],[120.7194442,23.2741786],[120.7194733,23.2741738]]]}},{"type":"Feature","properties":{"source":"NLSC_W84_BUILD_2023","record":751281,"settlement":"拉芙蘭","risk":"medium","height":12},"geometry":{"type":"Polygon","coordinates":[[[120.718251,23.2699869],[120.7182309,23.2699474],[120.7181713,23.2699678],[120.7181923,23.2700077],[120.718251,23.2699869]]]}},{"type":"Feature","properties":{"source":"NLSC_W84_BUILD_2023","record":755063,"settlement":"拉芙蘭","risk":"medium","height":24},"geometry":{"type":"Polygon","coordinates":[[[120.7206275,23.2774719],[120.7206137,23.2773198],[120.7205523,23.2773233],[120.72054,23.277215],[120.7205402,23.2772042],[120.7205404,23.2771938],[120.7204464,23.2772003],[120.7204587,23.277336],[120.7204498,23.2773362],[120.7204692,23.2775263],[120.7206075,23.2775136],[120.7206038,23.2774744],[120.7206275,23.2774719]]]}},{"type":"Feature","properties":{"source":"NLSC_W84_BUILD_2023","record":754985,"settlement":"拉芙蘭","risk":"medium","height":12},"geometry":{"type":"Polygon","coordinates":[[[120.7180781,23.2693617],[120.7180395,23.2692954],[120.7180907,23.2692714],[120.7180612,23.2692242],[120.717888,23.2692976],[120.7179132,23.2693515],[120.7179438,23.2693381],[120.717982,23.2694104],[120.7180781,23.2693617]]]}},{"type":"Feature","properties":{"source":"NLSC_W84_BUILD_2023","record":751457,"settlement":"拉芙蘭","risk":"medium","height":12},"geometry":{"type":"Polygon","coordinates":[[[120.7192627,23.273925],[120.7192587,23.2738711],[120.7192331,23.2738727],[120.7192245,23.2738111],[120.7193461,23.2738021],[120.7193363,23.2736902],[120.7191845,23.2737014],[120.7191794,23.2736375],[120.7191326,23.2736415],[120.7191422,23.2737326],[120.7191642,23.2739711],[120.7191888,23.273969],[120.7191842,23.27393],[120.7192627,23.273925]]]}},{"type":"Feature","properties":{"source":"NLSC_W84_BUILD_2023","record":755033,"settlement":"拉芙蘭","risk":"medium","height":12},"geometry":{"type":"Polygon","coordinates":[[[120.719098,23.2732925],[120.7190869,23.2732301],[120.7190338,23.2732384],[120.7190431,23.2733017],[120.719098,23.2732925]]]}},{"type":"Feature","properties":{"source":"NLSC_W84_BUILD_2023","record":751459,"settlement":"拉芙蘭","risk":"medium","height":16},"geometry":{"type":"Polygon","coordinates":[[[120.7194098,23.2742668],[120.7193427,23.2739725],[120.7192358,23.2739868],[120.7193038,23.2742814],[120.7194098,23.2742668]]]}},{"type":"Feature","properties":{"source":"NLSC_W84_BUILD_2023","record":754982,"settlement":"拉芙蘭","risk":"medium","height":22},"geometry":{"type":"Polygon","coordinates":[[[120.7180164,23.269164],[120.7179837,23.2691085],[120.7179197,23.2691365],[120.7178962,23.2690924],[120.7178538,23.2691103],[120.7176402,23.2687213],[120.7175701,23.2687549],[120.7177854,23.2691493],[120.7177654,23.2691602],[120.7178165,23.2692576],[120.7179496,23.2691925],[120.7180164,23.269164]]]}},{"type":"Feature","properties":{"source":"NLSC_W84_BUILD_2023","record":755008,"settlement":"拉芙蘭","risk":"medium","height":10},"geometry":{"type":"Polygon","coordinates":[[[120.7184709,23.2711665],[120.7182933,23.2710847],[120.718292,23.271151],[120.7182991,23.2711511],[120.7183013,23.2712381],[120.7183272,23.2712375],[120.7183266,23.2712278],[120.7184749,23.2712263],[120.7184709,23.2711665]]]}},{"type":"Feature","properties":{"source":"NLSC_W84_BUILD_2023","record":755003,"settlement":"拉芙蘭","risk":"medium","height":16},"geometry":{"type":"Polygon","coordinates":[[[120.7182128,23.2707498],[120.718375,23.2705807],[120.7183296,23.2705428],[120.718279,23.2706025],[120.7182196,23.2705536],[120.7180813,23.2707022],[120.7181258,23.2707353],[120.7181557,23.270704],[120.7182128,23.2707498]]]}},{"type":"Feature","properties":{"source":"NLSC_W84_BUILD_2023","record":755055,"settlement":"拉芙蘭","risk":"medium","height":24},"geometry":{"type":"Polygon","coordinates":[[[120.7201748,23.2769646],[120.7201701,23.2767688],[120.7202042,23.2767687],[120.7201959,23.2766597],[120.720155,23.2766603],[120.7201544,23.2766464],[120.7200031,23.2766532],[120.7200105,23.27679],[120.7200581,23.2767896],[120.7200636,23.2769065],[120.7200382,23.2769037],[120.7200376,23.2769478],[120.7200213,23.2769475],[120.7200034,23.2771026],[120.7203557,23.2771389],[120.720378,23.2769829],[120.7201748,23.2769646]]]}},{"type":"Feature","properties":{"source":"NLSC_W84_BUILD_2023","record":751460,"settlement":"拉芙蘭","risk":"medium","height":18},"geometry":{"type":"Polygon","coordinates":[[[120.7193588,23.2746407],[120.7193586,23.2745815],[120.7194194,23.274582],[120.7194177,23.2745092],[120.7194758,23.2745091],[120.7194757,23.2743406],[120.7194012,23.2743412],[120.7194017,23.2743289],[120.7194697,23.2743278],[120.7194681,23.2742885],[120.7193542,23.2742959],[120.7193538,23.2742859],[120.7193137,23.2742885],[120.7193161,23.274318],[120.719332,23.2743164],[120.7193333,23.2744679],[120.7193254,23.274468],[120.7193287,23.2745165],[120.7193256,23.274568],[120.7193114,23.2745678],[120.7193098,23.2745873],[120.7192374,23.2745854],[120.719237,23.2746395],[120.7193588,23.2746407]]]}},{"type":"Feature","properties":{"source":"NLSC_W84_BUILD_2023","record":754611,"settlement":"勤和","risk":"high","height":16},"geometry":{"type":"Polygon","coordinates":[[[120.7078621,23.250467],[120.7078693,23.2503325],[120.7077995,23.2503277],[120.7077945,23.2503944],[120.7077447,23.2503907],[120.7077378,23.2504615],[120.7078621,23.250467]]]}},{"type":"Feature","properties":{"source":"NLSC_W84_BUILD_2023","record":754929,"settlement":"拉芙蘭","risk":"medium","height":12},"geometry":{"type":"Polygon","coordinates":[[[120.7167963,23.2652231],[120.7167317,23.2652159],[120.716724,23.2652623],[120.7167236,23.2652649],[120.7168887,23.265289],[120.716895,23.2652342],[120.7167963,23.2652231]]]}},{"type":"Feature","properties":{"source":"NLSC_W84_BUILD_2023","record":751487,"settlement":"拉芙蘭","risk":"medium","height":24},"geometry":{"type":"Polygon","coordinates":[[[120.7233786,23.2848461],[120.7233496,23.2847858],[120.7232991,23.2848019],[120.7233266,23.2848611],[120.7233786,23.2848461]]]}},{"type":"Feature","properties":{"source":"NLSC_W84_BUILD_2023","record":754969,"settlement":"拉芙蘭","risk":"medium","height":12},"geometry":{"type":"Polygon","coordinates":[[[120.7176998,23.2682397],[120.7176116,23.2681131],[120.7173922,23.2682436],[120.7174249,23.2682905],[120.717307,23.2683606],[120.7173463,23.268417],[120.7173134,23.2684366],[120.7173443,23.268481],[120.7174201,23.268436],[120.7174053,23.2684148],[120.7176998,23.2682397]]]}},{"type":"Feature","properties":{"source":"NLSC_W84_BUILD_2023","record":751292,"settlement":"拉芙蘭","risk":"medium","height":18},"geometry":{"type":"Polygon","coordinates":[[[120.718722,23.2726928],[120.718706,23.2725178],[120.718606,23.2725207],[120.7186194,23.2726968],[120.718722,23.2726928]]]}},{"type":"Feature","properties":{"source":"NLSC_W84_BUILD_2023","record":755023,"settlement":"拉芙蘭","risk":"medium","height":24},"geometry":{"type":"Polygon","coordinates":[[[120.7186413,23.2724648],[120.7186284,23.2723275],[120.718545,23.2723322],[120.7185612,23.2724716],[120.7186413,23.2724648]]]}},{"type":"Feature","properties":{"source":"NLSC_W84_BUILD_2023","record":754040,"settlement":"勤和","risk":"high","height":10},"geometry":{"type":"Polygon","coordinates":[[[120.7078231,23.2505911],[120.7078254,23.2505694],[120.7078513,23.2505716],[120.7078582,23.2505012],[120.7077195,23.2504866],[120.7077145,23.2505159],[120.7077185,23.250523],[120.7077157,23.2505602],[120.7077579,23.2505637],[120.7077556,23.2505857],[120.707751,23.2506311],[120.7078189,23.250636],[120.7078231,23.2505911]]]}},{"type":"Feature","properties":{"source":"NLSC_W84_BUILD_2023","record":755058,"settlement":"拉芙蘭","risk":"medium","height":14},"geometry":{"type":"Polygon","coordinates":[[[120.7202677,23.2773586],[120.7202501,23.2772296],[120.7200982,23.2772435],[120.7201082,23.2772979],[120.7201625,23.2772915],[120.7201776,23.2773709],[120.7202227,23.2773648],[120.7202677,23.2773586]]]}},{"type":"Feature","properties":{"source":"NLSC_W84_BUILD_2023","record":751451,"settlement":"拉芙蘭","risk":"medium","height":16},"geometry":{"type":"Polygon","coordinates":[[[120.7184761,23.2721806],[120.7184491,23.2720528],[120.7183551,23.2720659],[120.7183808,23.2721925],[120.7184761,23.2721806]]]}},{"type":"Feature","properties":{"source":"NLSC_W84_BUILD_2023","record":754971,"settlement":"拉芙蘭","risk":"medium","height":16},"geometry":{"type":"Polygon","coordinates":[[[120.7174599,23.2684774],[120.7174394,23.2684394],[120.7173469,23.2684968],[120.7173674,23.2685349],[120.7174599,23.2684774]]]}},{"type":"Feature","properties":{"source":"NLSC_W84_BUILD_2023","record":751439,"settlement":"拉芙蘭","risk":"medium","height":24},"geometry":{"type":"Polygon","coordinates":[[[120.7178216,23.2696849],[120.7177277,23.2695429],[120.7175805,23.2696209],[120.7176844,23.2697766],[120.7177008,23.2697754],[120.7177301,23.2697679],[120.7177521,23.2697587],[120.7178239,23.2697213],[120.7178034,23.2696941],[120.7178216,23.2696849]]]}},{"type":"Feature","properties":{"source":"NLSC_W84_BUILD_2023","record":754614,"settlement":"勤和","risk":"high","height":22},"geometry":{"type":"Polygon","coordinates":[[[120.70766,23.2504136],[120.7075814,23.25041],[120.707576,23.2504793],[120.7076555,23.2504817],[120.70766,23.2504136]]]}},{"type":"Feature","properties":{"source":"NLSC_W84_BUILD_2023","record":751296,"settlement":"拉芙蘭","risk":"medium","height":10},"geometry":{"type":"Polygon","coordinates":[[[120.7187883,23.2733595],[120.7187847,23.2733153],[120.7187066,23.2733205],[120.7187111,23.2733648],[120.7187883,23.2733595]]]}},{"type":"Feature","properties":{"source":"NLSC_W84_BUILD_2023","record":751458,"settlement":"拉芙蘭","risk":"medium","height":14},"geometry":{"type":"Polygon","coordinates":[[[120.7190148,23.2739558],[120.7190043,23.273869],[120.7188315,23.2738845],[120.7188409,23.2739711],[120.7190148,23.2739558]]]}},{"type":"Feature","properties":{"source":"NLSC_W84_BUILD_2023","record":755046,"settlement":"拉芙蘭","risk":"medium","height":22},"geometry":{"type":"Polygon","coordinates":[[[120.7193128,23.2751025],[120.7193101,23.2750657],[120.7192983,23.2750078],[120.719233,23.2750196],[120.7192443,23.2750752],[120.7192804,23.2750718],[120.7192832,23.2751034],[120.7193128,23.2751025]]]}},{"type":"Feature","properties":{"source":"NLSC_W84_BUILD_2023","record":754620,"settlement":"勤和","risk":"high","height":18},"geometry":{"type":"Polygon","coordinates":[[[120.7076524,23.2504972],[120.7075708,23.2504904],[120.7075612,23.2506058],[120.7076457,23.2506112],[120.7076524,23.2504972]]]}},{"type":"Feature","properties":{"source":"NLSC_W84_BUILD_2023","record":754539,"settlement":"桃源","risk":"medium","height":16},"geometry":{"type":"Polygon","coordinates":[[[120.7060298,23.2474553],[120.706003,23.2474175],[120.7059647,23.2474402],[120.7059915,23.2474769],[120.7060298,23.2474553]]]}},{"type":"Feature","properties":{"source":"NLSC_W84_BUILD_2023","record":754988,"settlement":"拉芙蘭","risk":"medium","height":18},"geometry":{"type":"Polygon","coordinates":[[[120.7175459,23.2695633],[120.7176918,23.2694885],[120.7176444,23.269422],[120.717537,23.2694807],[120.7175085,23.2694143],[120.7175845,23.2693815],[120.7175631,23.2693402],[120.7176121,23.2693202],[120.7175859,23.2692752],[120.7175408,23.2692968],[120.7173852,23.2693594],[120.7174346,23.2694461],[120.7174206,23.2694517],[120.7174755,23.2695134],[120.7174997,23.2695015],[120.7175459,23.2695633]]]}},{"type":"Feature","properties":{"source":"NLSC_W84_BUILD_2023","record":751298,"settlement":"拉芙蘭","risk":"medium","height":14},"geometry":{"type":"Polygon","coordinates":[[[120.7186881,23.2733716],[120.7186838,23.2733263],[120.7186272,23.2733304],[120.7186337,23.2733753],[120.7186881,23.2733716]]]}},{"type":"Feature","properties":{"source":"NLSC_W84_BUILD_2023","record":755061,"settlement":"拉芙蘭","risk":"medium","height":20},"geometry":{"type":"Polygon","coordinates":[[[120.7200123,23.2772446],[120.7199319,23.2772439],[120.7199623,23.2774278],[120.7200425,23.2774162],[120.7200123,23.2772446]]]}},{"type":"Feature","properties":{"source":"NLSC_W84_BUILD_2023","record":754604,"settlement":"勤和","risk":"high","height":18},"geometry":{"type":"Polygon","coordinates":[[[120.7074663,23.2503675],[120.7074697,23.2503162],[120.7075003,23.2503157],[120.7075004,23.2502598],[120.7074258,23.2502613],[120.7074261,23.2502859],[120.7074397,23.2502862],[120.7074403,23.2503151],[120.7074365,23.2503149],[120.7074362,23.250322],[120.7073042,23.2503198],[120.707303,23.2503657],[120.7074663,23.2503675]]]}},{"type":"Feature","properties":{"source":"NLSC_W84_BUILD_2023","record":754602,"settlement":"勤和","risk":"high","height":14},"geometry":{"type":"Polygon","coordinates":[[[120.7073911,23.2502806],[120.7073926,23.2502387],[120.7073275,23.2502397],[120.7073279,23.2502345],[120.7072734,23.2502358],[120.7072714,23.2502812],[120.7073911,23.2502806]]]}},{"type":"Feature","properties":{"source":"NLSC_W84_BUILD_2023","record":754926,"settlement":"勤和","risk":"high","height":22},"geometry":{"type":"Polygon","coordinates":[[[120.7153001,23.2636684],[120.715246,23.2636316],[120.7152038,23.2636813],[120.7152589,23.2637191],[120.7153001,23.2636684]]]}},{"type":"Feature","properties":{"source":"NLSC_W84_BUILD_2023","record":755103,"settlement":"拉芙蘭","risk":"medium","height":24},"geometry":{"type":"Polygon","coordinates":[[[120.7209891,23.2801551],[120.7209884,23.2800957],[120.7209018,23.2800963],[120.7209047,23.2801576],[120.7209891,23.2801551]]]}},{"type":"Feature","properties":{"source":"NLSC_W84_BUILD_2023","record":751436,"settlement":"拉芙蘭","risk":"medium","height":18},"geometry":{"type":"Polygon","coordinates":[[[120.717341,23.2693526],[120.7175312,23.2692707],[120.7174878,23.2691937],[120.7175159,23.2691805],[120.7174826,23.2691179],[120.717236,23.2692312],[120.7172689,23.2692911],[120.7172957,23.2692769],[120.717341,23.2693526]]]}},{"type":"Feature","properties":{"source":"NLSC_W84_BUILD_2023","record":751456,"settlement":"拉芙蘭","risk":"medium","height":10},"geometry":{"type":"Polygon","coordinates":[[[120.7187097,23.2736006],[120.7186964,23.2734802],[120.7187036,23.2734796],[120.7186999,23.2734527],[120.7186851,23.2734533],[120.7186778,23.2733959],[120.7185457,23.2734075],[120.7185601,23.2735202],[120.7185024,23.2735256],[120.718509,23.2735821],[120.7185617,23.2735781],[120.7185651,23.2736116],[120.7187097,23.2736006]]]}},{"type":"Feature","properties":{"source":"NLSC_W84_BUILD_2023","record":755056,"settlement":"拉芙蘭","risk":"medium","height":10},"geometry":{"type":"Polygon","coordinates":[[[120.7199563,23.2771608],[120.7199468,23.276985],[120.7199388,23.276987],[120.7199392,23.2769741],[120.7198905,23.2769745],[120.7198861,23.2768852],[120.7197952,23.2768898],[120.7197938,23.2768496],[120.7195865,23.2768589],[120.7195921,23.2769536],[120.7196064,23.276961],[120.7196741,23.2769572],[120.7196744,23.2769757],[120.7197321,23.2769722],[120.719735,23.2770425],[120.7197976,23.2770418],[120.7198002,23.2770932],[120.7198391,23.2770908],[120.7198436,23.2771609],[120.7198494,23.2771672],[120.7199563,23.2771608]]]}},{"type":"Feature","properties":{"source":"NLSC_W84_BUILD_2023","record":751294,"settlement":"拉芙蘭","risk":"medium","height":22},"geometry":{"type":"Polygon","coordinates":[[[120.7184955,23.2730639],[120.7184903,23.27303],[120.7184132,23.2730353],[120.7184192,23.2730696],[120.7184955,23.2730639]]]}},{"type":"Feature","properties":{"source":"NLSC_W84_BUILD_2023","record":754619,"settlement":"勤和","risk":"high","height":16},"geometry":{"type":"Polygon","coordinates":[[[120.7074627,23.2504675],[120.7073662,23.2504667],[120.7073647,23.2505935],[120.7074597,23.2505944],[120.7074627,23.2504675]]]}},{"type":"Feature","properties":{"source":"NLSC_W84_BUILD_2023","record":755009,"settlement":"拉芙蘭","risk":"medium","height":12},"geometry":{"type":"Polygon","coordinates":[[[120.718051,23.2713539],[120.7180461,23.2712879],[120.7179838,23.2712947],[120.7179834,23.2712425],[120.7177885,23.2712503],[120.7177978,23.271368],[120.718051,23.2713539]]]}},{"type":"Feature","properties":{"source":"NLSC_W84_BUILD_2023","record":755024,"settlement":"拉芙蘭","risk":"medium","height":10},"geometry":{"type":"Polygon","coordinates":[[[120.7182887,23.2724803],[120.7182847,23.2723906],[120.7182742,23.2723117],[120.718213,23.2723182],[120.7182217,23.2723905],[120.7181176,23.2723969],[120.7181222,23.2724648],[120.7181422,23.2724648],[120.7181457,23.2724866],[120.7182887,23.2724803]]]}},{"type":"Feature","properties":{"source":"NLSC_W84_BUILD_2023","record":754597,"settlement":"勤和","risk":"high","height":20},"geometry":{"type":"Polygon","coordinates":[[[120.7071757,23.2500939],[120.707132,23.2500624],[120.7071071,23.2500952],[120.7071492,23.2501266],[120.7071757,23.2500939]]]}},{"type":"Feature","properties":{"source":"NLSC_W84_BUILD_2023","record":751449,"settlement":"拉芙蘭","risk":"medium","height":12},"geometry":{"type":"Polygon","coordinates":[[[120.7180707,23.2718502],[120.718056,23.2717463],[120.7178828,23.2717604],[120.7178957,23.2718656],[120.7180707,23.2718502]]]}},{"type":"Feature","properties":{"source":"NLSC_W84_BUILD_2023","record":751448,"settlement":"拉芙蘭","risk":"medium","height":10},"geometry":{"type":"Polygon","coordinates":[[[120.71782,23.2717588],[120.7180633,23.2717397],[120.7180524,23.2716357],[120.7178024,23.2716499],[120.7178135,23.2717577],[120.71782,23.2717577],[120.71782,23.2717588]]]}},{"type":"Feature","properties":{"source":"NLSC_W84_BUILD_2023","record":755060,"settlement":"拉芙蘭","risk":"medium","height":18},"geometry":{"type":"Polygon","coordinates":[[[120.7198685,23.2774079],[120.719863,23.277384],[120.719878,23.2773815],[120.7198479,23.2772107],[120.7198462,23.277209],[120.7198315,23.2772068],[120.7196827,23.2770444],[120.7196678,23.2770367],[120.7196658,23.2770488],[120.719643,23.2770935],[120.7196839,23.2771076],[120.7196844,23.2771325],[120.7196275,23.2771254],[120.7196099,23.277229],[120.719556,23.27722],[120.7195327,23.2773389],[120.7196553,23.2773621],[120.7196714,23.2772539],[120.7197803,23.2772579],[120.7198038,23.2773939],[120.7198246,23.2773919],[120.7198284,23.2774123],[120.7198685,23.2774079]]]}},{"type":"Feature","properties":{"source":"NLSC_W84_BUILD_2023","record":754057,"settlement":"勤和","risk":"high","height":12},"geometry":{"type":"Polygon","coordinates":[[[120.707576,23.2510651],[120.7075629,23.2510008],[120.7074681,23.251018],[120.7074806,23.2510829],[120.707576,23.2510651]]]}},{"type":"Feature","properties":{"source":"NLSC_W84_BUILD_2023","record":755002,"settlement":"拉芙蘭","risk":"medium","height":14},"geometry":{"type":"Polygon","coordinates":[[[120.7176541,23.2706529],[120.7175782,23.270631],[120.7175546,23.2707049],[120.7176257,23.2707219],[120.7176541,23.2706529]]]}},{"type":"Feature","properties":{"source":"NLSC_W84_BUILD_2023","record":754974,"settlement":"拉芙蘭","risk":"medium","height":22},"geometry":{"type":"Polygon","coordinates":[[[120.7171798,23.2688663],[120.7171447,23.2688092],[120.7170516,23.268858],[120.7170867,23.2689151],[120.7171798,23.2688663]]]}},{"type":"Feature","properties":{"source":"NLSC_W84_BUILD_2023","record":751454,"settlement":"拉芙蘭","risk":"medium","height":22},"geometry":{"type":"Polygon","coordinates":[[[120.7181158,23.2724931],[120.7181044,23.2723817],[120.7180412,23.2723851],[120.718049,23.2724456],[120.7180566,23.2724447],[120.7180617,23.2724935],[120.7181158,23.2724931]]]}},{"type":"Feature","properties":{"source":"NLSC_W84_BUILD_2023","record":751286,"settlement":"拉芙蘭","risk":"medium","height":22},"geometry":{"type":"Polygon","coordinates":[[[120.7180374,23.2722764],[120.7179931,23.2722761],[120.7179984,23.2723398],[120.7180394,23.2723399],[120.7180374,23.2722764]]]}},{"type":"Feature","properties":{"source":"NLSC_W84_BUILD_2023","record":754038,"settlement":"勤和","risk":"high","height":22},"geometry":{"type":"Polygon","coordinates":[[[120.707113,23.2505157],[120.7071134,23.2504848],[120.7071842,23.250487],[120.7071834,23.2505084],[120.7072837,23.2505102],[120.7072852,23.2504352],[120.7073,23.2504359],[120.707302,23.2503794],[120.7072872,23.2503785],[120.7072879,23.2503559],[120.7072446,23.2503553],[120.7072449,23.2503595],[120.7071858,23.2503585],[120.7071852,23.2503883],[120.7071663,23.2503879],[120.7071654,23.2504285],[120.7071855,23.2504289],[120.7071849,23.2504576],[120.7071551,23.2504564],[120.7071559,23.2504156],[120.707148,23.2504155],[120.707154,23.2502956],[120.7071263,23.2502939],[120.7071183,23.2504574],[120.7071138,23.2504573],[120.7071146,23.2504011],[120.7069568,23.2503952],[120.7069542,23.250511],[120.707113,23.2505157]]]}},{"type":"Feature","properties":{"source":"NLSC_W84_BUILD_2023","record":753955,"settlement":"勤和","risk":"high","height":16},"geometry":{"type":"Polygon","coordinates":[[[120.7070369,23.2501577],[120.7070018,23.2501529],[120.7069962,23.2502128],[120.7070311,23.2502157],[120.7070369,23.2501577]]]}},{"type":"Feature","properties":{"source":"NLSC_W84_BUILD_2023","record":755010,"settlement":"拉芙蘭","risk":"medium","height":14},"geometry":{"type":"Polygon","coordinates":[[[120.7176989,23.2712364],[120.717668,23.2712362],[120.7176773,23.2713802],[120.7177028,23.2713772],[120.7177006,23.2713116],[120.7176989,23.2712364]]]}},{"type":"Feature","properties":{"source":"NLSC_W84_BUILD_2023","record":754606,"settlement":"勤和","risk":"high","height":22},"geometry":{"type":"Polygon","coordinates":[[[120.7070855,23.2503143],[120.7070008,23.250307],[120.7069957,23.250376],[120.7070801,23.2503812],[120.7070855,23.2503143]]]}},{"type":"Feature","properties":{"source":"NLSC_W84_BUILD_2023","record":754083,"settlement":"勤和","risk":"high","height":16},"geometry":{"type":"Polygon","coordinates":[[[120.706982,23.2500768],[120.7069001,23.2500081],[120.7068958,23.2500114],[120.7068517,23.2499674],[120.7067919,23.2500213],[120.7068472,23.2500687],[120.7068672,23.2500509],[120.7069407,23.2501179],[120.706982,23.2500768]]]}},{"type":"Feature","properties":{"source":"NLSC_W84_BUILD_2023","record":751465,"settlement":"拉芙蘭","risk":"medium","height":12},"geometry":{"type":"Polygon","coordinates":[[[120.7195181,23.2772716],[120.7195236,23.2772568],[120.7195345,23.277261],[120.7195815,23.2771321],[120.7195623,23.2771257],[120.7195898,23.2770374],[120.7196034,23.277039],[120.7196144,23.2770089],[120.7195662,23.2769839],[120.7195644,23.276982],[120.7195215,23.276967],[120.7195397,23.27692],[120.7194293,23.2768804],[120.719387,23.2769882],[120.7194281,23.2770021],[120.7194039,23.2770686],[120.719539,23.2771173],[120.7194816,23.2772607],[120.7195181,23.2772716]]]}},{"type":"Feature","properties":{"source":"NLSC_W84_BUILD_2023","record":754046,"settlement":"勤和","risk":"high","height":22},"geometry":{"type":"Polygon","coordinates":[[[120.707236,23.2507039],[120.7071698,23.2507024],[120.7071688,23.2508186],[120.7072342,23.2508177],[120.707236,23.2507039]]]}},{"type":"Feature","properties":{"source":"NLSC_W84_BUILD_2023","record":751288,"settlement":"拉芙蘭","risk":"medium","height":10},"geometry":{"type":"Polygon","coordinates":[[[120.7179552,23.2723415],[120.7179358,23.272193],[120.7179078,23.272195],[120.717906,23.2721771],[120.7178483,23.2721836],[120.717871,23.2723483],[120.7179552,23.2723415]]]}},{"type":"Feature","properties":{"source":"NLSC_W84_BUILD_2023","record":755037,"settlement":"拉芙蘭","risk":"medium","height":20},"geometry":{"type":"Polygon","coordinates":[[[120.718302,23.2735421],[120.7182987,23.2735017],[120.7182591,23.2735075],[120.7182628,23.2735457],[120.718302,23.2735421]]]}},{"type":"Feature","properties":{"source":"NLSC_W84_BUILD_2023","record":751285,"settlement":"拉芙蘭","risk":"medium","height":20},"geometry":{"type":"Polygon","coordinates":[[[120.7176354,23.2712897],[120.7176319,23.2712525],[120.717574,23.2712558],[120.7175766,23.2712929],[120.7176354,23.2712897]]]}},{"type":"Feature","properties":{"source":"NLSC_W84_BUILD_2023","record":755016,"settlement":"拉芙蘭","risk":"medium","height":10},"geometry":{"type":"Polygon","coordinates":[[[120.7177459,23.2717573],[120.7177343,23.2716743],[120.7176866,23.2716782],[120.7177002,23.2717636],[120.7177459,23.2717573]]]}},{"type":"Feature","properties":{"source":"NLSC_W84_BUILD_2023","record":754999,"settlement":"拉芙蘭","risk":"medium","height":24},"geometry":{"type":"Polygon","coordinates":[[[120.7174377,23.2700423],[120.7173591,23.2699471],[120.7173407,23.2699608],[120.7172434,23.2700332],[120.7172223,23.270049],[120.7171668,23.2700741],[120.7170839,23.2702808],[120.7171664,23.2703225],[120.717213,23.270197],[120.7172529,23.2701932],[120.7173292,23.2701285],[120.7174377,23.2700423]]]}},{"type":"Feature","properties":{"source":"NLSC_W84_BUILD_2023","record":754052,"settlement":"勤和","risk":"high","height":18},"geometry":{"type":"Polygon","coordinates":[[[120.7072689,23.2508414],[120.7071733,23.2508384],[120.70717,23.2509306],[120.7072669,23.2509322],[120.7072689,23.2508414]]]}},{"type":"Feature","properties":{"source":"NLSC_W84_BUILD_2023","record":751311,"settlement":"拉芙蘭","risk":"medium","height":24},"geometry":{"type":"Polygon","coordinates":[[[120.7200891,23.2786872],[120.72003,23.2786091],[120.7199087,23.2786875],[120.7199686,23.2787646],[120.7200891,23.2786872]]]}},{"type":"Feature","properties":{"source":"NLSC_W84_BUILD_2023","record":754504,"settlement":"桃源","risk":"medium","height":10},"geometry":{"type":"Polygon","coordinates":[[[120.703703,23.2451374],[120.7036272,23.2451281],[120.7036084,23.2452445],[120.7036882,23.2452535],[120.703703,23.2451374]]]}},{"type":"Feature","properties":{"source":"NLSC_W84_BUILD_2023","record":751473,"settlement":"拉芙蘭","risk":"medium","height":12},"geometry":{"type":"Polygon","coordinates":[[[120.720203,23.2790292],[120.7201924,23.2789349],[120.7201593,23.2789376],[120.7201636,23.2789711],[120.7200842,23.2789825],[120.7200729,23.2789017],[120.7200462,23.278918],[120.7199774,23.278964],[120.7199936,23.2790061],[120.7199883,23.2790094],[120.7200178,23.279101],[120.7201496,23.2790776],[120.7201456,23.2790494],[120.720176,23.279045],[120.7201741,23.279034],[120.720203,23.2790292]]]}},{"type":"Feature","properties":{"source":"NLSC_W84_BUILD_2023","record":754058,"settlement":"勤和","risk":"high","height":14},"geometry":{"type":"Polygon","coordinates":[[[120.7072719,23.2509801],[120.707177,23.2509761],[120.7071735,23.2510867],[120.7072686,23.2510891],[120.7072719,23.2509801]]]}},{"type":"Feature","properties":{"source":"NLSC_W84_BUILD_2023","record":754995,"settlement":"拉芙蘭","risk":"medium","height":16},"geometry":{"type":"Polygon","coordinates":[[[120.717216,23.2699027],[120.7170814,23.2697365],[120.717001,23.2698066],[120.717128,23.2699645],[120.717216,23.2699027]]]}},{"type":"Feature","properties":{"source":"NLSC_W84_BUILD_2023","record":754607,"settlement":"勤和","risk":"high","height":24},"geometry":{"type":"Polygon","coordinates":[[[120.7069199,23.2503106],[120.7067968,23.2503079],[120.7067961,23.2503907],[120.706919,23.2503926],[120.7069199,23.2503106]]]}},{"type":"Feature","properties":{"source":"NLSC_W84_BUILD_2023","record":754045,"settlement":"勤和","risk":"high","height":20},"geometry":{"type":"Polygon","coordinates":[[[120.7070903,23.2507132],[120.7070051,23.2507009],[120.7069896,23.2508095],[120.7070758,23.2508184],[120.7070903,23.2507132]]]}},{"type":"Feature","properties":{"source":"NLSC_W84_BUILD_2023","record":754616,"settlement":"勤和","risk":"high","height":10},"geometry":{"type":"Polygon","coordinates":[[[120.706875,23.2505022],[120.7068746,23.2504386],[120.7067867,23.25044],[120.7067877,23.2505017],[120.706875,23.2505022]]]}},{"type":"Feature","properties":{"source":"NLSC_W84_BUILD_2023","record":755059,"settlement":"拉芙蘭","risk":"medium","height":16},"geometry":{"type":"Polygon","coordinates":[[[120.7193776,23.2773537],[120.7193316,23.2773216],[120.7193122,23.277363],[120.7193523,23.2773875],[120.7193776,23.2773537]]]}},{"type":"Feature","properties":{"source":"NLSC_W84_BUILD_2023","record":754053,"settlement":"勤和","risk":"high","height":20},"geometry":{"type":"Polygon","coordinates":[[[120.7070615,23.2508392],[120.7069945,23.2508374],[120.7069913,23.2509516],[120.7070613,23.2509521],[120.7070615,23.2508392]]]}},{"type":"Feature","properties":{"source":"NLSC_W84_BUILD_2023","record":755078,"settlement":"拉芙蘭","risk":"medium","height":22},"geometry":{"type":"Polygon","coordinates":[[[120.7197384,23.2784053],[120.7196783,23.2783593],[120.7196468,23.278381],[120.7196871,23.2784345],[120.7197384,23.2784053]]]}},{"type":"Feature","properties":{"source":"NLSC_W84_BUILD_2023","record":755073,"settlement":"拉芙蘭","risk":"medium","height":12},"geometry":{"type":"Polygon","coordinates":[[[120.7196703,23.2782372],[120.7196286,23.2782237],[120.7196096,23.2782736],[120.7196514,23.2782872],[120.7196703,23.2782372]]]}},{"type":"Feature","properties":{"source":"NLSC_W84_BUILD_2023","record":751474,"settlement":"拉芙蘭","risk":"medium","height":14},"geometry":{"type":"Polygon","coordinates":[[[120.7200675,23.2792222],[120.7200476,23.2791473],[120.720018,23.2791526],[120.7200076,23.279112],[120.719987,23.2790316],[120.7199193,23.2790464],[120.7199303,23.2790894],[120.7198698,23.2791011],[120.7199101,23.2792522],[120.7199974,23.2792354],[120.7200675,23.2792222]]]}},{"type":"Feature","properties":{"source":"NLSC_W84_BUILD_2023","record":755000,"settlement":"拉芙蘭","risk":"medium","height":10},"geometry":{"type":"Polygon","coordinates":[[[120.7171415,23.2703276],[120.7170791,23.2703019],[120.7170608,23.2703465],[120.7171185,23.2703716],[120.7171415,23.2703276]]]}},{"type":"Feature","properties":{"source":"NLSC_W84_BUILD_2023","record":755001,"settlement":"拉芙蘭","risk":"medium","height":12},"geometry":{"type":"Polygon","coordinates":[[[120.7171851,23.2704057],[120.7171261,23.2703861],[120.7170817,23.2705025],[120.7171519,23.2705265],[120.7171851,23.2704057]]]}},{"type":"Feature","properties":{"source":"NLSC_W84_BUILD_2023","record":754059,"settlement":"勤和","risk":"high","height":16},"geometry":{"type":"Polygon","coordinates":[[[120.7070824,23.2509914],[120.7069893,23.2509876],[120.706985,23.2510962],[120.7070781,23.2510986],[120.7070824,23.2509914]]]}},{"type":"Feature","properties":{"source":"NLSC_W84_BUILD_2023","record":751478,"settlement":"拉芙蘭","risk":"medium","height":22},"geometry":{"type":"Polygon","coordinates":[[[120.720104,23.2795171],[120.7201043,23.2794058],[120.7200574,23.2794167],[120.7200535,23.2794007],[120.7200363,23.2794042],[120.7200041,23.2792716],[120.7199199,23.2792891],[120.7199853,23.2795342],[120.719987,23.2795399],[120.720104,23.2795171]]]}},{"type":"Feature","properties":{"source":"NLSC_W84_BUILD_2023","record":754044,"settlement":"勤和","risk":"high","height":18},"geometry":{"type":"Polygon","coordinates":[[[120.7068345,23.2506462],[120.7067741,23.2506386],[120.706764,23.2507126],[120.7068179,23.2507195],[120.7068147,23.2507818],[120.7069137,23.2507882],[120.7069239,23.2506574],[120.7068661,23.2506501],[120.7068342,23.2506487],[120.7068345,23.2506462]]]}},{"type":"Feature","properties":{"source":"NLSC_W84_BUILD_2023","record":753956,"settlement":"勤和","risk":"high","height":18},"geometry":{"type":"Polygon","coordinates":[[[120.706727,23.2504632],[120.7066984,23.250463],[120.706698,23.2505179],[120.7067271,23.2505184],[120.706727,23.2504632]]]}},{"type":"Feature","properties":{"source":"NLSC_W84_BUILD_2023","record":754577,"settlement":"勤和","risk":"high","height":12},"geometry":{"type":"Polygon","coordinates":[[[120.7062544,23.249438],[120.7061769,23.2494174],[120.7061423,23.2495267],[120.706221,23.2495485],[120.7062544,23.249438]]]}},{"type":"Feature","properties":{"source":"NLSC_W84_BUILD_2023","record":754629,"settlement":"勤和","risk":"high","height":20},"geometry":{"type":"Polygon","coordinates":[[[120.7068986,23.2508899],[120.7068951,23.2508171],[120.7068177,23.2508193],[120.7068214,23.2508939],[120.7068986,23.2508899]]]}},{"type":"Feature","properties":{"source":"NLSC_W84_BUILD_2023","record":754583,"settlement":"勤和","risk":"high","height":24},"geometry":{"type":"Polygon","coordinates":[[[120.7063638,23.2497263],[120.7063021,23.2497027],[120.7062715,23.2497701],[120.7063339,23.2497931],[120.7063638,23.2497263]]]}},{"type":"Feature","properties":{"source":"NLSC_W84_BUILD_2023","record":754036,"settlement":"勤和","risk":"high","height":18},"geometry":{"type":"Polygon","coordinates":[[[120.7064035,23.2500425],[120.7064457,23.2499689],[120.7064673,23.2499813],[120.7064908,23.2499332],[120.7064779,23.2499254],[120.7064935,23.2498635],[120.7063944,23.2498194],[120.7063636,23.2498717],[120.706395,23.2498849],[120.7063748,23.2499199],[120.7063632,23.2499135],[120.7063164,23.2499921],[120.7064035,23.2500425]]]}},{"type":"Feature","properties":{"source":"NLSC_W84_BUILD_2023","record":755091,"settlement":"拉芙蘭","risk":"medium","height":16},"geometry":{"type":"Polygon","coordinates":[[[120.7197208,23.2788154],[120.7197301,23.2788101],[120.7197298,23.2788103],[120.7198342,23.2789403],[120.7199303,23.2788745],[120.719826,23.2787445],[120.7198207,23.2787481],[120.7197519,23.2786557],[120.7196524,23.2787212],[120.7195225,23.2788071],[120.7196736,23.2790026],[120.7197982,23.2789218],[120.7197208,23.2788154]]]}},{"type":"Feature","properties":{"source":"NLSC_W84_BUILD_2023","record":754571,"settlement":"勤和","risk":"high","height":16},"geometry":{"type":"Polygon","coordinates":[[[120.7061683,23.2492342],[120.706105,23.2491898],[120.7059917,23.2493333],[120.7060561,23.2493767],[120.7061683,23.2492342]]]}},{"type":"Feature","properties":{"source":"NLSC_W84_BUILD_2023","record":755101,"settlement":"拉芙蘭","risk":"medium","height":20},"geometry":{"type":"Polygon","coordinates":[[[120.720134,23.279912],[120.7201243,23.2798157],[120.7200921,23.2798182],[120.7200896,23.2797994],[120.7199908,23.2798093],[120.7199952,23.279851],[120.7199823,23.2798525],[120.7199859,23.2798889],[120.7199995,23.2798871],[120.7200053,23.2799285],[120.720134,23.279912]]]}},{"type":"Feature","properties":{"source":"NLSC_W84_BUILD_2023","record":754931,"settlement":"勤和","risk":"high","height":16},"geometry":{"type":"Polygon","coordinates":[[[120.7156848,23.2655262],[120.7156633,23.2654713],[120.7156137,23.2654944],[120.7156379,23.2655473],[120.7156848,23.2655262]]]}},{"type":"Feature","properties":{"source":"NLSC_W84_BUILD_2023","record":754578,"settlement":"勤和","risk":"high","height":14},"geometry":{"type":"Polygon","coordinates":[[[120.7061651,23.2495565],[120.7060923,23.2495358],[120.7060711,23.2495955],[120.7061437,23.2496173],[120.7061651,23.2495565]]]}},{"type":"Feature","properties":{"source":"NLSC_W84_BUILD_2023","record":754582,"settlement":"勤和","risk":"high","height":22},"geometry":{"type":"Polygon","coordinates":[[[120.7062269,23.2497105],[120.7061641,23.2496887],[120.7061366,23.2497579],[120.7061982,23.2497785],[120.7062269,23.2497105]]]}},{"type":"Feature","properties":{"source":"NLSC_W84_BUILD_2023","record":751291,"settlement":"拉芙蘭","risk":"medium","height":16},"geometry":{"type":"Polygon","coordinates":[[[120.717527,23.2724789],[120.7175133,23.2724229],[120.7173839,23.2724408],[120.7173983,23.2724977],[120.717527,23.2724789]]]}},{"type":"Feature","properties":{"source":"NLSC_W84_BUILD_2023","record":754627,"settlement":"勤和","risk":"high","height":16},"geometry":{"type":"Polygon","coordinates":[[[120.7066772,23.2508014],[120.7066792,23.2507673],[120.7066844,23.2507694],[120.7066903,23.2507031],[120.7066154,23.2507017],[120.7066172,23.2507971],[120.7066772,23.2508014]]]}},{"type":"Feature","properties":{"source":"NLSC_W84_BUILD_2023","record":754997,"settlement":"拉芙蘭","risk":"medium","height":20},"geometry":{"type":"Polygon","coordinates":[[[120.7168516,23.2701362],[120.7168403,23.2700089],[120.7168317,23.2700095],[120.716697,23.2700188],[120.7167008,23.270072],[120.716705,23.2701299],[120.7168516,23.2701362]]]}},{"type":"Feature","properties":{"source":"NLSC_W84_BUILD_2023","record":755072,"settlement":"拉芙蘭","risk":"medium","height":10},"geometry":{"type":"Polygon","coordinates":[[[120.7193734,23.2782477],[120.7193524,23.2782069],[120.7192867,23.2782376],[120.719307,23.2782792],[120.7193734,23.2782477]]]}},{"type":"Feature","properties":{"source":"NLSC_W84_BUILD_2023","record":751479,"settlement":"拉芙蘭","risk":"medium","height":24},"geometry":{"type":"Polygon","coordinates":[[[120.7199474,23.2796388],[120.7199002,23.2795557],[120.7199344,23.279546],[120.7197993,23.2791392],[120.7195781,23.2792018],[120.7197131,23.2796086],[120.7197998,23.2795841],[120.7198327,23.2796419],[120.7198561,23.2796831],[120.7199474,23.2796388]]]}},{"type":"Feature","properties":{"source":"NLSC_W84_BUILD_2023","record":754575,"settlement":"勤和","risk":"high","height":24},"geometry":{"type":"Polygon","coordinates":[[[120.7060331,23.2494026],[120.7059669,23.2493563],[120.7058921,23.2494479],[120.705958,23.2494942],[120.7060331,23.2494026]]]}},{"type":"Feature","properties":{"source":"NLSC_W84_BUILD_2023","record":751472,"settlement":"拉芙蘭","risk":"medium","height":10},"geometry":{"type":"Polygon","coordinates":[[[120.7196853,23.2790441],[120.7195724,23.2788942],[120.7195065,23.2789367],[120.7196193,23.2790865],[120.7196853,23.2790441]]]}},{"type":"Feature","properties":{"source":"NLSC_W84_BUILD_2023","record":754618,"settlement":"勤和","risk":"high","height":14},"geometry":{"type":"Polygon","coordinates":[[[120.7064899,23.2504591],[120.7064285,23.2504557],[120.7064234,23.2505241],[120.7064861,23.250528],[120.7064899,23.2504591]]]}},{"type":"Feature","properties":{"source":"NLSC_W84_BUILD_2023","record":755085,"settlement":"拉芙蘭","risk":"medium","height":20},"geometry":{"type":"Polygon","coordinates":[[[120.7193566,23.2786848],[120.719427,23.2786472],[120.7194387,23.2786665],[120.7194767,23.2786444],[120.7194488,23.2785985],[120.7194611,23.2785925],[120.7194539,23.2785786],[120.7194722,23.2785703],[120.7196162,23.2784901],[120.7195362,23.2783796],[120.7193654,23.2784696],[120.7193262,23.2784041],[120.7193626,23.2783848],[120.7192555,23.2782223],[120.719099,23.2782853],[120.7193566,23.2786848]]]}},{"type":"Feature","properties":{"source":"NLSC_W84_BUILD_2023","record":755069,"settlement":"拉芙蘭","risk":"medium","height":20},"geometry":{"type":"Polygon","coordinates":[[[120.719252,23.2781574],[120.7192351,23.2781071],[120.7191867,23.2781221],[120.7192042,23.2781746],[120.719252,23.2781574]]]}},{"type":"Feature","properties":{"source":"NLSC_W84_BUILD_2023","record":754625,"settlement":"勤和","risk":"high","height":12},"geometry":{"type":"Polygon","coordinates":[[[120.7065468,23.2506765],[120.7064735,23.250674],[120.7064722,23.2507447],[120.7065438,23.2507464],[120.7065468,23.2506765]]]}},{"type":"Feature","properties":{"source":"NLSC_W84_BUILD_2023","record":751258,"settlement":"勤和","risk":"high","height":14},"geometry":{"type":"Polygon","coordinates":[[[120.7091223,23.2556686],[120.7090593,23.2555879],[120.7089941,23.2556251],[120.709053,23.2557091],[120.7091223,23.2556686]]]}},{"type":"Feature","properties":{"source":"NLSC_W84_BUILD_2023","record":754056,"settlement":"勤和","risk":"high","height":10},"geometry":{"type":"Polygon","coordinates":[[[120.7066338,23.2509584],[120.7065565,23.2509562],[120.7065527,23.2510763],[120.7066315,23.2510786],[120.7066338,23.2509584]]]}},{"type":"Feature","properties":{"source":"NLSC_W84_BUILD_2023","record":755013,"settlement":"拉芙蘭","risk":"medium","height":20},"geometry":{"type":"Polygon","coordinates":[[[120.7170295,23.2714753],[120.7170041,23.2712855],[120.7168376,23.2713027],[120.7168579,23.2714428],[120.7169528,23.2714325],[120.7169656,23.2715855],[120.7170408,23.2715789],[120.7170405,23.2715753],[120.7170295,23.2714753]]]}},{"type":"Feature","properties":{"source":"NLSC_W84_BUILD_2023","record":754050,"settlement":"勤和","risk":"high","height":14},"geometry":{"type":"Polygon","coordinates":[[[120.7064901,23.250923],[120.7064903,23.2508931],[120.7065409,23.2508933],[120.7065411,23.2508232],[120.7064672,23.2508223],[120.7064106,23.2508215],[120.7064095,23.2509222],[120.7064901,23.250923]]]}},{"type":"Feature","properties":{"source":"NLSC_W84_BUILD_2023","record":754590,"settlement":"勤和","risk":"high","height":22},"geometry":{"type":"Polygon","coordinates":[[[120.7060338,23.2499165],[120.7059889,23.2498648],[120.7058815,23.249965],[120.7059311,23.2500139],[120.7060338,23.2499165]]]}},{"type":"Feature","properties":{"source":"NLSC_W84_BUILD_2023","record":751482,"settlement":"拉芙蘭","risk":"medium","height":14},"geometry":{"type":"Polygon","coordinates":[[[120.7197198,23.2796779],[120.7196417,23.2794724],[120.7195293,23.2795089],[120.7195334,23.2795196],[120.7194703,23.2795399],[120.7194801,23.279564],[120.7194638,23.2795691],[120.7194936,23.2796495],[120.719509,23.2796908],[120.7195269,23.2797393],[120.7195454,23.2798009],[120.7196217,23.279772],[120.7196087,23.2797371],[120.7197271,23.2797025],[120.7197198,23.2796779]]]}},{"type":"Feature","properties":{"source":"NLSC_W84_BUILD_2023","record":754624,"settlement":"勤和","risk":"high","height":10},"geometry":{"type":"Polygon","coordinates":[[[120.706345,23.2507429],[120.7063444,23.2506259],[120.7062593,23.250626],[120.7062584,23.2507412],[120.706345,23.2507429]]]}},{"type":"Feature","properties":{"source":"NLSC_W84_BUILD_2023","record":754633,"settlement":"勤和","risk":"high","height":12},"geometry":{"type":"Polygon","coordinates":[[[120.7065039,23.2510054],[120.7064303,23.2510046],[120.7064318,23.2510811],[120.7065028,23.2510811],[120.7065039,23.2510054]]]}},{"type":"Feature","properties":{"source":"NLSC_W84_BUILD_2023","record":754612,"settlement":"勤和","risk":"high","height":18},"geometry":{"type":"Polygon","coordinates":[[[120.7062123,23.2504087],[120.7061085,23.2504003],[120.7061015,23.2504613],[120.7062045,23.250471],[120.7062123,23.2504087]]]}},{"type":"Feature","properties":{"source":"NLSC_W84_BUILD_2023","record":755080,"settlement":"拉芙蘭","risk":"medium","height":10},"geometry":{"type":"Polygon","coordinates":[[[120.7191172,23.2783938],[120.7190979,23.2783631],[120.7190581,23.2783866],[120.7191055,23.2784644],[120.7191464,23.2784445],[120.7191172,23.2783938]]]}},{"type":"Feature","properties":{"source":"NLSC_W84_BUILD_2023","record":754505,"settlement":"桃源","risk":"medium","height":12},"geometry":{"type":"Polygon","coordinates":[[[120.702855,23.2452201],[120.7027912,23.2451523],[120.7026958,23.2452283],[120.7027588,23.2452985],[120.702855,23.2452201]]]}},{"type":"Feature","properties":{"source":"NLSC_W84_BUILD_2023","record":755018,"settlement":"拉芙蘭","risk":"medium","height":14},"geometry":{"type":"Polygon","coordinates":[[[120.7170088,23.2719902],[120.7169972,23.2718994],[120.7169331,23.2719063],[120.7169447,23.2719972],[120.7170088,23.2719902]]]}},{"type":"Feature","properties":{"source":"NLSC_W84_BUILD_2023","record":755067,"settlement":"拉芙蘭","risk":"medium","height":16},"geometry":{"type":"Polygon","coordinates":[[[120.7189367,23.2780245],[120.7189579,23.2779494],[120.7189251,23.2779326],[120.7189103,23.277972],[120.7188991,23.278022],[120.7188914,23.2780215],[120.718887,23.2780767],[120.7189796,23.278083],[120.7189839,23.2780277],[120.7189367,23.2780245]]]}},{"type":"Feature","properties":{"source":"NLSC_W84_BUILD_2023","record":755089,"settlement":"拉芙蘭","risk":"medium","height":12},"geometry":{"type":"Polygon","coordinates":[[[120.7193005,23.2787101],[120.7192655,23.278651],[120.7190904,23.278738],[120.7191181,23.2788128],[120.7193079,23.2787213],[120.7193005,23.2787101]]]}},{"type":"Feature","properties":{"source":"NLSC_W84_BUILD_2023","record":754628,"settlement":"勤和","risk":"high","height":18},"geometry":{"type":"Polygon","coordinates":[[[120.7063527,23.2508547],[120.7063502,23.2507831],[120.7062751,23.2507839],[120.7062811,23.2508832],[120.7063492,23.2508844],[120.7063497,23.2508552],[120.7063527,23.2508547]]]}},{"type":"Feature","properties":{"source":"NLSC_W84_BUILD_2023","record":755068,"settlement":"拉芙蘭","risk":"medium","height":18},"geometry":{"type":"Polygon","coordinates":[[[120.7189778,23.2781642],[120.7189695,23.2781164],[120.7189056,23.278126],[120.718914,23.2781737],[120.7189778,23.2781642]]]}},{"type":"Feature","properties":{"source":"NLSC_W84_BUILD_2023","record":754483,"settlement":"桃源","risk":"medium","height":16},"geometry":{"type":"Polygon","coordinates":[[[120.7019244,23.2441141],[120.7018904,23.2440577],[120.7018436,23.2440893],[120.7018772,23.2441448],[120.7019244,23.2441141]]]}},{"type":"Feature","properties":{"source":"NLSC_W84_BUILD_2023","record":755036,"settlement":"拉芙蘭","risk":"medium","height":18},"geometry":{"type":"Polygon","coordinates":[[[120.717351,23.2734868],[120.7173547,23.2734053],[120.7173135,23.273403],[120.7173119,23.2734307],[120.7172976,23.2734294],[120.717295,23.273485],[120.717351,23.2734868]]]}},{"type":"Feature","properties":{"source":"NLSC_W84_BUILD_2023","record":754587,"settlement":"勤和","risk":"high","height":16},"geometry":{"type":"Polygon","coordinates":[[[120.7058497,23.2498624],[120.7057299,23.2498507],[120.7057185,23.2499294],[120.7058406,23.2499401],[120.7058497,23.2498624]]]}},{"type":"Feature","properties":{"source":"NLSC_W84_BUILD_2023","record":755095,"settlement":"拉芙蘭","risk":"medium","height":24},"geometry":{"type":"Polygon","coordinates":[[[120.7193181,23.2792785],[120.7193008,23.2792429],[120.7191859,23.2792756],[120.7191769,23.2792285],[120.7190161,23.2792532],[120.7190117,23.2792135],[120.719137,23.2791876],[120.7191206,23.2791227],[120.7191315,23.2791196],[120.7191093,23.279051],[120.7191966,23.2790306],[120.719198,23.2790346],[120.7193098,23.2789796],[120.7193597,23.2790527],[120.7192161,23.2791431],[120.7192649,23.2792211],[120.7193466,23.2791752],[120.7193915,23.2792361],[120.7195313,23.279141],[120.7195391,23.2791541],[120.7195667,23.2791386],[120.7195689,23.2791352],[120.7195698,23.2791313],[120.7195635,23.279122],[120.7195533,23.2791084],[120.7195466,23.2790976],[120.7195253,23.2791093],[120.7194671,23.2790278],[120.7194805,23.2790187],[120.7194385,23.2789637],[120.7194558,23.2789533],[120.7194477,23.2789404],[120.7193967,23.2788593],[120.7193707,23.2788179],[120.719319,23.2787383],[120.7192058,23.2788033],[120.7192672,23.2789011],[120.7191759,23.2789444],[120.7191709,23.278935],[120.719069,23.2789596],[120.719051,23.2788646],[120.7190414,23.2788674],[120.7190359,23.2788231],[120.7190843,23.2788179],[120.7190764,23.2787709],[120.719027,23.2787766],[120.7190296,23.278793],[120.718985,23.2787991],[120.7189683,23.2787105],[120.7190945,23.2786924],[120.7190777,23.2786148],[120.7190187,23.2786261],[120.7189817,23.2785167],[120.7190298,23.2785051],[120.719004,23.2784036],[120.7188864,23.2784315],[120.7189118,23.2785339],[120.7187974,23.2785542],[120.718815,23.2786373],[120.7188948,23.2790836],[120.718896,23.2790905],[120.7189066,23.2790893],[120.7189331,23.2792163],[120.7189243,23.2792184],[120.7189505,23.2794151],[120.7189679,23.2794452],[120.719001,23.2794551],[120.7190079,23.2794566],[120.7193059,23.2792854],[120.7193181,23.2792785]]]}},{"type":"Feature","properties":{"source":"NLSC_W84_BUILD_2023","record":751477,"settlement":"拉芙蘭","risk":"medium","height":20},"geometry":{"type":"Polygon","coordinates":[[[120.7194298,23.279481],[120.7193821,23.2793757],[120.7193523,23.2793897],[120.7193434,23.2793789],[120.7192828,23.2794104],[120.7193481,23.279523],[120.7194298,23.279481]]]}},{"type":"Feature","properties":{"source":"NLSC_W84_BUILD_2023","record":755074,"settlement":"拉芙蘭","risk":"medium","height":14},"geometry":{"type":"Polygon","coordinates":[[[120.7190406,23.2782557],[120.7190228,23.2782054],[120.7189005,23.2782413],[120.7188695,23.2780806],[120.7188372,23.2780833],[120.7188206,23.2779912],[120.7188794,23.2779829],[120.7188636,23.2778867],[120.7188033,23.2778952],[120.7188025,23.2778911],[120.7186754,23.2779107],[120.7187404,23.2782706],[120.7187345,23.2782715],[120.7187472,23.2783449],[120.7189194,23.2783195],[120.7189176,23.2783091],[120.7190406,23.2782557]]]}},{"type":"Feature","properties":{"source":"NLSC_W84_BUILD_2023","record":754573,"settlement":"勤和","risk":"high","height":20},"geometry":{"type":"Polygon","coordinates":[[[120.7055962,23.2493077],[120.7055492,23.249264],[120.7053946,23.2494171],[120.7054423,23.2494587],[120.7055962,23.2493077]]]}},{"type":"Feature","properties":{"source":"NLSC_W84_BUILD_2023","record":754626,"settlement":"勤和","risk":"high","height":14},"geometry":{"type":"Polygon","coordinates":[[[120.7061783,23.250613],[120.7060918,23.2506093],[120.7060771,23.2507887],[120.7061681,23.2507904],[120.7061783,23.250613]]]}},{"type":"Feature","properties":{"source":"NLSC_W84_BUILD_2023","record":755079,"settlement":"拉芙蘭","risk":"medium","height":24},"geometry":{"type":"Polygon","coordinates":[[[120.719013,23.2783944],[120.7189982,23.2783453],[120.7189218,23.2783629],[120.7189203,23.2783566],[120.7188193,23.2783766],[120.718833,23.2784357],[120.7189341,23.2784157],[120.7189333,23.2784123],[120.719013,23.2783944]]]}},{"type":"Feature","properties":{"source":"NLSC_W84_BUILD_2023","record":754581,"settlement":"勤和","risk":"high","height":20},"geometry":{"type":"Polygon","coordinates":[[[120.7056555,23.2496464],[120.7055947,23.2495932],[120.7055111,23.2496786],[120.7055713,23.2497305],[120.7056555,23.2496464]]]}},{"type":"Feature","properties":{"source":"NLSC_W84_BUILD_2023","record":754617,"settlement":"勤和","risk":"high","height":12},"geometry":{"type":"Polygon","coordinates":[[[120.7060116,23.2504468],[120.7058831,23.2504368],[120.7058769,23.2505048],[120.7060061,23.2505159],[120.7060116,23.2504468]]]}},{"type":"Feature","properties":{"source":"NLSC_W84_BUILD_2023","record":754579,"settlement":"勤和","risk":"high","height":16},"geometry":{"type":"Polygon","coordinates":[[[120.7056164,23.2495053],[120.7055608,23.249453],[120.7053857,23.2496115],[120.7054418,23.2496663],[120.7056164,23.2495053]]]}},{"type":"Feature","properties":{"source":"NLSC_W84_BUILD_2023","record":754605,"settlement":"勤和","risk":"high","height":20},"geometry":{"type":"Polygon","coordinates":[[[120.7058396,23.2502814],[120.7058408,23.250247],[120.7058595,23.2502486],[120.7058624,23.2501715],[120.7058688,23.2500731],[120.7058225,23.2500723],[120.7058234,23.2500572],[120.7057569,23.2500574],[120.7057565,23.2500981],[120.7057335,23.250095],[120.7057327,23.2501322],[120.7057584,23.2501332],[120.7057566,23.2501707],[120.7057574,23.2501708],[120.705757,23.2502233],[120.7057512,23.2503254],[120.7057511,23.2503372],[120.705751,23.2503663],[120.7058659,23.250372],[120.7058725,23.2502821],[120.7058396,23.2502814]]]}},{"type":"Feature","properties":{"source":"NLSC_W84_BUILD_2023","record":751481,"settlement":"拉芙蘭","risk":"medium","height":12},"geometry":{"type":"Polygon","coordinates":[[[120.7194706,23.2797029],[120.7194548,23.2796617],[120.7194413,23.2796659],[120.7193889,23.2795354],[120.7192929,23.2795683],[120.7193122,23.2796166],[120.7191795,23.2794391],[120.7191338,23.2794683],[120.7191354,23.2794704],[120.7192069,23.279566],[120.7192691,23.2796492],[120.7193139,23.2796206],[120.7193453,23.2796988],[120.71935,23.2796972],[120.7193639,23.2797363],[120.7194706,23.2797029]]]}},{"type":"Feature","properties":{"source":"NLSC_W84_BUILD_2023","record":754586,"settlement":"勤和","risk":"high","height":14},"geometry":{"type":"Polygon","coordinates":[[[120.7056721,23.2498175],[120.7055947,23.2498123],[120.705581,23.2499297],[120.7056605,23.2499361],[120.7056721,23.2498175]]]}},{"type":"Feature","properties":{"source":"NLSC_W84_BUILD_2023","record":754630,"settlement":"勤和","risk":"high","height":22},"geometry":{"type":"Polygon","coordinates":[[[120.7061671,23.2508548],[120.7060808,23.2508522],[120.7060754,23.2509701],[120.706162,23.2509711],[120.7061671,23.2508548]]]}},{"type":"Feature","properties":{"source":"NLSC_W84_BUILD_2023","record":754595,"settlement":"勤和","risk":"high","height":16},"geometry":{"type":"Polygon","coordinates":[[[120.7057085,23.2500068],[120.705627,23.2500012],[120.7056204,23.2500649],[120.7057015,23.2500716],[120.7057085,23.2500068]]]}},{"type":"Feature","properties":{"source":"NLSC_W84_BUILD_2023","record":754623,"settlement":"勤和","risk":"high","height":24},"geometry":{"type":"Polygon","coordinates":[[[120.7059929,23.2507397],[120.7059923,23.2506696],[120.7058882,23.2506704],[120.7058888,23.2507405],[120.7059929,23.2507397]]]}},{"type":"Feature","properties":{"source":"NLSC_W84_BUILD_2023","record":754488,"settlement":"桃源","risk":"medium","height":10},"geometry":{"type":"Polygon","coordinates":[[[120.7017455,23.2444736],[120.7018193,23.2444297],[120.7018309,23.2444464],[120.7018965,23.2444074],[120.7018994,23.2443916],[120.7018967,23.2443912],[120.7018972,23.2443909],[120.7018917,23.2443825],[120.7018789,23.2443898],[120.7018172,23.2442958],[120.7016794,23.244373],[120.7017455,23.2444736]]]}},{"type":"Feature","properties":{"source":"NLSC_W84_BUILD_2023","record":754601,"settlement":"勤和","risk":"high","height":12},"geometry":{"type":"Polygon","coordinates":[[[120.7057074,23.2500838],[120.7056326,23.2500778],[120.7056177,23.2502366],[120.7056286,23.2502375],[120.705684,23.2502412],[120.7056925,23.2502419],[120.7057074,23.2500838]]]}},{"type":"Feature","properties":{"source":"NLSC_W84_BUILD_2023","record":754615,"settlement":"勤和","risk":"high","height":24},"geometry":{"type":"Polygon","coordinates":[[[120.7058403,23.2504175],[120.7057533,23.250414],[120.7057517,23.2504808],[120.7058388,23.2504841],[120.7058403,23.2504175]]]}},{"type":"Feature","properties":{"source":"NLSC_W84_BUILD_2023","record":755066,"settlement":"拉芙蘭","risk":"medium","height":14},"geometry":{"type":"Polygon","coordinates":[[[120.7185581,23.2779775],[120.7185684,23.2779519],[120.7185984,23.2779633],[120.7186382,23.2778625],[120.7186382,23.277862],[120.7185348,23.2778259],[120.7185227,23.277855],[120.7184837,23.277952],[120.7185581,23.2779775]]]}},{"type":"Feature","properties":{"source":"NLSC_W84_BUILD_2023","record":754564,"settlement":"勤和","risk":"high","height":18},"geometry":{"type":"Polygon","coordinates":[[[120.7050346,23.2490565],[120.7050772,23.2490124],[120.7050834,23.2490196],[120.7051306,23.2489725],[120.705094,23.2489411],[120.7050483,23.2489869],[120.7050601,23.2489979],[120.7050153,23.2490409],[120.7050346,23.2490565]]]}},{"type":"Feature","properties":{"source":"NLSC_W84_BUILD_2023","record":751273,"settlement":"拉芙蘭","risk":"medium","height":12},"geometry":{"type":"Polygon","coordinates":[[[120.7156151,23.2682718],[120.7155772,23.2682497],[120.7155594,23.2682719],[120.7155964,23.2682939],[120.7156151,23.2682718]]]}},{"type":"Feature","properties":{"source":"NLSC_W84_BUILD_2023","record":751274,"settlement":"拉芙蘭","risk":"medium","height":14},"geometry":{"type":"Polygon","coordinates":[[[120.7156275,23.268331],[120.715585,23.2683191],[120.715576,23.2683418],[120.715617,23.2683549],[120.7156275,23.268331]]]}},{"type":"Feature","properties":{"source":"NLSC_W84_BUILD_2023","record":755070,"settlement":"拉芙蘭","risk":"medium","height":22},"geometry":{"type":"Polygon","coordinates":[[[120.7186177,23.2780967],[120.7186079,23.2780825],[120.7185036,23.278101],[120.7185055,23.2781101],[120.7184726,23.2781145],[120.7184853,23.2781813],[120.7186285,23.2781605],[120.7186207,23.2781078],[120.7186177,23.2780967]]]}},{"type":"Feature","properties":{"source":"NLSC_W84_BUILD_2023","record":754043,"settlement":"勤和","risk":"high","height":16},"geometry":{"type":"Polygon","coordinates":[[[120.7058437,23.2505914],[120.7057231,23.2505845],[120.7057184,23.2507127],[120.7058341,23.2507201],[120.7058355,23.2507069],[120.7058437,23.2505914]]]}},{"type":"Feature","properties":{"source":"NLSC_W84_BUILD_2023","record":755105,"settlement":"拉芙蘭","risk":"medium","height":12},"geometry":{"type":"Polygon","coordinates":[[[120.7194252,23.2803636],[120.7193549,23.2802959],[120.7193106,23.2803351],[120.7193809,23.2804029],[120.7194252,23.2803636]]]}},{"type":"Feature","properties":{"source":"NLSC_W84_BUILD_2023","record":751480,"settlement":"拉芙蘭","risk":"medium","height":10},"geometry":{"type":"Polygon","coordinates":[[[120.7190888,23.2795226],[120.7190786,23.2795158],[120.7189922,23.2796273],[120.7190115,23.2796401],[120.718987,23.2796755],[120.7190736,23.2797314],[120.7191888,23.2795885],[120.7190888,23.2795226]]]}},{"type":"Feature","properties":{"source":"NLSC_W84_BUILD_2023","record":754037,"settlement":"勤和","risk":"high","height":20},"geometry":{"type":"Polygon","coordinates":[[[120.7056731,23.250276],[120.7055611,23.2502649],[120.7055503,23.2503791],[120.7056613,23.2503872],[120.7056731,23.250276]]]}},{"type":"Feature","properties":{"source":"NLSC_W84_BUILD_2023","record":751432,"settlement":"拉芙蘭","risk":"medium","height":10},"geometry":{"type":"Polygon","coordinates":[[[120.7156086,23.268491],[120.715513,23.2684061],[120.7154784,23.2684386],[120.7155672,23.2685209],[120.7156086,23.268491]]]}},{"type":"Feature","properties":{"source":"NLSC_W84_BUILD_2023","record":754634,"settlement":"勤和","risk":"high","height":14},"geometry":{"type":"Polygon","coordinates":[[[120.7059646,23.2511017],[120.7059644,23.2510503],[120.7059694,23.2510502],[120.7059661,23.2509754],[120.7058679,23.2509779],[120.705868,23.2510255],[120.7058581,23.2510256],[120.7058584,23.2510653],[120.7058792,23.2510655],[120.7058821,23.2510655],[120.7058831,23.2511028],[120.7059646,23.2511017]]]}},{"type":"Feature","properties":{"source":"NLSC_W84_BUILD_2023","record":754938,"settlement":"拉芙蘭","risk":"medium","height":14},"geometry":{"type":"Polygon","coordinates":[[[120.7151272,23.2666131],[120.715076,23.2665806],[120.715056,23.2666122],[120.7151035,23.2666458],[120.7151272,23.2666131]]]}},{"type":"Feature","properties":{"source":"NLSC_W84_BUILD_2023","record":755104,"settlement":"拉芙蘭","risk":"medium","height":10},"geometry":{"type":"Polygon","coordinates":[[[120.7193203,23.2802739],[120.7192722,23.2801234],[120.7191955,23.2801443],[120.7192436,23.2802948],[120.7193203,23.2802739]]]}},{"type":"Feature","properties":{"source":"NLSC_W84_BUILD_2023","record":754461,"settlement":"桃源","risk":"medium","height":20},"geometry":{"type":"Polygon","coordinates":[[[120.7002894,23.2424396],[120.7002426,23.2423814],[120.7001603,23.2424379],[120.7002071,23.2424961],[120.7002894,23.2424396]]]}},{"type":"Feature","properties":{"source":"NLSC_W84_BUILD_2023","record":754925,"settlement":"勤和","risk":"high","height":20},"geometry":{"type":"Polygon","coordinates":[[[120.7130564,23.2632298],[120.7130517,23.2632283],[120.7130516,23.2632286],[120.7130328,23.2632829],[120.7129662,23.2634743],[120.7130739,23.2635094],[120.7131635,23.2632642],[120.7131564,23.2632619],[120.7130564,23.2632298]]]}},{"type":"Feature","properties":{"source":"NLSC_W84_BUILD_2023","record":755102,"settlement":"拉芙蘭","risk":"medium","height":22},"geometry":{"type":"Polygon","coordinates":[[[120.7192773,23.2801097],[120.7192647,23.2800242],[120.7190735,23.2800588],[120.7190888,23.2801365],[120.7192773,23.2801097]]]}},{"type":"Feature","properties":{"source":"NLSC_W84_BUILD_2023","record":751467,"settlement":"拉芙蘭","risk":"medium","height":16},"geometry":{"type":"Polygon","coordinates":[[[120.7184083,23.2778441],[120.7184223,23.2778184],[120.7184395,23.2778257],[120.7184726,23.2777561],[120.7184455,23.2777456],[120.7184593,23.2777176],[120.718334,23.2776671],[120.7183227,23.2776927],[120.7182514,23.2776616],[120.7182034,23.2777501],[120.7181684,23.2778142],[120.7183728,23.2779092],[120.7184476,23.2779416],[120.7184815,23.2778726],[120.7184083,23.2778441]]]}},{"type":"Feature","properties":{"source":"NLSC_W84_BUILD_2023","record":754487,"settlement":"桃源","risk":"medium","height":24},"geometry":{"type":"Polygon","coordinates":[[[120.701513,23.2444515],[120.7016045,23.2444097],[120.7015915,23.2443855],[120.7016036,23.24438],[120.7015861,23.244347],[120.701467,23.2444012],[120.7014856,23.2444362],[120.7015013,23.2444291],[120.701513,23.2444515]]]}},{"type":"Feature","properties":{"source":"NLSC_W84_BUILD_2023","record":751470,"settlement":"拉芙蘭","risk":"medium","height":22},"geometry":{"type":"Polygon","coordinates":[[[120.7184406,23.2781387],[120.7184913,23.2780355],[120.7184845,23.2780318],[120.7184861,23.2780267],[120.7184857,23.2780265],[120.7183917,23.2779877],[120.7183868,23.2779976],[120.7183347,23.2781195],[120.7183685,23.2781326],[120.718374,23.2781199],[120.7184339,23.2781377],[120.7184406,23.2781387]]]}},{"type":"Feature","properties":{"source":"NLSC_W84_BUILD_2023","record":755082,"settlement":"拉芙蘭","risk":"medium","height":14},"geometry":{"type":"Polygon","coordinates":[[[120.718636,23.2785174],[120.7186199,23.2784499],[120.7184934,23.2784682],[120.7185065,23.2785409],[120.718636,23.2785174]]]}},{"type":"Feature","properties":{"source":"NLSC_W84_BUILD_2023","record":755081,"settlement":"拉芙蘭","risk":"medium","height":12},"geometry":{"type":"Polygon","coordinates":[[[120.7183978,23.278465],[120.7185435,23.2784446],[120.718544,23.2784482],[120.718673,23.2784305],[120.7186819,23.278429],[120.7186549,23.2782747],[120.7186354,23.2782778],[120.7184666,23.2783002],[120.7184759,23.2783604],[120.7184713,23.2783608],[120.7184537,23.2782588],[120.7183876,23.2782685],[120.7183802,23.2782279],[120.7183712,23.2782292],[120.7183522,23.2782327],[120.7183376,23.2782344],[120.7183449,23.2782748],[120.7183626,23.2783776],[120.7183849,23.2783743],[120.7183978,23.278465]]]}},{"type":"Feature","properties":{"source":"NLSC_W84_BUILD_2023","record":754051,"settlement":"勤和","risk":"high","height":16},"geometry":{"type":"Polygon","coordinates":[[[120.7058198,23.2509243],[120.7058273,23.2508414],[120.705747,23.2508337],[120.7057448,23.2508471],[120.7056987,23.2508437],[120.7056922,23.2509166],[120.7058198,23.2509243]]]}},{"type":"Feature","properties":{"source":"NLSC_W84_BUILD_2023","record":751275,"settlement":"拉芙蘭","risk":"medium","height":16},"geometry":{"type":"Polygon","coordinates":[[[120.7154981,23.268548],[120.7154697,23.2685089],[120.715447,23.2685196],[120.7154691,23.2685555],[120.7154981,23.268548]]]}},{"type":"Feature","properties":{"source":"NLSC_W84_BUILD_2023","record":754042,"settlement":"勤和","risk":"high","height":14},"geometry":{"type":"Polygon","coordinates":[[[120.7056343,23.2507051],[120.7056367,23.2506482],[120.705658,23.2506484],[120.705661,23.250584],[120.7055516,23.2505787],[120.7055451,23.2507011],[120.7056343,23.2507051]]]}},{"type":"Feature","properties":{"source":"NLSC_W84_BUILD_2023","record":751471,"settlement":"拉芙蘭","risk":"medium","height":24},"geometry":{"type":"Polygon","coordinates":[[[120.7184518,23.2781836],[120.71846,23.278144],[120.7184275,23.2781444],[120.7184266,23.2781395],[120.7183233,23.2781461],[120.7183173,23.2781455],[120.7183242,23.2782248],[120.7184391,23.2782172],[120.7184369,23.2781841],[120.7184518,23.2781836]]]}},{"type":"Feature","properties":{"source":"NLSC_W84_BUILD_2023","record":754570,"settlement":"勤和","risk":"high","height":14},"geometry":{"type":"Polygon","coordinates":[[[120.7049123,23.2493658],[120.7050384,23.2492594],[120.7049208,23.2491395],[120.7048482,23.2491994],[120.7049087,23.2492747],[120.7048714,23.2493082],[120.7048347,23.2492719],[120.7047854,23.2493134],[120.704827,23.2493546],[120.7048662,23.2493207],[120.7049123,23.2493658]]]}},{"type":"Feature","properties":{"source":"NLSC_W84_BUILD_2023","record":754518,"settlement":"桃源","risk":"medium","height":22},"geometry":{"type":"Polygon","coordinates":[[[120.7027576,23.2462411],[120.7027501,23.2462138],[120.7027078,23.2462245],[120.7027164,23.2462524],[120.7027576,23.2462411]]]}},{"type":"Feature","properties":{"source":"NLSC_W84_BUILD_2023","record":754596,"settlement":"勤和","risk":"high","height":18},"geometry":{"type":"Polygon","coordinates":[[[120.7053273,23.2500574],[120.7052468,23.2500533],[120.705241,23.2501173],[120.7053226,23.2501216],[120.7053273,23.2500574]]]}},{"type":"Feature","properties":{"source":"NLSC_W84_BUILD_2023","record":754613,"settlement":"勤和","risk":"high","height":20},"geometry":{"type":"Polygon","coordinates":[[[120.7054361,23.2503101],[120.7053561,23.2503074],[120.7053514,23.2503757],[120.7054186,23.2503801],[120.7054139,23.2504694],[120.7054886,23.250474],[120.7054981,23.2503385],[120.7054332,23.2503339],[120.7054361,23.2503101]]]}},{"type":"Feature","properties":{"source":"NLSC_W84_BUILD_2023","record":755097,"settlement":"拉芙蘭","risk":"medium","height":12},"geometry":{"type":"Polygon","coordinates":[[[120.7188946,23.2795613],[120.7187647,23.2788806],[120.7187503,23.2788139],[120.7187496,23.2788108],[120.7187279,23.2786911],[120.7187273,23.2786883],[120.7186968,23.2785141],[120.7185471,23.2785388],[120.7185549,23.2785677],[120.7184894,23.2785781],[120.718483,23.2785547],[120.7184296,23.2785677],[120.7184602,23.2786949],[120.7184729,23.2787326],[120.7184984,23.2788108],[120.7185282,23.2788029],[120.7185386,23.2788423],[120.7185202,23.2788466],[120.7185474,23.2789279],[120.7185588,23.2789262],[120.718571,23.2789834],[120.7185791,23.278982],[120.7186372,23.2793127],[120.7186234,23.2793149],[120.7186381,23.2793906],[120.7186986,23.2796346],[120.7188118,23.2796043],[120.7188946,23.2795613]]]}},{"type":"Feature","properties":{"source":"NLSC_W84_BUILD_2023","record":754048,"settlement":"勤和","risk":"high","height":10},"geometry":{"type":"Polygon","coordinates":[[[120.7056326,23.2508705],[120.7056347,23.2507301],[120.7055541,23.2507276],[120.705551,23.2507872],[120.705521,23.2507862],[120.7055181,23.250865],[120.7056326,23.2508705]]]}},{"type":"Feature","properties":{"source":"NLSC_W84_BUILD_2023","record":751466,"settlement":"拉芙蘭","risk":"medium","height":14},"geometry":{"type":"Polygon","coordinates":[[[120.7180928,23.2777887],[120.7181146,23.277745],[120.7181747,23.2777718],[120.7182493,23.2776233],[120.7181882,23.2775974],[120.718217,23.2775398],[120.7181644,23.2775175],[120.7181792,23.2774888],[120.7180556,23.2774344],[120.7179118,23.2777133],[120.7180374,23.2777639],[120.7180374,23.2777638],[120.7180928,23.2777887]]]}},{"type":"Feature","properties":{"source":"NLSC_W84_BUILD_2023","record":751318,"settlement":"拉芙蘭","risk":"medium","height":22},"geometry":{"type":"Polygon","coordinates":[[[120.7205957,23.2838873],[120.7204951,23.283855],[120.7204762,23.2839008],[120.7205779,23.2839304],[120.7205957,23.2838873]]]}},{"type":"Feature","properties":{"source":"NLSC_W84_BUILD_2023","record":751469,"settlement":"拉芙蘭","risk":"medium","height":20},"geometry":{"type":"Polygon","coordinates":[[[120.7183144,23.2781049],[120.718379,23.2779825],[120.7180798,23.2778611],[120.7180749,23.2778733],[120.7180388,23.2778564],[120.7180336,23.277855],[120.7180272,23.2778665],[120.7180163,23.2778945],[120.7180534,23.2779102],[120.7180495,23.2779196],[120.7180898,23.2779371],[120.7180189,23.2780811],[120.7181164,23.2781035],[120.7181375,23.2780548],[120.7182252,23.2780886],[120.7182345,23.2780718],[120.7183144,23.2781049]]]}},{"type":"Feature","properties":{"source":"NLSC_W84_BUILD_2023","record":754603,"settlement":"勤和","risk":"high","height":16},"geometry":{"type":"Polygon","coordinates":[[[120.7053145,23.2501648],[120.7052318,23.2501578],[120.7052189,23.2502727],[120.7053029,23.2502798],[120.7053145,23.2501648]]]}},{"type":"Feature","properties":{"source":"NLSC_W84_BUILD_2023","record":754490,"settlement":"桃源","risk":"medium","height":14},"geometry":{"type":"Polygon","coordinates":[[[120.7013375,23.244537],[120.7014266,23.2444965],[120.7014165,23.2444774],[120.7014354,23.2444688],[120.7014137,23.2444279],[120.7012875,23.2444853],[120.7013091,23.2445259],[120.7013273,23.2445177],[120.7013375,23.244537]]]}},{"type":"Feature","properties":{"source":"NLSC_W84_BUILD_2023","record":754494,"settlement":"桃源","risk":"medium","height":22},"geometry":{"type":"Polygon","coordinates":[[[120.7012932,23.2447171],[120.7013488,23.2446932],[120.7013506,23.2446968],[120.7016276,23.244577],[120.7015871,23.2444971],[120.7013062,23.2446151],[120.7013234,23.2446501],[120.7012707,23.2446725],[120.7012932,23.2447171]]]}},{"type":"Feature","properties":{"source":"NLSC_W84_BUILD_2023","record":751319,"settlement":"拉芙蘭","risk":"medium","height":24},"geometry":{"type":"Polygon","coordinates":[[[120.7205996,23.2840674],[120.7205512,23.2839471],[120.720494,23.283975],[120.7205089,23.2840061],[120.7205177,23.284005],[120.7205497,23.2840789],[120.7205996,23.2840674]]]}},{"type":"Feature","properties":{"source":"NLSC_W84_BUILD_2023","record":754041,"settlement":"勤和","risk":"high","height":12},"geometry":{"type":"Polygon","coordinates":[[[120.7054626,23.2505709],[120.7053796,23.2505644],[120.70537,23.2506815],[120.705456,23.250686],[120.7054626,23.2505709]]]}},{"type":"Feature","properties":{"source":"NLSC_W84_BUILD_2023","record":754585,"settlement":"勤和","risk":"high","height":12},"geometry":{"type":"Polygon","coordinates":[[[120.7050987,23.2498471],[120.7050222,23.2498322],[120.7050071,23.2498947],[120.7050823,23.2499105],[120.7050987,23.2498471]]]}},{"type":"Feature","properties":{"source":"NLSC_W84_BUILD_2023","record":754608,"settlement":"勤和","risk":"high","height":10},"geometry":{"type":"Polygon","coordinates":[[[120.7053208,23.2503097],[120.7052232,23.250299],[120.7052151,23.2504257],[120.7053114,23.250432],[120.7053208,23.2503097]]]}},{"type":"Feature","properties":{"source":"NLSC_W84_BUILD_2023","record":754489,"settlement":"桃源","risk":"medium","height":12},"geometry":{"type":"Polygon","coordinates":[[[120.7014076,23.2443324],[120.7013845,23.2442917],[120.7010469,23.2444553],[120.7010699,23.2444957],[120.7014076,23.2443324]]]}},{"type":"Feature","properties":{"source":"NLSC_W84_BUILD_2023","record":754055,"settlement":"勤和","risk":"high","height":24},"geometry":{"type":"Polygon","coordinates":[[[120.7056177,23.2509709],[120.705511,23.2509645],[120.7055061,23.251036],[120.7056122,23.2510437],[120.7056177,23.2509709]]]}},{"type":"Feature","properties":{"source":"NLSC_W84_BUILD_2023","record":754589,"settlement":"勤和","risk":"high","height":20},"geometry":{"type":"Polygon","coordinates":[[[120.7050778,23.2499319],[120.7049973,23.249919],[120.7049831,23.2499924],[120.7050659,23.2500081],[120.7050778,23.2499319]]]}},{"type":"Feature","properties":{"source":"NLSC_W84_BUILD_2023","record":754517,"settlement":"桃源","risk":"medium","height":20},"geometry":{"type":"Polygon","coordinates":[[[120.7025299,23.2462184],[120.7024995,23.24611],[120.7024665,23.2461196],[120.7024599,23.2460973],[120.7023907,23.2461171],[120.7023975,23.2461369],[120.702392,23.2461389],[120.7024219,23.2462466],[120.7025299,23.2462184]]]}},{"type":"Feature","properties":{"source":"NLSC_W84_BUILD_2023","record":755071,"settlement":"拉芙蘭","risk":"medium","height":24},"geometry":{"type":"Polygon","coordinates":[[[120.7181473,23.2781666],[120.7181133,23.2781586],[120.7181105,23.2782174],[120.7181806,23.2782179],[120.7181897,23.2781844],[120.7181755,23.2781754],[120.7181473,23.2781666]]]}},{"type":"Feature","properties":{"source":"NLSC_W84_BUILD_2023","record":755086,"settlement":"拉芙蘭","risk":"medium","height":22},"geometry":{"type":"Polygon","coordinates":[[[120.7183749,23.2786993],[120.7183699,23.2786839],[120.7183585,23.2786866],[120.7183352,23.2786102],[120.7182747,23.2786278],[120.7182874,23.2786655],[120.7182943,23.2786632],[120.7183155,23.2787289],[120.7183679,23.2787156],[120.7183632,23.2787027],[120.7183749,23.2786993]]]}},{"type":"Feature","properties":{"source":"NLSC_W84_BUILD_2023","record":754060,"settlement":"勤和","risk":"high","height":18},"geometry":{"type":"Polygon","coordinates":[[[120.7056018,23.2510723],[120.705526,23.2510687],[120.7055197,23.2511741],[120.7055972,23.2511797],[120.7056018,23.2510723]]]}},{"type":"Feature","properties":{"source":"NLSC_W84_BUILD_2023","record":754049,"settlement":"勤和","risk":"high","height":12},"geometry":{"type":"Polygon","coordinates":[[[120.705428,23.250888],[120.7054329,23.2508316],[120.70546,23.2508332],[120.7054681,23.2507146],[120.7053343,23.2507054],[120.7053278,23.2508257],[120.7053457,23.2508267],[120.7053415,23.2508847],[120.705428,23.250888]]]}},{"type":"Feature","properties":{"source":"NLSC_W84_BUILD_2023","record":751484,"settlement":"拉芙蘭","risk":"medium","height":18},"geometry":{"type":"Polygon","coordinates":[[[120.7190184,23.2802335],[120.7190004,23.2801224],[120.7189772,23.2801257],[120.7189352,23.2798987],[120.7189194,23.279796],[120.7189272,23.2797919],[120.718894,23.2796476],[120.7187072,23.2796902],[120.7185871,23.2797248],[120.7185906,23.2797362],[120.7185603,23.2797472],[120.7185576,23.2797429],[120.7185209,23.2797573],[120.7185561,23.2798524],[120.7185818,23.2798448],[120.7185947,23.2798403],[120.7186709,23.2798151],[120.7187418,23.2798138],[120.7187506,23.2798737],[120.7187612,23.2799411],[120.7187269,23.2799465],[120.7187379,23.2800198],[120.7187596,23.2802219],[120.7189625,23.2802265],[120.7190203,23.2802452],[120.7190189,23.2802362],[120.7190184,23.2802335]]]}},{"type":"Feature","properties":{"source":"NLSC_W84_BUILD_2023","record":755093,"settlement":"拉芙蘭","risk":"medium","height":20},"geometry":{"type":"Polygon","coordinates":[[[120.7185388,23.279156],[120.7185237,23.2790771],[120.7185194,23.2790775],[120.7185022,23.2789958],[120.7183534,23.2790185],[120.7183635,23.2790954],[120.7183546,23.2790987],[120.718395,23.2791833],[120.7185388,23.279156]]]}},{"type":"Feature","properties":{"source":"NLSC_W84_BUILD_2023","record":755083,"settlement":"拉芙蘭","risk":"medium","height":16},"geometry":{"type":"Polygon","coordinates":[[[120.7182808,23.2784147],[120.7182782,23.2783704],[120.718146,23.2783747],[120.7181594,23.2785463],[120.7182327,23.2785424],[120.7182272,23.2784174],[120.7182808,23.2784147]]]}},{"type":"Feature","properties":{"source":"NLSC_W84_BUILD_2023","record":753943,"settlement":"桃源","risk":"medium","height":24},"geometry":{"type":"Polygon","coordinates":[[[120.7018061,23.2453394],[120.7017871,23.2453213],[120.7017608,23.2453452],[120.7017798,23.2453646],[120.7018061,23.2453394]]]}},{"type":"Feature","properties":{"source":"NLSC_W84_BUILD_2023","record":754600,"settlement":"勤和","risk":"high","height":10},"geometry":{"type":"Polygon","coordinates":[[[120.7050297,23.2502213],[120.7050361,23.2501918],[120.7050773,23.2501975],[120.7051011,23.2500546],[120.7050639,23.2500495],[120.7050687,23.250022],[120.7049932,23.250011],[120.7049883,23.2500378],[120.7049782,23.2500375],[120.7049529,23.2501802],[120.7049698,23.2501841],[120.7049646,23.2502107],[120.7050297,23.2502213]]]}},{"type":"Feature","properties":{"source":"NLSC_W84_BUILD_2023","record":755096,"settlement":"拉芙蘭","risk":"medium","height":10},"geometry":{"type":"Polygon","coordinates":[[[120.7186043,23.2795701],[120.7185409,23.2792628],[120.7184217,23.2792858],[120.7184533,23.2794249],[120.7184274,23.2794296],[120.7184414,23.2794609],[120.718455,23.2794862],[120.7184772,23.2795276],[120.7185099,23.2795885],[120.7186043,23.2795701]]]}},{"type":"Feature","properties":{"source":"NLSC_W84_BUILD_2023","record":754584,"settlement":"勤和","risk":"high","height":10},"geometry":{"type":"Polygon","coordinates":[[[120.7049297,23.2497996],[120.7047909,23.2497449],[120.7047661,23.2498016],[120.7049031,23.2498561],[120.7049297,23.2497996]]]}},{"type":"Feature","properties":{"source":"NLSC_W84_BUILD_2023","record":754622,"settlement":"勤和","risk":"high","height":22},"geometry":{"type":"Polygon","coordinates":[[[120.7052771,23.2505554],[120.7051908,23.2505483],[120.7051853,23.2505994],[120.7051812,23.2506663],[120.7052651,23.2506737],[120.7052771,23.2505554]]]}},{"type":"Feature","properties":{"source":"NLSC_W84_BUILD_2023","record":755076,"settlement":"拉芙蘭","risk":"medium","height":18},"geometry":{"type":"Polygon","coordinates":[[[120.7180567,23.2783751],[120.7181447,23.2783373],[120.7181495,23.27835],[120.7181715,23.2783411],[120.7181241,23.2782423],[120.7180194,23.2782908],[120.7180567,23.2783751]]]}},{"type":"Feature","properties":{"source":"NLSC_W84_BUILD_2023","record":754491,"settlement":"桃源","risk":"medium","height":16},"geometry":{"type":"Polygon","coordinates":[[[120.7011609,23.2446244],[120.7012461,23.2445833],[120.7012362,23.2445658],[120.7012561,23.2445561],[120.7012353,23.2445194],[120.7011121,23.244579],[120.70113,23.2446108],[120.7011482,23.244602],[120.7011609,23.2446244]]]}},{"type":"Feature","properties":{"source":"NLSC_W84_BUILD_2023","record":754054,"settlement":"勤和","risk":"high","height":22},"geometry":{"type":"Polygon","coordinates":[[[120.7054505,23.2509081],[120.7053163,23.2508992],[120.7053095,23.2510181],[120.7054442,23.2510247],[120.7054505,23.2509081]]]}},{"type":"Feature","properties":{"source":"NLSC_W84_BUILD_2023","record":754502,"settlement":"桃源","risk":"medium","height":22},"geometry":{"type":"Polygon","coordinates":[[[120.7015359,23.2450627],[120.7014818,23.2450204],[120.7014241,23.2450852],[120.7014777,23.2451296],[120.7015359,23.2450627]]]}},{"type":"Feature","properties":{"source":"NLSC_W84_BUILD_2023","record":751476,"settlement":"拉芙蘭","risk":"medium","height":18},"geometry":{"type":"Polygon","coordinates":[[[120.7184203,23.2792724],[120.7183682,23.2791682],[120.7183136,23.2791804],[120.7183348,23.279246],[120.7183915,23.2792342],[120.7183509,23.2792679],[120.7183683,23.2792962],[120.7184203,23.2792724]]]}},{"type":"Feature","properties":{"source":"NLSC_W84_BUILD_2023","record":751468,"settlement":"拉芙蘭","risk":"medium","height":18},"geometry":{"type":"Polygon","coordinates":[[[120.7178234,23.2780792],[120.7178342,23.2779884],[120.7178509,23.2779951],[120.7178553,23.2779577],[120.7179454,23.2779918],[120.7179967,23.2778781],[120.7179992,23.277872],[120.7179994,23.277872],[120.7180019,23.2778665],[120.7180093,23.2778495],[120.7180023,23.277847],[120.7177843,23.277753],[120.7177417,23.2778374],[120.7177484,23.2778381],[120.7177436,23.2779573],[120.7177596,23.2779586],[120.7178327,23.2779878],[120.7177627,23.2779763],[120.717752,23.2780724],[120.7178234,23.2780792]]]}},{"type":"Feature","properties":{"source":"NLSC_W84_BUILD_2023","record":754594,"settlement":"勤和","risk":"high","height":14},"geometry":{"type":"Polygon","coordinates":[[[120.7049086,23.2499674],[120.7048399,23.2499306],[120.7047774,23.2500262],[120.70485,23.2500656],[120.7049086,23.2499674]]]}},{"type":"Feature","properties":{"source":"NLSC_W84_BUILD_2023","record":754047,"settlement":"勤和","risk":"high","height":24},"geometry":{"type":"Polygon","coordinates":[[[120.7052684,23.2507652],[120.705159,23.2507579],[120.7051539,23.2508335],[120.7052616,23.250844],[120.7052684,23.2507652]]]}},{"type":"Feature","properties":{"source":"NLSC_W84_BUILD_2023","record":754520,"settlement":"桃源","risk":"medium","height":10},"geometry":{"type":"Polygon","coordinates":[[[120.7024443,23.2465022],[120.7023999,23.2463719],[120.7023959,23.246373],[120.7023777,23.2463209],[120.7023365,23.2463335],[120.7023456,23.2463591],[120.7023537,23.2463574],[120.702363,23.2463826],[120.7023416,23.2463888],[120.7023859,23.2465192],[120.7024443,23.2465022]]]}},{"type":"Feature","properties":{"source":"NLSC_W84_BUILD_2023","record":754610,"settlement":"勤和","risk":"high","height":14},"geometry":{"type":"Polygon","coordinates":[[[120.7050871,23.2504282],[120.7049736,23.2503207],[120.7049682,23.2503258],[120.7049536,23.2503099],[120.7049064,23.2503561],[120.7049225,23.2503745],[120.7049061,23.2503861],[120.7049303,23.2504453],[120.70506,23.2504593],[120.7050871,23.2504282]]]}},{"type":"Feature","properties":{"source":"NLSC_W84_BUILD_2023","record":755092,"settlement":"拉芙蘭","risk":"medium","height":18},"geometry":{"type":"Polygon","coordinates":[[[120.7183115,23.2790323],[120.7182715,23.2789635],[120.7182752,23.2789618],[120.7182276,23.2788786],[120.7180929,23.2789442],[120.7181404,23.2790274],[120.7181461,23.2790247],[120.7181845,23.2790918],[120.7183115,23.2790323]]]}},{"type":"Feature","properties":{"source":"NLSC_W84_BUILD_2023","record":755087,"settlement":"拉芙蘭","risk":"medium","height":24},"geometry":{"type":"Polygon","coordinates":[[[120.7181683,23.2786985],[120.7181189,23.2785554],[120.7181117,23.2785574],[120.7180831,23.2784638],[120.718063,23.2784202],[120.7180148,23.2784343],[120.7180099,23.2784179],[120.7179768,23.2784261],[120.7179667,23.2784007],[120.7179129,23.2784162],[120.7179216,23.278442],[120.7179224,23.2784442],[120.7179252,23.2784527],[120.7180225,23.2787432],[120.7181683,23.2786985]]]}},{"type":"Feature","properties":{"source":"NLSC_W84_BUILD_2023","record":754591,"settlement":"勤和","risk":"high","height":24},"geometry":{"type":"Polygon","coordinates":[[[120.7048187,23.2499175],[120.7047444,23.2498788],[120.704686,23.2499789],[120.7047579,23.2500172],[120.7048187,23.2499175]]]}},{"type":"Feature","properties":{"source":"NLSC_W84_BUILD_2023","record":754631,"settlement":"勤和","risk":"high","height":24},"geometry":{"type":"Polygon","coordinates":[[[120.7052428,23.2509875],[120.7052531,23.2508685],[120.7051694,23.2508627],[120.7051676,23.2508915],[120.7051662,23.2508914],[120.7051582,23.2509814],[120.7052428,23.2509875]]]}},{"type":"Feature","properties":{"source":"NLSC_W84_BUILD_2023","record":754562,"settlement":"桃源","risk":"medium","height":14},"geometry":{"type":"Polygon","coordinates":[[[120.704281,23.248929],[120.7042292,23.248885],[120.7041912,23.248924],[120.7042458,23.2489657],[120.704281,23.248929]]]}},{"type":"Feature","properties":{"source":"NLSC_W84_BUILD_2023","record":755075,"settlement":"拉芙蘭","risk":"medium","height":16},"geometry":{"type":"Polygon","coordinates":[[[120.7179397,23.2781424],[120.7178938,23.2781422],[120.7178042,23.2781627],[120.7178927,23.2783653],[120.7180014,23.27832],[120.7179946,23.278293],[120.7179397,23.2781424]]]}},{"type":"Feature","properties":{"source":"NLSC_W84_BUILD_2023","record":754519,"settlement":"桃源","risk":"medium","height":24},"geometry":{"type":"Polygon","coordinates":[[[120.7021888,23.2463776],[120.7022761,23.2463038],[120.7023476,23.2462478],[120.7023347,23.2462091],[120.7022452,23.2462648],[120.7022288,23.2462226],[120.7022119,23.2462309],[120.7022048,23.2462182],[120.7021122,23.2462697],[120.7021684,23.2463542],[120.7021716,23.2463517],[120.7021888,23.2463776]]]}},{"type":"Feature","properties":{"source":"NLSC_W84_BUILD_2023","record":755090,"settlement":"拉芙蘭","risk":"medium","height":14},"geometry":{"type":"Polygon","coordinates":[[[120.7181521,23.2788769],[120.7181162,23.2787663],[120.7180351,23.2787914],[120.7180702,23.2788993],[120.7181521,23.2788769]]]}},{"type":"Feature","properties":{"source":"NLSC_W84_BUILD_2023","record":754635,"settlement":"勤和","risk":"high","height":16},"geometry":{"type":"Polygon","coordinates":[[[120.7052418,23.2510227],[120.7051448,23.2510142],[120.7051341,23.2511388],[120.7052303,23.2511477],[120.7052418,23.2510227]]]}},{"type":"Feature","properties":{"source":"NLSC_W84_BUILD_2023","record":751475,"settlement":"拉芙蘭","risk":"medium","height":16},"geometry":{"type":"Polygon","coordinates":[[[120.7182085,23.279258],[120.7181611,23.2791654],[120.7180899,23.2791918],[120.7181348,23.2792842],[120.7182085,23.279258]]]}},{"type":"Feature","properties":{"source":"NLSC_W84_BUILD_2023","record":751315,"settlement":"拉芙蘭","risk":"medium","height":16},"geometry":{"type":"Polygon","coordinates":[[[120.7183875,23.2797997],[120.7183645,23.2796615],[120.7182871,23.2796713],[120.7183121,23.2798089],[120.7183875,23.2797997]]]}},{"type":"Feature","properties":{"source":"NLSC_W84_BUILD_2023","record":755065,"settlement":"拉芙蘭","risk":"medium","height":12},"geometry":{"type":"Polygon","coordinates":[[[120.7176064,23.2778411],[120.7175981,23.2777535],[120.7175375,23.2777595],[120.7175462,23.277848],[120.7176064,23.2778411]]]}},{"type":"Feature","properties":{"source":"NLSC_W84_BUILD_2023","record":751316,"settlement":"拉芙蘭","risk":"medium","height":18},"geometry":{"type":"Polygon","coordinates":[[[120.7184075,23.2800351],[120.7183932,23.2799491],[120.718332,23.2799566],[120.7183475,23.2800419],[120.7184075,23.2800351]]]}},{"type":"Feature","properties":{"source":"NLSC_W84_BUILD_2023","record":751312,"settlement":"拉芙蘭","risk":"medium","height":10},"geometry":{"type":"Polygon","coordinates":[[[120.7179953,23.2788962],[120.7179702,23.278825],[120.7178449,23.2788543],[120.7178684,23.2789287],[120.7179953,23.2788962]]]}},{"type":"Feature","properties":{"source":"NLSC_W84_BUILD_2023","record":755094,"settlement":"拉芙蘭","risk":"medium","height":22},"geometry":{"type":"Polygon","coordinates":[[[120.7180894,23.2793168],[120.7180866,23.2792969],[120.7180561,23.2792999],[120.7180585,23.2793206],[120.7180894,23.2793168]]]}},{"type":"Feature","properties":{"source":"NLSC_W84_BUILD_2023","record":755088,"settlement":"拉芙蘭","risk":"medium","height":10},"geometry":{"type":"Polygon","coordinates":[[[120.7179742,23.2787761],[120.7179199,23.278599],[120.7178973,23.2785248],[120.7178661,23.278437],[120.7178674,23.2784366],[120.7178357,23.2783495],[120.7176126,23.2784187],[120.7176442,23.2785058],[120.7177062,23.2784866],[120.7177261,23.2785397],[120.7176912,23.2785503],[120.7177022,23.278584],[120.7176803,23.2785906],[120.7177001,23.2786433],[120.7177176,23.2786366],[120.7177446,23.2787087],[120.717732,23.2787124],[120.7176994,23.2787215],[120.717718,23.2787749],[120.7177506,23.2787666],[120.7178584,23.2787352],[120.7178551,23.2787257],[120.7178734,23.2787203],[120.7178963,23.2787963],[120.7179742,23.2787761]]]}},{"type":"Feature","properties":{"source":"NLSC_W84_BUILD_2023","record":755077,"settlement":"拉芙蘭","risk":"medium","height":20},"geometry":{"type":"Polygon","coordinates":[[[120.7178214,23.2783424],[120.7178069,23.278306],[120.717791,23.2782821],[120.7176204,23.2783277],[120.7176108,23.2782994],[120.7175815,23.2783079],[120.7175782,23.2782934],[120.7175474,23.2782989],[120.7175538,23.2783314],[120.7175751,23.2783277],[120.7176006,23.2784027],[120.7176418,23.2783907],[120.7178214,23.2783424]]]}},{"type":"Feature","properties":{"source":"NLSC_W84_BUILD_2023","record":751313,"settlement":"拉芙蘭","risk":"medium","height":12},"geometry":{"type":"Polygon","coordinates":[[[120.7179491,23.2790622],[120.7179283,23.2790188],[120.7178682,23.2790381],[120.7178884,23.2790824],[120.7179491,23.2790622]]]}},{"type":"Feature","properties":{"source":"NLSC_W84_BUILD_2023","record":754527,"settlement":"桃源","risk":"medium","height":24},"geometry":{"type":"Polygon","coordinates":[[[120.7021556,23.2470461],[120.7022632,23.2469477],[120.7023004,23.2469815],[120.7023647,23.2469275],[120.702331,23.2468945],[120.7024689,23.2467727],[120.7024059,23.2467083],[120.7022674,23.2468327],[120.7022452,23.2468104],[120.7021745,23.2468751],[120.7021631,23.2468634],[120.7021343,23.2468879],[120.7021611,23.2469138],[120.7020384,23.2470229],[120.7021236,23.2471008],[120.7021698,23.2470631],[120.7021556,23.2470461]]]}},{"type":"Feature","properties":{"source":"NLSC_W84_BUILD_2023","record":755084,"settlement":"拉芙蘭","risk":"medium","height":18},"geometry":{"type":"Polygon","coordinates":[[[120.7176553,23.2785477],[120.7176465,23.278522],[120.7176208,23.2785303],[120.717628,23.2785557],[120.7176553,23.2785477]]]}},{"type":"Feature","properties":{"source":"NLSC_W84_BUILD_2023","record":754536,"settlement":"桃源","risk":"medium","height":10},"geometry":{"type":"Polygon","coordinates":[[[120.7021578,23.2473638],[120.7023432,23.2471994],[120.7023774,23.247232],[120.7025698,23.2470592],[120.7025152,23.2469991],[120.7023447,23.2471599],[120.7023005,23.2471128],[120.7021267,23.2472662],[120.7021652,23.2473038],[120.7021281,23.247335],[120.7021578,23.2473638]]]}},{"type":"Feature","properties":{"source":"NLSC_W84_BUILD_2023","record":754621,"settlement":"勤和","risk":"high","height":20},"geometry":{"type":"Polygon","coordinates":[[[120.7044131,23.2506282],[120.7044137,23.2506158],[120.704434,23.250616],[120.7044354,23.2505385],[120.7044659,23.2505383],[120.7044711,23.2504683],[120.7044319,23.2504668],[120.7044278,23.2505135],[120.7043758,23.2505141],[120.7043753,23.250626],[120.7044131,23.2506282]]]}},{"type":"Feature","properties":{"source":"NLSC_W84_BUILD_2023","record":753950,"settlement":"桃源","risk":"medium","height":22},"geometry":{"type":"Polygon","coordinates":[[[120.7036231,23.2490036],[120.7035833,23.2489694],[120.7035589,23.2489951],[120.7035961,23.2490304],[120.7036231,23.2490036]]]}},{"type":"Feature","properties":{"source":"NLSC_W84_BUILD_2023","record":754572,"settlement":"勤和","risk":"high","height":18},"geometry":{"type":"Polygon","coordinates":[[[120.703924,23.249316],[120.7038702,23.2492533],[120.7037462,23.2493443],[120.7038,23.2494068],[120.703924,23.249316]]]}},{"type":"Feature","properties":{"source":"NLSC_W84_BUILD_2023","record":751419,"settlement":"勤和","risk":"high","height":16},"geometry":{"type":"Polygon","coordinates":[[[120.7135437,23.265895],[120.7134328,23.2658887],[120.7134264,23.2660107],[120.7135336,23.2660157],[120.7135437,23.265895]]]}},{"type":"Feature","properties":{"source":"NLSC_W84_BUILD_2023","record":754511,"settlement":"桃源","risk":"medium","height":24},"geometry":{"type":"Polygon","coordinates":[[[120.7010382,23.2457642],[120.7011493,23.2456587],[120.7011386,23.2456453],[120.7011608,23.24559],[120.701121,23.2455566],[120.7010732,23.2456005],[120.7010529,23.2455804],[120.7009562,23.2456669],[120.7009624,23.2456723],[120.7009061,23.2457311],[120.700925,23.2457471],[120.7009372,23.2457358],[120.7009509,23.2457473],[120.7009844,23.2457157],[120.7010382,23.2457642]]]}},{"type":"Feature","properties":{"source":"NLSC_W84_BUILD_2023","record":754555,"settlement":"桃源","risk":"medium","height":16},"geometry":{"type":"Polygon","coordinates":[[[120.7033025,23.2487111],[120.7032296,23.2485784],[120.7031609,23.2486152],[120.7032537,23.2487677],[120.7032885,23.2487505],[120.7032754,23.2487256],[120.7033025,23.2487111]]]}},{"type":"Feature","properties":{"source":"NLSC_W84_BUILD_2023","record":754933,"settlement":"勤和","risk":"high","height":20},"geometry":{"type":"Polygon","coordinates":[[[120.7134122,23.2659231],[120.7133958,23.2658957],[120.7133388,23.2659241],[120.7133544,23.2659516],[120.7134122,23.2659231]]]}},{"type":"Feature","properties":{"source":"NLSC_W84_BUILD_2023","record":754567,"settlement":"桃源","risk":"medium","height":24},"geometry":{"type":"Polygon","coordinates":[[[120.7036528,23.249114],[120.7036331,23.2490937],[120.7036232,23.2491019],[120.703557,23.2490335],[120.7034912,23.2490878],[120.7035516,23.2491504],[120.7035004,23.2491927],[120.7035256,23.2492189],[120.7036528,23.249114]]]}},{"type":"Feature","properties":{"source":"NLSC_W84_BUILD_2023","record":754932,"settlement":"勤和","risk":"high","height":18},"geometry":{"type":"Polygon","coordinates":[[[120.7133374,23.2658434],[120.7132811,23.2658284],[120.7132575,23.2658943],[120.7133374,23.265917],[120.7133521,23.2658702],[120.7133302,23.2658616],[120.7133374,23.2658434]]]}},{"type":"Feature","properties":{"source":"NLSC_W84_BUILD_2023","record":754515,"settlement":"桃源","risk":"medium","height":16},"geometry":{"type":"Polygon","coordinates":[[[120.7010703,23.245819],[120.7010385,23.2457901],[120.7010245,23.2458055],[120.7009707,23.2457644],[120.7009222,23.2458045],[120.7010043,23.2458816],[120.7010703,23.245819]]]}},{"type":"Feature","properties":{"source":"NLSC_W84_BUILD_2023","record":751266,"settlement":"勤和","risk":"high","height":14},"geometry":{"type":"Polygon","coordinates":[[[120.7129204,23.2654627],[120.7128471,23.265326],[120.7127783,23.2653539],[120.7128456,23.265493],[120.7129204,23.2654627]]]}},{"type":"Feature","properties":{"source":"NLSC_W84_BUILD_2023","record":751420,"settlement":"拉芙蘭","risk":"medium","height":18},"geometry":{"type":"Polygon","coordinates":[[[120.7136874,23.2666386],[120.7136593,23.2665946],[120.7135656,23.2666347],[120.7135895,23.2666803],[120.7136874,23.2666386]]]}},{"type":"Feature","properties":{"source":"NLSC_W84_BUILD_2023","record":754936,"settlement":"勤和","risk":"high","height":10},"geometry":{"type":"Polygon","coordinates":[[[120.7132766,23.2661014],[120.7132207,23.2659673],[120.7131667,23.2659907],[120.7130692,23.2660328],[120.7131262,23.2661516],[120.7131293,23.2661581],[120.7132766,23.2661014]]]}},{"type":"Feature","properties":{"source":"NLSC_W84_BUILD_2023","record":754930,"settlement":"勤和","risk":"high","height":14},"geometry":{"type":"Polygon","coordinates":[[[120.7127801,23.2654001],[120.7127121,23.2652821],[120.7126424,23.2653004],[120.7126384,23.2652866],[120.7126266,23.26529],[120.7125447,23.2653138],[120.7125913,23.2654535],[120.712596,23.2654677],[120.7127801,23.2654001]]]}},{"type":"Feature","properties":{"source":"NLSC_W84_BUILD_2023","record":754937,"settlement":"勤和","risk":"high","height":12},"geometry":{"type":"Polygon","coordinates":[[[120.7135256,23.2665156],[120.7134497,23.2664121],[120.713404,23.2664397],[120.7134163,23.266459],[120.7133687,23.266487],[120.7134744,23.26664],[120.7135447,23.2665985],[120.7134983,23.2665313],[120.7135256,23.2665156]]]}},{"type":"Feature","properties":{"source":"NLSC_W84_BUILD_2023","record":754569,"settlement":"桃源","risk":"medium","height":12},"geometry":{"type":"Polygon","coordinates":[[[120.7034042,23.24929],[120.703324,23.2492113],[120.7033199,23.2492148],[120.703304,23.2491975],[120.7032652,23.249232],[120.703281,23.2492486],[120.7032501,23.2492755],[120.7033302,23.2493543],[120.7034042,23.24929]]]}},{"type":"Feature","properties":{"source":"NLSC_W84_BUILD_2023","record":754561,"settlement":"桃源","risk":"medium","height":12},"geometry":{"type":"Polygon","coordinates":[[[120.7023956,23.2489283],[120.7027394,23.2487493],[120.7027508,23.2487675],[120.7029745,23.2486424],[120.7028499,23.2484279],[120.7027583,23.2484114],[120.7028379,23.2483693],[120.7028564,23.2483336],[120.7028565,23.2483334],[120.702866,23.2483151],[120.7027788,23.2482386],[120.7027995,23.2481852],[120.7027732,23.2480979],[120.7026805,23.2480698],[120.7025991,23.2480991],[120.7025534,23.2481841],[120.7026003,23.2482587],[120.7026733,23.2482968],[120.7027633,23.2482631],[120.7028263,23.248316],[120.7028191,23.2483334],[120.702819,23.2483336],[120.7028151,23.2483431],[120.7027247,23.2483906],[120.7027326,23.2484067],[120.7027144,23.2484034],[120.7026337,23.2484548],[120.702675,23.2485609],[120.7025862,23.2486084],[120.7025494,23.2485635],[120.7023599,23.2486627],[120.7023255,23.2488163],[120.7023956,23.2489283]]]}},{"type":"Feature","properties":{"source":"NLSC_W84_BUILD_2023","record":754598,"settlement":"勤和","risk":"high","height":22},"geometry":{"type":"Polygon","coordinates":[[[120.7036593,23.2501604],[120.7036669,23.2501165],[120.7037513,23.2501273],[120.7037595,23.2500818],[120.703625,23.2500675],[120.7036141,23.2500939],[120.7036067,23.2501571],[120.7036593,23.2501604]]]}},{"type":"Feature","properties":{"source":"NLSC_W84_BUILD_2023","record":751425,"settlement":"拉芙蘭","risk":"medium","height":12},"geometry":{"type":"Polygon","coordinates":[[[120.713611,23.2672193],[120.713593,23.2672013],[120.7135555,23.2672223],[120.71345,23.2673196],[120.7135025,23.2673572],[120.7136056,23.2672602],[120.7135844,23.2672379],[120.713611,23.2672193]]]}},{"type":"Feature","properties":{"source":"NLSC_W84_BUILD_2023","record":754574,"settlement":"桃源","risk":"medium","height":22},"geometry":{"type":"Polygon","coordinates":[[[120.7032862,23.2494294],[120.7032313,23.2493912],[120.7032011,23.2494244],[120.7032489,23.2494645],[120.7032862,23.2494294]]]}},{"type":"Feature","properties":{"source":"NLSC_W84_BUILD_2023","record":754566,"settlement":"桃源","risk":"medium","height":22},"geometry":{"type":"Polygon","coordinates":[[[120.702661,23.2491724],[120.7030285,23.2488936],[120.7029308,23.2487898],[120.7028948,23.2487675],[120.7028651,23.2487909],[120.7029065,23.2488333],[120.7026764,23.2490039],[120.7025735,23.2488857],[120.7025111,23.2489345],[120.7024871,23.2489737],[120.702661,23.2491724]]]}},{"type":"Feature","properties":{"source":"NLSC_W84_BUILD_2023","record":754599,"settlement":"勤和","risk":"high","height":24},"geometry":{"type":"Polygon","coordinates":[[[120.7035525,23.2500778],[120.7034622,23.2500702],[120.7034492,23.2501808],[120.7035389,23.2501904],[120.7035525,23.2500778]]]}},{"type":"Feature","properties":{"source":"NLSC_W84_BUILD_2023","record":754576,"settlement":"桃源","risk":"medium","height":10},"geometry":{"type":"Polygon","coordinates":[[[120.7031458,23.2494625],[120.7031189,23.24944],[120.7030711,23.2494888],[120.7030979,23.2495112],[120.7031458,23.2494625]]]}},{"type":"Feature","properties":{"source":"NLSC_W84_BUILD_2023","record":751426,"settlement":"拉芙蘭","risk":"medium","height":14},"geometry":{"type":"Polygon","coordinates":[[[120.7134591,23.2674274],[120.7134129,23.2674084],[120.7133836,23.2674556],[120.7134271,23.2674748],[120.7134591,23.2674274]]]}},{"type":"Feature","properties":{"source":"NLSC_W84_BUILD_2023","record":754951,"settlement":"拉芙蘭","risk":"medium","height":24},"geometry":{"type":"Polygon","coordinates":[[[120.7133347,23.2674062],[120.7132824,23.2673904],[120.7132649,23.2674433],[120.7133159,23.2674575],[120.7133347,23.2674062]]]}},{"type":"Feature","properties":{"source":"NLSC_W84_BUILD_2023","record":751269,"settlement":"拉芙蘭","risk":"medium","height":20},"geometry":{"type":"Polygon","coordinates":[[[120.71327,23.2673251],[120.7132616,23.2672973],[120.7132022,23.2673076],[120.7132095,23.2673356],[120.71327,23.2673251]]]}},{"type":"Feature","properties":{"source":"NLSC_W84_BUILD_2023","record":754934,"settlement":"勤和","risk":"high","height":22},"geometry":{"type":"Polygon","coordinates":[[[120.7125148,23.2659858],[120.7124652,23.2659214],[120.7123769,23.2659794],[120.7123577,23.2659552],[120.712314,23.2659871],[120.7124046,23.2661033],[120.7124503,23.2660702],[120.7124265,23.2660438],[120.7125148,23.2659858]]]}},{"type":"Feature","properties":{"source":"NLSC_W84_BUILD_2023","record":754535,"settlement":"桃源","risk":"medium","height":24},"geometry":{"type":"Polygon","coordinates":[[[120.7011139,23.2473084],[120.7010593,23.2472698],[120.70103,23.2473011],[120.7010819,23.2473433],[120.7011139,23.2473084]]]}},{"type":"Feature","properties":{"source":"NLSC_W84_BUILD_2023","record":753945,"settlement":"桃源","risk":"medium","height":12},"geometry":{"type":"Polygon","coordinates":[[[120.701408,23.2478553],[120.7013717,23.2478329],[120.7013301,23.2478954],[120.7013682,23.247918],[120.701408,23.2478553]]]}},{"type":"Feature","properties":{"source":"NLSC_W84_BUILD_2023","record":751268,"settlement":"勤和","risk":"high","height":18},"geometry":{"type":"Polygon","coordinates":[[[120.7125781,23.2666345],[120.7125085,23.2666063],[120.7124834,23.2666512],[120.7125254,23.2666672],[120.7125569,23.266673],[120.7125781,23.2666345]]]}},{"type":"Feature","properties":{"source":"NLSC_W84_BUILD_2023","record":754609,"settlement":"勤和","risk":"high","height":12},"geometry":{"type":"Polygon","coordinates":[[[120.7029559,23.2504439],[120.7029597,23.2504188],[120.7029483,23.2504189],[120.7029658,23.2502541],[120.7028573,23.2502469],[120.7028415,23.2503551],[120.7029231,23.2503638],[120.7029145,23.25044],[120.7029559,23.2504439]]]}},{"type":"Feature","properties":{"source":"NLSC_W84_BUILD_2023","record":753954,"settlement":"桃源","risk":"medium","height":14},"geometry":{"type":"Polygon","coordinates":[[[120.7020859,23.2492088],[120.7020751,23.24918],[120.7020363,23.2491918],[120.7020459,23.2492207],[120.7020859,23.2492088]]]}},{"type":"Feature","properties":{"source":"NLSC_W84_BUILD_2023","record":754943,"settlement":"勤和","risk":"high","height":24},"geometry":{"type":"Polygon","coordinates":[[[120.7125269,23.2667852],[120.7124505,23.2667768],[120.7124451,23.2668505],[120.7125224,23.2668573],[120.7125269,23.2667852]]]}},{"type":"Feature","properties":{"source":"NLSC_W84_BUILD_2023","record":753953,"settlement":"桃源","risk":"medium","height":12},"geometry":{"type":"Polygon","coordinates":[[[120.7020079,23.2491564],[120.7019985,23.2491286],[120.7019568,23.2491384],[120.7019637,23.2491668],[120.7020079,23.2491564]]]}},{"type":"Feature","properties":{"source":"NLSC_W84_BUILD_2023","record":753952,"settlement":"桃源","risk":"medium","height":10},"geometry":{"type":"Polygon","coordinates":[[[120.7019274,23.2491053],[120.7019179,23.2490834],[120.7019002,23.249089],[120.7018994,23.249085],[120.7018781,23.2490924],[120.7018877,23.2491174],[120.7019274,23.2491053]]]}},{"type":"Feature","properties":{"source":"NLSC_W84_BUILD_2023","record":754530,"settlement":"桃源","risk":"medium","height":14},"geometry":{"type":"Polygon","coordinates":[[[120.7004372,23.2471187],[120.7003915,23.2471067],[120.7003827,23.2471345],[120.7004303,23.247147],[120.7004372,23.2471187]]]}},{"type":"Feature","properties":{"source":"NLSC_W84_BUILD_2023","record":753951,"settlement":"桃源","risk":"medium","height":24},"geometry":{"type":"Polygon","coordinates":[[[120.7018476,23.2490512],[120.7018371,23.249024],[120.7017973,23.2490333],[120.7018055,23.2490612],[120.7018476,23.2490512]]]}},{"type":"Feature","properties":{"source":"NLSC_W84_BUILD_2023","record":753949,"settlement":"桃源","risk":"medium","height":20},"geometry":{"type":"Polygon","coordinates":[[[120.701766,23.2490026],[120.7017562,23.2489731],[120.7017181,23.2489834],[120.7017264,23.2490127],[120.701766,23.2490026]]]}},{"type":"Feature","properties":{"source":"NLSC_W84_BUILD_2023","record":753948,"settlement":"桃源","risk":"medium","height":18},"geometry":{"type":"Polygon","coordinates":[[[120.7016846,23.2489547],[120.7016746,23.2489231],[120.701637,23.2489318],[120.7016464,23.2489631],[120.7016846,23.2489547]]]}},{"type":"Feature","properties":{"source":"NLSC_W84_BUILD_2023","record":754922,"settlement":"勤和","risk":"high","height":14},"geometry":{"type":"Polygon","coordinates":[[[120.7088595,23.2617087],[120.7087625,23.2616251],[120.7087067,23.2616793],[120.7088031,23.2617656],[120.7088595,23.2617087]]]}},{"type":"Feature","properties":{"source":"NLSC_W84_BUILD_2023","record":753958,"settlement":"勤和","risk":"high","height":22},"geometry":{"type":"Polygon","coordinates":[[[120.7027362,23.2506052],[120.7027051,23.2506028],[120.7027018,23.2506321],[120.7027319,23.2506355],[120.7027362,23.2506052]]]}},{"type":"Feature","properties":{"source":"NLSC_W84_BUILD_2023","record":753957,"settlement":"勤和","risk":"high","height":20},"geometry":{"type":"Polygon","coordinates":[[[120.7026883,23.2505707],[120.7026625,23.2505682],[120.7026595,23.2506013],[120.7026852,23.2506047],[120.7026883,23.2505707]]]}},{"type":"Feature","properties":{"source":"NLSC_W84_BUILD_2023","record":751263,"settlement":"勤和","risk":"high","height":24},"geometry":{"type":"Polygon","coordinates":[[[120.7095921,23.2629511],[120.7095567,23.2629248],[120.709498,23.2629824],[120.7095332,23.2630104],[120.7095921,23.2629511]]]}},{"type":"Feature","properties":{"source":"NLSC_W84_BUILD_2023","record":753946,"settlement":"桃源","risk":"medium","height":14},"geometry":{"type":"Polygon","coordinates":[[[120.7012187,23.2485455],[120.7011969,23.2485254],[120.7011782,23.248545],[120.7011857,23.2485517],[120.7011906,23.2485537],[120.7012067,23.2485569],[120.7012187,23.2485455]]]}},{"type":"Feature","properties":{"source":"NLSC_W84_BUILD_2023","record":754920,"settlement":"勤和","risk":"high","height":10},"geometry":{"type":"Polygon","coordinates":[[[120.7086839,23.2616455],[120.7086325,23.2616038],[120.7086293,23.2616073],[120.7085865,23.2616547],[120.7086276,23.2616898],[120.708637,23.2616978],[120.7086839,23.2616455]]]}},{"type":"Feature","properties":{"source":"NLSC_W84_BUILD_2023","record":755029,"settlement":"拉芙蘭","risk":"medium","height":20},"geometry":{"type":"Polygon","coordinates":[[[120.7137015,23.2728162],[120.7137734,23.2727766],[120.7137792,23.272787],[120.7138941,23.2727311],[120.7138501,23.2726549],[120.7137329,23.2727124],[120.7137405,23.2727211],[120.7136645,23.2727547],[120.7137015,23.2728162]]]}},{"type":"Feature","properties":{"source":"NLSC_W84_BUILD_2023","record":751416,"settlement":"勤和","risk":"high","height":10},"geometry":{"type":"Polygon","coordinates":[[[120.7096221,23.2633999],[120.7095862,23.2633808],[120.7095745,23.2633947],[120.7095718,23.2634054],[120.7095682,23.2634151],[120.7095678,23.2634158],[120.7095944,23.2634357],[120.7096221,23.2633999]]]}},{"type":"Feature","properties":{"source":"NLSC_W84_BUILD_2023","record":754923,"settlement":"勤和","risk":"high","height":16},"geometry":{"type":"Polygon","coordinates":[[[120.708652,23.2620115],[120.708645,23.2619815],[120.7086933,23.2619708],[120.7086911,23.2619567],[120.7087229,23.2619476],[120.7087198,23.2619295],[120.7087297,23.2619273],[120.7087333,23.2619328],[120.7088624,23.2618503],[120.7088271,23.2618041],[120.7087531,23.2618515],[120.7087227,23.261812],[120.7086618,23.2618544],[120.7086906,23.2618998],[120.708693,23.2619195],[120.7086857,23.2619213],[120.7085438,23.2619558],[120.7085012,23.2617742],[120.70844,23.2617882],[120.708454,23.2618399],[120.7084228,23.2618496],[120.7084445,23.2619176],[120.7084745,23.2619101],[120.7084862,23.2619519],[120.7084715,23.2619541],[120.7084209,23.2619083],[120.7083873,23.2619398],[120.7084467,23.2619916],[120.708475,23.2619682],[120.7084848,23.2620122],[120.7085785,23.262001],[120.7085849,23.2620298],[120.708652,23.2620115]]]}},{"type":"Feature","properties":{"source":"NLSC_W84_BUILD_2023","record":751284,"settlement":"拉芙蘭","risk":"medium","height":18},"geometry":{"type":"Polygon","coordinates":[[[120.7132018,23.2711705],[120.7131706,23.2710443],[120.713071,23.2710577],[120.7131031,23.2712029],[120.7131907,23.2711891],[120.7131871,23.2711723],[120.7132018,23.2711705]]]}},{"type":"Feature","properties":{"source":"NLSC_W84_BUILD_2023","record":754552,"settlement":"桃源","risk":"medium","height":10},"geometry":{"type":"Polygon","coordinates":[[[120.7006848,23.2483178],[120.7005943,23.2483079],[120.7005907,23.2483335],[120.7005906,23.2483337],[120.7005783,23.2484201],[120.7006694,23.2484328],[120.7006827,23.2483337],[120.7006827,23.2483335],[120.7006848,23.2483178]]]}},{"type":"Feature","properties":{"source":"NLSC_W84_BUILD_2023","record":751290,"settlement":"拉芙蘭","risk":"medium","height":14},"geometry":{"type":"Polygon","coordinates":[[[120.7134005,23.2724269],[120.7133535,23.2723528],[120.7133235,23.2723669],[120.713369,23.2724414],[120.7134005,23.2724269]]]}},{"type":"Feature","properties":{"source":"NLSC_W84_BUILD_2023","record":751261,"settlement":"勤和","risk":"high","height":20},"geometry":{"type":"Polygon","coordinates":[[[120.7087278,23.2623762],[120.7086796,23.262332],[120.7086482,23.2623565],[120.7086946,23.2624039],[120.7087278,23.2623762]]]}},{"type":"Feature","properties":{"source":"NLSC_W84_BUILD_2023","record":755020,"settlement":"拉芙蘭","risk":"medium","height":18},"geometry":{"type":"Polygon","coordinates":[[[120.7133538,23.272346],[120.7133371,23.2723037],[120.7132999,23.2723186],[120.7133195,23.2723621],[120.7133538,23.272346]]]}},{"type":"Feature","properties":{"source":"NLSC_W84_BUILD_2023","record":751414,"settlement":"勤和","risk":"high","height":22},"geometry":{"type":"Polygon","coordinates":[[[120.7084694,23.2620276],[120.7083396,23.2619323],[120.7083039,23.2619716],[120.7083846,23.2620292],[120.7083767,23.2620393],[120.7084224,23.2620761],[120.7084694,23.2620276]]]}},{"type":"Feature","properties":{"source":"NLSC_W84_BUILD_2023","record":754921,"settlement":"勤和","risk":"high","height":12},"geometry":{"type":"Polygon","coordinates":[[[120.7081205,23.2616974],[120.7082038,23.2615932],[120.7082132,23.261603],[120.7082356,23.261577],[120.7082467,23.2615868],[120.7083257,23.2615005],[120.7082217,23.2614231],[120.7081396,23.2613685],[120.7081205,23.2613936],[120.7081066,23.2614095],[120.7081205,23.26142],[120.7081512,23.2614434],[120.7081205,23.2614791],[120.7081122,23.2614888],[120.7081205,23.2614953],[120.7081621,23.2615284],[120.7081205,23.2615751],[120.7080847,23.2616136],[120.7081101,23.2616358],[120.7080979,23.2616513],[120.7080555,23.2616208],[120.708055,23.2616204],[120.7080549,23.2616203],[120.7078997,23.2615084],[120.7078565,23.2615611],[120.7080549,23.2616988],[120.708055,23.2616988],[120.7080555,23.2616992],[120.7080935,23.2617255],[120.7081205,23.2616974]]]}},{"type":"Feature","properties":{"source":"NLSC_W84_BUILD_2023","record":751264,"settlement":"勤和","risk":"high","height":10},"geometry":{"type":"Polygon","coordinates":[[[120.7104198,23.2650493],[120.7103486,23.2650316],[120.7103234,23.2651086],[120.710396,23.2651248],[120.7104198,23.2650493]]]}},{"type":"Feature","properties":{"source":"NLSC_W84_BUILD_2023","record":755012,"settlement":"拉芙蘭","risk":"medium","height":18},"geometry":{"type":"Polygon","coordinates":[[[120.713044,23.271493],[120.7129907,23.2713505],[120.7128259,23.2714008],[120.7128786,23.2715412],[120.713044,23.271493]]]}},{"type":"Feature","properties":{"source":"NLSC_W84_BUILD_2023","record":755025,"settlement":"拉芙蘭","risk":"medium","height":12},"geometry":{"type":"Polygon","coordinates":[[[120.7132861,23.2726254],[120.7132291,23.2725339],[120.7131711,23.2725648],[120.7132281,23.2726562],[120.7132861,23.2726254]]]}},{"type":"Feature","properties":{"source":"NLSC_W84_BUILD_2023","record":754928,"settlement":"勤和","risk":"high","height":10},"geometry":{"type":"Polygon","coordinates":[[[120.709945,23.2645641],[120.7099072,23.2644866],[120.709845,23.2645124],[120.7098828,23.26459],[120.709945,23.2645641]]]}},{"type":"Feature","properties":{"source":"NLSC_W84_BUILD_2023","record":751453,"settlement":"拉芙蘭","risk":"medium","height":20},"geometry":{"type":"Polygon","coordinates":[[[120.7131987,23.2723309],[120.7131617,23.2722884],[120.7131209,23.2723148],[120.7130973,23.2722916],[120.7129631,23.2723887],[120.7130221,23.2724525],[120.7131987,23.2723309]]]}},{"type":"Feature","properties":{"source":"NLSC_W84_BUILD_2023","record":754559,"settlement":"桃源","risk":"medium","height":24},"geometry":{"type":"Polygon","coordinates":[[[120.7006638,23.2487826],[120.7005402,23.2487718],[120.7005292,23.2488543],[120.7006534,23.2488655],[120.7006638,23.2487826]]]}},{"type":"Feature","properties":{"source":"NLSC_W84_BUILD_2023","record":754588,"settlement":"桃源","risk":"medium","height":18},"geometry":{"type":"Polygon","coordinates":[[[120.7014735,23.2499662],[120.7014288,23.2499561],[120.7014197,23.2499837],[120.7014658,23.2499941],[120.7014735,23.2499662]]]}},{"type":"Feature","properties":{"source":"NLSC_W84_BUILD_2023","record":753947,"settlement":"桃源","risk":"medium","height":16},"geometry":{"type":"Polygon","coordinates":[[[120.7005297,23.2488315],[120.7004012,23.2488176],[120.7003939,23.2488823],[120.7005217,23.2488948],[120.7005297,23.2488315]]]}},{"type":"Feature","properties":{"source":"NLSC_W84_BUILD_2023","record":754935,"settlement":"勤和","risk":"high","height":24},"geometry":{"type":"Polygon","coordinates":[[[120.7104827,23.2660927],[120.710472,23.2660635],[120.710425,23.2660781],[120.7104356,23.2661073],[120.7104827,23.2660927]]]}},{"type":"Feature","properties":{"source":"NLSC_W84_BUILD_2023","record":754702,"settlement":"勤和","risk":"high","height":22},"geometry":{"type":"Polygon","coordinates":[[[120.7073507,23.2613367],[120.7072734,23.2612775],[120.70723,23.2613261],[120.7073066,23.2613843],[120.7073507,23.2613367]]]}},{"type":"Feature","properties":{"source":"NLSC_W84_BUILD_2023","record":751446,"settlement":"拉芙蘭","risk":"medium","height":22},"geometry":{"type":"Polygon","coordinates":[[[120.7122747,23.2713946],[120.7122336,23.2712602],[120.7121562,23.2712783],[120.7122103,23.2714495],[120.7122616,23.2714384],[120.7122513,23.2713998],[120.7122747,23.2713946]]]}},{"type":"Feature","properties":{"source":"NLSC_W84_BUILD_2023","record":754927,"settlement":"勤和","risk":"high","height":24},"geometry":{"type":"Polygon","coordinates":[[[120.7090654,23.2644023],[120.7089539,23.264352],[120.7089099,23.2644486],[120.7090239,23.2644935],[120.7090654,23.2644023]]]}},{"type":"Feature","properties":{"source":"NLSC_W84_BUILD_2023","record":751415,"settlement":"勤和","risk":"high","height":24},"geometry":{"type":"Polygon","coordinates":[[[120.708234,23.2632039],[120.7080803,23.263146],[120.7080555,23.2632005],[120.7080437,23.2632264],[120.7080555,23.263231],[120.7080842,23.2632424],[120.7080788,23.2632531],[120.7081913,23.2632951],[120.708234,23.2632039]]]}},{"type":"Feature","properties":{"source":"NLSC_W84_BUILD_2023","record":754713,"settlement":"勤和","risk":"high","height":12},"geometry":{"type":"Polygon","coordinates":[[[120.7074117,23.2619827],[120.7073952,23.2619729],[120.7073666,23.2619575],[120.7073532,23.2619763],[120.7073341,23.2619668],[120.7073224,23.2619849],[120.7073411,23.2619953],[120.7073306,23.2620121],[120.7073483,23.2620238],[120.707332,23.26205],[120.7073553,23.2620647],[120.7074117,23.2619827]]]}},{"type":"Feature","properties":{"source":"NLSC_W84_BUILD_2023","record":754710,"settlement":"勤和","risk":"high","height":22},"geometry":{"type":"Polygon","coordinates":[[[120.7071809,23.2619199],[120.707159,23.2619161],[120.707152,23.2619434],[120.7071752,23.2619479],[120.7071809,23.2619199]]]}},{"type":"Feature","properties":{"source":"NLSC_W84_BUILD_2023","record":754944,"settlement":"勤和","risk":"high","height":10},"geometry":{"type":"Polygon","coordinates":[[[120.7103522,23.2668282],[120.7103366,23.2667853],[120.7102841,23.2668039],[120.710252,23.2667185],[120.7101947,23.2667404],[120.7102439,23.2668654],[120.7103522,23.2668282]]]}},{"type":"Feature","properties":{"source":"NLSC_W84_BUILD_2023","record":754705,"settlement":"勤和","risk":"high","height":12},"geometry":{"type":"Polygon","coordinates":[[[120.7066935,23.2616711],[120.7066466,23.261653],[120.7066248,23.261702],[120.7066701,23.2617188],[120.7066935,23.2616711]]]}},{"type":"Feature","properties":{"source":"NLSC_W84_BUILD_2023","record":755042,"settlement":"拉芙蘭","risk":"medium","height":14},"geometry":{"type":"Polygon","coordinates":[[[120.7125841,23.2745466],[120.7125605,23.2744544],[120.7125162,23.2744632],[120.7125352,23.2745521],[120.7125841,23.2745466]]]}},{"type":"Feature","properties":{"source":"NLSC_W84_BUILD_2023","record":755027,"settlement":"拉芙蘭","risk":"medium","height":16},"geometry":{"type":"Polygon","coordinates":[[[120.7119649,23.2727466],[120.7119246,23.2726656],[120.7118238,23.2727084],[120.7118642,23.2727894],[120.7119649,23.2727466]]]}},{"type":"Feature","properties":{"source":"NLSC_W84_BUILD_2023","record":754706,"settlement":"勤和","risk":"high","height":14},"geometry":{"type":"Polygon","coordinates":[[[120.7065744,23.2617856],[120.706481,23.2617479],[120.7064483,23.2618171],[120.7065446,23.2618487],[120.7065744,23.2617856]]]}},{"type":"Feature","properties":{"source":"NLSC_W84_BUILD_2023","record":755054,"settlement":"拉芙蘭","risk":"medium","height":22},"geometry":{"type":"Polygon","coordinates":[[[120.7131298,23.2769404],[120.7131171,23.2769056],[120.7130755,23.2769217],[120.713087,23.2769527],[120.7131298,23.2769404]]]}},{"type":"Feature","properties":{"source":"NLSC_W84_BUILD_2023","record":751287,"settlement":"拉芙蘭","risk":"medium","height":24},"geometry":{"type":"Polygon","coordinates":[[[120.7117349,23.2723119],[120.7117136,23.2722645],[120.7116519,23.2722816],[120.7116709,23.2723286],[120.7117349,23.2723119]]]}},{"type":"Feature","properties":{"source":"NLSC_W84_BUILD_2023","record":755044,"settlement":"拉芙蘭","risk":"medium","height":18},"geometry":{"type":"Polygon","coordinates":[[[120.7122565,23.2745502],[120.7122064,23.2743736],[120.7120761,23.2744059],[120.7121232,23.2745821],[120.7122565,23.2745502]]]}},{"type":"Feature","properties":{"source":"NLSC_W84_BUILD_2023","record":754994,"settlement":"拉芙蘭","risk":"medium","height":14},"geometry":{"type":"Polygon","coordinates":[[[120.7107811,23.2698989],[120.7107843,23.2697483],[120.7107454,23.2697498],[120.710746,23.2697928],[120.7107259,23.2697928],[120.7107234,23.2698928],[120.7107811,23.2698989]]]}},{"type":"Feature","properties":{"source":"NLSC_W84_BUILD_2023","record":751305,"settlement":"拉芙蘭","risk":"medium","height":12},"geometry":{"type":"Polygon","coordinates":[[[120.7120683,23.2745298],[120.7120411,23.2744764],[120.7120151,23.2744857],[120.7120187,23.2744927],[120.7119786,23.2745052],[120.7119515,23.2744509],[120.7119262,23.2744601],[120.7119284,23.274469],[120.7119718,23.2745624],[120.7120683,23.2745298]]]}},{"type":"Feature","properties":{"source":"NLSC_W84_BUILD_2023","record":751306,"settlement":"拉芙蘭","risk":"medium","height":14},"geometry":{"type":"Polygon","coordinates":[[[120.7120662,23.274601],[120.7119892,23.2745857],[120.7119833,23.274607],[120.7120605,23.2746228],[120.7120662,23.274601]]]}},{"type":"Feature","properties":{"source":"NLSC_W84_BUILD_2023","record":753967,"settlement":"勤和","risk":"high","height":24},"geometry":{"type":"Polygon","coordinates":[[[120.7078368,23.265125],[120.7078121,23.2650948],[120.7077876,23.265112],[120.7078119,23.2651406],[120.7078368,23.265125]]]}},{"type":"Feature","properties":{"source":"NLSC_W84_BUILD_2023","record":754967,"settlement":"勤和","risk":"high","height":24},"geometry":{"type":"Polygon","coordinates":[[[120.7099046,23.2682789],[120.709839,23.2680972],[120.7097577,23.2681243],[120.7098046,23.2682592],[120.7098316,23.2683022],[120.7099046,23.2682789]]]}},{"type":"Feature","properties":{"source":"NLSC_W84_BUILD_2023","record":754707,"settlement":"勤和","risk":"high","height":16},"geometry":{"type":"Polygon","coordinates":[[[120.7056068,23.2617708],[120.705529,23.2617207],[120.7054969,23.2617617],[120.7055304,23.2617834],[120.7054966,23.2618243],[120.705546,23.2618531],[120.7056068,23.2617708]]]}},{"type":"Feature","properties":{"source":"NLSC_W84_BUILD_2023","record":753961,"settlement":"勤和","risk":"high","height":12},"geometry":{"type":"Polygon","coordinates":[[[120.704954,23.260962],[120.7048986,23.2609528],[120.7048825,23.2610386],[120.7049714,23.2610522],[120.7049846,23.2609852],[120.7049504,23.26098],[120.704954,23.260962]]]}},{"type":"Feature","properties":{"source":"NLSC_W84_BUILD_2023","record":754711,"settlement":"勤和","risk":"high","height":24},"geometry":{"type":"Polygon","coordinates":[[[120.7054493,23.2619148],[120.7054117,23.2618892],[120.7054009,23.2619043],[120.7053688,23.2618851],[120.7053028,23.2619741],[120.7053644,23.262014],[120.7053599,23.2620207],[120.7053888,23.2620382],[120.7054317,23.2619845],[120.7054054,23.2619717],[120.7054493,23.2619148]]]}},{"type":"Feature","properties":{"source":"NLSC_W84_BUILD_2023","record":751427,"settlement":"勤和","risk":"high","height":16},"geometry":{"type":"Polygon","coordinates":[[[120.7089427,23.2676207],[120.7089545,23.2675918],[120.7089719,23.2675958],[120.7090112,23.267469],[120.7089337,23.2674487],[120.7088942,23.2675797],[120.7089068,23.2675827],[120.7089007,23.2676031],[120.7089427,23.2676207]]]}},{"type":"Feature","properties":{"source":"NLSC_W84_BUILD_2023","record":754703,"settlement":"勤和","risk":"high","height":24},"geometry":{"type":"Polygon","coordinates":[[[120.7048142,23.2614216],[120.7048155,23.2613421],[120.704828,23.2613422],[120.7048267,23.2612189],[120.7048112,23.2612189],[120.7048123,23.2608416],[120.7047427,23.260839],[120.704737,23.2612116],[120.70473,23.2612121],[120.7047286,23.2613382],[120.7047077,23.261338],[120.7047063,23.2614225],[120.7048142,23.2614216]]]}},{"type":"Feature","properties":{"source":"NLSC_W84_BUILD_2023","record":754067,"settlement":"勤和","risk":"high","height":16},"geometry":{"type":"Polygon","coordinates":[[[120.7051897,23.2617392],[120.7051927,23.2617137],[120.7052081,23.2617151],[120.7052192,23.2616718],[120.7052394,23.2616751],[120.7052529,23.2616231],[120.7052327,23.2616193],[120.7052361,23.261606],[120.7052108,23.2616001],[120.7052217,23.2615377],[120.7051365,23.2615228],[120.7051214,23.2615798],[120.7050967,23.2615791],[120.7050948,23.2615907],[120.7050716,23.2615871],[120.7050748,23.261571],[120.7050376,23.2615627],[120.7050264,23.2616004],[120.7049901,23.2615933],[120.7049789,23.2616339],[120.7049182,23.2616201],[120.7049267,23.2615882],[120.7048731,23.2615759],[120.7048563,23.2616373],[120.7048238,23.2616322],[120.7048124,23.2616768],[120.7048834,23.2616886],[120.7050388,23.2617156],[120.7050604,23.2616363],[120.7050851,23.2616412],[120.7050721,23.261727],[120.7051897,23.2617392]]]}},{"type":"Feature","properties":{"source":"NLSC_W84_BUILD_2023","record":751317,"settlement":"拉芙蘭","risk":"medium","height":20},"geometry":{"type":"Polygon","coordinates":[[[120.714158,23.2832954],[120.7141253,23.2832456],[120.7140907,23.283262],[120.7141218,23.2833113],[120.714158,23.2832954]]]}},{"type":"Feature","properties":{"source":"NLSC_W84_BUILD_2023","record":753962,"settlement":"勤和","risk":"high","height":14},"geometry":{"type":"Polygon","coordinates":[[[120.7048677,23.2615454],[120.7048248,23.2615358],[120.7048149,23.2615736],[120.7048594,23.2615821],[120.7048677,23.2615454]]]}},{"type":"Feature","properties":{"source":"NLSC_W84_BUILD_2023","record":755043,"settlement":"拉芙蘭","risk":"medium","height":16},"geometry":{"type":"Polygon","coordinates":[[[120.7110392,23.2745546],[120.7109927,23.2744631],[120.7109543,23.2744817],[120.7110021,23.2745717],[120.7110392,23.2745546]]]}},{"type":"Feature","properties":{"source":"NLSC_W84_BUILD_2023","record":755106,"settlement":"拉芙蘭","risk":"medium","height":14},"geometry":{"type":"Polygon","coordinates":[[[120.7133418,23.2817393],[120.7133296,23.2817051],[120.7133202,23.2817077],[120.7133156,23.2816945],[120.7132738,23.281709],[120.7132915,23.2817567],[120.7133418,23.2817393]]]}},{"type":"Feature","properties":{"source":"NLSC_W84_BUILD_2023","record":754065,"settlement":"勤和","risk":"high","height":12},"geometry":{"type":"Polygon","coordinates":[[[120.7046037,23.2614666],[120.7045318,23.2614606],[120.7045251,23.2615147],[120.7045978,23.2615203],[120.7046037,23.2614666]]]}},{"type":"Feature","properties":{"source":"NLSC_W84_BUILD_2023","record":751277,"settlement":"拉芙蘭","risk":"medium","height":20},"geometry":{"type":"Polygon","coordinates":[[[120.7092831,23.268723],[120.7092703,23.2686932],[120.7091939,23.2687132],[120.7092051,23.2687444],[120.7092831,23.268723]]]}},{"type":"Feature","properties":{"source":"NLSC_W84_BUILD_2023","record":751276,"settlement":"拉芙蘭","risk":"medium","height":18},"geometry":{"type":"Polygon","coordinates":[[[120.7090832,23.2686715],[120.7090244,23.268662],[120.7090133,23.2687132],[120.7090723,23.2687214],[120.7090832,23.2686715]]]}},{"type":"Feature","properties":{"source":"NLSC_W84_BUILD_2023","record":754993,"settlement":"拉芙蘭","risk":"medium","height":12},"geometry":{"type":"Polygon","coordinates":[[[120.7091606,23.2697871],[120.7090554,23.2697119],[120.7090295,23.2697505],[120.7091347,23.2698257],[120.7091606,23.2697871]]]}},{"type":"Feature","properties":{"source":"NLSC_W84_BUILD_2023","record":754684,"settlement":"勤和","risk":"high","height":18},"geometry":{"type":"Polygon","coordinates":[[[120.7021487,23.2581505],[120.7021083,23.2581387],[120.7020957,23.258181],[120.7021372,23.2581923],[120.7021487,23.2581505]]]}},{"type":"Feature","properties":{"source":"NLSC_W84_BUILD_2023","record":754070,"settlement":"勤和","risk":"high","height":22},"geometry":{"type":"Polygon","coordinates":[[[120.705459,23.2641392],[120.7054894,23.2640745],[120.7055276,23.2640872],[120.70554,23.2640586],[120.7055167,23.2640508],[120.7055225,23.2640379],[120.7054262,23.2640036],[120.7054124,23.2640343],[120.7053768,23.2640242],[120.7053452,23.2641012],[120.705459,23.2641392]]]}},{"type":"Feature","properties":{"source":"NLSC_W84_BUILD_2023","record":754066,"settlement":"勤和","risk":"high","height":14},"geometry":{"type":"Polygon","coordinates":[[[120.7038321,23.261491],[120.7037718,23.2614606],[120.7037361,23.2615168],[120.7037968,23.2615478],[120.7038321,23.261491]]]}},{"type":"Feature","properties":{"source":"NLSC_W84_BUILD_2023","record":754968,"settlement":"勤和","risk":"high","height":10},"geometry":{"type":"Polygon","coordinates":[[[120.708142,23.2683073],[120.7081338,23.268279],[120.7080893,23.2682896],[120.7080965,23.2683022],[120.7081013,23.2683177],[120.708142,23.2683073]]]}},{"type":"Feature","properties":{"source":"NLSC_W84_BUILD_2023","record":754693,"settlement":"勤和","risk":"high","height":20},"geometry":{"type":"Polygon","coordinates":[[[120.7027077,23.2601507],[120.7027106,23.2601411],[120.7027396,23.2601485],[120.7027637,23.2600675],[120.702871,23.260095],[120.7028859,23.2600453],[120.7027838,23.2600192],[120.7027791,23.2600346],[120.7026661,23.2600054],[120.7026318,23.260119],[120.7026434,23.2601219],[120.70264,23.2601333],[120.7027077,23.2601507]]]}},{"type":"Feature","properties":{"source":"NLSC_W84_BUILD_2023","record":754751,"settlement":"勤和","risk":"high","height":24},"geometry":{"type":"Polygon","coordinates":[[[120.7070407,23.2671943],[120.7069873,23.2671279],[120.7069389,23.2671612],[120.7069919,23.2672276],[120.7070407,23.2671943]]]}},{"type":"Feature","properties":{"source":"NLSC_W84_BUILD_2023","record":754730,"settlement":"勤和","risk":"high","height":14},"geometry":{"type":"Polygon","coordinates":[[[120.7054437,23.2648176],[120.7053642,23.2648029],[120.7053588,23.2648502],[120.7054381,23.2648621],[120.7054437,23.2648176]]]}},{"type":"Feature","properties":{"source":"NLSC_W84_BUILD_2023","record":754692,"settlement":"勤和","risk":"high","height":18},"geometry":{"type":"Polygon","coordinates":[[[120.7022728,23.2598978],[120.7022181,23.2598841],[120.7022158,23.2598921],[120.7021725,23.2598813],[120.7021573,23.2599334],[120.7021973,23.2599434],[120.70219,23.2599682],[120.7023299,23.2600031],[120.702341,23.2599651],[120.7022591,23.2599447],[120.7022728,23.2598978]]]}},{"type":"Feature","properties":{"source":"NLSC_W84_BUILD_2023","record":754700,"settlement":"勤和","risk":"high","height":18},"geometry":{"type":"Polygon","coordinates":[[[120.7025907,23.2606163],[120.7025367,23.260591],[120.7024986,23.2606698],[120.7025521,23.2606965],[120.7025907,23.2606163]]]}},{"type":"Feature","properties":{"source":"NLSC_W84_BUILD_2023","record":751283,"settlement":"拉芙蘭","risk":"medium","height":16},"geometry":{"type":"Polygon","coordinates":[[[120.7084839,23.2711276],[120.7084626,23.2710713],[120.7083946,23.2710895],[120.7084159,23.271145],[120.7084839,23.2711276]]]}},{"type":"Feature","properties":{"source":"NLSC_W84_BUILD_2023","record":754745,"settlement":"勤和","risk":"high","height":12},"geometry":{"type":"Polygon","coordinates":[[[120.7061049,23.2664881],[120.7060904,23.2664655],[120.7060934,23.2664611],[120.7060725,23.2664341],[120.7060309,23.2664637],[120.7060542,23.2664897],[120.7060591,23.266486],[120.7060723,23.266506],[120.7061049,23.2664881]]]}},{"type":"Feature","properties":{"source":"NLSC_W84_BUILD_2023","record":754761,"settlement":"勤和","risk":"high","height":12},"geometry":{"type":"Polygon","coordinates":[[[120.7070739,23.2679098],[120.7070549,23.2678739],[120.7069958,23.2679051],[120.7070161,23.2679432],[120.7070739,23.2679098]]]}},{"type":"Feature","properties":{"source":"NLSC_W84_BUILD_2023","record":755007,"settlement":"拉芙蘭","risk":"medium","height":24},"geometry":{"type":"Polygon","coordinates":[[[120.7082003,23.2711186],[120.7081033,23.2711093],[120.7080978,23.2712022],[120.7081214,23.2712038],[120.7081914,23.2712083],[120.7082003,23.2711186]]]}},{"type":"Feature","properties":{"source":"NLSC_W84_BUILD_2023","record":753970,"settlement":"勤和","risk":"high","height":14},"geometry":{"type":"Polygon","coordinates":[[[120.7072542,23.2690697],[120.7072232,23.2690203],[120.707173,23.2690477],[120.707202,23.2690989],[120.7072542,23.2690697]]]}},{"type":"Feature","properties":{"source":"NLSC_W84_BUILD_2023","record":754064,"settlement":"勤和","risk":"high","height":10},"geometry":{"type":"Polygon","coordinates":[[[120.7018,23.2604509],[120.7017238,23.2604082],[120.7016772,23.2604795],[120.701714,23.2604995],[120.7017536,23.2605217],[120.7018,23.2604509]]]}},{"type":"Feature","properties":{"source":"NLSC_W84_BUILD_2023","record":754771,"settlement":"勤和","risk":"high","height":16},"geometry":{"type":"Polygon","coordinates":[[[120.7069806,23.2687579],[120.7069106,23.2687354],[120.7068968,23.2687705],[120.7069675,23.268795],[120.7069806,23.2687579]]]}},{"type":"Feature","properties":{"source":"NLSC_W84_BUILD_2023","record":753976,"settlement":"拉芙蘭","risk":"medium","height":10},"geometry":{"type":"Polygon","coordinates":[[[120.7075606,23.2703904],[120.7075487,23.2703628],[120.7075275,23.270371],[120.7075388,23.270397],[120.7075606,23.2703904]]]}},{"type":"Feature","properties":{"source":"NLSC_W84_BUILD_2023","record":754767,"settlement":"勤和","risk":"high","height":24},"geometry":{"type":"Polygon","coordinates":[[[120.7066934,23.2686428],[120.7067264,23.2686093],[120.7067371,23.2686172],[120.7067539,23.2686023],[120.7067285,23.2685793],[120.7067332,23.2685744],[120.7066822,23.2685319],[120.7066279,23.2685893],[120.7066934,23.2686428]]]}},{"type":"Feature","properties":{"source":"NLSC_W84_BUILD_2023","record":754695,"settlement":"勤和","risk":"high","height":24},"geometry":{"type":"Polygon","coordinates":[[[120.7014217,23.2601213],[120.7013425,23.260085],[120.7013186,23.2601303],[120.7013287,23.2601349],[120.7013244,23.260143],[120.701393,23.2601746],[120.7014217,23.2601213]]]}},{"type":"Feature","properties":{"source":"NLSC_W84_BUILD_2023","record":754709,"settlement":"勤和","risk":"high","height":20},"geometry":{"type":"Polygon","coordinates":[[[120.7021798,23.2619044],[120.7021414,23.2618986],[120.7021342,23.2619283],[120.7021734,23.2619351],[120.7021798,23.2619044]]]}},{"type":"Feature","properties":{"source":"NLSC_W84_BUILD_2023","record":754772,"settlement":"勤和","risk":"high","height":18},"geometry":{"type":"Polygon","coordinates":[[[120.7065511,23.2688353],[120.7065077,23.2687966],[120.7064451,23.2688595],[120.7064914,23.2688984],[120.7065511,23.2688353]]]}},{"type":"Feature","properties":{"source":"NLSC_W84_BUILD_2023","record":754084,"settlement":"勤和","risk":"high","height":18},"geometry":{"type":"Polygon","coordinates":[[[120.7021594,23.262044],[120.7021408,23.2620168],[120.7021093,23.2620355],[120.7021287,23.2620626],[120.7021594,23.262044]]]}},{"type":"Feature","properties":{"source":"NLSC_W84_BUILD_2023","record":754086,"settlement":"勤和","risk":"high","height":22},"geometry":{"type":"Polygon","coordinates":[[[120.7020344,23.2618311],[120.701987,23.2618173],[120.7019491,23.2619101],[120.7020416,23.2619386],[120.702059,23.2618871],[120.7020185,23.2618764],[120.7020344,23.2618311]]]}},{"type":"Feature","properties":{"source":"NLSC_W84_BUILD_2023","record":754776,"settlement":"勤和","risk":"high","height":10},"geometry":{"type":"Polygon","coordinates":[[[120.7066102,23.2691241],[120.7065968,23.2690767],[120.706556,23.2690849],[120.7065674,23.2691312],[120.7066102,23.2691241]]]}},{"type":"Feature","properties":{"source":"NLSC_W84_BUILD_2023","record":754778,"settlement":"勤和","risk":"high","height":14},"geometry":{"type":"Polygon","coordinates":[[[120.7066898,23.2692402],[120.7066714,23.269204],[120.7066551,23.2692115],[120.7066544,23.2692151],[120.7066473,23.2692238],[120.7066637,23.2692511],[120.7066898,23.2692402]]]}},{"type":"Feature","properties":{"source":"NLSC_W84_BUILD_2023","record":754085,"settlement":"勤和","risk":"high","height":20},"geometry":{"type":"Polygon","coordinates":[[[120.7020967,23.26203],[120.7019246,23.2619616],[120.7019047,23.2620072],[120.7019966,23.262043],[120.7019836,23.2620755],[120.7020638,23.2621059],[120.7020967,23.26203]]]}},{"type":"Feature","properties":{"source":"NLSC_W84_BUILD_2023","record":754696,"settlement":"勤和","risk":"high","height":10},"geometry":{"type":"Polygon","coordinates":[[[120.7009485,23.2602166],[120.7009556,23.2602016],[120.7009695,23.2602073],[120.7010016,23.26014],[120.7008831,23.2600918],[120.7009103,23.2600348],[120.70084,23.2600062],[120.7007801,23.2601317],[120.7009313,23.2601933],[120.7009248,23.2602069],[120.7009485,23.2602166]]]}},{"type":"Feature","properties":{"source":"NLSC_W84_BUILD_2023","record":753973,"settlement":"勤和","risk":"high","height":20},"geometry":{"type":"Polygon","coordinates":[[[120.7066853,23.269328],[120.7066561,23.2693196],[120.7066451,23.2693557],[120.7066728,23.2693637],[120.7066853,23.269328]]]}},{"type":"Feature","properties":{"source":"NLSC_W84_BUILD_2023","record":754777,"settlement":"勤和","risk":"high","height":12},"geometry":{"type":"Polygon","coordinates":[[[120.7065455,23.2692302],[120.7065276,23.2690706],[120.7064394,23.2691077],[120.7064556,23.2692396],[120.7065455,23.2692302]]]}},{"type":"Feature","properties":{"source":"NLSC_W84_BUILD_2023","record":754716,"settlement":"勤和","risk":"high","height":18},"geometry":{"type":"Polygon","coordinates":[[[120.7018761,23.2623228],[120.7019353,23.2622546],[120.7019526,23.2622669],[120.7019579,23.2622611],[120.7019744,23.2622731],[120.7019907,23.2622555],[120.7019777,23.2622446],[120.7020435,23.2621784],[120.7020136,23.2621547],[120.7019921,23.2621771],[120.7019476,23.2621429],[120.701982,23.2621036],[120.7019422,23.2620724],[120.701916,23.2621015],[120.7018858,23.2620801],[120.7018368,23.2621323],[120.7018719,23.2621568],[120.701782,23.2622553],[120.7018761,23.2623228]]]}},{"type":"Feature","properties":{"source":"NLSC_W84_BUILD_2023","record":753972,"settlement":"勤和","risk":"high","height":18},"geometry":{"type":"Polygon","coordinates":[[[120.7064777,23.2693501],[120.7064916,23.2692967],[120.7064782,23.2692973],[120.7064583,23.2692934],[120.7064453,23.2693437],[120.7064777,23.2693501]]]}},{"type":"Feature","properties":{"source":"NLSC_W84_BUILD_2023","record":754780,"settlement":"勤和","risk":"high","height":18},"geometry":{"type":"Polygon","coordinates":[[[120.7064931,23.2694305],[120.7064863,23.2693668],[120.7064553,23.2693701],[120.7064608,23.2694324],[120.7064931,23.2694305]]]}},{"type":"Feature","properties":{"source":"NLSC_W84_BUILD_2023","record":754694,"settlement":"勤和","risk":"high","height":22},"geometry":{"type":"Polygon","coordinates":[[[120.7006865,23.2601572],[120.700638,23.2601032],[120.7006183,23.2601183],[120.7006669,23.2601722],[120.7006865,23.2601572]]]}},{"type":"Feature","properties":{"source":"NLSC_W84_BUILD_2023","record":753974,"settlement":"勤和","risk":"high","height":22},"geometry":{"type":"Polygon","coordinates":[[[120.7064294,23.2694131],[120.7064214,23.2693876],[120.7063917,23.2693958],[120.7064002,23.2694214],[120.7064294,23.2694131]]]}},{"type":"Feature","properties":{"source":"NLSC_W84_BUILD_2023","record":754781,"settlement":"勤和","risk":"high","height":20},"geometry":{"type":"Polygon","coordinates":[[[120.706386,23.2694455],[120.7063786,23.2694053],[120.7063357,23.269411],[120.7063433,23.2694518],[120.706386,23.2694455]]]}},{"type":"Feature","properties":{"source":"NLSC_W84_BUILD_2023","record":754069,"settlement":"勤和","risk":"high","height":20},"geometry":{"type":"Polygon","coordinates":[[[120.7017553,23.2640042],[120.70169,23.2639802],[120.7016575,23.2640515],[120.701724,23.2640742],[120.7017553,23.2640042]]]}},{"type":"Feature","properties":{"source":"NLSC_W84_BUILD_2023","record":754068,"settlement":"勤和","risk":"high","height":18},"geometry":{"type":"Polygon","coordinates":[[[120.7016199,23.2638459],[120.7015603,23.26383],[120.701552,23.2638599],[120.7016109,23.2638751],[120.7016199,23.2638459]]]}},{"type":"Feature","properties":{"source":"NLSC_W84_BUILD_2023","record":753975,"settlement":"勤和","risk":"high","height":24},"geometry":{"type":"Polygon","coordinates":[[[120.7053779,23.2698026],[120.7053323,23.2697598],[120.7053108,23.2697825],[120.7053564,23.269824],[120.7053779,23.2698026]]]}},{"type":"Feature","properties":{"source":"NLSC_W84_BUILD_2023","record":754762,"settlement":"勤和","risk":"high","height":14},"geometry":{"type":"Polygon","coordinates":[[[120.7036631,23.2680383],[120.7037123,23.2679359],[120.7037112,23.2679291],[120.7036874,23.2679203],[120.7036905,23.2679132],[120.7036374,23.2678988],[120.7036327,23.2679106],[120.7036249,23.2679095],[120.7036102,23.2679503],[120.7035774,23.2679409],[120.7035617,23.2679951],[120.7035888,23.2680053],[120.7035866,23.2680129],[120.7036631,23.2680383]]]}},{"type":"Feature","properties":{"source":"NLSC_W84_BUILD_2023","record":754732,"settlement":"勤和","risk":"high","height":18},"geometry":{"type":"Polygon","coordinates":[[[120.7015125,23.2648473],[120.7014976,23.2648055],[120.7014516,23.2648195],[120.7014666,23.2648614],[120.7015125,23.2648473]]]}},{"type":"Feature","properties":{"source":"NLSC_W84_BUILD_2023","record":754799,"settlement":"拉芙蘭","risk":"medium","height":24},"geometry":{"type":"Polygon","coordinates":[[[120.7050657,23.2723956],[120.7050453,23.2723125],[120.70499,23.2723251],[120.7050135,23.2724099],[120.7050657,23.2723956]]]}},{"type":"Feature","properties":{"source":"NLSC_W84_BUILD_2023","record":754816,"settlement":"拉芙蘭","risk":"medium","height":10},"geometry":{"type":"Polygon","coordinates":[[[120.7067259,23.2789689],[120.7066426,23.2789678],[120.7066422,23.2790259],[120.7067239,23.2790284],[120.7067259,23.2789689]]]}},{"type":"Feature","properties":{"source":"NLSC_W84_BUILD_2023","record":754728,"settlement":"勤和","risk":"high","height":10},"geometry":{"type":"Polygon","coordinates":[[[120.7000932,23.2646251],[120.7000275,23.2645911],[120.7000003,23.2646332],[120.7000672,23.2646686],[120.7000932,23.2646251]]]}},{"type":"Feature","properties":{"source":"NLSC_W84_BUILD_2023","record":753984,"settlement":"拉芙蘭","risk":"medium","height":10},"geometry":{"type":"Polygon","coordinates":[[[120.7072747,23.2815907],[120.7072593,23.2815117],[120.7072007,23.2815178],[120.7072252,23.2815987],[120.7072747,23.2815907]]]}},{"type":"Feature","properties":{"source":"NLSC_W84_BUILD_2023","record":753988,"settlement":"拉芙蘭","risk":"medium","height":18},"geometry":{"type":"Polygon","coordinates":[[[120.7071935,23.2823878],[120.7071678,23.2823534],[120.7071372,23.2823772],[120.7071643,23.2824099],[120.7071935,23.2823878]]]}},{"type":"Feature","properties":{"source":"NLSC_W84_BUILD_2023","record":754842,"settlement":"拉芙蘭","risk":"medium","height":14},"geometry":{"type":"Polygon","coordinates":[[[120.7077587,23.2846332],[120.707747,23.2845883],[120.7076987,23.2845991],[120.7077101,23.2846439],[120.7077587,23.2846332]]]}},{"type":"Feature","properties":{"source":"NLSC_W84_BUILD_2023","record":754080,"settlement":"拉芙蘭","risk":"medium","height":10},"geometry":{"type":"Polygon","coordinates":[[[120.7061806,23.2816824],[120.7061424,23.2816559],[120.7061255,23.2816829],[120.7061635,23.2817083],[120.7061806,23.2816824]]]}},{"type":"Feature","properties":{"source":"NLSC_W84_BUILD_2023","record":754817,"settlement":"拉芙蘭","risk":"medium","height":12},"geometry":{"type":"Polygon","coordinates":[[[120.7051689,23.2791644],[120.7051364,23.279114],[120.7050788,23.2791403],[120.7051138,23.279194],[120.7051689,23.2791644]]]}},{"type":"Feature","properties":{"source":"NLSC_W84_BUILD_2023","record":754797,"settlement":"拉芙蘭","risk":"medium","height":20},"geometry":{"type":"Polygon","coordinates":[[[120.7024749,23.2717922],[120.7024388,23.2717552],[120.70238,23.2718044],[120.7024162,23.2718413],[120.7024749,23.2717922]]]}},{"type":"Feature","properties":{"source":"NLSC_W84_BUILD_2023","record":754796,"settlement":"拉芙蘭","risk":"medium","height":18},"geometry":{"type":"Polygon","coordinates":[[[120.7023764,23.2717349],[120.7023421,23.2716978],[120.7022953,23.2717375],[120.7023291,23.2717783],[120.7023701,23.2717466],[120.7023764,23.2717349]]]}},{"type":"Feature","properties":{"source":"NLSC_W84_BUILD_2023","record":754808,"settlement":"拉芙蘭","risk":"medium","height":10},"geometry":{"type":"Polygon","coordinates":[[[120.7030411,23.2753002],[120.7030399,23.2751991],[120.7029517,23.2752006],[120.7029543,23.2753015],[120.7030411,23.2753002]]]}},{"type":"Feature","properties":{"source":"NLSC_W84_BUILD_2023","record":753983,"settlement":"拉芙蘭","risk":"medium","height":24},"geometry":{"type":"Polygon","coordinates":[[[120.7045506,23.2803938],[120.7044944,23.280389],[120.7044898,23.2804381],[120.704548,23.2804419],[120.7045506,23.2803938]]]}},{"type":"Feature","properties":{"source":"NLSC_W84_BUILD_2023","record":753991,"settlement":"拉芙蘭","risk":"medium","height":24},"geometry":{"type":"Polygon","coordinates":[[[120.7057546,23.2842995],[120.7057357,23.2842645],[120.7056854,23.28429],[120.7057051,23.2843261],[120.7057546,23.2842995]]]}},{"type":"Feature","properties":{"source":"NLSC_W84_BUILD_2023","record":753990,"settlement":"拉芙蘭","risk":"medium","height":22},"geometry":{"type":"Polygon","coordinates":[[[120.7052904,23.2832068],[120.7052539,23.2832031],[120.705251,23.2832316],[120.7052864,23.2832381],[120.7052904,23.2832068]]]}},{"type":"Feature","properties":{"source":"NLSC_W84_BUILD_2023","record":754840,"settlement":"拉芙蘭","risk":"medium","height":10},"geometry":{"type":"Polygon","coordinates":[[[120.7051355,23.2842699],[120.7051175,23.2842161],[120.7050506,23.2842352],[120.7050686,23.284289],[120.7051355,23.2842699]]]}},{"type":"Feature","properties":{"source":"NLSC_W84_BUILD_2023","record":754801,"settlement":"拉芙蘭","risk":"medium","height":12},"geometry":{"type":"Polygon","coordinates":[[[120.7015346,23.2728621],[120.7014415,23.2728097],[120.7014151,23.2728496],[120.7015082,23.2729021],[120.7015346,23.2728621]]]}},{"type":"Feature","properties":{"source":"NLSC_W84_BUILD_2023","record":753989,"settlement":"拉芙蘭","risk":"medium","height":20},"geometry":{"type":"Polygon","coordinates":[[[120.7044071,23.2831067],[120.7043995,23.2830711],[120.7043678,23.2830767],[120.7043743,23.2831126],[120.7044071,23.2831067]]]}},{"type":"Feature","properties":{"source":"NLSC_W84_BUILD_2023","record":754824,"settlement":"拉芙蘭","risk":"medium","height":10},"geometry":{"type":"Polygon","coordinates":[[[120.7018837,23.2810422],[120.7018718,23.2810008],[120.7016922,23.2810483],[120.7017057,23.2810865],[120.7018837,23.2810422]]]}},{"type":"Feature","properties":{"source":"NLSC_W84_BUILD_2023","record":754825,"settlement":"拉芙蘭","risk":"medium","height":12},"geometry":{"type":"Polygon","coordinates":[[[120.7015381,23.2811648],[120.7015364,23.2811469],[120.7016583,23.2811525],[120.7016669,23.2809932],[120.7015449,23.2809876],[120.701539,23.2810991],[120.7014578,23.2811032],[120.70146,23.2811405],[120.7014989,23.2811384],[120.7015005,23.2811668],[120.7015381,23.2811648]]]}},{"type":"Feature","properties":{"source":"NLSC_W84_BUILD_2023","record":753982,"settlement":"拉芙蘭","risk":"medium","height":22},"geometry":{"type":"Polygon","coordinates":[[[120.701123,23.2802145],[120.7011009,23.2802123],[120.7010979,23.2802477],[120.7011153,23.2802496],[120.7011159,23.280247],[120.701123,23.2802145]]]}},{"type":"Feature","properties":{"source":"NLSC_W84_BUILD_2023","record":754838,"settlement":"拉芙蘭","risk":"medium","height":22},"geometry":{"type":"Polygon","coordinates":[[[120.7002344,23.2833997],[120.7002161,23.2833318],[120.700172,23.2833409],[120.700187,23.2834121],[120.7002344,23.2833997]]]}}]}